date,brand,product,current_price,original_price,discount_pct,discounted,page
2026-09-29,BoohooMAN,Buy Premier & Get 50% Off | code: PREMIER Plus Sizes Available Add boohooMAN Essential Straight Leg Jogger,16.0,20.0,20,True,1
2026-09-29,BoohooMAN,Buy Premier & Get 50% Off | code: PREMIER Plus Sizes Available Add boohooMAN Oversized Linkin Park License Printed T-Shirt,16.0,20.0,20,True,1
2026-09-29,BoohooMAN,Buy Premier & Get 50% Off | code: PREMIER Plus Sizes Available Add boohooMAN Essential Regular Fit Crew Neck T-shirt,6.4,8.0,20,True,1
2026-09-29,BoohooMAN,Buy Premier & Get 50% Off | code: PREMIER Plus Sizes Available Add boohooMAN MAN Loungewear Straight Leg Jogger,9.6,12.0,20,True,1
2026-09-29,BoohooMAN,Buy Premier & Get 50% Off | code: PREMIER Add boohooMAN Essential Wide Leg Jogger,17.6,22.0,20,True,1
2026-09-29,BoohooMAN,Buy Premier & Get 50% Off | code: PREMIER Add boohooMAN Slim Fit Elasticated Waist Woven Tab Cuffed Cargo Trousers,20.0,25.0,20,True,1
2026-09-29,BoohooMAN,Buy Premier & Get 50% Off | code: PREMIER Plus Sizes Available Add boohooMAN Regular Fit Spray On Teddy Graphic T-shirt,12.8,16.0,20,True,1
2026-09-29,BoohooMAN,Buy Premier & Get 50% Off | code: PREMIER Plus Sizes Available Add boohooMAN White Oversized Tokyo Floral Print T-Shirt,12.8,16.0,20,True,1
2026-09-29,BoohooMAN,Buy Premier & Get 50% Off | code: PREMIER Plus Sizes Available Add boohooMAN White Oversized Disney Cars License T-Shirt,16.0,20.0,20,True,1
2026-09-29,BoohooMAN,Buy Premier & Get 50% Off | code: PREMIER Plus Sizes Available Add boohooMAN Essential Muscle Fit Ribbed Vest,6.4,8.0,20,True,1
2026-09-29,BoohooMAN,Buy Premier & Get 50% Off | code: PREMIER Add boohooMAN Skinny Fit Elasticated Waist Cuffed Cargo Trousers,20.0,25.0,20,True,1
2026-09-29,BoohooMAN,Buy Premier & Get 50% Off | code: PREMIER Plus Sizes Available Add boohooMAN Black Oversized Kyoto Floral Graphic T-Shirt,12.8,16.0,20,True,1
2026-09-29,BoohooMAN,Buy Premier & Get 50% Off | code: PREMIER Plus Sizes Available Back In Stock Add boohooMAN Oversized Boxy Limited Edition T-Shirt,12.8,16.0,20,True,1
2026-09-29,BoohooMAN,Buy Premier & Get 50% Off | code: PREMIER Plus Sizes Available Back In Stock Add boohooMAN Essential Regular Fit Jogger,16.0,20.0,20,True,1
2026-09-29,BoohooMAN,Buy Premier & Get 50% Off | code: PREMIER Plus Sizes Available Back In Stock Add boohooMAN Oversized Rose Print Official T-Shirt,12.8,16.0,20,True,1
2026-09-29,BoohooMAN,Buy Premier & Get 50% Off | code: PREMIER Add boohooMAN Essential Baggy Fit Jogger,17.6,22.0,20,True,1
2026-09-29,BoohooMAN,Buy Premier & Get 50% Off | code: PREMIER Plus Sizes Available Back In Stock Add boohooMAN Oversized Boxy Blurred Floral Print T-Shirt,12.8,16.0,20,True,1
2026-09-29,BoohooMAN,Buy Premier & Get 50% Off | code: PREMIER Plus Sizes Available Add boohooMAN Essential Relaxed Fit Short,12.8,16.0,20,True,1
2026-09-29,BoohooMAN,Buy Premier & Get 50% Off | code: PREMIER Plus Sizes Available Add boohooMAN 7 Pack Black MAN Boxers,20.0,25.0,20,True,1
2026-09-29,BoohooMAN,Buy Premier & Get 50% Off | code: PREMIER Plus Sizes Available Add boohooMAN Essential Regular Fit Midweight Padded Hooded Puffer Jacket,48.0,60.0,20,True,1
2026-09-29,BoohooMAN,Buy Premier & Get 50% Off | code: PREMIER Plus Sizes Available Add boohooMAN Straight Rigid Tinted Washed Denim Jeans,20.0,25.0,20,True,1
2026-09-29,BoohooMAN,Buy Premier & Get 50% Off | code: PREMIER Plus Sizes Available Add boohooMAN Essential Oversized Boxy Zip Through Hoodie,16.0,20.0,20,True,1
2026-09-29,BoohooMAN,Buy Premier & Get 50% Off | code: PREMIER Plus Sizes Available Add boohooMAN Oversized Spider Man License Print T-Shirt,16.0,20.0,20,True,1
2026-09-29,BoohooMAN,Buy Premier & Get 50% Off | code: PREMIER Tall Sizes Available Add boohooMAN Tall Essential Straight Leg Jogger,16.0,20.0,20,True,1
2026-09-29,BoohooMAN,Buy Premier & Get 50% Off | code: PREMIER Add boohooMAN Essential Relaxed Fit Jeans,16.0,20.0,20,True,1
2026-09-29,BoohooMAN,Buy Premier & Get 50% Off | code: PREMIER Plus Sizes Available Back In Stock Add boohooMAN Oversized Marvel Spider-Man License Printed T-Shirt,16.0,20.0,20,True,1
2026-09-29,BoohooMAN,Buy Premier & Get 50% Off | code: PREMIER Plus Sizes Available Back In Stock Add boohooMAN Essential Jersey Jort,16.0,20.0,20,True,1
2026-09-29,BoohooMAN,Buy Premier & Get 50% Off | code: PREMIER Plus Sizes Available Add boohooMAN Essential Muscle Fit T-shirt,6.4,8.0,20,True,1
2026-09-29,BoohooMAN,Buy Premier & Get 50% Off | code: PREMIER Add boohooMAN Tumbled PU Pocket Panel Bomber Jacket,48.0,60.0,20,True,1
2026-09-29,BoohooMAN,Buy Premier & Get 50% Off | code: PREMIER Plus Sizes Available Add boohooMAN Essential Regular Fit Over the Head Hoodie,14.4,18.0,20,True,1
2026-09-29,BoohooMAN,Buy Premier & Get 50% Off | code: PREMIER Plus Sizes Available Add boohooMAN Stone Oversized Guinness License Printed T-Shirt,16.0,20.0,20,True,1
2026-09-29,BoohooMAN,Buy Premier & Get 50% Off | code: PREMIER Plus Sizes Available Add boohooMAN 5 Pack Black Man Sport Boxers,16.0,20.0,20,True,1
2026-09-29,BoohooMAN,Buy Premier & Get 50% Off | code: PREMIER Plus Sizes Available Add boohooMAN Short Sleeve Jersey Herringbone Shirt & Short Set,36.0,45.0,20,True,1
2026-09-29,BoohooMAN,Buy Premier & Get 50% Off | code: PREMIER Plus Sizes Available Add boohooMAN Black Oversized Kyoto Floral Graphic Hoodie,24.0,30.0,20,True,1
2026-09-29,BoohooMAN,Buy Premier & Get 50% Off | code: PREMIER Plus Sizes Available Add boohooMAN Essential Oversized Crew Neck T-shirt,8.0,10.0,20,True,1
2026-09-29,BoohooMAN,Buy Premier & Get 50% Off | code: PREMIER Plus Sizes Available Add boohooMAN Essential Oversized Boxy Hoodie,14.4,18.0,20,True,1
2026-09-29,BoohooMAN,Buy Premier & Get 50% Off | code: PREMIER Add boohooMAN Oversized Boxy Zip Through Scuba Hoodie And Straight Leg Tracksuit,52.0,65.0,20,True,2
2026-09-29,BoohooMAN,Buy Premier & Get 50% Off | code: PREMIER Add boohooMAN Oversized Boxy Zip Through Scuba Hoodie,28.0,35.0,20,True,2
2026-09-29,BoohooMAN,Buy Premier & Get 50% Off | code: PREMIER Back In Stock Add boohooMAN Washed Chocolate Oversized City Of Angels T-shirt,12.8,16.0,20,True,2
2026-09-29,BoohooMAN,Buy Premier & Get 50% Off | code: PREMIER Plus Sizes Available Add boohooMAN Oversized Raised Limited Text T-shirt,16.0,20.0,20,True,2
2026-09-29,BoohooMAN,Buy Premier & Get 50% Off | code: PREMIER Plus & Tall Sizes Available Add boohooMAN Essential Relaxed Fit Rigid Washed Jeans,16.0,20.0,20,True,2
2026-09-29,BoohooMAN,Buy Premier & Get 50% Off | code: PREMIER 2 Plus & Tall Sizes Available Back In Stock Add boohooMAN Essential Baggy Fit Rigid Washed Jeans,16.0,20.0,20,True,2
2026-09-29,BoohooMAN,Buy Premier & Get 50% Off | code: PREMIER 3 Add boohooMAN Oversized Boxy Zip Through Scuba Hoodie And Straight Leg Tracksuit,52.0,65.0,20,True,2
2026-09-29,BoohooMAN,Buy Premier & Get 50% Off | code: PREMIER Plus Sizes Available Back In Stock Add boohooMAN Essential Relaxed Fit Denim Jorts,17.6,22.0,20,True,2
2026-09-29,BoohooMAN,Buy Premier & Get 50% Off | code: PREMIER Plus Sizes Available Back In Stock Add boohooMAN Regular Hooded Tracksuit,30.4,38.0,20,True,2
2026-09-29,BoohooMAN,Buy Premier & Get 50% Off | code: PREMIER 2 Add boohooMAN Essential Oversized Long Sleeve T-Shirt,9.6,12.0,20,True,2
2026-09-29,BoohooMAN,Buy Premier & Get 50% Off | code: PREMIER Plus Sizes Available Add boohooMAN Oversized Extended Neck Super Premium Heavyweight Limited T-shirt,14.4,18.0,20,True,2
2026-09-29,BoohooMAN,Buy Premier & Get 50% Off | code: PREMIER Plus Sizes Available Add boohooMAN 5 Pack Black With Multi Waistband Man. Boxers,16.0,20.0,20,True,2
2026-09-29,BoohooMAN,Buy Premier & Get 50% Off | code: PREMIER Plus Sizes Available Back In Stock Add boohooMAN Man Active Zip Pockets 7inch Basic Training Short,9.6,12.0,20,True,2
2026-09-29,BoohooMAN,Buy Premier & Get 50% Off | code: PREMIER Plus Sizes Available Back In Stock Add boohooMAN Black Oversized Tonal Dragon Print T-Shirt,12.8,16.0,20,True,2
2026-09-29,BoohooMAN,Buy Premier & Get 50% Off | code: PREMIER Plus Sizes Available Back In Stock Add boohooMAN Man Active Lightweight Essentials Gym Regular Fit Raglan T-shirt,8.0,10.0,20,True,2
2026-09-29,BoohooMAN,Buy Premier & Get 50% Off | code: PREMIER Tall Sizes Available Add boohooMAN Tall Essential Crew Neck Regular Fit T-shirt,6.4,8.0,20,True,2
2026-09-29,BoohooMAN,Buy Premier & Get 50% Off | code: PREMIER Add boohooMAN Essential Straight Leg Jogger,16.0,20.0,20,True,2
2026-09-29,BoohooMAN,Buy Premier & Get 50% Off | code: PREMIER Plus Sizes Available Add boohooMAN Black Oversized Boxy Zip Through Ofcl Man Printed Hoodie,24.0,30.0,20,True,2
2026-09-29,BoohooMAN,Buy Premier & Get 50% Off | code: PREMIER Add boohooMAN Relaxed Fit Carpenter Jeans,20.0,25.0,20,True,2
2026-09-29,BoohooMAN,Buy Premier & Get 50% Off | code: PREMIER Plus Sizes Available Add boohooMAN Essential Regular Fit Quarter Zip Funnel Neck Sweatshirt,14.4,18.0,20,True,2
2026-09-29,BoohooMAN,Buy Premier & Get 50% Off | code: PREMIER Plus Sizes Available Back In Stock Add boohooMAN Black Oversized Boxy Graffiti Print T-Shirt,12.8,16.0,20,True,2
2026-09-29,BoohooMAN,Buy Premier & Get 50% Off | code: PREMIER Plus Sizes Available Add boohooMAN Man Active Gym Muscle Fit Ribbed Vest,9.6,12.0,20,True,2
2026-09-29,BoohooMAN,Buy Premier & Get 50% Off | code: PREMIER Plus Sizes Available Add boohooMAN Oversized Nirvana License Acid Wash Print T-Shirt,17.6,22.0,20,True,2
2026-09-29,BoohooMAN,Buy Premier & Get 50% Off | code: PREMIER Back In Stock Add boohooMAN Faux Croc PU Harrington Jacket,48.0,60.0,20,True,2
2026-09-29,BoohooMAN,Buy Premier & Get 50% Off | code: PREMIER Plus Sizes Available Add boohooMAN 5 Pack Black With White Waistband Man. Boxers,16.0,20.0,20,True,2
2026-09-29,BoohooMAN,Buy Premier & Get 50% Off | code: PREMIER Add boohooMAN Essential Oversized Long Sleeve T-Shirt,9.6,12.0,20,True,2
2026-09-29,BoohooMAN,Buy Premier & Get 50% Off | code: PREMIER Plus Sizes Available Add boohooMAN Straight Leg Carpenter Black Jeans,24.0,30.0,20,True,2
2026-09-29,BoohooMAN,Buy Premier & Get 50% Off | code: PREMIER Tall Sizes Available Add boohooMAN Tall Essential Straight Fit Joggers,16.0,20.0,20,True,2
2026-09-29,BoohooMAN,Buy Premier & Get 50% Off | code: PREMIER Plus Sizes Available Back In Stock Add boohooMAN Varsity Badge Collared Coach Jacket,20.0,25.0,20,True,2
2026-09-29,BoohooMAN,Buy Premier & Get 50% Off | code: PREMIER Plus Sizes Available Add boohooMAN Smart Oversized Boxy Heavyweight Flocked Hoodie,22.4,28.0,20,True,2
2026-09-29,BoohooMAN,Buy Premier & Get 50% Off | code: PREMIER Plus Sizes Available Add boohooMAN Essential Extreme Wide Leg Jogger,17.6,22.0,20,True,2
2026-09-29,BoohooMAN,Buy Premier & Get 50% Off | code: PREMIER Plus Sizes Available Add boohooMAN Regular Fit Quilted Zip Through Hooded Jacket,24.0,30.0,20,True,2
2026-09-29,BoohooMAN,Buy Premier & Get 50% Off | code: PREMIER Plus Sizes Available Back In Stock Add boohooMAN Essential Oversized Boxy Extended Neck T-shirt,8.0,10.0,20,True,2
2026-09-29,BoohooMAN,Buy Premier & Get 50% Off | code: PREMIER Plus Sizes Available Back In Stock Add boohooMAN Essential Muscle Fit Crew Neck T-Shirt,6.4,8.0,20,True,2
2026-09-29,BoohooMAN,Buy Premier & Get 50% Off | code: PREMIER Plus Sizes Available Back In Stock Add boohooMAN Essential Relaxed Fit Elasticated Mid Length Twill Cargo Shorts,14.4,18.0,20,True,2
2026-09-29,BoohooMAN,Buy Premier & Get 50% Off | code: PREMIER Plus Sizes Available Back In Stock Add boohooMAN Essential Muscle Fit Soft Touch Knitted T-Shirt,17.6,22.0,20,True,2
2026-09-29,BoohooMAN,Buy Premier & Get 50% Off | code: PREMIER Plus & Tall Sizes Available Back In Stock Add boohooMAN Essential Slim Fit Rigid Washed Jeans,16.0,20.0,20,True,2
2026-09-29,BoohooMAN,Buy Premier & Get 50% Off | code: PREMIER Plus & Tall Sizes Available Back In Stock Add boohooMAN Essential Baggy Fit Rigid Washed Jeans,16.0,20.0,20,True,3
2026-09-29,BoohooMAN,Buy Premier & Get 50% Off | code: PREMIER 3 Plus & Tall Sizes Available Add boohooMAN Essential Relaxed Fit Rigid Washed Jeans,16.0,20.0,20,True,3
2026-09-29,BoohooMAN,Buy Premier & Get 50% Off | code: PREMIER 2 Add boohooMAN Oversized Striped Faux Fur Hooded Jacket,48.0,60.0,20,True,3
2026-09-29,BoohooMAN,Buy Premier & Get 50% Off | code: PREMIER Add boohooMAN Longline Man Sport Jort,24.0,30.0,20,True,3
2026-09-29,BoohooMAN,Buy Premier & Get 50% Off | code: PREMIER Plus Sizes Available Back In Stock Add boohooMAN Heart Embroidered T-shirt,9.6,12.0,20,True,3
2026-09-29,BoohooMAN,Buy Premier & Get 50% Off | code: PREMIER Back In Stock Add boohooMAN Muscle Fit Ribbed Knitted Jumper,16.0,20.0,20,True,3
2026-09-29,BoohooMAN,Buy Premier & Get 50% Off | code: PREMIER Add boohooMAN Straight Leg Scuba Jogger,24.0,30.0,20,True,3
2026-09-29,BoohooMAN,Buy Premier & Get 50% Off | code: PREMIER Plus Sizes Available Add boohooMAN Essential Oversized Boxy Crew Neck T-shirt,8.0,10.0,20,True,3
2026-09-29,BoohooMAN,Buy Premier & Get 50% Off | code: PREMIER Plus Sizes Available Back In Stock Add boohooMAN Oversized Boxy Heavyweight Waffle Raglan Long Sleeve T-shirt,17.6,22.0,20,True,3
2026-09-29,BoohooMAN,Buy Premier & Get 50% Off | code: PREMIER Add boohooMAN Oversized Boxy Car Tapestry Hoodie,28.0,35.0,20,True,3
2026-09-29,BoohooMAN,Buy Premier & Get 50% Off | code: PREMIER Plus Sizes Available Back In Stock Add boohooMAN Essential Straight Leg Jogger,16.0,20.0,20,True,3
2026-09-29,BoohooMAN,Buy Premier & Get 50% Off | code: PREMIER Add boohooMAN Oversized Double Breasted Trench Overcoat In Black,56.0,70.0,20,True,3
2026-09-29,BoohooMAN,Buy Premier & Get 50% Off | code: PREMIER Plus Sizes Available Add boohooMAN Camo Print Zip Off 2-in-1 Baggy Cargo Trousers,36.0,45.0,20,True,3
2026-09-29,BoohooMAN,Buy Premier & Get 50% Off | code: PREMIER Plus Sizes Available Back In Stock Add boohooMAN Oversized Boxy Distorted Strobe Print Shirt,22.4,28.0,20,True,3
2026-09-29,BoohooMAN,Buy Premier & Get 50% Off | code: PREMIER Tall Sizes Available Add boohooMAN Tall Straight Rigid Jeans,20.0,25.0,20,True,3
2026-09-29,BoohooMAN,Buy Premier & Get 50% Off | code: PREMIER Plus Sizes Available Back In Stock Add boohooMAN Oversized Buckle Detail Embellished Checked Overshirt,36.0,45.0,20,True,3
2026-09-29,BoohooMAN,Buy Premier & Get 50% Off | code: PREMIER Add boohooMAN Essential Regular Fit Long Sleeve T-Shirt,8.0,10.0,20,True,3
2026-09-29,BoohooMAN,Buy Premier & Get 50% Off | code: PREMIER Add boohooMAN Essential Slim Fit Crew Neck T-Shirt,6.4,8.0,20,True,3
2026-09-29,BoohooMAN,Buy Premier & Get 50% Off | code: PREMIER Plus Sizes Available Add boohooMAN Man Active Regular Fit Half Zip Windbreaker,28.0,35.0,20,True,3
2026-09-29,BoohooMAN,Buy Premier & Get 50% Off | code: PREMIER Add boohooMAN Essential Parachute Fit Jeans,16.0,20.0,20,True,3
2026-09-29,BoohooMAN,Buy Premier & Get 50% Off | code: PREMIER Plus Sizes Available Add boohooMAN Man Active Gym Muscle Fit 2 Pack Ribbed Vests,17.6,22.0,20,True,3
2026-09-29,BoohooMAN,Buy Premier & Get 50% Off | code: PREMIER Plus Sizes Available Add boohooMAN Relaxed Rigid Star Applique Denim Jeans,28.0,35.0,20,True,3
2026-09-29,BoohooMAN,Buy Premier & Get 50% Off | code: PREMIER Plus Sizes Available Add boohooMAN Black Relaxed Fit Mont Blanc Ski Graphic Hoodie,24.0,30.0,20,True,3
2026-09-29,BoohooMAN,Buy Premier & Get 50% Off | code: PREMIER Add boohooMAN Slim Panelled Zip Neck Interlock Polo,16.0,20.0,20,True,3
2026-09-29,BoohooMAN,Buy Premier & Get 50% Off | code: PREMIER Add boohooMAN Oversized Contrast Collar Faux Suede Harrington Jacket,40.0,50.0,20,True,3
2026-09-29,BoohooMAN,Buy Premier & Get 50% Off | code: PREMIER Tall Sizes Available Back In Stock Add boohooMAN Tall Essential Muscle Fit T-shirt,6.4,8.0,20,True,3
2026-09-29,BoohooMAN,Buy Premier & Get 50% Off | code: PREMIER Plus Sizes Available Back In Stock Add boohooMAN Oversized Kyoto Mountain Graphic T-shirt,12.8,16.0,20,True,3
2026-09-29,BoohooMAN,Buy Premier & Get 50% Off | code: PREMIER Add boohooMAN Oversized Boxy Official Zip Through Hoodie,28.0,35.0,20,True,3
2026-09-29,BoohooMAN,Buy Premier & Get 50% Off | code: PREMIER Add boohooMAN Regular Fit Borg and Nylon Mix Hooded Jacket,40.0,50.0,20,True,3
2026-09-29,BoohooMAN,Buy Premier & Get 50% Off | code: PREMIER Plus Sizes Available Back In Stock Add boohooMAN Essential Extreme Wide Leg Jogger,17.6,22.0,20,True,3
2026-09-29,BoohooMAN,Buy Premier & Get 50% Off | code: PREMIER Add boohooMAN Oversized Slogan Zip Through Hoodie And Baggy Jogger Tracksuit,44.0,55.0,20,True,3
2026-09-29,BoohooMAN,Buy Premier & Get 50% Off | code: PREMIER Add boohooMAN Short Sleeve Technical Stretch Oversized Boxy Fit Shirt,24.0,30.0,20,True,3
2026-09-29,BoohooMAN,Buy Premier & Get 50% Off | code: PREMIER Add boohooMAN Man Active Bonded Gilet,36.0,45.0,20,True,3
2026-09-29,BoohooMAN,Buy Premier & Get 50% Off | code: PREMIER Back In Stock Add boohooMAN Oversized Contrast Collar Faux Suede Harrington Jacket,40.0,50.0,20,True,3
2026-09-29,BoohooMAN,Buy Premier & Get 50% Off | code: PREMIER Add boohooMAN Relaxed Soft Shell Contrast Panelled Zip Through Hooded Tracksuit,36.0,45.0,20,True,3
2026-09-29,BoohooMAN,Buy Premier & Get 50% Off | code: PREMIER Plus Sizes Available Add boohooMAN 5 Pack Black MAN Boxers,16.0,20.0,20,True,4
2026-09-29,BoohooMAN,Buy Premier & Get 50% Off | code: PREMIER Plus Sizes Available Add boohooMAN Ecru Regular Fit Stencil Landscape Printed Hoodie,24.0,30.0,20,True,4
2026-09-29,BoohooMAN,Buy Premier & Get 50% Off | code: PREMIER Plus Sizes Available Add boohooMAN Relaxed Fit Carpenter Washed Twill Trousers,24.0,30.0,20,True,4
2026-09-29,BoohooMAN,Buy Premier & Get 50% Off | code: PREMIER Plus Sizes Available Add boohooMAN Oversized Boxy Mesh Varsity V Neck Hockey Top,30.4,38.0,20,True,4
2026-09-29,BoohooMAN,Buy Premier & Get 50% Off | code: PREMIER Plus Sizes Available Add boohooMAN Man Active Colour Block Stretch Woven Regular Fit Tracksuit,36.0,45.0,20,True,4
2026-09-29,BoohooMAN,Buy Premier & Get 50% Off | code: PREMIER Plus Sizes Available Add boohooMAN Oversized Boxy Half Sleeve Italia Embroidered Stripe Rugby Polo,20.0,25.0,20,True,4
2026-09-29,BoohooMAN,Buy Premier & Get 50% Off | code: PREMIER Tall Sizes Available Add boohooMAN Tall Oversized Rose Print Official T-Shirt,12.8,16.0,20,True,4
2026-09-29,BoohooMAN,Buy Premier & Get 50% Off | code: PREMIER Back In Stock Add boohooMAN Regular Fit Scuba Marl Overshirt,24.0,30.0,20,True,4
2026-09-29,BoohooMAN,Buy Premier & Get 50% Off | code: PREMIER Add boohooMAN Oversized Boxy Scuba Hoodie,24.0,30.0,20,True,4
2026-09-29,BoohooMAN,Buy Premier & Get 50% Off | code: PREMIER Add boohooMAN Oversized Fit Two Tone Faux Fur Funnel Neck Zip Through Jacket,48.0,60.0,20,True,4
2026-09-29,BoohooMAN,Buy Premier & Get 50% Off | code: PREMIER Add boohooMAN Essential Muscle Fit Long Sleeve T-Shirt,8.0,10.0,20,True,4
2026-09-29,BoohooMAN,Buy Premier & Get 50% Off | code: PREMIER 3 Plus Sizes Available Add boohooMAN Essential Baggy Jogger,17.6,22.0,20,True,4
2026-09-29,BoohooMAN,Buy Premier & Get 50% Off | code: PREMIER Plus Sizes Available Back In Stock Add boohooMAN Man Active Gym Tapered Fit Jogger,20.0,25.0,20,True,4
2026-09-29,BoohooMAN,Buy Premier & Get 50% Off | code: PREMIER Back In Stock Add boohooMAN White Oversized Moto Print Long Sleeve T-Shirt,17.6,22.0,20,True,4
2026-09-29,BoohooMAN,Buy Premier & Get 50% Off | code: PREMIER Back In Stock Add boohooMAN Oversized Boxy Graphic Washed Zip Through Hoodie Tracksuit,44.0,55.0,20,True,4
2026-09-29,BoohooMAN,Buy Premier & Get 50% Off | code: PREMIER Plus & Tall Sizes Available Add boohooMAN Essential Baggy Parachute Fit Rigid Washed Jeans,16.0,20.0,20,True,4
2026-09-29,BoohooMAN,Buy Premier & Get 50% Off | code: PREMIER 2 Tall Sizes Available Add boohooMAN Tall Essential Regular Fit Cargo Jogger,16.0,20.0,20,True,4
2026-09-29,BoohooMAN,Buy Premier & Get 50% Off | code: PREMIER Add boohooMAN Oversized Boxy Washed Waffle Applique Varsity Long Sleeve T-Shirt,22.4,28.0,20,True,4
2026-09-29,BoohooMAN,Buy Premier & Get 50% Off | code: PREMIER Plus Sizes Available Add boohooMAN Pinstripe Oversized Boxy Double Breasted Blazer,56.0,70.0,20,True,4
2026-09-29,BoohooMAN,Buy Premier & Get 50% Off | code: PREMIER Plus Sizes Available Add boohooMAN Essential Baggy Man Script Jogger,20.0,25.0,20,True,4
2026-09-29,BoohooMAN,Buy Premier & Get 50% Off | code: PREMIER Plus Sizes Available Add boohooMAN Oversized Zip Through Limited Graphic Hoodie,19.2,24.0,20,True,4
2026-09-29,BoohooMAN,Buy Premier & Get 50% Off | code: PREMIER Add boohooMAN Essential Regular Zip Through Hoodie,16.0,20.0,20,True,4
2026-09-29,BoohooMAN,Buy Premier & Get 50% Off | code: PREMIER Plus Sizes Available Add boohooMAN Black Oversized Star Printed T-Shirt,12.8,16.0,20,True,4
2026-09-29,BoohooMAN,Buy Premier & Get 50% Off | code: PREMIER Back In Stock Add boohooMAN Oversized Boxy Split Hem Homme Tracksuit,32.0,40.0,20,True,4
2026-09-29,BoohooMAN,Buy Premier & Get 50% Off | code: PREMIER Plus Sizes Available Add boohooMAN Melton & PU Mixed Fabric Applique Varsity Jacket,56.0,70.0,20,True,4
2026-09-29,BoohooMAN,Buy Premier & Get 50% Off | code: PREMIER Add boohooMAN Regular Fit Scuba Harrington Jacket & Trouser Set,40.0,50.0,20,True,4
2026-09-29,BoohooMAN,Buy Premier & Get 50% Off | code: PREMIER Add boohooMAN 2 Pack Essential Regular Fit T-Shirt,11.2,14.0,20,True,4
2026-09-29,BoohooMAN,Buy Premier & Get 50% Off | code: PREMIER Plus Sizes Available Add boohooMAN Essential Regular Zip Through Hoodie,16.0,20.0,20,True,4
2026-09-29,BoohooMAN,Buy Premier & Get 50% Off | code: PREMIER Plus Sizes Available Add boohooMAN 2 Pack Man Loungewear Shorts in Grey & Black,14.4,18.0,20,True,4
2026-09-29,BoohooMAN,Buy Premier & Get 50% Off | code: PREMIER Plus Sizes Available Back In Stock Add boohooMAN Oversized Diamond Printed T-Shirt,12.8,16.0,20,True,4
2026-09-29,BoohooMAN,Buy Premier & Get 50% Off | code: PREMIER Add boohooMAN Muscle Fit Long Sleeve Soft Touch Rib Knitted T-Shirt,17.6,22.0,20,True,5
2026-09-29,BoohooMAN,Buy Premier & Get 50% Off | code: PREMIER Add boohooMAN Oversized Boxy Over the Head Scuba Hoodie And Straight Leg Tracksuit,52.0,65.0,20,True,5
2026-09-29,BoohooMAN,Buy Premier & Get 50% Off | code: PREMIER Add boohooMAN PU Star Applique Harrington Jacket,48.0,60.0,20,True,5
2026-09-29,BoohooMAN,Buy Premier & Get 50% Off | code: PREMIER 2 Add boohooMAN Essential Regular Fit T- Shirt,6.4,8.0,20,True,5
2026-09-29,BoohooMAN,Buy Premier & Get 50% Off | code: PREMIER 3 Tall Sizes Available Add boohooMAN Tall Acid Wash Relaxed Fit Jeans,22.4,28.0,20,True,5
2026-09-29,BoohooMAN,Buy Premier & Get 50% Off | code: PREMIER Tall Sizes Available Back In Stock Add boohooMAN Tall Oversized Super Heavy T-Shirt,12.8,16.0,20,True,5
2026-09-29,BoohooMAN,Buy Premier & Get 50% Off | code: PREMIER Back In Stock Add boohooMAN Oversized Boxy Stripe Long Sleeve T-Shirt,16.0,20.0,20,True,5
2026-09-29,BoohooMAN,Buy Premier & Get 50% Off | code: PREMIER Add boohooMAN Ecru Oversized Boxy Puff Print T-Shirt,12.8,16.0,20,True,5
2026-09-29,BoohooMAN,Buy Premier & Get 50% Off | code: PREMIER Plus Sizes Available Add boohooMAN Stone Oversized Multi Placement Print T-Shirt,12.8,16.0,20,True,5
2026-09-29,BoohooMAN,Buy Premier & Get 50% Off | code: PREMIER Add boohooMAN Charcoal Oversized Graffiti Print Sweatshirt,20.0,25.0,20,True,5
2026-09-29,BoohooMAN,Buy Premier & Get 50% Off | code: PREMIER Add boohooMAN Essential Oversized Zip Through Hoodie,16.0,20.0,20,True,5
2026-09-29,BoohooMAN,Buy Premier & Get 50% Off | code: PREMIER Add boohooMAN Essential Oversized Boxy Zip Through Hoodie,16.0,20.0,20,True,5
2026-09-29,BoohooMAN,Buy Premier & Get 50% Off | code: PREMIER Back In Stock Add boohooMAN Acid Charcoal Oversized Dove Graphic T-Shirt,14.4,18.0,20,True,5
2026-09-29,BoohooMAN,Buy Premier & Get 50% Off | code: PREMIER Plus Sizes Available Back In Stock Add boohooMAN Oversized Graphic Exposed Seams Washed Printed T-Shirt,14.4,18.0,20,True,5
2026-09-29,BoohooMAN,Buy Premier & Get 50% Off | code: PREMIER Add boohooMAN Wide Leg Dragon Print Jogger,22.4,28.0,20,True,5
2026-09-29,BoohooMAN,Buy Premier & Get 50% Off | code: PREMIER Add boohooMAN Fixed Waist Relaxed Fit Cargo Trouser,20.0,25.0,20,True,5
2026-09-29,BoohooMAN,Buy Premier & Get 50% Off | code: PREMIER Tall Sizes Available Add boohooMAN Tall Essential Extreme Wide Leg Joggers,17.6,22.0,20,True,5
2026-09-29,BoohooMAN,Buy Premier & Get 50% Off | code: PREMIER Plus Sizes Available Add boohooMAN Antique PU Zip Up Harrington Jacket,40.0,50.0,20,True,5
2026-09-29,BoohooMAN,Buy Premier & Get 50% Off | code: PREMIER Tall Sizes Available Add boohooMAN Tall Straight Leg Scuba Jogger,24.0,30.0,20,True,5
2026-09-29,BoohooMAN,Buy Premier & Get 50% Off | code: PREMIER Back In Stock Add boohooMAN Elasticated Waist Piping Detail Parachute Track Pants,24.0,30.0,20,True,5
2026-09-29,BoohooMAN,Buy Premier & Get 50% Off | code: PREMIER Add boohooMAN Batwing Zip Through Scuba Hoodie,28.0,35.0,20,True,5
2026-09-29,BoohooMAN,Buy Premier & Get 50% Off | code: PREMIER Add boohooMAN Oversized Boxy Official Tonal Print Zip Hooded Tracksuit,36.0,45.0,20,True,5
2026-09-29,BoohooMAN,Buy Premier & Get 50% Off | code: PREMIER Plus Sizes Available Add boohooMAN Oversized Blue Dice Embroidered T-shirt In Black,11.2,14.0,20,True,5
2026-09-29,BoohooMAN,Buy Premier & Get 50% Off | code: PREMIER Plus Sizes Available Add boohooMAN Padded Collared Coach Jacket,20.0,25.0,20,True,5
2026-09-29,BoohooMAN,Buy Premier & Get 50% Off | code: PREMIER Plus Sizes Available Add boohooMAN Parachute Baggy Washed Jeans,20.0,25.0,20,True,5
2026-09-29,BoohooMAN,Buy Premier & Get 50% Off | code: PREMIER Plus Sizes Available Back In Stock Add boohooMAN Essential Muscle Fit Long Sleeve T-Shirt,8.0,10.0,20,True,5
2026-09-29,BoohooMAN,Buy Premier & Get 50% Off | code: PREMIER Plus Sizes Available Back In Stock Add boohooMAN Man Active Regular Fit Performance Gym T-shirt,11.2,14.0,20,True,5
2026-09-29,BoohooMAN,Buy Premier & Get 50% Off | code: PREMIER Add boohooMAN Oversized Ripstop Translucent Duvet Puffer Jacket,64.0,80.0,20,True,5
2026-09-29,BoohooMAN,Buy Premier & Get 50% Off | code: PREMIER Add boohooMAN Regular Fit Technical Stretch Overshirt,24.0,30.0,20,True,5
2026-09-29,BoohooMAN,Buy Premier & Get 50% Off | code: PREMIER Plus Sizes Available Add boohooMAN Oversized Boxy Slouchy Quarter Zip Funnel Neck Tracksuit,44.0,55.0,20,True,5
2026-09-29,BoohooMAN,Buy Premier & Get 50% Off | code: PREMIER Back In Stock Add boohooMAN Relaxed Fit Washed Knee Dart Jeans,22.4,28.0,20,True,5
2026-09-29,BoohooMAN,Buy Premier & Get 50% Off | code: PREMIER Add boohooMAN Man Active Wide Leg Side Panel Jogger,20.0,25.0,20,True,5
2026-09-29,BoohooMAN,Buy Premier & Get 50% Off | code: PREMIER Tall Sizes Available Add boohooMAN Tall Relaxed Ripped Gusset Denim Shorts,22.4,28.0,20,True,6
2026-09-29,BoohooMAN,Buy Premier & Get 50% Off | code: PREMIER Add boohooMAN Oversized Reversible Faux Fur & PU Hooded Bomber Jacket,56.0,70.0,20,True,6
2026-09-29,BoohooMAN,Buy Premier & Get 50% Off | code: PREMIER Tall Sizes Available Add boohooMAN Tall Oversized Extended Neck Western Print T-Shirt,12.8,16.0,20,True,6
2026-09-29,BoohooMAN,Buy Premier & Get 50% Off | code: PREMIER Plus Sizes Available Add boohooMAN Black Oversized Spray On Teddy Printed Hoodie,24.0,30.0,20,True,6
2026-09-29,BoohooMAN,Buy Premier & Get 50% Off | code: PREMIER Add boohooMAN Acid Black Oversized Boxy Exposed Seam Chandelier Print T-Shirt,14.4,18.0,20,True,6
2026-09-29,BoohooMAN,Buy Premier & Get 50% Off | code: PREMIER Plus Sizes Available Add boohooMAN Mid Length Mesh Tape Detail Basketball Shorts,16.0,20.0,20,True,6
2026-09-29,BoohooMAN,Buy Premier & Get 50% Off | code: PREMIER Plus Sizes Available Back In Stock Add boohooMAN Oversized Boxy Zip Through Worldwide Graffiti Print Zip Through Hoodie,24.0,30.0,20,True,6
2026-09-29,BoohooMAN,Buy Premier & Get 50% Off | code: PREMIER Add boohooMAN Oversized Crop Half Sleeve Mono Stripe Patch Shirt,20.0,25.0,20,True,6
2026-09-29,BoohooMAN,Buy Premier & Get 50% Off | code: PREMIER Add boohooMAN Elasticated Waist Relaxed Fit Pleated Trouser,22.4,28.0,20,True,6
2026-09-29,BoohooMAN,Buy Premier & Get 50% Off | code: PREMIER Back In Stock Add boohooMAN Tricot Wide Leg Jogger,20.0,25.0,20,True,6
2026-09-29,BoohooMAN,Buy Premier & Get 50% Off | code: PREMIER Plus Sizes Available Add boohooMAN White Oversized Extended Neck Disney Toy Story License T-Shirt,16.0,20.0,20,True,6
2026-09-29,BoohooMAN,Buy Premier & Get 50% Off | code: PREMIER Plus Sizes Available Back In Stock Add boohooMAN Essential Regular Fit Midweight Padded Hooded Puffer Jacket,36.0,45.0,20,True,6
2026-09-29,BoohooMAN,Buy Premier & Get 50% Off | code: PREMIER Plus Sizes Available Add boohooMAN Oversized Zip Through Limited Graphic Hoodie,28.0,35.0,20,True,6
2026-09-29,BoohooMAN,Buy Premier & Get 50% Off | code: PREMIER Plus & Tall Sizes Available Back In Stock Add boohooMAN Essential Skinny Fit Stretch Washed Jeans,16.0,20.0,20,True,6
2026-09-29,BoohooMAN,Buy Premier & Get 50% Off | code: PREMIER 3 Add boohooMAN Straight Fit Man Script Embroidered Jogger,14.4,18.0,20,True,6
2026-09-29,BoohooMAN,Buy Premier & Get 50% Off | code: PREMIER Plus Sizes Available Back In Stock Add boohooMAN Regular Fit High Shine Puffer Jacket in Black,36.0,45.0,20,True,6
2026-09-29,BoohooMAN,Buy Premier & Get 50% Off | code: PREMIER Tall Sizes Available Back In Stock Add boohooMAN Tall Camo Print Zip Off 2-in-1 Baggy Cargo Trousers,28.0,35.0,20,True,6
2026-09-29,BoohooMAN,Buy Premier & Get 50% Off | code: PREMIER Plus Sizes Available Back In Stock Add boohooMAN Essential Boxy Fit Midweight Padded Funnel Neck Puffer Jacket,32.0,40.0,20,True,6
2026-09-29,BoohooMAN,Buy Premier & Get 50% Off | code: PREMIER Add boohooMAN Skinny Fit Distressed Jeans,20.0,25.0,20,True,6
2026-09-29,BoohooMAN,Buy Premier & Get 50% Off | code: PREMIER Add boohooMAN Elasticated Wide Leg Pleated Trousers,24.0,30.0,20,True,6
2026-09-29,BoohooMAN,Buy Premier & Get 50% Off | code: PREMIER Add boohooMAN Oversized Boxy Faux Layer Washed Print T-shirt,20.0,25.0,20,True,6
2026-09-29,BoohooMAN,Buy Premier & Get 50% Off | code: PREMIER Plus Sizes Available Add boohooMAN Oversized Boxy Moto Racing Flame Zip Through Hoodie,22.4,28.0,20,True,6
2026-09-29,BoohooMAN,Buy Premier & Get 50% Off | code: PREMIER Back In Stock Add boohooMAN Oversized Limited Edition Over The Head Hoodie,20.0,25.0,20,True,6
2026-09-29,BoohooMAN,Buy Premier & Get 50% Off | code: PREMIER Tall Sizes Available Add boohooMAN Tall Oversized Disney Toy Story License T-Shirt,16.0,20.0,20,True,6
2026-09-29,BoohooMAN,Buy Premier & Get 50% Off | code: PREMIER Add boohooMAN Black Oversized Renaissance Dove Print T-Shirt,12.8,16.0,20,True,6
2026-09-29,BoohooMAN,Buy Premier & Get 50% Off | code: PREMIER Plus Sizes Available Back In Stock Add boohooMAN Black Oversized Moto Multi Graphic Long Sleeve T-Shirt,17.6,22.0,20,True,6
2026-09-29,BoohooMAN,Buy Premier & Get 50% Off | code: PREMIER Plus Sizes Available Add boohooMAN Man Active Quilted Regular Fit Tracksuit,36.0,45.0,20,True,6
2026-09-29,BoohooMAN,Buy Premier & Get 50% Off | code: PREMIER Plus Sizes Available Back In Stock Add boohooMAN Oversized Boxy Extended Neck 404 Error T-Shirt,12.8,16.0,20,True,6
2026-09-29,BoohooMAN,Buy Premier & Get 50% Off | code: PREMIER Add boohooMAN Slim Fit Pique Button Down Collar Jersey Shirt,16.0,20.0,20,True,6
2026-09-29,BoohooMAN,Buy Premier & Get 50% Off | code: PREMIER Add boohooMAN Oversized Crop Long Sleeve Oxford Shirt,16.0,20.0,20,True,6
2026-09-29,BoohooMAN,Buy Premier & Get 50% Off | code: PREMIER Back In Stock Add boohooMAN Pinstripe Wide Leg Pleat Front Tailored Trousers,28.0,35.0,20,True,6
2026-09-29,BoohooMAN,Buy Premier & Get 50% Off | code: PREMIER 3 Plus & Tall Sizes Available Back In Stock Add boohooMAN Essential Baggy Fit Rigid Washed Jeans,16.0,20.0,20,True,6
2026-09-29,BoohooMAN,Buy Premier & Get 50% Off | code: PREMIER 3 Plus Sizes Available Back In Stock Add boohooMAN Essential Baggy Jogger,17.6,22.0,20,True,6
2026-09-29,BoohooMAN,Buy Premier & Get 50% Off | code: PREMIER Plus Sizes Available Add boohooMAN Black Oversized Graffiti Star Graphic Hoodie,22.4,28.0,20,True,6
2026-09-29,BoohooMAN,Buy Premier & Get 50% Off | code: PREMIER Plus Sizes Available Add boohooMAN Oversized Extended Neck Scooby Doo Hex Girls License Print T-Shirt,16.0,20.0,20,True,6
2026-09-29,BoohooMAN,Buy Premier & Get 50% Off | code: PREMIER Back In Stock Add boohooMAN Slim Fit Short Sleeve Cotton Shirt,16.0,20.0,20,True,6
2026-09-29,BoohooMAN,Buy Premier & Get 50% Off | code: PREMIER Plus Sizes Available Add boohooMAN Short Sleeve Jersey Herringbone Shirt & Trouser Set,36.0,45.0,20,True,7
2026-09-29,BoohooMAN,Buy Premier & Get 50% Off | code: PREMIER Add boohooMAN Oversized Shrunken Distressed Grunge Print Vintage Washed T-Shirt,14.4,18.0,20,True,7
2026-09-29,BoohooMAN,Buy Premier & Get 50% Off | code: PREMIER Plus Sizes Available Add boohooMAN Relaxed Acid Wash Jeans,22.4,28.0,20,True,7
2026-09-29,BoohooMAN,Buy Premier & Get 50% Off | code: PREMIER Plus Sizes Available Add boohooMAN Man Active Muscle Fit Raglan Performance Gym T-Shirt 2 Pack,17.6,22.0,20,True,7
2026-09-29,BoohooMAN,Buy Premier & Get 50% Off | code: PREMIER Add boohooMAN Straight Fit Man Script Embroidered Jogger,14.4,18.0,20,True,7
2026-09-29,BoohooMAN,Buy Premier & Get 50% Off | code: PREMIER Plus Sizes Available Add boohooMAN Cross Applique PU Bomber Jacket In Black,60.0,75.0,20,True,7
2026-09-29,BoohooMAN,Buy Premier & Get 50% Off | code: PREMIER Add boohooMAN Tailored Wide Leg Double Pleat Front Co-ord Trousers,24.0,30.0,20,True,7
2026-09-29,BoohooMAN,Buy Premier & Get 50% Off | code: PREMIER 2 Add boohooMAN Oversized Boxy Scuba Henley Sweatshirt,24.0,30.0,20,True,7
2026-09-29,BoohooMAN,Buy Premier & Get 50% Off | code: PREMIER 3 Back In Stock Add boohooMAN Slim Premium Interlock Zip Neck Polo,14.4,18.0,20,True,7
2026-09-29,BoohooMAN,Buy Premier & Get 50% Off | code: PREMIER Add boohooMAN Regular Shrunken Fit Scuba Hoodie and Wide Leg Jogger Tracksuit,52.0,65.0,20,True,7
2026-09-29,BoohooMAN,Buy Premier & Get 50% Off | code: PREMIER Plus Sizes Available Add boohooMAN 2 Pack Essential Muscle Fit Vest,12.8,16.0,20,True,7
2026-09-29,BoohooMAN,Buy Premier & Get 50% Off | code: PREMIER Tall Sizes Available Add boohooMAN Tall Oversized Boxy Scuba Hoodie,24.0,30.0,20,True,7
2026-09-29,BoohooMAN,Buy Premier & Get 50% Off | code: PREMIER Add boohooMAN Slim Rigid Flare Paint Splatter Gusset Carpenter Jeans,24.0,30.0,20,True,7
2026-09-29,BoohooMAN,Buy Premier & Get 50% Off | code: PREMIER Add boohooMAN Man Active Jort,20.0,25.0,20,True,7
2026-09-29,BoohooMAN,Buy Premier & Get 50% Off | code: PREMIER Plus Sizes Available Add boohooMAN Black Regular Graffiti Star Print T-Shirt,12.8,16.0,20,True,7
2026-09-29,BoohooMAN,Buy Premier & Get 50% Off | code: PREMIER Plus Sizes Available Back In Stock Add boohooMAN Oversized Boxy Brushed Check Carpenter Overshirt,20.0,25.0,20,True,7
2026-09-29,BoohooMAN,Buy Premier & Get 50% Off | code: PREMIER Add boohooMAN Wide Leg Scuba Jogger,24.0,30.0,20,True,7
2026-09-29,BoohooMAN,Buy Premier & Get 50% Off | code: PREMIER Add boohooMAN Boxy Bubble Fit Translucent Hooded Puffer Jacket,56.0,70.0,20,True,7
2026-09-29,BoohooMAN,Buy Premier & Get 50% Off | code: PREMIER Add boohooMAN Straight Fit Man Dot Embroidered Jogger,14.4,18.0,20,True,7
2026-09-29,BoohooMAN,Buy Premier & Get 50% Off | code: PREMIER Tall Sizes Available Back In Stock Add boohooMAN Tall Skinny Stretch Jeans,20.0,25.0,20,True,7
2026-09-29,BoohooMAN,Buy Premier & Get 50% Off | code: PREMIER Add boohooMAN Oil Washed PU Homme Biker Jacket,64.0,80.0,20,True,7
2026-09-29,BoohooMAN,Buy Premier & Get 50% Off | code: PREMIER Add boohooMAN Oversized Boxy Fit Nylon OFCL Hooded Puffer Jacket,56.0,70.0,20,True,7
2026-09-29,BoohooMAN,Buy Premier & Get 50% Off | code: PREMIER Plus & Tall Sizes Available Add boohooMAN Essential Relaxed Fit Rigid Washed Jeans,20.0,20.0,0,False,7
2026-09-29,BoohooMAN,Buy Premier & Get 50% Off | code: PREMIER 4 Add boohooMAN Essential Oversized Long Sleeve T-Shirt,9.6,12.0,20,True,7
2026-09-29,BoohooMAN,Buy Premier & Get 50% Off | code: PREMIER Plus Sizes Available Add boohooMAN Essential Oversized Jogger,17.6,22.0,20,True,7
2026-09-29,BoohooMAN,Buy Premier & Get 50% Off | code: PREMIER Plus Sizes Available Back In Stock Add boohooMAN Oversized Heavyweight Embroidered T-shirt,14.4,18.0,20,True,7
2026-09-29,BoohooMAN,Buy Premier & Get 50% Off | code: PREMIER Add boohooMAN 5 Pack Essential Regular Fit T Shirt,28.0,35.0,20,True,7
2026-09-29,BoohooMAN,Buy Premier & Get 50% Off | code: PREMIER Plus Sizes Available Add boohooMAN Black Oversized Star Printed Hoodie,24.0,30.0,20,True,7
2026-09-29,BoohooMAN,Buy Premier & Get 50% Off | code: PREMIER Add boohooMAN Essential Regular Fit Midweight Padded Gilet,24.0,30.0,20,True,7
2026-09-29,BoohooMAN,Buy Premier & Get 50% Off | code: PREMIER Add boohooMAN Melton Cross Applique Varsity Jacket,60.0,75.0,20,True,7
2026-09-29,BoohooMAN,Buy Premier & Get 50% Off | code: PREMIER Add boohooMAN Woven Flannel Check Wide Leg Lounge Bottoms,14.4,18.0,20,True,7
2026-09-29,BoohooMAN,Buy Premier & Get 50% Off | code: PREMIER Plus Sizes Available Add boohooMAN Official Boxy Fit Zip Through Hoodie,22.4,28.0,20,True,7
2026-09-29,BoohooMAN,Buy Premier & Get 50% Off | code: PREMIER Plus Sizes Available Add boohooMAN Official Graffiti Boxy Fit Zip Through Hoodie,24.0,30.0,20,True,7
2026-09-29,BoohooMAN,Buy Premier & Get 50% Off | code: PREMIER Tall Sizes Available Add boohooMAN Tall Essential Regular Fit Long Sleeve T-Shirt,8.0,10.0,20,True,7
2026-09-29,BoohooMAN,Buy Premier & Get 50% Off | code: PREMIER Add boohooMAN Black Oversized Tonal Tiger Puff Print Hoodie,24.0,30.0,20,True,8
2026-09-29,BoohooMAN,Buy Premier & Get 50% Off | code: PREMIER Tall Sizes Available Add boohooMAN Tall Relaxed Washed Raw Popper Hem Cargo Trousers,28.0,35.0,20,True,8
2026-09-29,BoohooMAN,Buy Premier & Get 50% Off | code: PREMIER Plus Sizes Available Back In Stock Add boohooMAN Essential Relaxed Fit Jersey Short,12.8,16.0,20,True,8
2026-09-29,BoohooMAN,Buy Premier & Get 50% Off | code: PREMIER Plus Sizes Available Add boohooMAN Man Active Shower Resist Ripstop Regular Fit Windbreaker,20.0,25.0,20,True,8
2026-09-29,BoohooMAN,Buy Premier & Get 50% Off | code: PREMIER Add boohooMAN Essential Oversized Boxy Flannel Long Sleeve Shirt,16.0,20.0,20,True,8
2026-09-29,BoohooMAN,Buy Premier & Get 50% Off | code: PREMIER Back In Stock Add boohooMAN Regular Fit Elasticated Hem Harrington Jacket,28.0,35.0,20,True,8
2026-09-29,BoohooMAN,Buy Premier & Get 50% Off | code: PREMIER Add boohooMAN Boxy Fit Ribbed Knitted Hoodie,24.0,30.0,20,True,8
2026-09-29,BoohooMAN,Buy Premier & Get 50% Off | code: PREMIER Add boohooMAN Man Active Wide Leg Loopback Jogger,20.0,25.0,20,True,8
2026-09-29,BoohooMAN,Buy Premier & Get 50% Off | code: PREMIER Add boohooMAN Regular Smart Tailored Harrington Jacket,32.0,40.0,20,True,8
2026-09-29,BoohooMAN,Buy Premier & Get 50% Off | code: PREMIER Add boohooMAN Melton & PU OFCL Varsity Jacket,48.0,60.0,20,True,8
2026-09-29,BoohooMAN,Buy Premier & Get 50% Off | code: PREMIER Plus Sizes Available Add boohooMAN Oversized Over Seams Gothic Print T-shirt,17.6,22.0,20,True,8
2026-09-29,BoohooMAN,Buy Premier & Get 50% Off | code: PREMIER Add boohooMAN Tall Boxy Pu Contrast Boucle Panel Moto Jacket,56.0,70.0,20,True,8
2026-09-29,BoohooMAN,Buy Premier & Get 50% Off | code: PREMIER Add boohooMAN Relaxed Cropped Brushed Ombre Abstract Knitted Hoodie,32.0,40.0,20,True,8
2026-09-29,BoohooMAN,Buy Premier & Get 50% Off | code: PREMIER Add boohooMAN Oversized Boxy Moto Waffle Raglan Long Sleeve T-Shirt,17.6,22.0,20,True,8
2026-09-29,BoohooMAN,Buy Premier & Get 50% Off | code: PREMIER Plus Sizes Available Add boohooMAN Oversized Blossom Embroidered T-Shirt,12.0,15.0,20,True,8
2026-09-29,BoohooMAN,Buy Premier & Get 50% Off | code: PREMIER Plus Sizes Available Add boohooMAN Baggy Fit Vintage Overdye Cargo Trouser,24.0,30.0,20,True,8
2026-09-29,BoohooMAN,Buy Premier & Get 50% Off | code: PREMIER Add boohooMAN White Oversized Boxy New York Camo Print T-Shirt,12.8,16.0,20,True,8
2026-09-29,BoohooMAN,Buy Premier & Get 50% Off | code: PREMIER Plus Sizes Available Add boohooMAN Man Active Oversized Jogger,16.0,20.0,20,True,8
2026-09-29,BoohooMAN,Buy Premier & Get 50% Off | code: PREMIER Plus Sizes Available Add boohooMAN One More Rep Oversized Boxy Embossed Hoodie,20.0,25.0,20,True,8
2026-09-29,BoohooMAN,Buy Premier & Get 50% Off | code: PREMIER Add boohooMAN Essential Barrel Fit Rigid Washed Jeans,16.0,20.0,20,True,8
2026-09-29,BoohooMAN,Buy Premier & Get 50% Off | code: PREMIER 1 Add boohooMAN Essential Barrel Fit Rigid Washed Jeans,16.0,20.0,20,True,8
2026-09-29,BoohooMAN,Buy Premier & Get 50% Off | code: PREMIER 1 Plus & Tall Sizes Available Add boohooMAN Essential Relaxed Fit Rigid Washed Jeans From,15.0,20.0,25,True,8
2026-09-29,BoohooMAN,Buy Premier & Get 50% Off | code: PREMIER 4 Plus Sizes Available Back In Stock Add boohooMAN Essential Relaxed Fit Denim Jorts,17.6,22.0,20,True,8
2026-09-29,BoohooMAN,Buy Premier & Get 50% Off | code: PREMIER Add boohooMAN 5 Pack Man Sport Socks,8.0,10.0,20,True,8
2026-09-29,BoohooMAN,Buy Premier & Get 50% Off | code: PREMIER Plus Sizes Available Add boohooMAN Essential Regular Fit Raglan Sleeve Sweater,12.8,16.0,20,True,8
2026-09-29,BoohooMAN,Buy Premier & Get 50% Off | code: PREMIER Plus Sizes Available Back In Stock Add boohooMAN Oversized OFCL 8 Ball Embroidered T-shirt In White,12.0,15.0,20,True,8
2026-09-29,BoohooMAN,Buy Premier & Get 50% Off | code: PREMIER Add boohooMAN Regular Fit Scuba Panel Lightweight Puffer,28.0,35.0,20,True,8
2026-09-29,BoohooMAN,Buy Premier & Get 50% Off | code: PREMIER Add boohooMAN All Over Printed Relaxed Flared Rope Belted Jeans,28.0,35.0,20,True,8
2026-09-29,BoohooMAN,Buy Premier & Get 50% Off | code: PREMIER Tall Sizes Available Add boohooMAN Tall Oversized Boxy Zip Through Scuba Hoodie,28.0,35.0,20,True,9
2026-09-29,BoohooMAN,Buy Premier & Get 50% Off | code: PREMIER Plus Sizes Available Add boohooMAN Man Active Gym Loopback 5inch Shorts,14.4,18.0,20,True,9
2026-09-29,BoohooMAN,Buy Premier & Get 50% Off | code: PREMIER Plus Sizes Available Back In Stock Add boohooMAN Regular Fit Man Hooded Tracksuit with Piping,36.0,45.0,20,True,9
2026-09-29,BoohooMAN,Buy Premier & Get 50% Off | code: PREMIER Add boohooMAN Oversized Boxy Heavy Weight Waffle Raglan Long Sleeve T- Shirt,17.6,22.0,20,True,9
2026-09-29,BoohooMAN,Buy Premier & Get 50% Off | code: PREMIER Plus Sizes Available Back In Stock Add boohooMAN Extreme Wide Leg Dragon Graphic Joggers,24.0,30.0,20,True,9
2026-09-29,BoohooMAN,Buy Premier & Get 50% Off | code: PREMIER Plus Sizes Available Add boohooMAN Man Active Perforated Stretch Woven Regular Fit 5inch Gym Short,14.4,18.0,20,True,9
2026-09-29,BoohooMAN,Buy Premier & Get 50% Off | code: PREMIER Plus Sizes Available Add boohooMAN Regular Fit Technical Stretch 3d Pocket Utility Shirt,20.0,25.0,20,True,9
2026-09-29,BoohooMAN,Buy Premier & Get 50% Off | code: PREMIER Add boohooMAN Essential Extreme Wide Leg Jogger,17.6,22.0,20,True,9
2026-09-29,BoohooMAN,Buy Premier & Get 50% Off | code: PREMIER Add boohooMAN Essential Regular Fit Over The Head Hoodie,14.4,18.0,20,True,9
2026-09-29,BoohooMAN,Buy Premier & Get 50% Off | code: PREMIER Plus Sizes Available Add boohooMAN Korn Stereo Oversized License Print T-shirt,17.6,22.0,20,True,9
2026-09-29,BoohooMAN,Buy Premier & Get 50% Off | code: PREMIER Plus Sizes Available Add boohooMAN Essential Regular Fit Vest,6.4,8.0,20,True,9
2026-09-29,BoohooMAN,Buy Premier & Get 50% Off | code: PREMIER Plus Sizes Available Add boohooMAN Tonal Limited Edition Melton Bomber Jacket,40.0,50.0,20,True,9
2026-09-29,BoohooMAN,Buy Premier & Get 50% Off | code: PREMIER Back In Stock Add boohooMAN Oversized Hooded Toggle Cagoule,24.0,30.0,20,True,9
2026-09-29,BoohooMAN,Buy Premier & Get 50% Off | code: PREMIER Plus Sizes Available Back In Stock Add boohooMAN Essential Relaxed Fit Denim Shorts,16.0,20.0,20,True,9
2026-09-29,BoohooMAN,Buy Premier & Get 50% Off | code: PREMIER 1 Plus & Tall Sizes Available Add boohooMAN Essential Baggy Parachute Fit Rigid Washed Jeans,16.0,20.0,20,True,9
2026-09-29,BoohooMAN,Buy Premier & Get 50% Off | code: PREMIER 2 Plus Sizes Available Back In Stock Add boohooMAN Man Active Gym Essentials Stretch Tapered Jogger,14.4,18.0,20,True,9
2026-09-29,BoohooMAN,Buy Premier & Get 50% Off | code: PREMIER Add boohooMAN Training Dept Washed Wide Leg Jogger,22.4,28.0,20,True,9
2026-09-29,BoohooMAN,Buy Premier & Get 50% Off | code: PREMIER Add boohooMAN Stone Oversized Tonal Paris Graphic T-Shirt,12.8,16.0,20,True,9
2026-09-29,BoohooMAN,Buy Premier & Get 50% Off | code: PREMIER Plus Sizes Available Back In Stock Add boohooMAN Oversized Extended Neck Monaco Floral Printed T-Shirt,12.8,16.0,20,True,9
2026-09-29,BoohooMAN,Buy Premier & Get 50% Off | code: PREMIER Add boohooMAN Oversized Boxy Micro Check Flannel Shirt,20.0,25.0,20,True,9
2026-09-29,BoohooMAN,Buy Premier & Get 50% Off | code: PREMIER Plus Sizes Available Back In Stock Add boohooMAN Essential Oversized Over the Head Hoodie,14.4,18.0,20,True,9
2026-09-29,BoohooMAN,Buy Premier & Get 50% Off | code: PREMIER Add boohooMAN Oversized Boxy Moto Washed Zip Through Hoodie,28.0,35.0,20,True,9
2026-09-29,BoohooMAN,Buy Premier & Get 50% Off | code: PREMIER Plus Sizes Available Add boohooMAN Twill Homme Moto Bomber Jacket,56.0,70.0,20,True,9
2026-09-29,BoohooMAN,Buy Premier & Get 50% Off | code: PREMIER Plus Sizes Available Add boohooMAN Stitch Detail Melton Varsity Jacket In Black,48.0,60.0,20,True,9
2026-09-29,BoohooMAN,Buy Premier & Get 50% Off | code: PREMIER Add boohooMAN Extreme Balloon Fit Rivet Trouser,20.0,25.0,20,True,9
2026-09-29,BoohooMAN,Buy Premier & Get 50% Off | code: PREMIER Plus Sizes Available Add boohooMAN Ecru Oversized Boxy Moto Western Print Raw Hem T-Shirt,12.8,16.0,20,True,9
2026-09-29,BoohooMAN,Buy Premier & Get 50% Off | code: PREMIER Plus Sizes Available Back In Stock Add boohooMAN Man Active Gym Muscle Fit Ribbed Vest,9.6,12.0,20,True,9
2026-09-29,BoohooMAN,Buy Premier & Get 50% Off | code: PREMIER Plus Sizes Available Add boohooMAN Essential Straight Leg Cargo Jogger,16.0,20.0,20,True,9
2026-09-29,BoohooMAN,Buy Premier & Get 50% Off | code: PREMIER Add boohooMAN White Oversized Star Camo Print T-Shirt,12.8,16.0,20,True,9
2026-09-29,BoohooMAN,Buy Premier & Get 50% Off | code: PREMIER Plus Sizes Available Add boohooMAN Common Pace Running Ultra Ventilated Windbreaker,28.0,35.0,20,True,9
2026-09-29,BoohooMAN,Buy Premier & Get 50% Off | code: PREMIER Plus Sizes Available Add boohooMAN Black Oversized Graffiti Spray Star T-Shirt,12.8,16.0,20,True,9
2026-09-29,BoohooMAN,Buy Premier & Get 50% Off | code: PREMIER Tall Sizes Available Add boohooMAN Tall Oversized Renaissance Print Washed Print T-Shirt,14.4,18.0,20,True,9
2026-09-29,BoohooMAN,Buy Premier & Get 50% Off | code: PREMIER Plus Sizes Available Add boohooMAN Boxy Hooded Cargo Tracksuit,30.4,38.0,20,True,9
2026-09-29,BoohooMAN,Buy Premier & Get 50% Off | code: PREMIER Plus Sizes Available Back In Stock Add boohooMAN Regular Fit Man Racing PU Biker Jacket,52.0,65.0,20,True,10
2026-09-29,BoohooMAN,Buy Premier & Get 50% Off | code: PREMIER Add boohooMAN Straight Fit Man Signature Embroidered Jogger,14.4,18.0,20,True,10
2026-09-29,BoohooMAN,Buy Premier & Get 50% Off | code: PREMIER Plus Sizes Available Back In Stock Add boohooMAN Man Active Regular Fit Badge Hoodie,20.0,25.0,20,True,10
2026-09-29,BoohooMAN,Buy Premier & Get 50% Off | code: PREMIER Plus Sizes Available Add boohooMAN Oversized Melton Overshirt,24.0,30.0,20,True,10
2026-09-29,BoohooMAN,Buy Premier & Get 50% Off | code: PREMIER Back In Stock Add boohooMAN 7 Pack Plain Sport Socks,12.0,15.0,20,True,10
2026-09-29,BoohooMAN,Buy Premier & Get 50% Off | code: PREMIER Back In Stock Add boohooMAN Grey Oversized Boxy Printed Spray Wash T-Shirt,14.4,18.0,20,True,10
2026-09-29,BoohooMAN,Buy Premier & Get 50% Off | code: PREMIER Add boohooMAN Batwing Over the Head Scuba Hoodie,24.0,30.0,20,True,10
2026-09-29,BoohooMAN,Buy Premier & Get 50% Off | code: PREMIER Add boohooMAN Oversized Boxy Western Applique Zip Thru Hoodie,24.0,30.0,20,True,10
2026-09-29,BoohooMAN,Buy Premier & Get 50% Off | code: PREMIER Plus Sizes Available Add boohooMAN Double Breasted Trench Overcoat in Chocolate,40.0,50.0,20,True,10
2026-09-29,BoohooMAN,Buy Premier & Get 50% Off | code: PREMIER Tall Sizes Available Add boohooMAN Tall Boxy Twill Homme Moto Jacket,52.0,65.0,20,True,10
2026-09-29,BoohooMAN,Buy Premier & Get 50% Off | code: PREMIER Add boohooMAN 7 Pack MAN Sports Socks,12.0,15.0,20,True,10
2026-09-29,BoohooMAN,Buy Premier & Get 50% Off | code: PREMIER Plus Sizes Available Add boohooMAN 3 Pack Multi MAN Boxers,12.0,15.0,20,True,10
2026-09-29,BoohooMAN,Buy Premier & Get 50% Off | code: PREMIER Back In Stock Add boohooMAN Oversized Check Hooded Toggle Cagoule,28.0,35.0,20,True,10
2026-09-29,BoohooMAN,Buy Premier & Get 50% Off | code: PREMIER Plus Sizes Available Back In Stock Add boohooMAN Black Oversized Extended Neck Ski Mask Print T-Shirt,12.8,16.0,20,True,10
2026-09-29,BoohooMAN,Buy Premier & Get 50% Off | code: PREMIER Plus Sizes Available Back In Stock Add boohooMAN Oversized Man Star Spray Printed T-Shirt,12.8,16.0,20,True,10
2026-09-29,BoohooMAN,Buy Premier & Get 50% Off | code: PREMIER Add boohooMAN Oversized SpiderMan Multi Print License Hoodie,32.0,40.0,20,True,10
2026-09-29,BoohooMAN,Buy Premier & Get 50% Off | code: PREMIER Add boohooMAN Oversized Heavyweight Extended Neck Boxy T-shirt,9.6,12.0,20,True,10
2026-09-29,BoohooMAN,Buy Premier & Get 50% Off | code: PREMIER Add boohooMAN Short Length BM Autograph Swim Short,8.0,10.0,20,True,10
2026-09-29,BoohooMAN,Buy Premier & Get 50% Off | code: PREMIER Plus Sizes Available Add boohooMAN Regular Fit Brushed Overshirt,24.0,30.0,20,True,10
2026-09-29,BoohooMAN,Buy Premier & Get 50% Off | code: PREMIER Add boohooMAN Oversized Faux Fur Hooded Jacket,40.0,50.0,20,True,10
2026-09-29,BoohooMAN,Buy Premier & Get 50% Off | code: PREMIER Plus Sizes Available Add boohooMAN Slim Essential T-shirt,6.4,8.0,20,True,10
2026-09-29,BoohooMAN,Buy Premier & Get 50% Off | code: PREMIER Add boohooMAN Regular Fit Cord Applique PU Sleeve Varsity Jacket,52.0,65.0,20,True,10
2026-09-29,BoohooMAN,Buy Premier & Get 50% Off | code: PREMIER Plus Sizes Available Add boohooMAN Relaxed Fit Half & Half Waistband Washed Twill Trouser,20.0,25.0,20,True,10
2026-09-29,BoohooMAN,Buy Premier & Get 50% Off | code: PREMIER Back In Stock Add boohooMAN Regular Western Coated Denim Harrington,36.0,45.0,20,True,10
2026-09-29,BoohooMAN,Buy Premier & Get 50% Off | code: PREMIER Add boohooMAN Faux Suede Aviator Jacket,40.0,50.0,20,True,10
2026-09-29,BoohooMAN,Buy Premier & Get 50% Off | code: PREMIER Plus Sizes Available Back In Stock Add boohooMAN Regular Fit Man Active Hoodie & Short Tracksuit,24.0,30.0,20,True,10
2026-09-29,BoohooMAN,Buy Premier & Get 50% Off | code: PREMIER Plus Sizes Available Back In Stock Add boohooMAN Regular Fit Ribbed Knitted Jumper,16.0,20.0,20,True,10
2026-09-29,BoohooMAN,Buy Premier & Get 50% Off | code: PREMIER Plus Sizes Available Add boohooMAN Slim Fit Button Down Collar Oxford Long Sleeve Shirt,16.0,20.0,20,True,10
2026-09-29,BoohooMAN,Buy Premier & Get 50% Off | code: PREMIER Add boohooMAN Relaxed Fit Cargo Jeans,20.0,25.0,20,True,10
2026-09-29,BoohooMAN,Buy Premier & Get 50% Off | code: PREMIER Add boohooMAN Slim Fit Grandad Collar Cotton Shirt,16.0,20.0,20,True,10
2026-09-29,BoohooMAN,Buy Premier & Get 50% Off | code: PREMIER Back In Stock Add boohooMAN Oversized Boxy Zip Through Hoodie and Wide Leg Jogger,36.0,45.0,20,True,10
2026-09-29,BoohooMAN,Buy Premier & Get 50% Off | code: PREMIER Add boohooMAN Oversized Embroidered Boxy Long Sleeve Stripe Shirt,20.0,25.0,20,True,10
2026-09-29,BoohooMAN,Buy Premier & Get 50% Off | code: PREMIER Plus Sizes Available Add boohooMAN Ecru Oversized Boxy Extended Neck Floral Print T-Shirt,12.8,16.0,20,True,10
2026-09-29,BoohooMAN,Buy Premier & Get 50% Off | code: PREMIER Back In Stock Add boohooMAN Oversized Boxy Faux Layer Washed Print T-shirt,20.0,25.0,20,True,11
2026-09-29,BoohooMAN,Buy Premier & Get 50% Off | code: PREMIER Plus Sizes Available Add boohooMAN Essential Oversized Crew Neck T-Shirt,8.0,10.0,20,True,11
2026-09-29,BoohooMAN,Buy Premier & Get 50% Off | code: PREMIER Tall Sizes Available Add boohooMAN Tall Essential Regular Fit Quarter Zip Funnel Neck Sweatshirt,14.4,18.0,20,True,11
2026-09-29,BoohooMAN,Buy Premier & Get 50% Off | code: PREMIER Add boohooMAN Active Bronx Gym Dog Washed Oversized Extended Neck T-Shirt,12.8,16.0,20,True,11
2026-09-29,BoohooMAN,Buy Premier & Get 50% Off | code: PREMIER Plus Sizes Available Back In Stock Add boohooMAN Oversized Extended Neck Disney Mickey & Minnie Mouse License Printed T-Shirt,16.0,20.0,20,True,11
2026-09-29,BoohooMAN,Buy Premier & Get 50% Off | code: PREMIER Plus Sizes Available Add boohooMAN Black Oversized Moto Print Hoodie,24.0,30.0,20,True,11
2026-09-29,BoohooMAN,Buy Premier & Get 50% Off | code: PREMIER Plus Sizes Available Back In Stock Add boohooMAN Essential Washed Oversized Heavyweight T-Shirt,11.2,14.0,20,True,11
2026-09-29,BoohooMAN,Buy Premier & Get 50% Off | code: PREMIER Plus Sizes Available Add boohooMAN Man Active Regular Fit Cargo Jogger,20.0,25.0,20,True,11
2026-09-29,BoohooMAN,Buy Premier & Get 50% Off | code: PREMIER Plus Sizes Available Back In Stock Add boohooMAN Black Oversized Back Print T-Shirt,12.8,16.0,20,True,11
2026-09-29,BoohooMAN,Buy Premier & Get 50% Off | code: PREMIER Plus Sizes Available Add boohooMAN 2 Pack Oversized Heavyweight Crew Neck T-Shirts,19.2,24.0,20,True,11
2026-09-29,BoohooMAN,Buy Premier & Get 50% Off | code: PREMIER Add boohooMAN Regular Fit Official Rope Harrington Jacket,40.0,50.0,20,True,11
2026-09-29,BoohooMAN,Buy Premier & Get 50% Off | code: PREMIER Plus Sizes Available Add boohooMAN Oversized Boxy Homme Magazine Graphic T-Shirt,12.8,16.0,20,True,11
2026-09-29,BoohooMAN,Buy Premier & Get 50% Off | code: PREMIER Plus & Tall Sizes Available Add boohooMAN Essential Straight Leg Rigid Washed Jeans,16.0,20.0,20,True,11
2026-09-29,BoohooMAN,Buy Premier & Get 50% Off | code: PREMIER Plus Sizes Available Back In Stock Add boohooMAN Regular Funnel Zip Through Sweatshirt and Straight Leg jogger,30.4,38.0,20,True,11
2026-09-29,BoohooMAN,Buy Premier & Get 50% Off | code: PREMIER Add boohooMAN PU Rodeo Applique Badge Varsity Bomber Jacket,60.0,75.0,20,True,11
2026-09-29,BoohooMAN,Buy Premier & Get 50% Off | code: PREMIER Tall Sizes Available Add boohooMAN Tall Slim Rigid Flared Distressed Carpenter Jeans,32.0,40.0,20,True,11
2026-09-29,BoohooMAN,Buy Premier & Get 50% Off | code: PREMIER Plus Sizes Available Back In Stock Add boohooMAN 3 Pack Mid Length BM Autograph Swim Short,22.4,28.0,20,True,11
2026-09-29,BoohooMAN,Buy Premier & Get 50% Off | code: PREMIER Plus Sizes Available Add boohooMAN Essential Muscle Fit Vest,6.4,8.0,20,True,11
2026-09-29,BoohooMAN,Buy Premier & Get 50% Off | code: PREMIER Add boohooMAN Oversized Good Charlotte License Print T-Shirt,16.0,20.0,20,True,11
2026-09-29,BoohooMAN,Buy Premier & Get 50% Off | code: PREMIER Add boohooMAN Wide Leg Graphic Washed Jogger,24.0,30.0,20,True,11
2026-09-29,BoohooMAN,Buy Premier & Get 50% Off | code: PREMIER Plus Sizes Available Add boohooMAN Essential Regular Fit Ribbed Vest,6.4,8.0,20,True,11
2026-09-29,BoohooMAN,Buy Premier & Get 50% Off | code: PREMIER Add boohooMAN Washed PU Funnel Bomber Jacket,48.0,60.0,20,True,11
2026-09-29,BoohooMAN,Buy Premier & Get 50% Off | code: PREMIER Tall Sizes Available Add boohooMAN Tall Stretch Skinny Flare Jeans,20.0,25.0,20,True,11
2026-09-29,BoohooMAN,Buy Premier & Get 50% Off | code: PREMIER Add boohooMAN Oversized Boxy Floral Puff Print Hoodie & Baggy Jogger Tracksuit,36.0,45.0,20,True,11
2026-09-29,BoohooMAN,Buy Premier & Get 50% Off | code: PREMIER Plus Sizes Available Add boohooMAN Oversized Boxy Heavyweight Washed Sex Slogan T-Shirt,14.4,18.0,20,True,11
2026-09-29,BoohooMAN,Buy Premier & Get 50% Off | code: PREMIER Add boohooMAN Twill Homme Moto Bomber Jacket,56.0,70.0,20,True,11
2026-09-29,BoohooMAN,Buy Premier & Get 50% Off | code: PREMIER Plus Sizes Available Add boohooMAN Man Active 7inch Stretch Woven Ripstop Short,14.4,18.0,20,True,11
2026-09-29,BoohooMAN,Buy Premier & Get 50% Off | code: PREMIER Add boohooMAN Ecru Oversized Boxy Kyoto Doodle Print Hoodie,24.0,30.0,20,True,11
2026-09-29,BoohooMAN,Buy Premier & Get 50% Off | code: PREMIER Add boohooMAN Taupe Oversized Multi Placement Print Hoodie,24.0,30.0,20,True,11
2026-09-29,BoohooMAN,Buy Premier & Get 50% Off | code: PREMIER Add boohooMAN Boxy Fit Man Sport Hooded Tracksuit,32.0,40.0,20,True,11
2026-09-29,BoohooMAN,Buy Premier & Get 50% Off | code: PREMIER Plus Sizes Available Add boohooMAN Oversized Crop Scatter Rhinestone Shirt,36.0,45.0,20,True,11
2026-09-29,BoohooMAN,Buy Premier & Get 50% Off | code: PREMIER Add boohooMAN Relaxed Boxy Ribbed Knitted Sports Top,24.0,30.0,20,True,12
2026-09-29,BoohooMAN,Buy Premier & Get 50% Off | code: PREMIER Add boohooMAN Tall Oversized Lightening McQueen License Print Hoodie,28.0,35.0,20,True,12
2026-09-29,BoohooMAN,Buy Premier & Get 50% Off | code: PREMIER Add boohooMAN Man Active Windbreaker,24.0,30.0,20,True,12
2026-09-29,BoohooMAN,Buy Premier & Get 50% Off | code: PREMIER Plus Sizes Available Back In Stock Add boohooMAN White Oversized Monte Carlo Print T-Shirt,14.4,18.0,20,True,12
2026-09-29,BoohooMAN,Buy Premier & Get 50% Off | code: PREMIER Add boohooMAN Oversized Limited Edition Gloss Print T-shirt,12.8,16.0,20,True,12
2026-09-29,BoohooMAN,Buy Premier & Get 50% Off | code: PREMIER Add boohooMAN MAN Loungewear Oversized T-Shirt And Relaxed Jogger Set,16.0,20.0,20,True,12
2026-09-29,BoohooMAN,Buy Premier & Get 50% Off | code: PREMIER Plus Sizes Available Back In Stock Add boohooMAN Regular Fit Man Active Gym Training Hoodie & Short Set,24.0,30.0,20,True,12
2026-09-29,BoohooMAN,Buy Premier & Get 50% Off | code: PREMIER Plus Sizes Available Back In Stock Add boohooMAN Mid Length BM Autograph Swim Short,8.0,10.0,20,True,12
2026-09-29,BoohooMAN,Buy Premier & Get 50% Off | code: PREMIER Add boohooMAN Oversized Boxy Stripe Long Sleeve Curved Hem Shirt,24.0,30.0,20,True,12
2026-09-29,BoohooMAN,Buy Premier & Get 50% Off | code: PREMIER Add boohooMAN Oversized Boxy Man Sport Washed Zip Through Hoodie,28.0,35.0,20,True,12
2026-09-29,BoohooMAN,Buy Premier & Get 50% Off | code: PREMIER Add boohooMAN Muscle Fit Short Sleeve Shirt,16.0,20.0,20,True,12
2026-09-29,BoohooMAN,Buy Premier & Get 50% Off | code: PREMIER Plus Sizes Available Add boohooMAN Oversized Boxy Star Printed Zip Through Hoodie,24.0,30.0,20,True,12
2026-09-29,BoohooMAN,Buy Premier & Get 50% Off | code: PREMIER Add boohooMAN Skinny Fit Carpenter Jeans,20.0,25.0,20,True,12
2026-09-29,BoohooMAN,Buy Premier & Get 50% Off | code: PREMIER Add boohooMAN Washed Military Cropped Denim Jacket,40.0,50.0,20,True,12
2026-09-29,BoohooMAN,Buy Premier & Get 50% Off | code: PREMIER Plus Sizes Available Add boohooMAN Oversized Doodle Zip Through Hoodie,25.6,32.0,20,True,12
2026-09-29,BoohooMAN,Buy Premier & Get 50% Off | code: PREMIER Back In Stock Add boohooMAN Oversized Moto Graphic T-Shirt & Short Set,24.0,30.0,20,True,12
2026-09-29,BoohooMAN,Buy Premier & Get 50% Off | code: PREMIER Add boohooMAN Oversized Officialman Contrast Stitch Zip Thru Hoodie & Baggy Jogger Tracksuit,40.0,50.0,20,True,12
2026-09-29,BoohooMAN,Buy Premier & Get 50% Off | code: PREMIER Plus Sizes Available Add boohooMAN Regular 1/4 Funnel Sweatshirt and Slim Leg jogger,30.4,38.0,20,True,12
2026-09-29,BoohooMAN,Buy Premier & Get 50% Off | code: PREMIER Back In Stock Add boohooMAN Oversized Boxy Denim Co-Ord Jacket,28.0,35.0,20,True,12
2026-09-29,BoohooMAN,Buy Premier & Get 50% Off | code: PREMIER Add boohooMAN Wide Leg Reverse Distressed Woven Tab Joggers,20.0,25.0,20,True,12
2026-09-29,BoohooMAN,Buy Premier & Get 50% Off | code: PREMIER Add boohooMAN Interlock Striped Oversized Long Sleeve T- Shirt,17.6,22.0,20,True,12
2026-09-29,BoohooMAN,Buy Premier & Get 50% Off | code: PREMIER Add boohooMAN Oversized Boxy Zip Through Funnel Neck and Wide Leg Jogger,32.0,40.0,20,True,12
2026-09-29,BoohooMAN,Buy Premier & Get 50% Off | code: PREMIER Plus Sizes Available Add boohooMAN Black Oversized Boxy American Tour Graphic Hoodie,25.6,32.0,20,True,12
2026-09-29,BoohooMAN,Buy Premier & Get 50% Off | code: PREMIER Add boohooMAN Double Breasted Cropped Melton Overcoat,40.0,50.0,20,True,12
2026-09-29,BoohooMAN,Buy Premier & Get 50% Off | code: PREMIER Add boohooMAN Woven Checked Relaxed Loungewear Bottoms,12.0,15.0,20,True,12
2026-09-29,BoohooMAN,Buy Premier & Get 50% Off | code: PREMIER Plus Sizes Available Add boohooMAN Oversized Disney Cars License Printed T-Shirt,16.0,20.0,20,True,12
2026-09-29,BoohooMAN,Buy Premier & Get 50% Off | code: PREMIER Plus Sizes Available Back In Stock Add boohooMAN Washed Ecru Oversized Gothic Doodle Print Long Sleeve T-Shirt,17.6,22.0,20,True,12
2026-09-29,BoohooMAN,Buy Premier & Get 50% Off | code: PREMIER Add boohooMAN Tapered Tailored Trousers,24.0,30.0,20,True,12
2026-09-29,BoohooMAN,Buy Premier & Get 50% Off | code: PREMIER Plus Sizes Available Add boohooMAN Shrunken Cross Hooded Zip Flare Gusset Tracksuit,40.0,50.0,20,True,12
2026-09-29,BoohooMAN,Buy Premier & Get 50% Off | code: PREMIER Add boohooMAN Pleat Front Wide Leg Suit Trousers,24.0,30.0,20,True,12
2026-09-29,BoohooMAN,Buy Premier & Get 50% Off | code: PREMIER Plus Sizes Available Back In Stock Add boohooMAN Essential Slim Fit Elasticated Mid Length Twill Cargo Shorts,14.4,18.0,20,True,12
2026-09-29,BoohooMAN,Buy Premier & Get 50% Off | code: PREMIER Tall Sizes Available Back In Stock Add boohooMAN Tall Essential Jersey Jort,16.0,20.0,20,True,12
2026-09-29,BoohooMAN,Buy Premier & Get 50% Off | code: PREMIER Plus Sizes Available Back In Stock Add boohooMAN Essential Slim Fit Fixed Waist Cargo Shorts,14.4,18.0,20,True,12
2026-09-29,BoohooMAN,Buy Premier & Get 50% Off | code: PREMIER Tall Sizes Available Add boohooMAN Tall Relaxed Flare Overdye Popper Hem Cargo Trouser,24.0,30.0,20,True,12
2026-09-29,BoohooMAN,Buy Premier & Get 50% Off | code: PREMIER Plus Sizes Available Back In Stock Add boohooMAN Man Active Regular Lightweight Essentials Gym Tank,6.4,8.0,20,True,12
2026-09-29,BoohooMAN,Buy Premier & Get 50% Off | code: PREMIER Add boohooMAN Training Dept Loopback Jorts,17.6,22.0,20,True,12
2026-09-29,BoohooMAN,Buy Premier & Get 50% Off | code: PREMIER Plus Sizes Available Add boohooMAN Man Active 7inch Loose Fit Cargo Short,12.8,16.0,20,True,13
2026-09-29,BoohooMAN,Buy Premier & Get 50% Off | code: PREMIER Add boohooMAN Slim Rigid Flare Overdye Carpenter Jeans,22.4,28.0,20,True,13
2026-09-29,BoohooMAN,Buy Premier & Get 50% Off | code: PREMIER Tall Sizes Available Add boohooMAN Tall Relaxed Split Hem Washed Raw Edge Joggers,20.0,25.0,20,True,13
2026-09-29,BoohooMAN,Buy Premier & Get 50% Off | code: PREMIER Plus Sizes Available Back In Stock Add boohooMAN Chocolate Oversized Boxy Homme Cherub Graphic Spray Wash T-Shirt,14.4,18.0,20,True,13
2026-09-29,BoohooMAN,Buy Premier & Get 50% Off | code: PREMIER Add boohooMAN Oversized Fit Twill Trench Coat,40.0,50.0,20,True,13
2026-09-29,BoohooMAN,Buy Premier & Get 50% Off | code: PREMIER Add boohooMAN LA Residence Embroidered Oversized Boxy T-shirt,16.0,20.0,20,True,13
2026-09-29,BoohooMAN,Buy Premier & Get 50% Off | code: PREMIER 2 Tall Sizes Available Add boohooMAN Tall Oversized Boxy Zip Through Scuba Hoodie And Straight Leg Tracksuit,40.0,50.0,20,True,13
2026-09-29,BoohooMAN,Buy Premier & Get 50% Off | code: PREMIER Tall Sizes Available Add boohooMAN Tall Essential Muscle Fit Long Sleeve T-Shirt,8.0,10.0,20,True,13
2026-09-29,BoohooMAN,Buy Premier & Get 50% Off | code: PREMIER Back In Stock Add boohooMAN Oversized Boxy Heavyweight Floral Washed Long Sleeve T-Shirt,17.6,22.0,20,True,13
2026-09-29,BoohooMAN,Buy Premier & Get 50% Off | code: PREMIER Tall Sizes Available Add boohooMAN Tall Essential Oversized Boxy Fit T- Shirt,8.0,10.0,20,True,13
2026-09-29,BoohooMAN,Buy Premier & Get 50% Off | code: PREMIER 3 Plus Sizes Available Back In Stock Add boohooMAN Regular Fit Man Hooded Tracksuit with Piping,36.0,45.0,20,True,13
2026-09-29,BoohooMAN,Buy Premier & Get 50% Off | code: PREMIER Add boohooMAN Essential Regular Fit Denim Jacket,20.0,25.0,20,True,13
2026-09-29,BoohooMAN,Buy Premier & Get 50% Off | code: PREMIER Plus Sizes Available Add boohooMAN Oversized Pixar Toy Story Aliens License Print T-Shirt,16.0,20.0,20,True,13
2026-09-29,BoohooMAN,Buy Premier & Get 50% Off | code: PREMIER Back In Stock Add boohooMAN Man Active Boxing Regular Fit Tank,9.6,12.0,20,True,13
2026-09-29,BoohooMAN,Buy Premier & Get 50% Off | code: PREMIER Plus Sizes Available Add boohooMAN Man Active Straight Leg Man Dash Jogger,16.0,20.0,20,True,13
2026-09-29,BoohooMAN,Buy Premier & Get 50% Off | code: PREMIER Plus Sizes Available Back In Stock Add boohooMAN Technical Stretch Boxy Shirt & Trouser Set,36.0,45.0,20,True,13
2026-09-29,BoohooMAN,Buy Premier & Get 50% Off | code: PREMIER Back In Stock Add boohooMAN Essential Washed Baggy Drop Crotch Jogger,20.0,25.0,20,True,13
2026-09-29,BoohooMAN,Buy Premier & Get 50% Off | code: PREMIER Tall Sizes Available Add boohooMAN Tall Essential Regular Zip Through Hoodie,16.0,20.0,20,True,13
2026-09-29,BoohooMAN,Buy Premier & Get 50% Off | code: PREMIER Back In Stock Add boohooMAN Short Sleeve Muscle Fit Colour Block Knit Polo,17.6,22.0,20,True,13
2026-09-29,BoohooMAN,Buy Premier & Get 50% Off | code: PREMIER Add boohooMAN Oversized Ford License Washed Sweatshirt,28.0,35.0,20,True,13
2026-09-29,BoohooMAN,Buy Premier & Get 50% Off | code: PREMIER Plus Sizes Available Add boohooMAN Charcoal Oversized Zip Through Graffiti Tattoo Printed Hoodie,28.0,35.0,20,True,13
2026-09-29,BoohooMAN,Buy Premier & Get 50% Off | code: PREMIER Tall Sizes Available Add boohooMAN Tall Man Active Gym Technical Tapered Cargo Jogger,20.0,25.0,20,True,13
2026-09-29,BoohooMAN,Buy Premier & Get 50% Off | code: PREMIER Tall Sizes Available Add boohooMAN Tall Relaxed Fit Jeans,20.0,25.0,20,True,13
2026-09-29,BoohooMAN,Buy Premier & Get 50% Off | code: PREMIER Tall Sizes Available Add boohooMAN Tall Wide Leg Scuba Jogger,24.0,30.0,20,True,13
2026-09-29,BoohooMAN,Buy Premier & Get 50% Off | code: PREMIER Tall Sizes Available Add boohooMAN Tall Essential Oversized Long Sleeve T-Shirt,9.6,12.0,20,True,13
2026-09-29,BoohooMAN,Buy Premier & Get 50% Off | code: PREMIER Add boohooMAN Man Active Performance Regular Fit Long Sleeve Neon Logo T-shirt,12.8,16.0,20,True,13
2026-09-29,BoohooMAN,Buy Premier & Get 50% Off | code: PREMIER Tall Sizes Available Back In Stock Add boohooMAN Tall Oversized Dragon Graphic Long Sleeve T-Shirt,12.8,16.0,20,True,13
2026-09-29,BoohooMAN,Buy Premier & Get 50% Off | code: PREMIER Add boohooMAN Baggy Rigid Washed Grey Cross Applique Jeans,28.0,35.0,20,True,13
2026-09-29,BoohooMAN,Buy Premier & Get 50% Off | code: PREMIER Add boohooMAN Oversized Boxy Limited Edition Zip Through Hoodie,22.4,28.0,20,True,13
2026-09-29,BoohooMAN,Buy Premier & Get 50% Off | code: PREMIER Add boohooMAN Muscle Fit 1/4 Zip Soft Touch Knitted Long Sleeve Polo,17.6,22.0,20,True,13
2026-09-29,BoohooMAN,Buy Premier & Get 50% Off | code: PREMIER Plus Sizes Available Add boohooMAN Regular Fit Hooded Matte Puffer Jacket in Black,32.0,40.0,20,True,13
2026-09-29,BoohooMAN,Buy Premier & Get 50% Off | code: PREMIER Plus Sizes Available Add boohooMAN Regular Fit Man Active Hoodie & Jogger Tracksuit,32.0,40.0,20,True,14
2026-09-29,BoohooMAN,Buy Premier & Get 50% Off | code: PREMIER Add boohooMAN Slim Technical Stretch Cargo Trouser,22.4,28.0,20,True,14
2026-09-29,BoohooMAN,Buy Premier & Get 50% Off | code: PREMIER Tall Sizes Available Add boohooMAN Tall Oversized Boxy Zip Through Scuba Hoodie And Straight Leg Tracksuit,40.0,50.0,20,True,14
2026-09-29,BoohooMAN,Buy Premier & Get 50% Off | code: PREMIER Back In Stock Add boohooMAN Cropped Double Breasted Trench Coat,32.0,40.0,20,True,14
2026-09-29,BoohooMAN,Buy Premier & Get 50% Off | code: PREMIER Tall Sizes Available Add boohooMAN Tall Relaxed Flare Overdye Popper Hem Cargo Trouser In Black,24.0,30.0,20,True,14
2026-09-29,BoohooMAN,Buy Premier & Get 50% Off | code: PREMIER Plus Sizes Available Add boohooMAN Regular Fit Man Active Hoodie & Short Tracksuit,24.0,30.0,20,True,14
2026-09-29,BoohooMAN,Buy Premier & Get 50% Off | code: PREMIER Add boohooMAN Skinny Stretch Bleached Ripped Knee Jeans,20.0,25.0,20,True,14
2026-09-29,BoohooMAN,Buy Premier & Get 50% Off | code: PREMIER Add boohooMAN Washed Boxy Rhinestone Denim Jacket,40.0,50.0,20,True,14
2026-09-29,BoohooMAN,Buy Premier & Get 50% Off | code: PREMIER Add boohooMAN Slim Flared Fit Carpenter Jeans,20.0,25.0,20,True,14
2026-09-29,BoohooMAN,Buy Premier & Get 50% Off | code: PREMIER Back In Stock Add boohooMAN Camo Removable Carpenter Panel Extreme Stacked Straight Leg Jeans,32.0,40.0,20,True,14
2026-09-29,BoohooMAN,Buy Premier & Get 50% Off | code: PREMIER Add boohooMAN Navy Oversized Shrunken Slogan Graphic Spray Wash T-Shirt,14.4,18.0,20,True,14
2026-09-29,BoohooMAN,Buy Premier & Get 50% Off | code: PREMIER Add boohooMAN Man Active Muscle Fit Panel T-shirt,14.4,18.0,20,True,14
2026-09-29,BoohooMAN,Buy Premier & Get 50% Off | code: PREMIER Add boohooMAN Twill Badge Moto Jacket In Black,48.0,60.0,20,True,14
2026-09-29,BoohooMAN,Buy Premier & Get 50% Off | code: PREMIER Add boohooMAN Ecru Oversized Boxy Puff Print Sweatshirt,20.0,25.0,20,True,14
2026-09-29,BoohooMAN,Buy Premier & Get 50% Off | code: PREMIER Add boohooMAN Oversized Boxy City Lights Tapestry Long Sleeve Hoodie,32.0,40.0,20,True,14
2026-09-29,BoohooMAN,Buy Premier & Get 50% Off | code: PREMIER Add boohooMAN Oversized Boxy 1/4 Zip Funnel Neck Scuba Sweatshirt,22.4,28.0,20,True,14
2026-09-29,BoohooMAN,Buy Premier & Get 50% Off | code: PREMIER Plus Sizes Available Add boohooMAN 3 Pack Multi Waistband MAN Boxers,12.0,15.0,20,True,14
2026-09-29,BoohooMAN,Buy Premier & Get 50% Off | code: PREMIER Add boohooMAN Straight Leg Pleat Front Chino,20.0,25.0,20,True,14
2026-09-29,BoohooMAN,Buy Premier & Get 50% Off | code: PREMIER Add boohooMAN Oversized Washed Chocolate St Tropez Print Long Sleeve T-Shirt,17.6,22.0,20,True,14
2026-09-29,BoohooMAN,Buy Premier & Get 50% Off | code: PREMIER Add boohooMAN Training Dept Oversized Washed Extended Neck T-Shirt,12.8,16.0,20,True,14
2026-09-29,BoohooMAN,Buy Premier & Get 50% Off | code: PREMIER Add boohooMAN Slim Fit Boxy Raglan Star Print T-shirt,11.2,14.0,20,True,14
2026-09-29,BoohooMAN,Buy Premier & Get 50% Off | code: PREMIER Tall Sizes Available Back In Stock Add boohooMAN Tall Straight Fit Scuba Trousers,22.4,28.0,20,True,14
2026-09-29,BoohooMAN,Buy Premier & Get 50% Off | code: PREMIER 1 Plus Sizes Available Add boohooMAN Essential Wide Leg Jogger,17.6,22.0,20,True,14
2026-09-29,BoohooMAN,Buy Premier & Get 50% Off | code: PREMIER Add boohooMAN Guinness Toucan License Socks,4.8,6.0,20,True,14
2026-09-29,BoohooMAN,Buy Premier & Get 50% Off | code: PREMIER Plus Sizes Available Back In Stock Add boohooMAN Short Sleeve Jersey Herringbone Shirt & Short Set,36.0,45.0,20,True,14
2026-09-29,BoohooMAN,Buy Premier & Get 50% Off | code: PREMIER Add boohooMAN Regular Mickey License Print T-shirt,17.6,22.0,20,True,14
2026-09-29,BoohooMAN,Buy Premier & Get 50% Off | code: PREMIER Add boohooMAN Straight Leg Limited Edition Joggers,17.6,22.0,20,True,14
2026-09-29,BoohooMAN,Buy Premier & Get 50% Off | code: PREMIER Add boohooMAN Loose Fit Mid Length Essential Shorts,11.2,14.0,20,True,14
2026-09-29,BoohooMAN,Buy Premier & Get 50% Off | code: PREMIER Plus Sizes Available Back In Stock Add boohooMAN Half & Half Waist Relaxed Fit Linen Blend Trouser,22.4,28.0,20,True,14
2026-09-29,BoohooMAN,Buy Premier & Get 50% Off | code: PREMIER Back In Stock Add boohooMAN Wide Leg Camo Washed Loopback Jogger,24.0,30.0,20,True,15
2026-09-29,BoohooMAN,Buy Premier & Get 50% Off | code: PREMIER Plus Sizes Available Add boohooMAN Wrap Tie Side Blazer,40.0,50.0,20,True,15
2026-09-29,BoohooMAN,Buy Premier & Get 50% Off | code: PREMIER Plus Sizes Available Back In Stock Add boohooMAN Essential Longline Fit Denim Jorts,17.6,22.0,20,True,15
2026-09-29,BoohooMAN,Buy Premier & Get 50% Off | code: PREMIER Add boohooMAN Scuba Oversized Long Sleeve Overshirt,24.0,30.0,20,True,15
2026-09-29,BoohooMAN,Buy Premier & Get 50% Off | code: PREMIER Plus Sizes Available Add boohooMAN Man Active Tapered Cargo Joggers,20.8,26.0,20,True,15
2026-09-29,BoohooMAN,Buy Premier & Get 50% Off | code: PREMIER Add boohooMAN Elasticated Waist Slim Fit Man Shell Cargo Trousers,24.0,30.0,20,True,15
2026-09-29,BoohooMAN,Buy Premier & Get 50% Off | code: PREMIER Plus Sizes Available 280GSM Add boohooMAN Regular Fit Premium 280gsm Long Sleeve T-Shirt,16.0,20.0,20,True,15
2026-09-29,BoohooMAN,Buy Premier & Get 50% Off | code: PREMIER Add boohooMAN Essential Oversized Boxy Hoodie,14.4,18.0,20,True,15
2026-09-29,BoohooMAN,Buy Premier & Get 50% Off | code: PREMIER Plus Sizes Available Back In Stock Add boohooMAN Man Active Regular Fit Camo Raglan Performance Gym T-shirt,14.4,18.0,20,True,15
2026-09-29,BoohooMAN,Buy Premier & Get 50% Off | code: PREMIER Add boohooMAN Oversized Boxy Gothic Graphic T-Shirt,12.8,16.0,20,True,15
2026-09-29,BoohooMAN,Buy Premier & Get 50% Off | code: PREMIER Add boohooMAN Regular Coated Nylon Cargo Overshirt & Relaxed Short Set,40.0,50.0,20,True,15
2026-09-29,BoohooMAN,Buy Premier & Get 50% Off | code: PREMIER Plus Sizes Available Add boohooMAN Essential Wide Leg Jogger,17.6,22.0,20,True,15
2026-09-29,BoohooMAN,Buy Premier & Get 50% Off | code: PREMIER Add boohooMAN Leopard Lace Harrington Jacket,40.0,50.0,20,True,15
2026-09-29,BoohooMAN,Buy Premier & Get 50% Off | code: PREMIER Plus Sizes Available Add boohooMAN Slim Fit Long Sleeve Cotton Shirt,16.0,20.0,20,True,15
2026-09-29,BoohooMAN,Buy Premier & Get 50% Off | code: PREMIER Add boohooMAN Oversized Boxy Hooded Zip Through Wide Leg Tracksuit,36.0,45.0,20,True,15
2026-09-29,BoohooMAN,Buy Premier & Get 50% Off | code: PREMIER Plus Sizes Available Back In Stock Add boohooMAN Essential Regular Fit Long Sleeve Crew Neck T-Shirt,8.0,10.0,20,True,15
2026-09-29,BoohooMAN,Buy Premier & Get 50% Off | code: PREMIER Add boohooMAN Muscle Fit Rib Henley Neck Short Sleeve T-Shirt,12.8,16.0,20,True,15
2026-09-29,BoohooMAN,Buy Premier & Get 50% Off | code: PREMIER Plus Sizes Available Back In Stock Add boohooMAN Essential Slim Fit Jersey Short,11.2,14.0,20,True,15
2026-09-29,BoohooMAN,Buy Premier & Get 50% Off | code: PREMIER Back In Stock Add boohooMAN Black Oversized Moto Print Spray Wash Long Sleeve T-Shirt,20.0,25.0,20,True,15
2026-09-29,BoohooMAN,Buy Premier & Get 50% Off | code: PREMIER Plus Sizes Available Add boohooMAN 2 Pack Man Lounge Cuffed Jogger in Grey & Black,20.0,25.0,20,True,15
2026-09-29,BoohooMAN,Buy Premier & Get 50% Off | code: PREMIER Add boohooMAN Relaxed Fit Suit Trousers,22.4,28.0,20,True,15
2026-09-29,BoohooMAN,Buy Premier & Get 50% Off | code: PREMIER Plus Sizes Available Add boohooMAN One More Rep Oversized Boxy Washed Tank,11.2,14.0,20,True,15
2026-09-29,BoohooMAN,Buy Premier & Get 50% Off | code: PREMIER Back In Stock Add boohooMAN Washed Oversized SpiderMan Gothic License Print T-Shirt,17.6,22.0,20,True,15
2026-09-29,BoohooMAN,Buy Premier & Get 50% Off | code: PREMIER Add boohooMAN Essential Regular Fit T-Shirt,6.4,8.0,20,True,15
2026-09-29,BoohooMAN,Buy Premier & Get 50% Off | code: PREMIER Tall Sizes Available Add boohooMAN Tall Oversized Boxy Heavyweight Waffle Raglan Long Sleeve T-shirt,17.6,22.0,20,True,15
2026-09-29,BoohooMAN,Buy Premier & Get 50% Off | code: PREMIER Add boohooMAN B Applique PU & Melton Varsity Jacket,52.0,65.0,20,True,15
2026-09-29,BoohooMAN,Buy Premier & Get 50% Off | code: PREMIER Add boohooMAN Charcoal Oversized Line Drawn Dragon Print Hoodie,24.0,30.0,20,True,15
2026-09-29,BoohooMAN,Buy Premier & Get 50% Off | code: PREMIER Plus Sizes Available Add boohooMAN Essential Oversized Boxy Crew Neck T-Shirt,8.0,10.0,20,True,15
2026-09-29,BoohooMAN,Buy Premier & Get 50% Off | code: PREMIER Add boohooMAN Tapered Technical Stretch Trouser,22.4,28.0,20,True,15
2026-09-29,BoohooMAN,Buy Premier & Get 50% Off | code: PREMIER Plus Sizes Available Back In Stock Add boohooMAN Man Active 1/4 Zip Windbreaker,24.0,30.0,20,True,15
2026-09-29,BoohooMAN,Buy Premier & Get 50% Off | code: PREMIER Add boohooMAN Washed Khaki Oversized Boxy Motor Print Zip Through Hoodie,28.0,35.0,20,True,15
2026-09-29,BoohooMAN,Buy Premier & Get 50% Off | code: PREMIER Plus Sizes Available Add boohooMAN Baggy Fit Man Script Joggers,20.0,25.0,20,True,16
2026-09-29,BoohooMAN,Buy Premier & Get 50% Off | code: PREMIER Add boohooMAN Borg & Nylon Funnel Neck Puffer In Black,60.0,75.0,20,True,16
2026-09-29,BoohooMAN,Buy Premier & Get 50% Off | code: PREMIER Plus Sizes Available Back In Stock Add boohooMAN Regular Zip Through Hooded and Straight Leg Cuffed Jogger,32.0,40.0,20,True,16
2026-09-29,BoohooMAN,Buy Premier & Get 50% Off | code: PREMIER Add boohooMAN Cow Print Baggy Fit Jeans,32.0,40.0,20,True,16
2026-09-29,BoohooMAN,Buy Premier & Get 50% Off | code: PREMIER 2 Add boohooMAN Oversized Boxy Grunge Printed Batwing Zip Thru Hoodie,28.0,35.0,20,True,16
2026-09-29,BoohooMAN,Buy Premier & Get 50% Off | code: PREMIER Add boohooMAN Relaxed Rigid Washed Jeans,20.0,25.0,20,True,16
2026-09-29,BoohooMAN,Buy Premier & Get 50% Off | code: PREMIER Tall Sizes Available Add boohooMAN Tall Essential Straight Leg Cargo Joggers,16.0,20.0,20,True,16
2026-09-29,BoohooMAN,Buy Premier & Get 50% Off | code: PREMIER Plus Sizes Available Add boohooMAN Essential Skinny Fit Cargo Jogger,16.0,20.0,20,True,16
2026-09-29,BoohooMAN,Buy Premier & Get 50% Off | code: PREMIER Plus Sizes Available Add boohooMAN Man Active Running Perforated Tapered Jogger,20.0,25.0,20,True,16
2026-09-29,BoohooMAN,Buy Premier & Get 50% Off | code: PREMIER Back In Stock Add boohooMAN Oversized SpiderMan Classic License Print T-Shirt,16.0,20.0,20,True,16
2026-09-29,BoohooMAN,Buy Premier & Get 50% Off | code: PREMIER Add boohooMAN Iridescent Zip Hood Bomber Jacket,40.0,50.0,20,True,16
2026-09-29,BoohooMAN,Buy Premier & Get 50% Off | code: PREMIER Add boohooMAN Longline Hooded Dressing Gown,24.0,30.0,20,True,16
2026-09-29,BoohooMAN,Buy Premier & Get 50% Off | code: PREMIER Add boohooMAN MAN Active Funnel Neck Track Jacket & Relaxed Jogger Nylon Tracksuit,36.0,45.0,20,True,16
2026-09-29,BoohooMAN,Buy Premier & Get 50% Off | code: PREMIER Plus Sizes Available Back In Stock Add boohooMAN Black Oversized Boxy Gothic Print T-Shirt,12.8,16.0,20,True,16
2026-09-29,BoohooMAN,Buy Premier & Get 50% Off | code: PREMIER Add boohooMAN Skinny Fit Ripped Knee Jeans,20.0,25.0,20,True,16
2026-09-29,BoohooMAN,Buy Premier & Get 50% Off | code: PREMIER Add boohooMAN Drop Crotch Baggy Fit Jeans,24.0,30.0,20,True,16
2026-09-29,BoohooMAN,Buy Premier & Get 50% Off | code: PREMIER Back In Stock Add boohooMAN Straight Fit Piping Jogger,20.0,25.0,20,True,16
2026-09-29,BoohooMAN,Buy Premier & Get 50% Off | code: PREMIER Plus Sizes Available Add boohooMAN 2 Sets Pack T-Shirts & Shorts,28.0,35.0,20,True,16
2026-09-29,BoohooMAN,Buy Premier & Get 50% Off | code: PREMIER Plus Sizes Available Add boohooMAN Relaxed Floral Embroidery Denim Jeans,24.0,30.0,20,True,16
2026-09-29,BoohooMAN,Buy Premier & Get 50% Off | code: PREMIER Add boohooMAN Skinny Fit Technical Stretch Cargo Trouser,22.4,28.0,20,True,16
2026-09-29,BoohooMAN,Buy Premier & Get 50% Off | code: PREMIER Add boohooMAN One More Rep Script Front Oversized Washed Extended Neck T-Shirt,12.8,16.0,20,True,16
2026-09-29,BoohooMAN,Buy Premier & Get 50% Off | code: PREMIER Back In Stock Add boohooMAN Regular Dog Tapestry Overshirt,24.0,30.0,20,True,16
2026-09-29,BoohooMAN,Buy Premier & Get 50% Off | code: PREMIER Plus Sizes Available Add boohooMAN Man Active Stretch Woven 2in1 Shorts,17.6,22.0,20,True,16
2026-09-29,BoohooMAN,Buy Premier & Get 50% Off | code: PREMIER Add boohooMAN Parachute Fit Nylon Piping Detail Track Pants,24.0,30.0,20,True,16
2026-09-29,BoohooMAN,Buy Premier & Get 50% Off | code: PREMIER Add boohooMAN Oversized Boxy Asymmetric Placket Poplin Shirt,20.0,25.0,20,True,16
2026-09-29,BoohooMAN,Buy Premier & Get 50% Off | code: PREMIER Back In Stock Add boohooMAN Oversized Boxy Embellished Washed Gothic Print T-Shirt,20.0,25.0,20,True,16
2026-09-29,BoohooMAN,Buy Premier & Get 50% Off | code: PREMIER Add boohooMAN Essential Regular Fit Crew Neck T-Shirt,6.4,8.0,20,True,16
2026-09-29,BoohooMAN,Buy Premier & Get 50% Off | code: PREMIER Plus Sizes Available Add boohooMAN Oversized Disney Cars Wash License Print T-shirt,17.6,22.0,20,True,16
2026-09-29,BoohooMAN,Buy Premier & Get 50% Off | code: PREMIER Add boohooMAN Training Dept Washed Oversized Extended Neck T-Shirt,12.8,16.0,20,True,16
2026-09-29,BoohooMAN,Buy Premier & Get 50% Off | code: PREMIER Add boohooMAN Elasticated Waist Relaxed Fit Buckle Cargo Trouser,20.0,25.0,20,True,16
2026-09-29,BoohooMAN,Buy Premier & Get 50% Off | code: PREMIER Back In Stock Add boohooMAN Slim Premium Interlock Zip Neck Polo,14.4,18.0,20,True,16
2026-09-29,BoohooMAN,Buy Premier & Get 50% Off | code: PREMIER Add boohooMAN Straight Leg Limited Edition Joggers,18.4,23.0,20,True,16
2026-09-29,BoohooMAN,Buy Premier & Get 50% Off | code: PREMIER Plus Sizes Available Back In Stock Add boohooMAN Regular Fit Man Active Hoodie & Jogger Tracksuit,32.0,40.0,20,True,16
2026-09-29,BoohooMAN,Buy Premier & Get 50% Off | code: PREMIER Plus Sizes Available Add boohooMAN Regular Fit Man Signature Colour Block Hooded Tracksuit,32.0,40.0,20,True,16
2026-09-29,BoohooMAN,Buy Premier & Get 50% Off | code: PREMIER Add boohooMAN Oversized Crop Long Sleeve Stripe Shirt,20.0,25.0,20,True,16
2026-09-29,BoohooMAN,Buy Premier & Get 50% Off | code: PREMIER Add boohooMAN Reversible Check Twill Harrington Jacket,48.0,60.0,20,True,17
2026-09-29,BoohooMAN,Buy Premier & Get 50% Off | code: PREMIER Add boohooMAN Washed Stone Oversized Gothic Line Drawn Print T-Shirt,17.6,22.0,20,True,17
2026-09-29,BoohooMAN,Buy Premier & Get 50% Off | code: PREMIER Plus Sizes Available Add boohooMAN White Oversized Floral Spine Print T-Shirt,12.8,16.0,20,True,17
2026-09-29,BoohooMAN,Buy Premier & Get 50% Off | code: PREMIER Add boohooMAN Check Piping Funnel Melton Bomber Jacket,40.0,50.0,20,True,17
2026-09-29,BoohooMAN,Buy Premier & Get 50% Off | code: PREMIER Add boohooMAN Straight Leg Welt Pocket Cargo Trousers,24.0,30.0,20,True,17
2026-09-29,BoohooMAN,Buy Premier & Get 50% Off | code: PREMIER Tall Sizes Available Back In Stock Add boohooMAN Tall Relaxed Fit Carpenter Cargo Jeans,32.0,40.0,20,True,17
2026-09-29,BoohooMAN,Buy Premier & Get 50% Off | code: PREMIER Plus Sizes Available Add boohooMAN Oversized M Star Gusset Hooded Zip Tracksuit,36.0,45.0,20,True,17
2026-09-29,BoohooMAN,Buy Premier & Get 50% Off | code: PREMIER Add boohooMAN Oversized Boxy Funnel Neck Zip Through Scuba Sweatshirt and Straight Leg Tracksuit,52.0,65.0,20,True,17
2026-09-29,BoohooMAN,Buy Premier & Get 50% Off | code: PREMIER Add boohooMAN Oversized Boxy Limited Edition Sweatshirt,17.6,22.0,20,True,17
2026-09-29,BoohooMAN,Buy Premier & Get 50% Off | code: PREMIER Tall Sizes Available Add boohooMAN Tall Wide Leg Dragon Embroidered Jogger,24.0,30.0,20,True,17
2026-09-29,BoohooMAN,Buy Premier & Get 50% Off | code: PREMIER Plus Sizes Available Back In Stock Add boohooMAN Oversized Moto Graphic T-Shirt & Short Set,24.0,30.0,20,True,17
2026-09-29,BoohooMAN,Buy Premier & Get 50% Off | code: PREMIER Add boohooMAN Oversized Toy Story Buzz & Woody License Print T-Shirt,16.0,20.0,20,True,17
2026-09-29,BoohooMAN,Buy Premier & Get 50% Off | code: PREMIER Add boohooMAN Oversized M Star Zip Thru Hoodie & Straight Leg Tracksuit,36.0,45.0,20,True,17
2026-09-29,BoohooMAN,Buy Premier & Get 50% Off | code: PREMIER Plus Sizes Available Back In Stock Add boohooMAN Man Active Regular Fit Geo Camo T-Shirt,12.8,16.0,20,True,17
2026-09-29,BoohooMAN,Buy Premier & Get 50% Off | code: PREMIER Add boohooMAN Batwing Camo Crew Neck Sweatshirt,20.0,25.0,20,True,17
2026-09-29,BoohooMAN,Buy Premier & Get 50% Off | code: PREMIER Add boohooMAN Baggy Fit Distressed Jeans,20.0,25.0,20,True,17
2026-09-29,BoohooMAN,Buy Premier & Get 50% Off | code: PREMIER Back In Stock Add boohooMAN Camo Removable Carpenter Panel Regular Fit Denim Jacket,36.0,45.0,20,True,17
2026-09-29,BoohooMAN,Buy Premier & Get 50% Off | code: PREMIER Add boohooMAN Extreme Wide Leg Exposed Seam Jogger,22.4,28.0,20,True,17
2026-09-29,BoohooMAN,Buy Premier & Get 50% Off | code: PREMIER Add boohooMAN Chunky Borg Knit Rib Hooded Borg Jacket,44.0,55.0,20,True,17
2026-09-29,BoohooMAN,Buy Premier & Get 50% Off | code: PREMIER Plus Sizes Available Add boohooMAN Contrast Stitch Embroidered Boxy Harrington,32.0,40.0,20,True,17
2026-09-29,BoohooMAN,Buy Premier & Get 50% Off | code: PREMIER Add boohooMAN Man Active Performance Regular Fit T-shirt,11.2,14.0,20,True,17
2026-09-29,BoohooMAN,Buy Premier & Get 50% Off | code: PREMIER Add boohooMAN Man Active Quilted Regular Fit Zip Through Hoodie,40.0,50.0,20,True,17
2026-09-29,BoohooMAN,Buy Premier & Get 50% Off | code: PREMIER Plus Sizes Available Back In Stock Add boohooMAN Relaxed Rhinestone Camo Cargo Trousers,40.0,50.0,20,True,17
2026-09-29,BoohooMAN,Buy Premier & Get 50% Off | code: PREMIER 2 Add boohooMAN PU Colour Block Panel Embroidered Varsity Jacket,48.0,60.0,20,True,17
2026-09-29,BoohooMAN,Buy Premier & Get 50% Off | code: PREMIER Add boohooMAN Oversized Boxy Long Sleeve Sleeve Italia Stripe Rugby Polo,24.0,30.0,20,True,17
2026-09-29,BoohooMAN,Buy Premier & Get 50% Off | code: PREMIER Plus Sizes Available Add boohooMAN Oversized Disney Cars License Back Print T-shirt,16.0,20.0,20,True,17
2026-09-29,BoohooMAN,Buy Premier & Get 50% Off | code: PREMIER Back In Stock Add boohooMAN Oversized Limited Edition Over The Head Hoodie,22.4,28.0,20,True,17
2026-09-29,BoohooMAN,Buy Premier & Get 50% Off | code: PREMIER Add boohooMAN Regular Fit Lightweight Gilet,20.0,25.0,20,True,18
2026-09-29,BoohooMAN,Buy Premier & Get 50% Off | code: PREMIER Add boohooMAN Black Oversized Gothic Tattoo Print Long Sleeve T-Shirt,17.6,22.0,20,True,18
2026-09-29,BoohooMAN,Buy Premier & Get 50% Off | code: PREMIER Add boohooMAN PU Embroidered Harrington Jacket,28.0,35.0,20,True,18
2026-09-29,BoohooMAN,Buy Premier & Get 50% Off | code: PREMIER Add boohooMAN Regular Fit Piped Funnel Neck Puffer Jacket,40.0,50.0,20,True,18
2026-09-29,BoohooMAN,Buy Premier & Get 50% Off | code: PREMIER Add boohooMAN Essential Slim Fit Pleat Front Chino,20.0,25.0,20,True,18
2026-09-29,BoohooMAN,Buy Premier & Get 50% Off | code: PREMIER Add boohooMAN Regular Fit Exposed Seam T-Shirt,9.6,12.0,20,True,18
2026-09-29,BoohooMAN,Buy Premier & Get 50% Off | code: PREMIER Add boohooMAN Straight Leg Asymmetric Pocket Cargo Trousers,24.0,30.0,20,True,18
2026-09-29,BoohooMAN,Buy Premier & Get 50% Off | code: PREMIER Add boohooMAN Funnel Neck Colour Block PU Bomber Jacket,40.0,50.0,20,True,18
2026-09-29,BoohooMAN,Buy Premier & Get 50% Off | code: PREMIER Plus Sizes Available Add boohooMAN Relaxed Heavyweight L'homme T-shirt,9.6,12.0,20,True,18
2026-09-29,BoohooMAN,Buy Premier & Get 50% Off | code: PREMIER Tall Sizes Available Add boohooMAN Tall Black Oversized Renaissance Dove Print T-Shirt,12.8,16.0,20,True,18
2026-09-29,BoohooMAN,Buy Premier & Get 50% Off | code: PREMIER Tall Sizes Available Add boohooMAN Tall Slim Rigid Jeans,20.0,25.0,20,True,18
2026-09-29,BoohooMAN,Buy Premier & Get 50% Off | code: PREMIER Add boohooMAN Extreme Balloon Twill Rivet Detail Trouser,20.0,25.0,20,True,18
2026-09-29,BoohooMAN,Buy Premier & Get 50% Off | code: PREMIER Add boohooMAN Red Oversized Shrunken Limited Edition Print Spray Wash T-Shirt,14.4,18.0,20,True,18
2026-09-29,BoohooMAN,Buy Premier & Get 50% Off | code: PREMIER 3 Add boohooMAN Oversized Extended Neck Limited Edition Washed Raised Text Sweater,17.6,22.0,20,True,18
2026-09-29,BoohooMAN,Buy Premier & Get 50% Off | code: PREMIER Tall Sizes Available Add boohooMAN Tall Oversized Kyoto Mountain Graphic T-shirt,12.8,16.0,20,True,18
2026-09-29,BoohooMAN,Buy Premier & Get 50% Off | code: PREMIER Add boohooMAN Training Dept Oversized T-Shirt,12.8,16.0,20,True,18
2026-09-29,BoohooMAN,Buy Premier & Get 50% Off | code: PREMIER Add boohooMAN Essential Muscle Fit Soft Touch Knitted Polo,17.6,22.0,20,True,18
2026-09-29,BoohooMAN,Buy Premier & Get 50% Off | code: PREMIER Add boohooMAN Essential Muscle Fit T-Shirt,6.4,8.0,20,True,18
2026-09-29,BoohooMAN,Buy Premier & Get 50% Off | code: PREMIER Tall Sizes Available Add boohooMAN Tall Relaxed Fit Half & Half Waistband Washed Twill Trouser,24.0,30.0,20,True,18
2026-09-29,BoohooMAN,Buy Premier & Get 50% Off | code: PREMIER Back In Stock Add boohooMAN Regular Fit Checkerboard Jacquard Embroidered Denim Jacket,36.0,45.0,20,True,18
2026-09-29,BoohooMAN,Buy Premier & Get 50% Off | code: PREMIER Add boohooMAN Oversized Fit Limited Print Long Sleeve T-Shirt,17.6,22.0,20,True,18
2026-09-29,BoohooMAN,Buy Premier & Get 50% Off | code: PREMIER Tall Sizes Available Add boohooMAN Tall Man Active Wide Leg Side Panel Jogger,20.0,25.0,20,True,18
2026-09-29,BoohooMAN,Buy Premier & Get 50% Off | code: PREMIER Tall Sizes Available Add boohooMAN Tall Regular Fit Ribbed Knitted Jumper,17.6,22.0,20,True,18
2026-09-29,BoohooMAN,Buy Premier & Get 50% Off | code: PREMIER Plus Sizes Available Add boohooMAN Slim Fit Cuffed Multi Pocket Cargo Trousers,20.0,25.0,20,True,18
2026-09-29,BoohooMAN,Buy Premier & Get 50% Off | code: PREMIER Plus Sizes Available Back In Stock Add boohooMAN White Oversized Monaco Racing Print T-Shirt,14.4,18.0,20,True,18
2026-09-29,BoohooMAN,Buy Premier & Get 50% Off | code: PREMIER Add boohooMAN Oversized Boxy Plush Flock Print Hoodie & Straight Leg Jogger,36.0,45.0,20,True,18
2026-09-29,BoohooMAN,Buy Premier & Get 50% Off | code: PREMIER Tall Sizes Available Add boohooMAN Tall Regular Fit Hooded Matte Puffer Jacket in Black,40.0,50.0,20,True,18
2026-09-29,BoohooMAN,Buy Premier & Get 50% Off | code: PREMIER Plus Sizes Available Add boohooMAN Oversized Boxy Brushed Check Overshirt,28.0,35.0,20,True,18
2026-09-29,BoohooMAN,Buy Premier & Get 50% Off | code: PREMIER Add boohooMAN Oversized Boxy Official Back Print Hoodie & Baggy Jogger Tracksuit,40.0,50.0,20,True,18
2026-09-29,BoohooMAN,Buy Premier & Get 50% Off | code: PREMIER Plus Sizes Available Add boohooMAN Scuba Oversized Long Sleeve Overshirt,24.0,30.0,20,True,19
2026-09-29,BoohooMAN,Buy Premier & Get 50% Off | code: PREMIER Add boohooMAN Man Active Boxy Zip Through Hoodie,24.0,30.0,20,True,19
2026-09-29,BoohooMAN,Buy Premier & Get 50% Off | code: PREMIER Plus Sizes Available Add boohooMAN Washed Chocolate Oversized Boxy Rodeo Texas Print T-Shirt,14.4,18.0,20,True,19
2026-09-29,BoohooMAN,Buy Premier & Get 50% Off | code: PREMIER 2 Add boohooMAN Drop Crotch Baggy Fit Jeans,24.0,30.0,20,True,19
2026-09-29,BoohooMAN,Buy Premier & Get 50% Off | code: PREMIER Back In Stock Add boohooMAN Common Pace Running Regular Fit Long Sleeve T-shirt,12.0,15.0,20,True,19
2026-09-29,BoohooMAN,Buy Premier & Get 50% Off | code: PREMIER Add boohooMAN Oversized Boxy Star Graphic Sweatshirt,20.0,25.0,20,True,19
2026-09-29,BoohooMAN,Buy Premier & Get 50% Off | code: PREMIER Plus Sizes Available Add boohooMAN Wide Fit Pleat Front Work 365 Trouser,20.0,25.0,20,True,19
2026-09-29,BoohooMAN,Buy Premier & Get 50% Off | code: PREMIER Add boohooMAN Flared Fit Tailored Co-Ord Trousers,24.0,30.0,20,True,19
2026-09-29,BoohooMAN,Buy Premier & Get 50% Off | code: PREMIER Add boohooMAN Charcoal Oversized Boxy Gothic Doodle Print Spray Wash Hoodie,28.0,35.0,20,True,19
2026-09-29,BoohooMAN,Buy Premier & Get 50% Off | code: PREMIER Add boohooMAN MAN Certified Brushed Mixed Check Bomber Jacket,48.0,60.0,20,True,19
2026-09-29,BoohooMAN,Buy Premier & Get 50% Off | code: PREMIER Tall Sizes Available Add boohooMAN Tall Oversized Boxy Hooded Zip Through Wide Leg Tracksuit,36.0,45.0,20,True,19
2026-09-29,BoohooMAN,Buy Premier & Get 50% Off | code: PREMIER Plus Sizes Available Add boohooMAN Man Active Regular Stretch Woven 5inch Short,12.8,16.0,20,True,19
2026-09-29,BoohooMAN,Buy Premier & Get 50% Off | code: PREMIER Add boohooMAN Training Dept Oversized Tank,11.2,14.0,20,True,19
2026-09-29,BoohooMAN,Buy Premier & Get 50% Off | code: PREMIER Plus Sizes Available Back In Stock Add boohooMAN Essential Relaxed Fit Elasticated Nylon Cargo Shorts,16.0,20.0,20,True,19
2026-09-29,BoohooMAN,Buy Premier & Get 50% Off | code: PREMIER Add boohooMAN Regular Fit Man Hooded Cargo Tracksuit,36.0,45.0,20,True,19
2026-09-29,BoohooMAN,Buy Premier & Get 50% Off | code: PREMIER Tall Sizes Available Add boohooMAN Tall Oversized Contrast Collar Faux Suede Harrington Jacket,40.0,50.0,20,True,19
2026-09-29,BoohooMAN,Buy Premier & Get 50% Off | code: PREMIER Add boohooMAN Faux Suede Funnel Biker Jacket,40.0,50.0,20,True,19
2026-09-29,BoohooMAN,Buy Premier & Get 50% Off | code: PREMIER Add boohooMAN Oversized Piping Zip Through Hoodie & Baggy Jogger Trouser Tracksuit,40.0,50.0,20,True,19
2026-09-29,BoohooMAN,Buy Premier & Get 50% Off | code: PREMIER Tall Sizes Available Add boohooMAN Tall Stone Oversized Kyoto Bird Print Hoodie,24.0,30.0,20,True,19
2026-09-29,BoohooMAN,Buy Premier & Get 50% Off | code: PREMIER Add boohooMAN Oversized Boxy Moto Graphic Washed Hoodie,28.0,35.0,20,True,19
2026-09-29,BoohooMAN,Buy Premier & Get 50% Off | code: PREMIER Tall Sizes Available Add boohooMAN Tall White Oversized Tokyo Floral Print T-Shirt,12.8,16.0,20,True,19
2026-09-29,BoohooMAN,Buy Premier & Get 50% Off | code: PREMIER Plus Sizes Available Back In Stock Add boohooMAN Man Active Ripstop Shower Resist Windbreaker,20.0,25.0,20,True,19
2026-09-29,BoohooMAN,Buy Premier & Get 50% Off | code: PREMIER Plus Sizes Available Add boohooMAN Black Oversized Extended Neck Guinness License Printed T-Shirt,17.6,22.0,20,True,19
2026-09-29,BoohooMAN,Buy Premier & Get 50% Off | code: PREMIER Plus Sizes Available Back In Stock Add boohooMAN Man Active Lightweight Essentials Gym Muscle Fit Raglan T-shirt,8.0,10.0,20,True,19
2026-09-29,BoohooMAN,Buy Premier & Get 50% Off | code: PREMIER Add boohooMAN 3 Pack Original Man Boxers,12.0,15.0,20,True,19
2026-09-29,BoohooMAN,Buy Premier & Get 50% Off | code: PREMIER Add boohooMAN Man Active Straight Leg Loopback Joggers,22.4,28.0,20,True,19
2026-09-29,BoohooMAN,Buy Premier & Get 50% Off | code: PREMIER Plus Sizes Available Back In Stock Add boohooMAN Quilted Zip Through Funnel Neck Gilet In Black,22.4,28.0,20,True,19
2026-09-29,BoohooMAN,Buy Premier & Get 50% Off | code: PREMIER Add boohooMAN Oversized Mickey Mouse License Print T-Shirt,16.0,20.0,20,True,19
2026-09-29,BoohooMAN,Buy Premier & Get 50% Off | code: PREMIER Add boohooMAN Long Sleeve Regular Fit Shacket,24.0,30.0,20,True,19
2026-09-29,BoohooMAN,Buy Premier & Get 50% Off | code: PREMIER Back In Stock Add boohooMAN Oversized Boxy Limited Edition Zip Through Hoodie,22.4,28.0,20,True,19
2026-09-29,BoohooMAN,Buy Premier & Get 50% Off | code: PREMIER Add boohooMAN Essential Skinny Fit Fixed Waist Chino Shorts,14.4,18.0,20,True,19
2026-09-29,BoohooMAN,Buy Premier & Get 50% Off | code: PREMIER Add boohooMAN Oversized Welt Pocket Overshirt,28.0,35.0,20,True,19
2026-09-29,BoohooMAN,Buy Premier & Get 50% Off | code: PREMIER Add boohooMAN Oversized Boxy Zip Through Camo Hoodie,24.0,30.0,20,True,19
2026-09-29,BoohooMAN,Buy Premier & Get 50% Off | code: PREMIER Back In Stock Add boohooMAN Ecru Oversized Boxy Worldwide Graffiti Print T-Shirt,12.8,16.0,20,True,19
2026-09-29,BoohooMAN,Buy Premier & Get 50% Off | code: PREMIER Add boohooMAN Oversized Boxy Limited Edition Washed Zip Through Hoodie,28.0,35.0,20,True,19
2026-09-29,BoohooMAN,Buy Premier & Get 50% Off | code: PREMIER Plus Sizes Available Back In Stock Add boohooMAN Short Length BM Autograph Swim Short,8.0,10.0,20,True,20
2026-09-29,BoohooMAN,Buy Premier & Get 50% Off | code: PREMIER Plus Sizes Available Back In Stock Add boohooMAN Plus Skinny All Over Ripped Bleached Paint Splatter Jeans,22.4,28.0,20,True,20
2026-09-29,BoohooMAN,Buy Premier & Get 50% Off | code: PREMIER Plus Sizes Available Add boohooMAN Oversized Fit Boxy Checked Shirt,20.0,25.0,20,True,20
2026-09-29,BoohooMAN,Buy Premier & Get 50% Off | code: PREMIER Add boohooMAN Textured Jacquard Harrington Jacket,40.0,50.0,20,True,20
2026-09-29,BoohooMAN,Buy Premier & Get 50% Off | code: PREMIER Plus Sizes Available Add boohooMAN Boxy Fit Bubble Funnel Neck Puffer,40.0,50.0,20,True,20
2026-09-29,BoohooMAN,Buy Premier & Get 50% Off | code: PREMIER Back In Stock Add boohooMAN Essential Oversized Boxy Crew Neck T-shirt,8.0,10.0,20,True,20
2026-09-29,BoohooMAN,Buy Premier & Get 50% Off | code: PREMIER Back In Stock Add boohooMAN Wide Leg Washed Jeans,24.0,30.0,20,True,20
2026-09-29,BoohooMAN,Buy Premier & Get 50% Off | code: PREMIER Add boohooMAN Straight Leg Extreme Fluffy Jogger,28.0,35.0,20,True,20
2026-09-29,BoohooMAN,Buy Premier & Get 50% Off | code: PREMIER Plus Sizes Available Back In Stock Add boohooMAN Regular Fit Man Active Colour Block Windbreaker Tracksuit,36.0,45.0,20,True,20
2026-09-29,BoohooMAN,Buy Premier & Get 50% Off | code: PREMIER Plus Sizes Available Add boohooMAN Wide Fit Half & Half Waistband Washed Twill Trouser,20.0,25.0,20,True,20
2026-09-29,BoohooMAN,Buy Premier & Get 50% Off | code: PREMIER Add boohooMAN Essential Oversized Boxy Extended Neck T-Shirt,8.0,10.0,20,True,20
2026-09-29,BoohooMAN,Buy Premier & Get 50% Off | code: PREMIER Add boohooMAN Oversized Boxy Colourblock Funnel Neck Hoodie & Baggy Jogger Tracksuit,40.0,50.0,20,True,20
2026-09-29,BoohooMAN,Buy Premier & Get 50% Off | code: PREMIER Add boohooMAN Wide Leg Leopard Print Washed Loopback Jogger,24.0,30.0,20,True,20
2026-09-29,BoohooMAN,Buy Premier & Get 50% Off | code: PREMIER Tall Sizes Available Add boohooMAN Tall Oversized Homme Heavyweight Extended Neck Boxy T-shirt,11.2,14.0,20,True,20
2026-09-29,BoohooMAN,Buy Premier & Get 50% Off | code: PREMIER Add boohooMAN Man Active Stretch Woven Jogger,17.6,22.0,20,True,20
2026-09-29,BoohooMAN,Buy Premier & Get 50% Off | code: PREMIER Add boohooMAN Washed Padded Hooded Bomber Jacket,52.0,65.0,20,True,20
2026-09-29,BoohooMAN,Buy Premier & Get 50% Off | code: PREMIER Add boohooMAN Essential Baggy Fit Jeans,16.0,20.0,20,True,20
2026-09-29,BoohooMAN,Buy Premier & Get 50% Off | code: PREMIER Tall Sizes Available Add boohooMAN Tall Relaxed Fit Washed Knee Dart Jeans,20.0,25.0,20,True,20
2026-09-29,BoohooMAN,Buy Premier & Get 50% Off | code: PREMIER Add boohooMAN Oversized Metal Duffle Clasp Hooded Canvas Bomber Jacket,48.0,60.0,20,True,20
2026-09-29,BoohooMAN,Buy Premier & Get 50% Off | code: PREMIER Add boohooMAN Boxy Rhinestone Red Wash Denim Jacket,32.0,40.0,20,True,20
2026-09-29,BoohooMAN,Buy Premier & Get 50% Off | code: PREMIER Add boohooMAN Wide Leg Belted Suit Trousers,24.0,30.0,20,True,20
2026-09-29,BoohooMAN,Buy Premier & Get 50% Off | code: PREMIER Add boohooMAN Oversized Shrunken Spray Wash Zip Through Hooodie & Whisker Wash Wide Leg Jogger Tracksuit,40.0,50.0,20,True,20
2026-09-29,BoohooMAN,Buy Premier & Get 50% Off | code: PREMIER Add boohooMAN Oversized Worldwide Embroidered Long Sleeve Rugby Polo,22.4,28.0,20,True,20
2026-09-29,BoohooMAN,Buy Premier & Get 50% Off | code: PREMIER Tall Sizes Available Add boohooMAN Tall Slim Fit Long Sleeve Cotton Shirt,16.0,20.0,20,True,20
2026-09-29,BoohooMAN,Buy Premier & Get 50% Off | code: PREMIER Add boohooMAN Oversized Boxy Stripe Long Sleeve T-Shirt,16.0,20.0,20,True,20
2026-09-29,BoohooMAN,Buy Premier & Get 50% Off | code: PREMIER Plus Sizes Available Add boohooMAN Man Active Regular Fit Stretch Woven 7inch Short,12.8,16.0,20,True,20
2026-09-29,BoohooMAN,Buy Premier & Get 50% Off | code: PREMIER Plus Sizes Available Add boohooMAN Regular My Chemical Romance Black Parade License Print T-shirt,16.0,20.0,20,True,20
2026-09-29,BoohooMAN,Buy Premier & Get 50% Off | code: PREMIER Back In Stock Add boohooMAN Oversized Leopard Jacquard Overshirt,24.0,30.0,20,True,20
2026-09-29,BoohooMAN,Buy Premier & Get 50% Off | code: PREMIER Tall Sizes Available Add boohooMAN Tall Essential Oversized Fit T- Shirt,8.0,10.0,20,True,20
2026-09-29,BoohooMAN,Buy Premier & Get 50% Off | code: PREMIER Add boohooMAN Oversized Crop Ornate Placket Shirt,20.0,25.0,20,True,21
2026-09-29,BoohooMAN,Buy Premier & Get 50% Off | code: PREMIER Add boohooMAN Baggy Fit Man Script Embroidered Jogger,20.0,25.0,20,True,21
2026-09-29,BoohooMAN,Buy Premier & Get 50% Off | code: PREMIER Add boohooMAN Extreme Wide Leg Dragon Graphic Joggers,22.4,28.0,20,True,21
2026-09-29,BoohooMAN,Buy Premier & Get 50% Off | code: PREMIER Back In Stock Add boohooMAN Regular Fit Flannel Check Long Sleeve Shirt,16.0,20.0,20,True,21
2026-09-29,BoohooMAN,Buy Premier & Get 50% Off | code: PREMIER Plus Sizes Available Add boohooMAN Ecru Oversized Boxy Extended Neck Exposed Seam Cherub T-shirt,12.8,16.0,20,True,21
2026-09-29,BoohooMAN,Buy Premier & Get 50% Off | code: PREMIER Add boohooMAN Wide Leg Renaissance Print Jogger,22.4,28.0,20,True,21
2026-09-29,BoohooMAN,Buy Premier & Get 50% Off | code: PREMIER Add boohooMAN Training Dept Muscle Fit Performance Long Sleeve T-Shirt,12.8,16.0,20,True,21
2026-09-29,BoohooMAN,Buy Premier & Get 50% Off | code: PREMIER Tall Sizes Available Add boohooMAN Tall Baggy Fit Cargo Jeans,32.0,40.0,20,True,21
2026-09-29,BoohooMAN,Buy Premier & Get 50% Off | code: PREMIER Add boohooMAN Regular Fit Nylon Zip Side Bomber Jacket,28.0,35.0,20,True,21
2026-09-29,BoohooMAN,Buy Premier & Get 50% Off | code: PREMIER Add boohooMAN Essential Relaxed Elasticated Waist Chino,20.0,25.0,20,True,21
2026-09-29,BoohooMAN,Buy Premier & Get 50% Off | code: PREMIER Tall Sizes Available Add boohooMAN Tall Essential Baggy Elasticated Waist Chino,20.0,25.0,20,True,21
2026-09-29,BoohooMAN,Buy Premier & Get 50% Off | code: PREMIER Plus & Tall Sizes Available Back In Stock Add boohooMAN Essential Slim Flare Rigid Washed Jeans,16.0,20.0,20,True,21
2026-09-29,BoohooMAN,Buy Premier & Get 50% Off | code: PREMIER 1 Tall Sizes Available Add boohooMAN Tall Essential Relaxed Fit Denim Jorts,17.6,22.0,20,True,21
2026-09-29,BoohooMAN,Buy Premier & Get 50% Off | code: PREMIER Plus Sizes Available Add boohooMAN Relaxed Fit Worldwide Graphic Joggers,17.6,22.0,20,True,21
2026-09-29,BoohooMAN,Buy Premier & Get 50% Off | code: PREMIER Add boohooMAN Man Active Gold Regular Fit Performance T-shirt,11.2,14.0,20,True,21
2026-09-29,BoohooMAN,Buy Premier & Get 50% Off | code: PREMIER Plus Sizes Available Add boohooMAN 2 Pack Essential Regular Fit Vests,12.8,16.0,20,True,21
2026-09-29,BoohooMAN,Buy Premier & Get 50% Off | code: PREMIER Tall Sizes Available Add boohooMAN Tall Regular Textured Woven Seersucker Zip Up Harrington Overshirt,28.0,35.0,20,True,21
2026-09-29,BoohooMAN,Buy Premier & Get 50% Off | code: PREMIER Add boohooMAN Oversized Limited Edition Floral Graphic T-Shirt,14.4,18.0,20,True,21
2026-09-29,BoohooMAN,Buy Premier & Get 50% Off | code: PREMIER Tall Sizes Available Add boohooMAN Tall Oversized Boxy Funnel Neck Zip Through Scuba Sweatshirt and Straight Leg Tracksuit,40.0,50.0,20,True,21
2026-09-29,BoohooMAN,Buy Premier & Get 50% Off | code: PREMIER Plus Sizes Available Add boohooMAN Wide Fit Half & Half Waistband Washed Twill Cargo Trouser,20.0,25.0,20,True,21
2026-09-29,BoohooMAN,Buy Premier & Get 50% Off | code: PREMIER Add boohooMAN Relaxed Boucle Branded Knitted Jogger,24.0,30.0,20,True,21
2026-09-29,BoohooMAN,Buy Premier & Get 50% Off | code: PREMIER Add boohooMAN Regular Fit Ripstop Cagoule,32.0,40.0,20,True,21
2026-09-29,BoohooMAN,Buy Premier & Get 50% Off | code: PREMIER Tall Sizes Available Add boohooMAN Tall Boxy Fit Melton & PU Mixed Fabric Applique Varsity Jacket,56.0,70.0,20,True,21
2026-09-29,BoohooMAN,Buy Premier & Get 50% Off | code: PREMIER Tall Sizes Available Add boohooMAN Tall Essential Regular Fit Raglan Sleeve Sweater,12.8,16.0,20,True,21
2026-09-29,BoohooMAN,Buy Premier & Get 50% Off | code: PREMIER Plus Sizes Available Add boohooMAN One More Rep Straight Leg Pump Pant,24.0,30.0,20,True,21
2026-09-29,BoohooMAN,Buy Premier & Get 50% Off | code: PREMIER Plus Sizes Available Back In Stock Add boohooMAN Oversized Jewel Embellished Heavyweight Check Shirt,36.0,45.0,20,True,21
2026-09-29,BoohooMAN,Buy Premier & Get 50% Off | code: PREMIER Add boohooMAN MAN Dash Oversized T-Shirt & Relaxed Loungewear Short Set,14.4,18.0,20,True,21
2026-09-29,BoohooMAN,Buy Premier & Get 50% Off | code: PREMIER Add boohooMAN Oversized Homme Embroidered Long Sleeve Rugby Polo,22.4,28.0,20,True,21
2026-09-29,BoohooMAN,Buy Premier & Get 50% Off | code: PREMIER Tall Sizes Available Add boohooMAN Tall Baggy Fit Moto Joggers,22.4,28.0,20,True,21
2026-09-29,BoohooMAN,Buy Premier & Get 50% Off | code: PREMIER 2 Add boohooMAN 5 Pack MAN Dot Stripe Jacquard Socks,9.6,12.0,20,True,21
2026-09-29,BoohooMAN,Buy Premier & Get 50% Off | code: PREMIER Plus Sizes Available Add boohooMAN Plus Essential Regular Fit Over the Head Hoodie,14.4,18.0,20,True,21
2026-09-29,BoohooMAN,Buy Premier & Get 50% Off | code: PREMIER Add boohooMAN Regular Fit Tonal Colour Block M Star Hooded Jacket,24.0,30.0,20,True,21
2026-09-29,BoohooMAN,Buy Premier & Get 50% Off | code: PREMIER Add boohooMAN Relaxed Acid Washed Rib Knitted Jumper,28.0,35.0,20,True,22
2026-09-29,BoohooMAN,Buy Premier & Get 50% Off | code: PREMIER Plus Sizes Available Add boohooMAN Essential Baggy Fit Mid Length Short,12.8,16.0,20,True,22
2026-09-29,BoohooMAN,Buy Premier & Get 50% Off | code: PREMIER Add boohooMAN Relaxed Boxy Boucle Contrast Seam Knitted Jumper,28.0,35.0,20,True,22
2026-09-29,BoohooMAN,Buy Premier & Get 50% Off | code: PREMIER Plus Sizes Available Add boohooMAN Ecru Oversized Boxy Exposed Seam Doodle Gothic Print T-Shirt,12.8,16.0,20,True,22
2026-09-29,BoohooMAN,Buy Premier & Get 50% Off | code: PREMIER Add boohooMAN Training Dept Straight Leg Pump Pant,24.0,30.0,20,True,22
2026-09-29,BoohooMAN,Buy Premier & Get 50% Off | code: PREMIER Add boohooMAN Straight Leg Crease Front Chino,20.0,25.0,20,True,22
2026-09-29,BoohooMAN,Buy Premier & Get 50% Off | code: PREMIER Tall Sizes Available Add boohooMAN Tall Oversized M Star Zip Thru Hoodie & Straight Leg Tracksuit,36.0,45.0,20,True,22
2026-09-29,BoohooMAN,Buy Premier & Get 50% Off | code: PREMIER Add boohooMAN Oversized Boxy Homme Script Hoodie and Relaxed Split Hem Jogger Tracksuit,40.0,50.0,20,True,22
2026-09-29,BoohooMAN,Buy Premier & Get 50% Off | code: PREMIER Add boohooMAN Oversized Boxy Half Sleeve Shirt and Tie,24.0,30.0,20,True,22
2026-09-29,BoohooMAN,Buy Premier & Get 50% Off | code: PREMIER Plus Sizes Available Add boohooMAN Oversized Ofcl Distressed Washed Loopback Hooded Tracksuit,44.0,55.0,20,True,22
2026-09-29,BoohooMAN,Buy Premier & Get 50% Off | code: PREMIER Add boohooMAN Taupe Oversized Worldwide Graffiti Print Hoodie,24.0,30.0,20,True,22
2026-09-29,BoohooMAN,Buy Premier & Get 50% Off | code: PREMIER Tall Sizes Available Add boohooMAN Tall Essential Oversized Over the Head Hoodie,14.4,18.0,20,True,22
2026-09-29,BoohooMAN,Buy Premier & Get 50% Off | code: PREMIER Plus Sizes Available Back In Stock Add boohooMAN White Oversized Graffiti Spray Rose T-shirt,12.8,16.0,20,True,22
2026-09-29,BoohooMAN,Buy Premier & Get 50% Off | code: PREMIER Add boohooMAN Essential Boxy Over the Head Hoodie,14.4,18.0,20,True,22
2026-09-29,BoohooMAN,Buy Premier & Get 50% Off | code: PREMIER Add boohooMAN Camo Bermuda Jort,20.0,25.0,20,True,22
2026-09-29,BoohooMAN,Buy Premier & Get 50% Off | code: PREMIER Plus Sizes Available Back In Stock Add boohooMAN Oversized Boxy Man Hooded Zip Through Wide Leg Tracksuit,36.0,45.0,20,True,22
2026-09-29,BoohooMAN,Buy Premier & Get 50% Off | code: PREMIER Add boohooMAN Oversized Boxy Star Printed Zip Through Hooded Tracksuit,48.0,60.0,20,True,22
2026-09-29,BoohooMAN,Buy Premier & Get 50% Off | code: PREMIER Add boohooMAN Washed Camo Baggy Cargo Jeans,32.0,40.0,20,True,22
2026-09-29,BoohooMAN,Buy Premier & Get 50% Off | code: PREMIER Plus Sizes Available Add boohooMAN Flame Applique Stacked Slim Fit Flared Jeans,28.0,35.0,20,True,22
2026-09-29,BoohooMAN,Buy Premier & Get 50% Off | code: PREMIER Plus Sizes Available Add boohooMAN Essential Oversized Extended Neck T-Shirt,8.0,10.0,20,True,22
2026-09-29,BoohooMAN,Buy Premier & Get 50% Off | code: PREMIER Add boohooMAN Tinted Baggy Fit Jeans,20.0,25.0,20,True,22
2026-09-29,BoohooMAN,Buy Premier & Get 50% Off | code: PREMIER Add boohooMAN Oversized Boxy Distressed Grunge Print Vintage Washed T-Shirt,14.4,18.0,20,True,22
2026-09-29,BoohooMAN,Buy Premier & Get 50% Off | code: PREMIER Plus Sizes Available Add boohooMAN Regular Fit Quilted Zip Through Hooded Jacket,28.0,35.0,20,True,22
2026-09-29,BoohooMAN,Buy Premier & Get 50% Off | code: PREMIER Plus Sizes Available Add boohooMAN Black Skeleton Onesie,28.0,35.0,20,True,22
2026-09-29,BoohooMAN,Buy Premier & Get 50% Off | code: PREMIER Tall Sizes Available Add boohooMAN Tall Shrunken Boxy Loopback Washed OFCLMAN Applique Hoodie,36.0,45.0,20,True,22
2026-09-29,BoohooMAN,Buy Premier & Get 50% Off | code: PREMIER Tall Sizes Available Add boohooMAN Tall 4 Pocket Longline Hooded Puffer Jacket in Black,56.0,70.0,20,True,22
2026-09-29,BoohooMAN,Buy Premier & Get 50% Off | code: PREMIER Add boohooMAN Oversized Boxy Washed Pu Hooded Puffer Coat In Grey,52.0,65.0,20,True,22
2026-09-29,BoohooMAN,Buy Premier & Get 50% Off | code: PREMIER Tall Sizes Available Add boohooMAN Tall Black Oversized Kyoto Floral Graphic T-Shirt,12.8,16.0,20,True,22
2026-09-29,BoohooMAN,Buy Premier & Get 50% Off | code: PREMIER Add boohooMAN Tumbled PU Homme Moto Jacket,49.6,62.0,20,True,22
2026-09-29,BoohooMAN,Buy Premier & Get 50% Off | code: PREMIER Add boohooMAN Oversized Boxy Distressed Washed Check Shirt,28.0,35.0,20,True,22
2026-09-29,BoohooMAN,Buy Premier & Get 50% Off | code: PREMIER Plus Sizes Available Add boohooMAN Regular Fit 2 Pack Essential Crew Neck T-Shirts,12.0,15.0,20,True,22
2026-09-29,BoohooMAN,Buy Premier & Get 50% Off | code: PREMIER Add boohooMAN Regular Fit Man Applique Washed Henley Sweatshirt,22.4,28.0,20,True,22
2026-09-29,BoohooMAN,Buy Premier & Get 50% Off | code: PREMIER Tall Sizes Available Back In Stock Add boohooMAN Tall Oversized Double Breasted Trench Overcoat In Black,56.0,70.0,20,True,23
2026-09-29,BoohooMAN,Buy Premier & Get 50% Off | code: PREMIER Add boohooMAN Regular Fit Faux Layer Tape Detail Hooded Puffer,48.0,60.0,20,True,23
2026-09-29,BoohooMAN,Buy Premier & Get 50% Off | code: PREMIER Add boohooMAN Man Active Soft Shell Jacket,32.0,40.0,20,True,23
2026-09-29,BoohooMAN,Buy Premier & Get 50% Off | code: PREMIER Plus Sizes Available Add boohooMAN Essential Regular Fit Crew Neck T-Shirt,6.4,8.0,20,True,23
2026-09-29,BoohooMAN,Buy Premier & Get 50% Off | code: PREMIER Plus Sizes Available Back In Stock Add boohooMAN Oversized Boxy Floral Puff Print Zip Through Tracksuit,36.0,45.0,20,True,23
2026-09-29,BoohooMAN,Buy Premier & Get 50% Off | code: PREMIER Tall Sizes Available Add boohooMAN Tall Oversized Official Heavyweight Extended Neck T-shirt,11.2,14.0,20,True,23
2026-09-29,BoohooMAN,Buy Premier & Get 50% Off | code: PREMIER Tall Sizes Available Add boohooMAN Tall Muscle Fit Long Sleeve Shirt,16.0,20.0,20,True,23
2026-09-29,BoohooMAN,Buy Premier & Get 50% Off | code: PREMIER Tall Sizes Available Back In Stock Add boohooMAN Tall Essential Relaxed Fit Denim Shorts,16.0,20.0,20,True,23
2026-09-29,BoohooMAN,Buy Premier & Get 50% Off | code: PREMIER Add boohooMAN Man Active Soft Shell Regular Fit Jacket,36.0,45.0,20,True,23
2026-09-29,BoohooMAN,Buy Premier & Get 50% Off | code: PREMIER Add boohooMAN Essential Relaxed Fit Elasticated Waist Chino,20.0,25.0,20,True,23
2026-09-29,BoohooMAN,Buy Premier & Get 50% Off | code: PREMIER Add boohooMAN Oversized Fit Cord Collared Contrast Lining Bomber Jacket,40.0,50.0,20,True,23
2026-09-29,BoohooMAN,Buy Premier & Get 50% Off | code: PREMIER Back In Stock Add boohooMAN Oversized Translucent Overlay Graphic Sports Cagoule,36.0,45.0,20,True,23
2026-09-29,BoohooMAN,Buy Premier & Get 50% Off | code: PREMIER Add boohooMAN PU Funnel Biker Jacket,40.0,50.0,20,True,23
2026-09-29,BoohooMAN,Buy Premier & Get 50% Off | code: PREMIER Tall Sizes Available Add boohooMAN Tall Essential Relaxed Fit Denim Jorts,17.6,22.0,20,True,23
2026-09-29,BoohooMAN,Buy Premier & Get 50% Off | code: PREMIER Add boohooMAN Oversized Boxy Crew Neck Scuba Sweatshirt,24.0,30.0,20,True,23
2026-09-29,BoohooMAN,Buy Premier & Get 50% Off | code: PREMIER Add boohooMAN One More Rep Script Oversized Washed Extended Neck T-Shirt,12.8,16.0,20,True,23
2026-09-29,BoohooMAN,Buy Premier & Get 50% Off | code: PREMIER 2 Add boohooMAN Oversized Boxy Man Sport Washed Zip Through Hoodie,28.0,35.0,20,True,23
2026-09-29,BoohooMAN,Buy Premier & Get 50% Off | code: PREMIER Add boohooMAN Regular Fit Soft Touch Raglan Ribbed Knitted Long Sleeve Polo,20.0,25.0,20,True,23
2026-09-29,BoohooMAN,Buy Premier & Get 50% Off | code: PREMIER Tall Sizes Available Add boohooMAN Tall Essential Longline Denim Jorts,20.0,25.0,20,True,23
2026-09-29,BoohooMAN,Buy Premier & Get 50% Off | code: PREMIER Plus Sizes Available Add boohooMAN Straight Fit Panelled Jogger,20.0,25.0,20,True,23
2026-09-29,BoohooMAN,Buy Premier & Get 50% Off | code: PREMIER Add boohooMAN Man Active Running Ripstop Vent Windbreaker,24.0,30.0,20,True,23
2026-09-29,BoohooMAN,Buy Premier & Get 50% Off | code: PREMIER Plus Sizes Available Back In Stock Add boohooMAN Essential Slim Fit Jogger,16.0,20.0,20,True,23
2026-09-29,BoohooMAN,Buy Premier & Get 50% Off | code: PREMIER Add boohooMAN One More Rep Oversized Washed Extended Neck T-Shirt,12.8,16.0,20,True,23
2026-09-29,BoohooMAN,Buy Premier & Get 50% Off | code: PREMIER Add boohooMAN Muscle Fit Long Sleeve Shirt,16.0,20.0,20,True,23
2026-09-29,BoohooMAN,Buy Premier & Get 50% Off | code: PREMIER Plus Sizes Available Add boohooMAN Essential Oversized Boxy Over The Head Hoodie,14.4,18.0,20,True,23
2026-09-29,BoohooMAN,Buy Premier & Get 50% Off | code: PREMIER Add boohooMAN Slim Fit Man Sport Hooded Tracksuit,36.0,45.0,20,True,23
2026-09-29,BoohooMAN,Buy Premier & Get 50% Off | code: PREMIER Tall Sizes Available Add boohooMAN Tall Oversized Boxy Official Tonal Print Zip Hooded Tracksuit,36.0,45.0,20,True,23
2026-09-29,BoohooMAN,Buy Premier & Get 50% Off | code: PREMIER Tall Sizes Available Add boohooMAN Tall Drop Crotch Baggy Fit Jeans,24.0,30.0,20,True,23
2026-09-29,BoohooMAN,Buy Premier & Get 50% Off | code: PREMIER Add boohooMAN Oversize Boxy Camo Hoodie & Baggy Jogger Badge Print Tracksuit,48.0,60.0,20,True,23
2026-09-29,BoohooMAN,Buy Premier & Get 50% Off | code: PREMIER Add boohooMAN Slim Fit Boucle Check Zip Neck Polo & Shorts Set,32.0,40.0,20,True,23
2026-09-29,BoohooMAN,Buy Premier & Get 50% Off | code: PREMIER Add boohooMAN Regular Fit Longline Hooded Matte Puffer Jacket,48.0,60.0,20,True,24
2026-09-29,BoohooMAN,Buy Premier & Get 50% Off | code: PREMIER Plus Sizes Available Add boohooMAN One More Rep Muscle Fit T-Shirt,11.2,14.0,20,True,24
2026-09-29,BoohooMAN,Buy Premier & Get 50% Off | code: PREMIER Tall Sizes Available Add boohooMAN Tall Longline Hooded Dressing Gown,24.0,30.0,20,True,24
2026-09-29,BoohooMAN,Buy Premier & Get 50% Off | code: PREMIER Plus Sizes Available Add boohooMAN Oversized Boxy Heavyweight B Embroidered Peached T-shirt,11.2,14.0,20,True,24
2026-09-29,BoohooMAN,Buy Premier & Get 50% Off | code: PREMIER Add boohooMAN Floral Embroidered Baggy Fit Jeans,32.0,40.0,20,True,24
2026-09-29,BoohooMAN,Buy Premier & Get 50% Off | code: PREMIER Add boohooMAN Stonewash Embroidered Oversized Varsity Denim Rugby Shirt,36.0,45.0,20,True,24
2026-09-29,BoohooMAN,Buy Premier & Get 50% Off | code: PREMIER 1 Add boohooMAN Stone Oversized Kyoto Bird Print Hoodie,24.0,30.0,20,True,24
2026-09-29,BoohooMAN,Buy Premier & Get 50% Off | code: PREMIER Plus Sizes Available Add boohooMAN Eazy-E License Print Regular Fit T-Shirt,20.0,25.0,20,True,24
2026-09-29,BoohooMAN,Buy Premier & Get 50% Off | code: PREMIER Add boohooMAN Los Angeles Stripe Rugby Short Sleeve Polo,20.0,25.0,20,True,24
2026-09-29,BoohooMAN,Buy Premier & Get 50% Off | code: PREMIER Plus Sizes Available Add boohooMAN Plus Oversized Over the Head Scuba Hoodie,22.4,28.0,20,True,24
2026-09-29,BoohooMAN,Buy Premier & Get 50% Off | code: PREMIER Add boohooMAN Balloon Fit Scuba Jogger,24.0,30.0,20,True,24
2026-09-29,BoohooMAN,Buy Premier & Get 50% Off | code: PREMIER Tall Sizes Available Add boohooMAN Tall Black Oversized Star Printed T-Shirt,12.8,16.0,20,True,24
2026-09-29,BoohooMAN,Buy Premier & Get 50% Off | code: PREMIER Tall Sizes Available Back In Stock Add boohooMAN Tall Oversized Rhinestone Embellished Heavyweight Check Overshirt,40.0,50.0,20,True,24
2026-09-29,BoohooMAN,Buy Premier & Get 50% Off | code: PREMIER Add boohooMAN Charcoal Oversized Boxy Washed Casa Palms Print T-Shirt,14.4,18.0,20,True,24
2026-09-29,BoohooMAN,Buy Premier & Get 50% Off | code: PREMIER Tall Sizes Available Add boohooMAN Tall Boxy Hooded Cargo Tracksuit,30.4,38.0,20,True,24
2026-09-29,BoohooMAN,Buy Premier & Get 50% Off | code: PREMIER Plus Sizes Available Add boohooMAN Extreme Wide Leg Loopback Embroidered Raw Hem Joggers,22.4,28.0,20,True,24
2026-09-29,BoohooMAN,Buy Premier & Get 50% Off | code: PREMIER Add boohooMAN Tailored Boxy Co-Ord Harrington Jacket,32.0,40.0,20,True,24
2026-09-29,BoohooMAN,Buy Premier & Get 50% Off | code: PREMIER Back In Stock Add boohooMAN Pumpkin Print Lounge Joggers,12.0,15.0,20,True,24
2026-09-29,BoohooMAN,Buy Premier & Get 50% Off | code: PREMIER Add boohooMAN Oversized Tiger Print Washed Long Sleeve T-Shirt,20.0,25.0,20,True,24
2026-09-29,BoohooMAN,Buy Premier & Get 50% Off | code: PREMIER Add boohooMAN Skinny Flared Stacked Carpenter Gusset Washed Jeans,22.4,28.0,20,True,24
2026-09-29,BoohooMAN,Buy Premier & Get 50% Off | code: PREMIER Tall Sizes Available Add boohooMAN Tall Oversized Long Sleeve Embroidered Poplin Shirt,24.0,30.0,20,True,24
2026-09-29,BoohooMAN,Buy Premier & Get 50% Off | code: PREMIER Add boohooMAN Regular Fit Man Diamond Colour Block Hooded Tracksuit,40.0,50.0,20,True,24
2026-09-29,BoohooMAN,Buy Premier & Get 50% Off | code: PREMIER Add boohooMAN Washed Chocolate Oversized Boxy Nevada Varsity Print T-Shirt,14.4,18.0,20,True,24
2026-09-29,BoohooMAN,Buy Premier & Get 50% Off | code: PREMIER Plus Sizes Available Add boohooMAN Essential Baggy Fit Elasticated Twill Cargo Shorts,14.4,18.0,20,True,24
2026-09-29,BoohooMAN,Buy Premier & Get 50% Off | code: PREMIER Back In Stock Add boohooMAN Man Active Seamless Boxer 3 Pack,14.4,18.0,20,True,24
2026-09-29,BoohooMAN,Buy Premier & Get 50% Off | code: PREMIER Tall Sizes Available Add boohooMAN Tall Flared Rigid Jeans,20.0,25.0,20,True,24
2026-09-29,BoohooMAN,Buy Premier & Get 50% Off | code: PREMIER Add boohooMAN Relaxed Rigid Flared Rhinestone Embellished Ripped Jeans,25.6,32.0,20,True,24
2026-09-29,BoohooMAN,Buy Premier & Get 50% Off | code: PREMIER Tall Sizes Available Add boohooMAN Tall Oversized Jumbo Waffle Long Sleeve Shirt & Relaxed Trouser Set,40.0,50.0,20,True,24
2026-09-29,BoohooMAN,Buy Premier & Get 50% Off | code: PREMIER Add boohooMAN PU & Melton Varsity Embroidered Bomber Jacket,52.0,65.0,20,True,24
2026-09-29,BoohooMAN,Buy Premier & Get 50% Off | code: PREMIER Tall Sizes Available Add boohooMAN Tall Boxy Hooded Tracksuit,30.4,38.0,20,True,24
2026-09-29,BoohooMAN,Buy Premier & Get 50% Off | code: PREMIER Add boohooMAN Relaxed Fit Contrast Ribbed Knitted Jumper,20.0,25.0,20,True,25
2026-09-29,BoohooMAN,Buy Premier & Get 50% Off | code: PREMIER Add boohooMAN Man Active Muscle Fit Long Sleeve T-shirt,16.0,20.0,20,True,25
2026-09-29,BoohooMAN,Buy Premier & Get 50% Off | code: PREMIER Add boohooMAN One More Rep Washed Regular Fit Tank,11.2,14.0,20,True,25
2026-09-29,BoohooMAN,Buy Premier & Get 50% Off | code: PREMIER Add boohooMAN Man Active Running Ripstop Vent Tracksuit,40.0,50.0,20,True,25
2026-09-29,BoohooMAN,Buy Premier & Get 50% Off | code: PREMIER Add boohooMAN Oversized Boxy Embroidered Zip Through Hoodie,28.0,35.0,20,True,25
2026-09-29,BoohooMAN,Buy Premier & Get 50% Off | code: PREMIER Plus Sizes Available Back In Stock Add boohooMAN Essential Skinny Stretch Fit Denim Shorts,16.0,20.0,20,True,25
2026-09-29,BoohooMAN,Buy Premier & Get 50% Off | code: PREMIER 1 Plus Sizes Available Add boohooMAN Black Oversized Graffiti Floral Print T-Shirt,12.8,16.0,20,True,25
2026-09-29,BoohooMAN,Buy Premier & Get 50% Off | code: PREMIER Plus Sizes Available Back In Stock Add boohooMAN Man Active Gym Regular Fit Windbreaker,28.0,35.0,20,True,25
2026-09-29,BoohooMAN,Buy Premier & Get 50% Off | code: PREMIER Plus Sizes Available Add boohooMAN Regular Fit Man Script Embroidered T-Shirt,8.0,10.0,20,True,25
2026-09-29,BoohooMAN,Buy Premier & Get 50% Off | code: PREMIER Add boohooMAN Man Active Boxy Cut Off T-Shirt,14.4,18.0,20,True,25
2026-09-29,BoohooMAN,Buy Premier & Get 50% Off | code: PREMIER Add boohooMAN Straight Leg Man Sport Washed Joggers,20.0,25.0,20,True,25
2026-09-29,BoohooMAN,Buy Premier & Get 50% Off | code: PREMIER Add boohooMAN Star Cut & Sew Relaxed Fit Jeans,36.0,45.0,20,True,25
2026-09-29,BoohooMAN,Buy Premier & Get 50% Off | code: PREMIER Plus Sizes Available Add boohooMAN Floral Embroidered Revere Shirt & Relaxed Short Set,40.0,50.0,20,True,25
2026-09-29,BoohooMAN,Buy Premier & Get 50% Off | code: PREMIER Add boohooMAN Panelled PU Harrington Jacket,40.0,50.0,20,True,25
2026-09-29,BoohooMAN,Buy Premier & Get 50% Off | code: PREMIER Back In Stock Add boohooMAN Regular Fit Waffle Athletic Society Print Short Sleeve T-shirt,16.0,20.0,20,True,25
2026-09-29,BoohooMAN,Buy Premier & Get 50% Off | code: PREMIER Tall Sizes Available Add boohooMAN Tall Stripe Embroidered Parachute Trousers,25.6,32.0,20,True,25
2026-09-29,BoohooMAN,Buy Premier & Get 50% Off | code: PREMIER Add boohooMAN Tall Oversized Boxy Faux Layer Washed Print T-shirt,20.0,25.0,20,True,25
2026-09-29,BoohooMAN,Buy Premier & Get 50% Off | code: PREMIER Tall Sizes Available Add boohooMAN Tall MAN Regular Fit Midweight Padded Hooded Puffer Jacket,36.0,45.0,20,True,25
2026-09-29,BoohooMAN,Buy Premier & Get 50% Off | code: PREMIER Tall Sizes Available Back In Stock Add boohooMAN Tall Oversized Street Fighter License Acid Wash Printed T-Shirt,17.6,22.0,20,True,25
2026-09-29,BoohooMAN,Buy Premier & Get 50% Off | code: PREMIER Add boohooMAN Essential Muscle Fit Roll Neck Knitted Jumper,14.4,18.0,20,True,25
2026-09-29,BoohooMAN,Buy Premier & Get 50% Off | code: PREMIER Add boohooMAN Relaxed Boxy Checkerboard Circa 98 Knitted Jumper,24.0,30.0,20,True,25
2026-09-29,BoohooMAN,Buy Premier & Get 50% Off | code: PREMIER Add boohooMAN Washed Taupe Oversized Boxy Motor Print Zip Through Hoodie,28.0,35.0,20,True,25
2026-09-29,BoohooMAN,Buy Premier & Get 50% Off | code: PREMIER Plus Sizes Available Add boohooMAN Man Active Performance Regular Fit Neon Logo T-shirt,11.2,14.0,20,True,25
2026-09-29,BoohooMAN,Buy Premier & Get 50% Off | code: PREMIER Add boohooMAN Relaxed Flare Rigid Knee Rip Tinted Denim Jeans,24.0,30.0,20,True,25
2026-09-29,BoohooMAN,Buy Premier & Get 50% Off | code: PREMIER Plus Sizes Available Back In Stock Add boohooMAN Oversized Camo Borg Overshirt,32.0,40.0,20,True,25
2026-09-29,BoohooMAN,Buy Premier & Get 50% Off | code: PREMIER Add boohooMAN Oversized Mickey Mouse Varsity License Print Hoodie,32.0,40.0,20,True,25
2026-09-29,BoohooMAN,Buy Premier & Get 50% Off | code: PREMIER Add boohooMAN Washed Camo Pleated Detail Denim Fireman Clasp Co-Ord Jacket,40.0,50.0,20,True,25
2026-09-29,BoohooMAN,Buy Premier & Get 50% Off | code: PREMIER Add boohooMAN Relaxed Brush Eye Jacquard Knitted Jumper,24.0,30.0,20,True,25
2026-09-29,BoohooMAN,Buy Premier & Get 50% Off | code: PREMIER Plus Sizes Available Add boohooMAN Essential Slim Fit Ribbed Vest,6.4,8.0,20,True,25
2026-09-29,BoohooMAN,Buy Premier & Get 50% Off | code: PREMIER Plus Sizes Available Add boohooMAN Plus Essential Relaxed Fit Jeans,16.0,20.0,20,True,25
2026-09-29,BoohooMAN,Buy Premier & Get 50% Off | code: PREMIER Back In Stock Add boohooMAN Muscle Fit Rib Henley Neck Long Sleeve T-Shirt,17.6,22.0,20,True,26
2026-09-29,BoohooMAN,Buy Premier & Get 50% Off | code: PREMIER Plus Sizes Available Add boohooMAN Slim Fit Elasticated Waist Woven Tab Cuffed Cargo Trousers,20.0,25.0,20,True,26
2026-09-29,BoohooMAN,Buy Premier & Get 50% Off | code: PREMIER Plus Sizes Available Add boohooMAN Relaxed Rigid Dirty Wash Carpenter Jeans,25.6,32.0,20,True,26
2026-09-29,BoohooMAN,Buy Premier & Get 50% Off | code: PREMIER Add boohooMAN Oversized Boxy Crew Neck Scuba Sweatshirt And Straight Leg Tracksuit,52.0,65.0,20,True,26
2026-09-29,BoohooMAN,Buy Premier & Get 50% Off | code: PREMIER 2 Plus Sizes Available Add boohooMAN One More Rep Washed Straight Leg Jogger,22.4,28.0,20,True,26
2026-09-29,BoohooMAN,Buy Premier & Get 50% Off | code: PREMIER Plus Sizes Available Back In Stock Add boohooMAN Man Active Regular Fit T-shirt,11.2,14.0,20,True,26
2026-09-29,BoohooMAN,Buy Premier & Get 50% Off | code: PREMIER Add boohooMAN Essential Regular Fit Raglan Long Sleeve T-Shirt,11.2,14.0,20,True,26
2026-09-29,BoohooMAN,Buy Premier & Get 50% Off | code: PREMIER Add boohooMAN Regular Fit Contrast Faux Suede Collar Twill Worker Jacket,36.0,45.0,20,True,26
2026-09-29,BoohooMAN,Buy Premier & Get 50% Off | code: PREMIER Add boohooMAN Relaxed Boxy Wool Blend Ribbed Knitted Hoodie,28.0,35.0,20,True,26
2026-09-29,BoohooMAN,Buy Premier & Get 50% Off | code: PREMIER Tall Sizes Available Add boohooMAN Tall Oversized Boxy Over the Head Scuba Hoodie And Straight Leg Tracksuit,40.0,50.0,20,True,26
2026-09-29,BoohooMAN,Buy Premier & Get 50% Off | code: PREMIER Add boohooMAN Oversized Boxy Limited Print Heavyweight T-Shirt,14.4,18.0,20,True,26
2026-09-29,BoohooMAN,Buy Premier & Get 50% Off | code: PREMIER Add boohooMAN Essential Flared Fit Jeans,16.0,20.0,20,True,26
2026-09-29,BoohooMAN,Buy Premier & Get 50% Off | code: PREMIER 3 Add boohooMAN Oversized Spiderman Long Sleeve Acid Wash License Print T-shirt,17.6,22.0,20,True,26
2026-09-29,BoohooMAN,Buy Premier & Get 50% Off | code: PREMIER Plus Sizes Available Add boohooMAN 3 Pack Multi Man. Boxers,12.0,15.0,20,True,26
2026-09-29,BoohooMAN,Buy Premier & Get 50% Off | code: PREMIER 2 Add boohooMAN Muscle Fit Rib Henley Neck Short Sleeve T-Shirt,12.8,16.0,20,True,26
2026-09-29,BoohooMAN,Buy Premier & Get 50% Off | code: PREMIER Add boohooMAN Relaxed Fit Dog Tapestry Trousers,24.0,30.0,20,True,26
2026-09-29,BoohooMAN,Buy Premier & Get 50% Off | code: PREMIER Add boohooMAN Regular Fit Long Sleeve Cotton Shirt,16.0,20.0,20,True,26
2026-09-29,BoohooMAN,Buy Premier & Get 50% Off | code: PREMIER Tall Sizes Available Add boohooMAN Tall Oversized Boxy Essential T-shirt,8.0,10.0,20,True,26
2026-09-29,BoohooMAN,Buy Premier & Get 50% Off | code: PREMIER Back In Stock Add boohooMAN Rib Collar Bomber Jacket In Black,30.4,38.0,20,True,26
2026-09-29,BoohooMAN,Buy Premier & Get 50% Off | code: PREMIER Add boohooMAN Black Regular Spray Wash Tank,12.8,16.0,20,True,26
2026-09-29,BoohooMAN,Buy Premier & Get 50% Off | code: PREMIER Plus Sizes Available Add boohooMAN Wide Fit Belted Pleat Front Tailored Trousers,24.0,30.0,20,True,26
2026-09-29,BoohooMAN,Buy Premier & Get 50% Off | code: PREMIER Add boohooMAN Stripe Poplin Curved Hem Embroidered Oversized Long Sleeve Shirt & Baggy Short Set,36.0,45.0,20,True,26
2026-09-29,BoohooMAN,Buy Premier & Get 50% Off | code: PREMIER Plus Sizes Available Back In Stock Add boohooMAN Essential Oversized Extended Neck T-Shirt,8.0,10.0,20,True,26
2026-09-29,BoohooMAN,Buy Premier & Get 50% Off | code: PREMIER Tall Sizes Available Back In Stock Add boohooMAN Man Active Tall Straight Man Dash Jogger,17.6,22.0,20,True,26
2026-09-29,BoohooMAN,Buy Premier & Get 50% Off | code: PREMIER Tall Sizes Available Add boohooMAN Tall Straight Fit Man Sport Embroidered Jogger,17.6,22.0,20,True,26
2026-09-29,BoohooMAN,Buy Premier & Get 50% Off | code: PREMIER Plus Sizes Available Add boohooMAN Oversized Brushed Check Overshirt,28.0,35.0,20,True,26
2026-09-29,BoohooMAN,Buy Premier & Get 50% Off | code: PREMIER Plus Sizes Available Add boohooMAN MAN Loungewear Short,8.0,10.0,20,True,26
2026-09-29,BoohooMAN,Buy Premier & Get 50% Off | code: PREMIER Add boohooMAN Chunky Borg Knit Rib Funnel Borg Jacket,40.0,50.0,20,True,26
2026-09-29,BoohooMAN,Buy Premier & Get 50% Off | code: PREMIER Add boohooMAN Oversized Half Sleeve Embroidered Interlock Rugby Polo,20.0,25.0,20,True,26
2026-09-29,BoohooMAN,Buy Premier & Get 50% Off | code: PREMIER Add boohooMAN Tall Regular Shrunken Fit Scuba Hoodie and Wide Leg Jogger Tracksuit,40.0,50.0,20,True,26
2026-09-29,BoohooMAN,Buy Premier & Get 50% Off | code: PREMIER Add boohooMAN Cord Collar Worker Jacket,24.0,30.0,20,True,27
2026-09-29,BoohooMAN,Buy Premier & Get 50% Off | code: PREMIER Plus Sizes Available Back In Stock Add boohooMAN Ecru Oversized Monaco Racing T-Shirt,14.4,18.0,20,True,27
2026-09-29,BoohooMAN,Buy Premier & Get 50% Off | code: PREMIER Tall Sizes Available Add boohooMAN Tall Straight Fit Smart Elasticated Pintuck Trousers,22.4,28.0,20,True,27
2026-09-29,BoohooMAN,Buy Premier & Get 50% Off | code: PREMIER Add boohooMAN Man Active 1/4 Zip Windbreaker,20.0,25.0,20,True,27
2026-09-29,BoohooMAN,Buy Premier & Get 50% Off | code: PREMIER Add boohooMAN Baggy Elasticated Waist Moto Track Pants,24.0,30.0,20,True,27
2026-09-29,BoohooMAN,Buy Premier & Get 50% Off | code: PREMIER Add boohooMAN Straight Fit Embroidered Joggers,14.4,18.0,20,True,27
2026-09-29,BoohooMAN,Buy Premier & Get 50% Off | code: PREMIER Tall Sizes Available Add boohooMAN Tall Essential Skinny Fit Cargo Jogger,16.0,20.0,20,True,27
2026-09-29,BoohooMAN,Buy Premier & Get 50% Off | code: PREMIER Tall Sizes Available Add boohooMAN Tall Straight Leg Limited Edition Washed Joggers,17.6,22.0,20,True,27
2026-09-29,BoohooMAN,Buy Premier & Get 50% Off | code: PREMIER Add boohooMAN Wide Fit Tailored Pintuck Co-Ord Trousers,24.0,30.0,20,True,27
2026-09-29,BoohooMAN,Buy Premier & Get 50% Off | code: PREMIER Tall Sizes Available Add boohooMAN Tall Essential Relaxed Elasticated Waist Chino,20.0,25.0,20,True,27
2026-09-29,BoohooMAN,Buy Premier & Get 50% Off | code: PREMIER Add boohooMAN Extreme Pleat Front Rope Belted Jeans,25.6,32.0,20,True,27
2026-09-29,BoohooMAN,Buy Premier & Get 50% Off | code: PREMIER Add boohooMAN Oversized Butterfly Tapestry Revere Short Sleeve Shirt,24.0,30.0,20,True,27
2026-09-29,BoohooMAN,Buy Premier & Get 50% Off | code: PREMIER Add boohooMAN Tall Essential Wide Leg Jogger,17.6,22.0,20,True,27
2026-09-29,BoohooMAN,Buy Premier & Get 50% Off | code: PREMIER Add boohooMAN Essential Oversized Boxy Over The Head Hoodie,14.4,18.0,20,True,27
2026-09-29,BoohooMAN,Buy Premier & Get 50% Off | code: PREMIER Plus Sizes Available Add boohooMAN MAN Boxy Cable Embroidered Knitted Polo,20.0,25.0,20,True,27
2026-09-29,BoohooMAN,Buy Premier & Get 50% Off | code: PREMIER Add boohooMAN Baggy Fit Pleat Front Tailored Trousers,28.0,35.0,20,True,27
2026-09-29,BoohooMAN,Buy Premier & Get 50% Off | code: PREMIER Tall Sizes Available Add boohooMAN Tall Essential Slim Fit Pleat Front Chino,20.0,25.0,20,True,27
2026-09-29,BoohooMAN,Buy Premier & Get 50% Off | code: PREMIER 2 Add boohooMAN Essential Elasticated Waist Relaxed Comfort Fit Chino,20.0,25.0,20,True,27
2026-09-29,BoohooMAN,Buy Premier & Get 50% Off | code: PREMIER Add boohooMAN Varsity Stripe Detail Tapered Tailored Trousers,24.0,30.0,20,True,27
2026-09-29,BoohooMAN,Buy Premier & Get 50% Off | code: PREMIER Plus Sizes Available Add boohooMAN Man Active Zip Hem Cuffed Regular Fit Jogger,20.0,25.0,20,True,27
2026-09-29,BoohooMAN,Buy Premier & Get 50% Off | code: PREMIER Tall Sizes Available Add boohooMAN Tall 2 Pack Man Active Gym Essentials Stretch Tapered Jogger,28.0,35.0,20,True,27
2026-09-29,BoohooMAN,Buy Premier & Get 50% Off | code: PREMIER Plus Sizes Available Add boohooMAN MAN Active Oversized Funnel Neck Zip Through Nylon Pipe Detail Tracksuit,36.0,45.0,20,True,28
2026-09-29,BoohooMAN,Buy Premier & Get 50% Off | code: PREMIER Tall Sizes Available Add boohooMAN Tall Essential Straight Leg Joggers,16.0,20.0,20,True,28
2026-09-29,BoohooMAN,Buy Premier & Get 50% Off | code: PREMIER Add boohooMAN Oversized Funnel Neck Circa 98 Crest Colour Block Track Jacket,24.0,30.0,20,True,28
2026-09-29,BoohooMAN,Buy Premier & Get 50% Off | code: PREMIER Plus Sizes Available Add boohooMAN Essential Regular Fit Long Sleeve T-Shirt,8.0,10.0,20,True,28
2026-09-29,BoohooMAN,Buy Premier & Get 50% Off | code: PREMIER Add boohooMAN Training Dept Wide Leg Loopback Jogger,20.0,25.0,20,True,28
2026-09-29,BoohooMAN,Buy Premier & Get 50% Off | code: PREMIER Plus Sizes Available Add boohooMAN Plain Collared Overcoat In Black,44.0,55.0,20,True,28
2026-09-29,BoohooMAN,Buy Premier & Get 50% Off | code: PREMIER Back In Stock Add boohooMAN Essential Straight Leg Cargo Jogger,16.0,20.0,20,True,28
2026-09-29,BoohooMAN,Buy Premier & Get 50% Off | code: PREMIER Back In Stock Add boohooMAN White Regular Fit Cross Graphic Long Sleeve T-Shirt,17.6,22.0,20,True,28
2026-09-29,BoohooMAN,Buy Premier & Get 50% Off | code: PREMIER Add boohooMAN Denim Parachute Washed Jeans,20.0,25.0,20,True,28
2026-09-29,BoohooMAN,Buy Premier & Get 50% Off | code: PREMIER Add boohooMAN Oversized Funnel Neck Circa 98 Track Jacket,24.0,30.0,20,True,28
2026-09-29,BoohooMAN,Buy Premier & Get 50% Off | code: PREMIER 3 Add boohooMAN Man Active Tape Zip Tapered Jogger,24.0,30.0,20,True,28
2026-09-29,BoohooMAN,Buy Premier & Get 50% Off | code: PREMIER Add boohooMAN Baggy Rigid Patchwork Waistband Detail Jeans In Black,24.0,30.0,20,True,28
2026-09-29,BoohooMAN,Buy Premier & Get 50% Off | code: PREMIER Plus Sizes Available Add boohooMAN Oversized Panel Wash Hooded Tracksuit,36.0,45.0,20,True,28
2026-09-29,BoohooMAN,Buy Premier & Get 50% Off | code: PREMIER Plus Sizes Available Back In Stock Add boohooMAN Oversized Boxy Stripe Tennis Club Print Revere Shirt and Short Set,24.0,30.0,20,True,28
2026-09-29,BoohooMAN,Buy Premier & Get 50% Off | code: PREMIER Plus Sizes Available Add boohooMAN Elasticated Waist Parachute Side Stripe Track Pants,24.0,30.0,20,True,28
2026-09-29,BoohooMAN,Buy Premier & Get 50% Off | code: PREMIER Add boohooMAN Regular Fit Scuba Hoodie and Slim Leg Tracksuit,52.0,65.0,20,True,28
2026-09-29,BoohooMAN,Buy Premier & Get 50% Off | code: PREMIER Tall Sizes Available Add boohooMAN Tall Padded Collared Coach Jacket,24.0,30.0,20,True,28
2026-09-29,BoohooMAN,Buy Premier & Get 50% Off | code: PREMIER Plus Sizes Available Back In Stock Add boohooMAN Oversized Amalfi Lemon Print T-Shirt,12.8,16.0,20,True,28
2026-09-29,BoohooMAN,Buy Premier & Get 50% Off | code: PREMIER Add boohooMAN Monte Carlo Back Print Oversized Shirt & Short Set,36.0,45.0,20,True,28
2026-09-29,BoohooMAN,Buy Premier & Get 50% Off | code: PREMIER Add boohooMAN Oversized Star Wars Yoda Cartoon License T-Shirt,16.0,20.0,20,True,28
2026-09-29,BoohooMAN,Buy Premier & Get 50% Off | code: PREMIER Plus Sizes Available Add boohooMAN Oversized Boxy Worldwide Applique Jogger Tracksuit,48.0,60.0,20,True,28
2026-09-29,BoohooMAN,Buy Premier & Get 50% Off | code: PREMIER Add boohooMAN Oversized Boxy Biggie Crown License Print T-Shirt,17.6,22.0,20,True,28
2026-09-29,BoohooMAN,Buy Premier & Get 50% Off | code: PREMIER Add boohooMAN Oversized Crop Camo Twill Hooded Overshirt,32.0,40.0,20,True,28
2026-09-29,BoohooMAN,Buy Premier & Get 50% Off | code: PREMIER Tall Sizes Available Add boohooMAN Tall Man Active Gym Essentials Stretch Tapered Jogger,14.4,18.0,20,True,28
2026-09-29,BoohooMAN,Buy Premier & Get 50% Off | code: PREMIER 1 Add boohooMAN Essential Flared Fit Jeans,16.0,20.0,20,True,28
2026-09-29,BoohooMAN,Buy Premier & Get 50% Off | code: PREMIER 3 Add boohooMAN MAN Brushed Mixed Check Bomber Jacket,48.0,60.0,20,True,28
2026-09-29,BoohooMAN,Buy Premier & Get 50% Off | code: PREMIER Plus Sizes Available Add boohooMAN Regular Fit Essential Crew Neck T-shirt,6.4,8.0,20,True,28
2026-09-29,BoohooMAN,Buy Premier & Get 50% Off | code: PREMIER Add boohooMAN Oversized Embellished Checked Overshirt,36.0,45.0,20,True,28
2026-09-29,BoohooMAN,Buy Premier & Get 50% Off | code: PREMIER Plus Sizes Available Add boohooMAN Oversized B Embroidered Sweatshirt,20.0,25.0,20,True,28
2026-09-29,BoohooMAN,Buy Premier & Get 50% Off | code: PREMIER Add boohooMAN Oversized Boxy Shrunken Half Sleeve Applique Stripe Rugby Polo,22.4,28.0,20,True,29
2026-09-29,BoohooMAN,Buy Premier & Get 50% Off | code: PREMIER 2 Plus Sizes Available Back In Stock Add boohooMAN Essential Relaxed Fit Elasticated Mid Length Twill Cargo Shorts,14.4,18.0,20,True,29
2026-09-29,BoohooMAN,Buy Premier & Get 50% Off | code: PREMIER Add boohooMAN Studded Western Boxy Denim Co-Ord Jacket,36.0,45.0,20,True,29
2026-09-29,BoohooMAN,Buy Premier & Get 50% Off | code: PREMIER Add boohooMAN Essential Oversized Fit Raglan T-Shirt,9.6,12.0,20,True,29
2026-09-29,BoohooMAN,Buy Premier & Get 50% Off | code: PREMIER 1 Plus Sizes Available Add boohooMAN Relaxed Fit Flared Gusset Joggers,20.0,25.0,20,True,29
2026-09-29,BoohooMAN,Buy Premier & Get 50% Off | code: PREMIER Add boohooMAN Essential Regular Fit Crew Neck Sweatshirt,12.8,16.0,20,True,29
2026-09-29,BoohooMAN,Buy Premier & Get 50% Off | code: PREMIER 3 Back In Stock Add boohooMAN Camo Removable Carpenter Panel Extreme Stacked Straight Leg Jeans,32.0,40.0,20,True,29
2026-09-29,BoohooMAN,Buy Premier & Get 50% Off | code: PREMIER 3 Add boohooMAN Man Active Boxy V-Neck Hoodie,24.0,30.0,20,True,29
2026-09-29,BoohooMAN,Buy Premier & Get 50% Off | code: PREMIER Plus Sizes Available Add boohooMAN Fluffy Knit BM Jumper,20.0,25.0,20,True,29
2026-09-29,BoohooMAN,Buy Premier & Get 50% Off | code: PREMIER 3 Plus & Tall Sizes Available Back In Stock Add boohooMAN Essential Slim Flare Rigid Washed Jeans,16.0,20.0,20,True,29
2026-09-29,BoohooMAN,Buy Premier & Get 50% Off | code: PREMIER 1 Plus Sizes Available Back In Stock Add boohooMAN Man Active Lightweight Essentials Gym Regular Fit Raglan T-shirt,8.0,10.0,20,True,29
2026-09-29,BoohooMAN,Buy Premier & Get 50% Off | code: PREMIER 3 Add boohooMAN Relaxed Rigid Washed Jeans,20.0,25.0,20,True,29
2026-09-29,BoohooMAN,Buy Premier & Get 50% Off | code: PREMIER Add boohooMAN Barrell Fit Dart Tailored Look Trousers,28.0,35.0,20,True,29
2026-09-29,BoohooMAN,Buy Premier & Get 50% Off | code: PREMIER Tall Sizes Available Add boohooMAN Tall Grey Marl Oversized Moto Crest Print Hoodie,24.0,30.0,20,True,29
2026-09-29,BoohooMAN,Buy Premier & Get 50% Off | code: PREMIER Add boohooMAN Relaxed Boxy Ribbed Knitted Jumper,22.4,28.0,20,True,29
2026-09-29,BoohooMAN,Buy Premier & Get 50% Off | code: PREMIER Tall Sizes Available Add boohooMAN Tall Regular Fit Man Script Dragon Blossom Print Hoodie,20.0,25.0,20,True,29
2026-09-29,BoohooMAN,Buy Premier & Get 50% Off | code: PREMIER Add boohooMAN Oversized Boxy Long Sleeve Check Shirt,16.0,20.0,20,True,29
2026-09-29,BoohooMAN,Buy Premier & Get 50% Off | code: PREMIER Add boohooMAN Washed Multi Pocket Baggy Fit Cargo Jeans,28.0,35.0,20,True,29
2026-09-29,BoohooMAN,Buy Premier & Get 50% Off | code: PREMIER Add boohooMAN Relaxed Boxy Contrast Brushed Knitted Cardigan,28.0,35.0,20,True,29
2026-09-29,BoohooMAN,Buy Premier & Get 50% Off | code: PREMIER Tall Sizes Available Add boohooMAN Tall Oversized Disney Cars License Printed T-Shirt,17.6,22.0,20,True,29
2026-09-29,BoohooMAN,Buy Premier & Get 50% Off | code: PREMIER Add boohooMAN All Over Rhinestone Star Pocket Relaxed Fit Jeans,28.0,35.0,20,True,29
2026-09-29,BoohooMAN,Buy Premier & Get 50% Off | code: PREMIER Plus Sizes Available Add boohooMAN Extreme Flared Washed Jeans,22.4,28.0,20,True,29
2026-09-29,BoohooMAN,Buy Premier & Get 50% Off | code: PREMIER Tall Sizes Available Add boohooMAN Tall Essential Regular Fit Zip Through Hoodie,16.0,20.0,20,True,30
2026-09-29,BoohooMAN,Buy Premier & Get 50% Off | code: PREMIER Plus Sizes Available Back In Stock Add boohooMAN Relaxed Fit Acid Wash Cargo Jeans,24.0,30.0,20,True,30
2026-09-29,BoohooMAN,Buy Premier & Get 50% Off | code: PREMIER 3 Plus Sizes Available Add boohooMAN Essential Wide Leg Jogger,17.6,22.0,20,True,30
2026-09-29,BoohooMAN,Buy Premier & Get 50% Off | code: PREMIER Tall Sizes Available Back In Stock Add boohooMAN Tall Oversized Limited Edition Over The Head Hoodie,20.0,25.0,20,True,30
2026-09-29,BoohooMAN,Buy Premier & Get 50% Off | code: PREMIER Add boohooMAN Man Active Boxy Loopback Tank,14.4,18.0,20,True,30
2026-09-29,BoohooMAN,Buy Premier & Get 50% Off | code: PREMIER Add boohooMAN Oversized Boxy Worldwide Print Sweatshirt,24.0,30.0,20,True,30
2026-09-29,BoohooMAN,Buy Premier & Get 50% Off | code: PREMIER Plus Sizes Available Add boohooMAN Essential Regular Fit Long Sleeve Crew Neck T-Shirt,8.0,10.0,20,True,30
2026-09-29,BoohooMAN,Buy Premier & Get 50% Off | code: PREMIER Add boohooMAN 5 Pack Sport Socks,9.6,12.0,20,True,30
2026-09-29,BoohooMAN,Buy Premier & Get 50% Off | code: PREMIER Plus Sizes Available Add boohooMAN Regular Palm Print Washed T-Shirt,14.4,18.0,20,True,30
2026-09-29,BoohooMAN,Buy Premier & Get 50% Off | code: PREMIER Tall Sizes Available Add boohooMAN Tall Tie Dye Tinted Baggy Distressed Jeans,24.0,30.0,20,True,30
2026-09-29,BoohooMAN,Buy Premier & Get 50% Off | code: PREMIER Tall Sizes Available Back In Stock Add boohooMAN Tall Essential Regular Fit Joggers,16.0,20.0,20,True,30
2026-09-29,BoohooMAN,Buy Premier & Get 50% Off | code: PREMIER Add boohooMAN Skull Graphic Longline Denim Jorts,24.0,30.0,20,True,30
2026-09-29,BoohooMAN,Buy Premier & Get 50% Off | code: PREMIER Plus Sizes Available Add boohooMAN Regular Fit Roll Neck Ribbed Knitted Jumper,16.0,20.0,20,True,30
2026-09-29,BoohooMAN,Buy Premier & Get 50% Off | code: PREMIER Add boohooMAN 5 Pack Stripe Sport Socks,11.2,14.0,20,True,30
2026-09-29,BoohooMAN,Buy Premier & Get 50% Off | code: PREMIER Tall Sizes Available Add boohooMAN Tall MAN Dash Oversized T-Shirt & Loungewear Short Set,14.4,18.0,20,True,30
2026-09-29,BoohooMAN,Buy Premier & Get 50% Off | code: PREMIER Add boohooMAN Wide Fit Exposed Seam Washed Jogger,20.0,25.0,20,True,30
2026-09-29,BoohooMAN,Buy Premier & Get 50% Off | code: PREMIER Add boohooMAN Slim Flare Washed Distressed Gusset Panel Jeans,28.0,35.0,20,True,30
2026-09-29,BoohooMAN,Buy Premier & Get 50% Off | code: PREMIER Add boohooMAN Active Camo Bronx Gym Oversized T-Shirt,12.0,15.0,20,True,30
2026-09-29,BoohooMAN,Buy Premier & Get 50% Off | code: PREMIER Add boohooMAN Washed Oversized Purple Rain Prince License Print T-Shirt,17.6,22.0,20,True,30
2026-09-29,BoohooMAN,Buy Premier & Get 50% Off | code: PREMIER Add boohooMAN Oversized Extended Neck Limited Edition Washed Raised Text Sweater,17.6,22.0,20,True,30
2026-09-29,BoohooMAN,Buy Premier & Get 50% Off | code: PREMIER Add boohooMAN Oversized Boxy Limited Edition Washed Raised Text Zip Through Hoodie,22.4,28.0,20,True,30
2026-09-29,BoohooMAN,Buy Premier & Get 50% Off | code: PREMIER Tall Sizes Available Add boohooMAN Tall Man Active Stretch Woven 7inch Short,16.0,20.0,20,True,31
2026-09-29,BoohooMAN,Buy Premier & Get 50% Off | code: PREMIER Tall Sizes Available Add boohooMAN Tall Muscle Fit Vest,6.4,8.0,20,True,31
2026-09-29,BoohooMAN,Buy Premier & Get 50% Off | code: PREMIER Plus Sizes Available Add boohooMAN Oversized Boxy Hem Long Sleeve Multi Stripe Shirt,20.0,25.0,20,True,31
2026-09-29,BoohooMAN,Buy Premier & Get 50% Off | code: PREMIER Add boohooMAN Oversized Official Large Scale Graphic Sports Jacket,20.0,25.0,20,True,31
2026-09-29,BoohooMAN,Buy Premier & Get 50% Off | code: PREMIER Tall Sizes Available Add boohooMAN Tall Regular Fit Essential Ribbed Vest,6.4,8.0,20,True,31
2026-09-29,BoohooMAN,Buy Premier & Get 50% Off | code: PREMIER Plus Sizes Available Back In Stock Add boohooMAN Long Sleeve Jersey Herringbone Harrington & Trouser Set,40.0,50.0,20,True,31
2026-09-29,BoohooMAN,Buy Premier & Get 50% Off | code: PREMIER Plus Sizes Available Add boohooMAN Balloon Fit Half & Half Waistband Washed Twill Trouser,20.0,25.0,20,True,31
2026-09-29,BoohooMAN,Buy Premier & Get 50% Off | code: PREMIER Add boohooMAN Regular Fit Worldwide Contrast Stitch Gusset Jogger,20.0,25.0,20,True,31
2026-09-29,BoohooMAN,Buy Premier & Get 50% Off | code: PREMIER Tall Sizes Available Add boohooMAN Tall Slim Flare Half & Half Waistband Washed Twill Trousers,24.0,30.0,20,True,31
2026-09-29,BoohooMAN,Buy Premier & Get 50% Off | code: PREMIER Plus Sizes Available Add boohooMAN Man Active Colour Block Zip Pocket 7inch Basic Training Short,11.2,14.0,20,True,31
2026-09-29,BoohooMAN,Buy Premier & Get 50% Off | code: PREMIER Tall Sizes Available Add boohooMAN Tall Man Active Lightweight Essentials Gym Muscle Fit Raglan T-shirt,8.0,10.0,20,True,31
2026-09-29,BoohooMAN,Buy Premier & Get 50% Off | code: PREMIER Add boohooMAN Black Oversized Tonal Renaissance Print Hoodie,24.0,30.0,20,True,31
2026-09-29,BoohooMAN,Buy Premier & Get 50% Off | code: PREMIER 1 Add boohooMAN Washed Relaxed Fit Belted Rhinestone Denim Jorts,28.0,35.0,20,True,31
2026-09-29,BoohooMAN,Buy Premier & Get 50% Off | code: PREMIER Add boohooMAN Essential Baggy Jogger,17.6,22.0,20,True,31
2026-09-29,BoohooMAN,Buy Premier & Get 50% Off | code: PREMIER Add boohooMAN Let Down Hem Double Carpenter Loop Overdye Denim Jorts,22.4,28.0,20,True,31
2026-09-29,BoohooMAN,Buy Premier & Get 50% Off | code: PREMIER Plus Sizes Available Add boohooMAN Super Baggy Rigid Washed Jeans,22.4,28.0,20,True,31
2026-09-29,BoohooMAN,Buy Premier & Get 50% Off | code: PREMIER Add boohooMAN Oversized Waffle T-Shirt,11.2,14.0,20,True,31
2026-09-29,BoohooMAN,Buy Premier & Get 50% Off | code: PREMIER Add boohooMAN Oversized MAN Applique Twill Hooded Peaked Cagoule,56.0,70.0,20,True,31
2026-09-29,BoohooMAN,Buy Premier & Get 50% Off | code: PREMIER Add boohooMAN Baggy Rigid Frayed Edge Jeans,24.0,30.0,20,True,31
2026-09-29,BoohooMAN,Buy Premier & Get 50% Off | code: PREMIER Plus Sizes Available Add boohooMAN Plus Oversized Boxy Bonded Scuba T-Shirt & Relaxed Short Set,28.0,35.0,20,True,31
2026-09-29,BoohooMAN,Buy Premier & Get 50% Off | code: PREMIER Add boohooMAN Oversized Boxy Dragon Print Washed T-Shirt,14.4,18.0,20,True,31
2026-09-29,BoohooMAN,Buy Premier & Get 50% Off | code: PREMIER Add boohooMAN Baggy Rigid Washed Jeans,20.0,25.0,20,True,31
2026-09-29,BoohooMAN,Buy Premier & Get 50% Off | code: PREMIER Add boohooMAN Oversized Man Sport Washed Over the Head Hoodie,24.0,30.0,20,True,31
2026-09-29,BoohooMAN,Buy Premier & Get 50% Off | code: PREMIER Add boohooMAN Distressed Seam Detail Relaxed Fit Stacked Jeans,25.6,32.0,20,True,31
2026-09-29,BoohooMAN,Buy Premier & Get 50% Off | code: PREMIER Add boohooMAN Relaxed Ombre Zip Thru Knitted Hoodie,30.4,38.0,20,True,31
2026-09-29,BoohooMAN,Buy Premier & Get 50% Off | code: PREMIER Add boohooMAN Regular Fit Tech Panelled Parka Jacket,36.0,45.0,20,True,31
2026-09-29,BoohooMAN,Buy Premier & Get 50% Off | code: PREMIER Tall Sizes Available Add boohooMAN Tall Essential BM Signature Regular Fit Jogger,17.6,22.0,20,True,31
2026-09-29,BoohooMAN,Buy Premier & Get 50% Off | code: PREMIER Add boohooMAN Contrast Piping Flared Tailored Suit Trousers,24.0,30.0,20,True,31
2026-09-29,BoohooMAN,Buy Premier & Get 50% Off | code: PREMIER Add boohooMAN Stripe Short Length Swim Short,12.0,15.0,20,True,31
2026-09-29,BoohooMAN,Buy Premier & Get 50% Off | code: PREMIER Back In Stock Add boohooMAN Barrel Fit Co-Ord Jeans,22.4,28.0,20,True,31
2026-09-29,BoohooMAN,Buy Premier & Get 50% Off | code: PREMIER Plus Sizes Available Add boohooMAN Oversized Boxy Embroidered Cross T-Shirt,12.0,15.0,20,True,32
2026-09-29,BoohooMAN,Buy Premier & Get 50% Off | code: PREMIER Add boohooMAN Black Oversized Car Racing Print Spray Wash Long Sleeve T-Shirt,20.0,25.0,20,True,32
2026-09-29,BoohooMAN,Buy Premier & Get 50% Off | code: PREMIER Plus Sizes Available Add boohooMAN Relaxed Fit Floral Embroidered Washed Jeans,32.0,40.0,20,True,32
2026-09-29,BoohooMAN,Buy Premier & Get 50% Off | code: PREMIER Tall Sizes Available Add boohooMAN Tall Regular Fit 1/4 Zip Knitted Jumper,17.6,22.0,20,True,32
2026-09-29,BoohooMAN,Buy Premier & Get 50% Off | code: PREMIER Add boohooMAN Gothic Applique Baggy Fit Jeans,24.0,30.0,20,True,32
2026-09-29,BoohooMAN,Buy Premier & Get 50% Off | code: PREMIER Add boohooMAN Textured Pintuck Jersey Twill Bermuda Jort,16.0,20.0,20,True,32
2026-09-29,BoohooMAN,Buy Premier & Get 50% Off | code: PREMIER Plus Sizes Available Back In Stock Add boohooMAN Wide Leg Half & Half Waist Linen Blend Co-Ord Trouser,22.4,28.0,20,True,32
2026-09-29,BoohooMAN,Buy Premier & Get 50% Off | code: PREMIER Add boohooMAN Regular Fit Embroidered Stripe Shirt,20.0,25.0,20,True,32
2026-09-29,BoohooMAN,Buy Premier & Get 50% Off | code: PREMIER Plus Sizes Available Back In Stock Add boohooMAN Essential Oversized Long Sleeve Crew Neck T-Shirt,9.6,12.0,20,True,32
2026-09-29,BoohooMAN,Buy Premier & Get 50% Off | code: PREMIER Add boohooMAN Straight Fit Smart Elasticated Pintuck Trousers,24.0,30.0,20,True,32
2026-09-29,BoohooMAN,Buy Premier & Get 50% Off | code: PREMIER Add boohooMAN Tall Essential Relaxed Fit Elasticated Mid Length Twill Cargo Shorts,14.4,18.0,20,True,32
2026-09-29,BoohooMAN,Buy Premier & Get 50% Off | code: PREMIER Tall Sizes Available Add boohooMAN Tall Regular Short Sleeve Linen Blend Shirt,16.0,20.0,20,True,32
2026-09-29,BoohooMAN,Buy Premier & Get 50% Off | code: PREMIER Plus Sizes Available Add boohooMAN Washed Regular Fit Zip Through Hoodie,20.0,25.0,20,True,32
2026-09-29,BoohooMAN,Buy Premier & Get 50% Off | code: PREMIER Add boohooMAN Essential Relaxed Fit Henley Waffle Knitted T-Shirt,20.0,25.0,20,True,32
2026-09-29,BoohooMAN,Buy Premier & Get 50% Off | code: PREMIER Plus Sizes Available Back In Stock Add boohooMAN 5 Pack Black Man. Boxers,16.0,20.0,20,True,32
2026-09-29,BoohooMAN,Buy Premier & Get 50% Off | code: PREMIER Plus Sizes Available Add boohooMAN Straight Flared Washed Jeans With Let Down Hem,22.4,28.0,20,True,32
2026-09-29,BoohooMAN,Buy Premier & Get 50% Off | code: PREMIER Plus Sizes Available Back In Stock Add boohooMAN Oversized Embroidered Striped Collared Shirt,20.0,25.0,20,True,32
2026-09-29,BoohooMAN,Buy Premier & Get 50% Off | code: PREMIER Add boohooMAN Wide Fit Floral Puff Print Jogger,22.4,28.0,20,True,32
2026-09-29,BoohooMAN,Buy Premier & Get 50% Off | code: PREMIER Plus Sizes Available 480GSM Add boohooMAN Straight Leg Premium 480gsm Washed Jogger,24.0,30.0,20,True,32
2026-09-29,BoohooMAN,Buy Premier & Get 50% Off | code: PREMIER Plus Sizes Available Add boohooMAN Oversized Boxy Embroidered Gothic Cross T-Shirt,12.8,16.0,20,True,32
2026-09-29,BoohooMAN,Buy Premier & Get 50% Off | code: PREMIER Add boohooMAN Straight Rigid Washed Jeans,20.0,25.0,20,True,32
2026-09-29,BoohooMAN,Buy Premier & Get 50% Off | code: PREMIER Plus Sizes Available Back In Stock Add boohooMAN Man Active Colour Block Regular Fit Jogger Tracksuit,36.0,45.0,20,True,32
2026-09-29,BoohooMAN,Buy Premier & Get 50% Off | code: PREMIER Add boohooMAN 5 Pack MAN Dash Logo Plain Sport Socks,9.6,12.0,20,True,32
2026-09-29,BoohooMAN,Buy Premier & Get 50% Off | code: PREMIER Plus Sizes Available Add boohooMAN Oversized Virtues Graphic T-shirt,12.8,16.0,20,True,32
2026-09-29,BoohooMAN,Buy Premier & Get 50% Off | code: PREMIER Tall Sizes Available Add boohooMAN Tall Essential Regular Fit Ribbed Vest,6.4,8.0,20,True,33
2026-09-29,BoohooMAN,Buy Premier & Get 50% Off | code: PREMIER Add boohooMAN Certi Embroidered Quarter Zip Sweatshirt,25.6,32.0,20,True,33
2026-09-29,BoohooMAN,Buy Premier & Get 50% Off | code: PREMIER Plus Sizes Available Add boohooMAN Oversized Monaco Racing T-Shirt,12.8,16.0,20,True,33
2026-09-29,BoohooMAN,Buy Premier & Get 50% Off | code: PREMIER Tall Sizes Available Add boohooMAN Tall Oversized Monaco Racing Print T-Shirt,12.8,16.0,20,True,33
2026-09-29,BoohooMAN,Buy Premier & Get 50% Off | code: PREMIER Add boohooMAN Regular Fit Long Sleeve Cord Woven Tab Overshirt,24.0,30.0,20,True,33
2026-09-29,BoohooMAN,Buy Premier & Get 50% Off | code: PREMIER Plus Sizes Available Back In Stock Add boohooMAN Mid Length Swim Short,8.0,10.0,20,True,33
2026-09-29,BoohooMAN,Buy Premier & Get 50% Off | code: PREMIER Plus Sizes Available Add boohooMAN Essential Relaxed Fit Jersey Short,12.8,16.0,20,True,33
2026-09-29,BoohooMAN,Buy Premier & Get 50% Off | code: PREMIER Tall Sizes Available Add boohooMAN Tall Cropped Boxy Oversized Shirt & Baggy Trouser Set,36.0,45.0,20,True,33
2026-09-29,BoohooMAN,Buy Premier & Get 50% Off | code: PREMIER 2 Add boohooMAN Baggy Rigid Frayed Edge Jeans,24.0,30.0,20,True,33
2026-09-29,BoohooMAN,Buy Premier & Get 50% Off | code: PREMIER Plus Sizes Available Add boohooMAN Oversized Boxy Over Seams Floral Embroidery Zip Through Hoodie,32.0,40.0,20,True,33
2026-09-29,BoohooMAN,Buy Premier & Get 50% Off | code: PREMIER Add boohooMAN Essential Oversized Boxy Quarter Zip Funnel Neck Sweatshirt,14.4,18.0,20,True,33
2026-09-29,BoohooMAN,Buy Premier & Get 50% Off | code: PREMIER Tall Sizes Available Add boohooMAN Tall 2 Pack Man Lounge Cuffed Jogger,19.2,24.0,20,True,33
2026-09-29,BoohooMAN,Buy Premier & Get 50% Off | code: PREMIER Add boohooMAN Oversized Boxy Mesh Diamante Varsity Hockey Top,28.0,35.0,20,True,33
2026-09-29,BoohooMAN,Buy Premier & Get 50% Off | code: PREMIER Add boohooMAN Baggy Fit Exposed Seam Washed Toggle Hem Jogger,20.0,25.0,20,True,33
2026-09-29,BoohooMAN,Buy Premier & Get 50% Off | code: PREMIER Add boohooMAN Abstract Print Mid Length Swim Short,12.0,15.0,20,True,33
2026-09-29,BoohooMAN,Buy Premier & Get 50% Off | code: PREMIER Tall Sizes Available Add boohooMAN Tall Long Sleeve Crew Neck T-shirt,12.8,16.0,20,True,33
2026-09-29,BoohooMAN,Buy Premier & Get 50% Off | code: PREMIER Tall Sizes Available Add boohooMAN Tall Essential Regular Waffle T-Shirt,9.6,12.0,20,True,33
2026-09-29,BoohooMAN,Buy Premier & Get 50% Off | code: PREMIER Plus Sizes Available 480GSM Add boohooMAN Wide Leg Premium 480gsm Jogger,24.0,30.0,20,True,33
2026-09-29,BoohooMAN,Buy Premier & Get 50% Off | code: PREMIER 2 Add boohooMAN Slim Rib Ottoman Polo,12.0,15.0,20,True,33
2026-09-29,BoohooMAN,Buy Premier & Get 50% Off | code: PREMIER Add boohooMAN Essential Regular Fit Over the Head Hoodie,14.4,18.0,20,True,33
2026-09-29,BoohooMAN,Buy Premier & Get 50% Off | code: PREMIER Plus Sizes Available Back In Stock Add boohooMAN Man Active Gym Essentials Stretch Tapered Jogger,14.4,18.0,20,True,33
2026-09-29,BoohooMAN,Buy Premier & Get 50% Off | code: PREMIER Plus Sizes Available Add boohooMAN Oversized Varsity Applique Denim T-shirt,24.0,30.0,20,True,33
2026-09-29,BoohooMAN,Buy Premier & Get 50% Off | code: PREMIER 2 Plus Sizes Available Back In Stock Add boohooMAN Man Active Regular Fit Badge Hoodie,20.0,25.0,20,True,34
2026-09-29,BoohooMAN,Buy Premier & Get 50% Off | code: PREMIER Add boohooMAN Camo Print Short Length Swim Short,12.0,15.0,20,True,34
2026-09-29,BoohooMAN,Buy Premier & Get 50% Off | code: PREMIER Tall Sizes Available Add boohooMAN Tall Slim Fit Waffle Revere Polo & Shorts Set,24.0,30.0,20,True,34
2026-09-29,BoohooMAN,Buy Premier & Get 50% Off | code: PREMIER Plus Sizes Available Add boohooMAN Tinted Baggy Fit Carpenter Jeans,20.0,25.0,20,True,34
2026-09-29,BoohooMAN,Buy Premier & Get 50% Off | code: PREMIER Add boohooMAN Embossed OFCL Hooded Bomber Jacket,48.0,60.0,20,True,34
2026-09-29,BoohooMAN,Buy Premier & Get 50% Off | code: PREMIER Tall Sizes Available Add boohooMAN Tall Linen Blend Slim Revere Polo,12.8,16.0,20,True,34
2026-09-29,BoohooMAN,Buy Premier & Get 50% Off | code: PREMIER Tall Sizes Available Add boohooMAN Tall Regular Soft Touch Short Sleeve Knitted Shirt,22.4,28.0,20,True,34
2026-09-29,BoohooMAN,Buy Premier & Get 50% Off | code: PREMIER Add boohooMAN Floral Embroidered Balloon Fit Jeans,32.0,40.0,20,True,34
2026-09-29,BoohooMAN,Buy Premier & Get 50% Off | code: PREMIER Plus Sizes Available Add boohooMAN Oversized Washed Dove Graphic T-Shirt,14.4,18.0,20,True,34
2026-09-29,BoohooMAN,Buy Premier & Get 50% Off | code: PREMIER Tall Sizes Available Add boohooMAN Tall Man Active Lightweight Essentials Gym Regular Fit Raglan T-shirt,8.0,10.0,20,True,34
2026-09-29,BoohooMAN,Buy Premier & Get 50% Off | code: PREMIER Add boohooMAN Oversized Boxy Graphic Washed Raglan Long Sleeve T-Shirt,14.4,18.0,20,True,34
2026-09-29,BoohooMAN,Buy Premier & Get 50% Off | code: PREMIER Plus Sizes Available Add boohooMAN Plus Regular Fit Oxford Shirt,16.0,20.0,20,True,34
2026-09-29,BoohooMAN,Buy Premier & Get 50% Off | code: PREMIER Tall Sizes Available Add boohooMAN Tall Relaxed Fit Tailored Belted Pleat Trousers,24.0,30.0,20,True,34
2026-09-29,BoohooMAN,Buy Premier & Get 50% Off | code: PREMIER Add boohooMAN Washed Baggy Fit Jeans,20.0,25.0,20,True,34
2026-09-29,BoohooMAN,Buy Premier & Get 50% Off | code: PREMIER Back In Stock Add boohooMAN Pinstripe Carpenter Baggy Fit Jeans,28.0,35.0,20,True,34
2026-09-29,BoohooMAN,Buy Premier & Get 50% Off | code: PREMIER Tall Sizes Available Add boohooMAN Tall Straight Leg Limited Edition Joggers,17.6,22.0,20,True,35
2026-09-29,BoohooMAN,Buy Premier & Get 50% Off | code: PREMIER Add boohooMAN Boxy Gothic Print Waffle Tank,12.8,16.0,20,True,35
2026-09-29,BoohooMAN,Buy Premier & Get 50% Off | code: PREMIER Plus Sizes Available Add boohooMAN Man Active Lightweight Essentials Gym Raglan Long Sleeve Regular Fit T-shirt,9.6,12.0,20,True,35
2026-09-29,BoohooMAN,Buy Premier & Get 50% Off | code: PREMIER Plus Sizes Available Back In Stock Add boohooMAN Oversized Boxy Jewel Rhinestone Check Shirt,36.0,45.0,20,True,35
2026-09-29,BoohooMAN,Buy Premier & Get 50% Off | code: PREMIER Add boohooMAN Slim Shrunken Fit Raglan T-shirt,9.6,12.0,20,True,35
2026-09-29,BoohooMAN,Buy Premier & Get 50% Off | code: PREMIER Plus Sizes Available Add boohooMAN Regular Fit Man Active Gym Training Hoodie & Short Set,24.0,30.0,20,True,35
2026-09-29,BoohooMAN,Buy Premier & Get 50% Off | code: PREMIER Add boohooMAN 5 Pack Stripe Sport Socks,9.6,12.0,20,True,35
2026-09-29,BoohooMAN,Buy Premier & Get 50% Off | code: PREMIER Back In Stock Add boohooMAN Regular Carpenter Overdyed Denim Jorts,22.4,28.0,20,True,35
2026-09-29,BoohooMAN,Buy Premier & Get 50% Off | code: PREMIER Plus Sizes Available Add boohooMAN One More Rep Wide Leg Jogger,17.6,22.0,20,True,35
2026-09-29,BoohooMAN,Buy Premier & Get 50% Off | code: PREMIER Add boohooMAN Essential Regular Fit Wash Long Sleeve Waffle Pocket T-Shirt,14.4,18.0,20,True,35
2026-09-29,BoohooMAN,Buy Premier & Get 50% Off | code: PREMIER Tall Sizes Available Add boohooMAN Tall Man Active Gym Tapered Fit Jogger,20.0,25.0,20,True,35
2026-09-29,BoohooMAN,Buy Premier & Get 50% Off | code: PREMIER Plus Sizes Available Add boohooMAN Essential Slim Fit Denim Shorts,16.0,20.0,20,True,35
2026-09-29,BoohooMAN,Buy Premier & Get 50% Off | code: PREMIER Plus Sizes Available Add boohooMAN Tailored Regular Fit Zip Up Co-Ord Overshirt,28.0,35.0,20,True,35
2026-09-29,BoohooMAN,Buy Premier & Get 50% Off | code: PREMIER Plus Sizes Available Add boohooMAN Essential Baggy Fit Jersey Short,12.8,16.0,20,True,35
2026-09-29,BoohooMAN,Buy Premier & Get 50% Off | code: PREMIER Add boohooMAN Baggy Fit Pleat Front Belted Tailored Look Trousers,28.0,35.0,20,True,35
2026-09-29,BoohooMAN,Buy Premier & Get 50% Off | code: PREMIER Add boohooMAN Relaxed Fit Washed Raw Hem Denim Shorts,20.0,25.0,20,True,35
2026-09-29,BoohooMAN,Buy Premier & Get 50% Off | code: PREMIER Plus Sizes Available Add boohooMAN Oversized Boxy Ofcl Man Short Hooded Tracksuit,28.0,35.0,20,True,35
2026-09-29,BoohooMAN,Buy Premier & Get 50% Off | code: PREMIER Plus Sizes Available Back In Stock Add boohooMAN White Oversized Interlock Monaco Car Print T-Shirt,12.8,16.0,20,True,35
2026-09-29,BoohooMAN,Buy Premier & Get 50% Off | code: PREMIER Plus Sizes Available Add boohooMAN Essential Oversized Over the Head Hoodie,14.4,18.0,20,True,35
2026-09-29,BoohooMAN,Buy Premier & Get 50% Off | code: PREMIER Plus Sizes Available Add boohooMAN Oversized French Riviera Embroidered Seersucker Half Sleeve Shirt,24.0,30.0,20,True,35
2026-09-29,BoohooMAN,Buy Premier & Get 50% Off | code: PREMIER 2 Plus Sizes Available Add boohooMAN Essential Baggy Fit Jersey Short,12.8,16.0,20,True,36
2026-09-29,BoohooMAN,Buy Premier & Get 50% Off | code: PREMIER Plus Sizes Available Add boohooMAN 2 Pack Oversized Heavyweight Crew Neck T-Shirts,16.0,20.0,20,True,36
2026-09-29,BoohooMAN,Buy Premier & Get 50% Off | code: PREMIER Add boohooMAN Slim Premium Interlock Extended Neck T-Shirt,12.8,16.0,20,True,36
2026-09-29,BoohooMAN,Buy Premier & Get 50% Off | code: PREMIER Back In Stock Add boohooMAN Forest Camo Fixed Waist Relaxed Cargo Shorts,16.0,20.0,20,True,36
2026-09-29,BoohooMAN,Buy Premier & Get 50% Off | code: PREMIER Add boohooMAN Tailored Cropped Elasticated Hem Co-ord Blazer,32.0,40.0,20,True,36
2026-09-29,BoohooMAN,Buy Premier & Get 50% Off | code: PREMIER Add boohooMAN Baggy Fit Pinstripe Pleat Front Tailored Trousers,28.0,35.0,20,True,36
2026-09-29,BoohooMAN,Buy Premier & Get 50% Off | code: PREMIER Add boohooMAN Extreme Wide Leg Graphic Joggers,22.4,28.0,20,True,36
2026-09-29,BoohooMAN,Buy Premier & Get 50% Off | code: PREMIER Plus Sizes Available Add boohooMAN White Oversized Korn License T-Shirt,17.6,22.0,20,True,36
2026-09-29,BoohooMAN,Buy Premier & Get 50% Off | code: PREMIER 2 Plus Sizes Available Add boohooMAN Oversized Official Embroidered Heavyweight Extended Neck T-shirt,11.2,14.0,20,True,36
2026-09-29,BoohooMAN,Buy Premier & Get 50% Off | code: PREMIER Back In Stock Add boohooMAN Oversized Boxy Fit Short Sleeve Linen Blend Co-Ord Shirt,20.0,25.0,20,True,36
2026-09-29,BoohooMAN,Buy Premier & Get 50% Off | code: PREMIER Tall Sizes Available Add boohooMAN Tall Half & Half Waistband Straight Fit Linen Blend Trousers,24.0,30.0,20,True,36
2026-09-29,BoohooMAN,Buy Premier & Get 50% Off | code: PREMIER Plus Sizes Available Add boohooMAN Relaxed Twill Carpenter Cargo Trousers,20.0,25.0,20,True,36
2026-09-29,BoohooMAN,Buy Premier & Get 50% Off | code: PREMIER Plus Sizes Available Add boohooMAN Man Active Regular Fit Hoodie & Jogger Tracksuit,32.0,40.0,20,True,36
2026-09-29,BoohooMAN,Buy Premier & Get 50% Off | code: PREMIER Plus Sizes Available Add boohooMAN Oversized Official Embroidered Heavyweight Extended Neck T-shirt,11.2,14.0,20,True,36
2026-09-29,BoohooMAN,Buy Premier & Get 50% Off | code: PREMIER Tall Sizes Available Add boohooMAN Tall Pleat Front Wide Leg Tailored Trousers,24.0,30.0,20,True,36
2026-09-29,BoohooMAN,Buy Premier & Get 50% Off | code: PREMIER Tall Sizes Available Add boohooMAN Tall Relaxed Cluster Rhinestone Camo Cargo Trousers,40.0,50.0,20,True,36
2026-09-29,BoohooMAN,Buy Premier & Get 50% Off | code: PREMIER Add boohooMAN Oversized Monaco Racing Wash Exposed Seam Long Sleeve T-Shirt,17.6,22.0,20,True,36
2026-09-29,BoohooMAN,Buy Premier & Get 50% Off | code: PREMIER Add boohooMAN Straight Fit Man Sport Embroidered Jogger,14.4,18.0,20,True,36
2026-09-29,BoohooMAN,Buy Premier & Get 50% Off | code: PREMIER 3 Add boohooMAN Herringbone Relaxed Fit Tailored Trousers,24.0,30.0,20,True,36
2026-09-29,BoohooMAN,Buy Premier & Get 50% Off | code: PREMIER Add boohooMAN Training Dept Gold Wide Leg Jogger,20.0,25.0,20,True,36
2026-09-29,BoohooMAN,Buy Premier & Get 50% Off | code: PREMIER Tall Sizes Available Add boohooMAN Tall Half & Half Waist Relaxed Fit Linen Blend Trouser,24.0,30.0,20,True,36
2026-09-29,BoohooMAN,Buy Premier & Get 50% Off | code: PREMIER Add boohooMAN 2 Pack Muscle Fit Essential Crew Neck T-Shirts,12.8,16.0,20,True,36
2026-09-29,BoohooMAN,Buy Premier & Get 50% Off | code: PREMIER Tall Sizes Available Add boohooMAN Tall Straight Flared Washed Jeans With Let Down Hem,22.4,28.0,20,True,36
2026-09-29,BoohooMAN,Buy Premier & Get 50% Off | code: PREMIER Add boohooMAN Croc Fireman Clasp Harrington Jacket,48.0,60.0,20,True,37
2026-09-29,BoohooMAN,Buy Premier & Get 50% Off | code: PREMIER Add boohooMAN Baggy Fit Man Sport Embroidered Jogger,16.0,20.0,20,True,37
2026-09-29,BoohooMAN,Buy Premier & Get 50% Off | code: PREMIER Add boohooMAN Regular Fit Official Acid Wash Hoodie & Straight Leg Jogger Tracksuit,44.0,55.0,20,True,37
2026-09-29,BoohooMAN,Buy Premier & Get 50% Off | code: PREMIER Plus Sizes Available Add boohooMAN Plus Oversized Rhinestone Embellished Heavyweight Check Overshirt,40.0,50.0,20,True,37
2026-09-29,BoohooMAN,Buy Premier & Get 50% Off | code: PREMIER Plus Sizes Available Add boohooMAN Collector's Edtn Oversized Striped Embroidered T-shirt,20.0,25.0,20,True,37
2026-09-29,BoohooMAN,Buy Premier & Get 50% Off | code: PREMIER Tall Sizes Available Add boohooMAN Tall 2 Pack Essential Regular Fit Vests,6.4,8.0,20,True,37
2026-09-29,BoohooMAN,Buy Premier & Get 50% Off | code: PREMIER Add boohooMAN Relaxed Fit Rhinestone Embellished Suit Trousers,32.0,40.0,20,True,37
2026-09-29,BoohooMAN,Buy Premier & Get 50% Off | code: PREMIER Tall Sizes Available Add boohooMAN Tall Essential Muscle Fit T-Shirt,6.4,8.0,20,True,37
2026-09-29,BoohooMAN,Buy Premier & Get 50% Off | code: PREMIER Tall Sizes Available Add boohooMAN Tall Essential Regular Fit T- Shirt,6.4,8.0,20,True,37
2026-09-29,BoohooMAN,Buy Premier & Get 50% Off | code: PREMIER Tall Sizes Available Add boohooMAN Tall Essential Slim Fit T- Shirt,6.4,8.0,20,True,37
2026-09-29,BoohooMAN,Buy Premier & Get 50% Off | code: PREMIER Add boohooMAN Skull Printed Straight Leg Lounge Bottoms,12.0,15.0,20,True,37
2026-09-29,BoohooMAN,Buy Premier & Get 50% Off | code: PREMIER Add boohooMAN Oversized Boxy Homme Reverse Loopback Long Sleeve Top,20.0,25.0,20,True,37
2026-09-29,BoohooMAN,Buy Premier & Get 50% Off | code: PREMIER Add boohooMAN Oversized Boxy Reverse Loopback Raglan Long Sleeve Top,17.6,22.0,20,True,37
2026-09-29,BoohooMAN,Buy Premier & Get 50% Off | code: PREMIER Add boohooMAN Interlock Striped Oversized Long Sleeve Tee- Shirt,17.6,22.0,20,True,37
2026-09-29,BoohooMAN,Buy Premier & Get 50% Off | code: PREMIER Add boohooMAN Oversized Over the Seams Graphic Washed T-Shirt,17.6,22.0,20,True,37
2026-09-29,BoohooMAN,Buy Premier & Get 50% Off | code: PREMIER Add boohooMAN Charcoal Oversized Certified Moto Print Hoodie,24.0,30.0,20,True,37
2026-09-29,BoohooMAN,Buy Premier & Get 50% Off | code: PREMIER Add boohooMAN Relaxed Boxy Extreme Fluffy Ombre Knitted Jumper,28.0,35.0,20,True,37
2026-09-29,BoohooMAN,Buy Premier & Get 50% Off | code: PREMIER Add boohooMAN Oversized Boxy Batwing Script Print Hoodie,24.0,30.0,20,True,37
2026-09-29,BoohooMAN,Buy Premier & Get 50% Off | code: PREMIER Add boohooMAN Grey Marl Oversized Boxy NYC Camo Print Hoodie,24.0,30.0,20,True,37
2026-09-29,BoohooMAN,Buy Premier & Get 50% Off | code: PREMIER Add boohooMAN Oversized Washed Spiderman License Print T-Shirt,17.6,22.0,20,True,37
2026-09-29,BoohooMAN,Buy Premier & Get 50% Off | code: PREMIER Add boohooMAN Oversized Boxy Homme Varsity Raglan Waffle Long Sleeve T-Shirt,20.0,25.0,20,True,37
2026-09-29,BoohooMAN,Buy Premier & Get 50% Off | code: PREMIER Add boohooMAN Oversized Graffiti Print Long Sleeve Slub T- Shirt,20.0,25.0,20,True,37
2026-09-29,BoohooMAN,Buy Premier & Get 50% Off | code: PREMIER Add boohooMAN Mixed PU Textured Bomber Jacket,48.0,55.0,13,True,37
2026-09-29,BoohooMAN,Buy Premier & Get 50% Off | code: PREMIER Add boohooMAN Straight Fit Man Sport Washed Jogger,20.0,25.0,20,True,37
2026-09-29,BoohooMAN,Buy Premier & Get 50% Off | code: PREMIER Add boohooMAN Oversized Boxy Man Sport Long Sleeve Washed T-Shirt,16.0,20.0,20,True,37
2026-09-29,BoohooMAN,Buy Premier & Get 50% Off | code: PREMIER Add boohooMAN Oversized Homme Moto Graphic Rugby Polo,24.0,30.0,20,True,37
2026-09-29,BoohooMAN,Buy Premier & Get 50% Off | code: PREMIER Add boohooMAN MAN Loungewear Straight Leg Jogger,9.6,12.0,20,True,37
2026-09-29,BoohooMAN,Buy Premier & Get 50% Off | code: PREMIER Tall Sizes Available Add boohooMAN Tall Oversized Boxy Embroidered B 1/4 Zip Sweatshirt & Straight Leg Tracksuit,32.0,40.0,20,True,37
2026-09-29,BoohooMAN,Buy Premier & Get 50% Off | code: PREMIER Add boohooMAN Oversized Homme Mesh Applique Raglan T-Shirt,14.4,18.0,20,True,37
2026-09-29,BoohooMAN,Buy Premier & Get 50% Off | code: PREMIER Add boohooMAN Oversized Boxy Slub Long Sleeve Raglan T-Shirt,16.0,20.0,20,True,37
2026-09-29,BoohooMAN,Buy Premier & Get 50% Off | code: PREMIER Add boohooMAN Relaxed Fit Brushed Jacquard Branded Jumper,24.0,30.0,20,True,38
2026-09-29,BoohooMAN,Buy Premier & Get 50% Off | code: PREMIER Add boohooMAN Relaxed Brush Skull Jacquard Knitted Jumper,24.0,30.0,20,True,38
2026-09-29,BoohooMAN,Buy Premier & Get 50% Off | code: PREMIER Add boohooMAN White Regular Boxy Distressed Grunge Graphic Raw Hem T-Shirt,14.4,18.0,20,True,38
2026-09-29,BoohooMAN,Buy Premier & Get 50% Off | code: PREMIER Add boohooMAN Washed Blue Oversized Homme Official Print Spray Long Sleeve T-Shirt,20.0,25.0,20,True,38
2026-09-29,BoohooMAN,Buy Premier & Get 50% Off | code: PREMIER Add boohooMAN Black Oversized Homme Official Print Spray Wash Sweatshirt,24.0,30.0,20,True,38
2026-09-29,BoohooMAN,Buy Premier & Get 50% Off | code: PREMIER Add boohooMAN Skeleton Hand Straight Leg Lounge Bottom,12.0,15.0,20,True,38
2026-09-29,BoohooMAN,Buy Premier & Get 50% Off | code: PREMIER Add boohooMAN Chocolate Oversized Homme Official Print Spray Wash Hoodie,28.0,35.0,20,True,38
2026-09-29,BoohooMAN,Buy Premier & Get 50% Off | code: PREMIER Add boohooMAN Baggy Fit Moto Joggers,22.4,28.0,20,True,38
2026-09-29,BoohooMAN,Buy Premier & Get 50% Off | code: PREMIER Add boohooMAN Regular Fit Borg Lined Colour Block Parka,40.0,50.0,20,True,38
2026-09-29,BoohooMAN,Buy Premier & Get 50% Off | code: PREMIER Add boohooMAN Oversized Boxy Gothic Print Faux Layer T-Shirt,17.6,22.0,20,True,38
2026-09-29,BoohooMAN,Buy Premier & Get 50% Off | code: PREMIER Add boohooMAN Oversized Green Day Dookie License Print T-Shirt,16.0,20.0,20,True,38
2026-09-29,BoohooMAN,Buy Premier & Get 50% Off | code: PREMIER Add boohooMAN Tinted Rhinestone Ripped Baggy Fit Jeans,40.0,50.0,20,True,38
2026-09-29,BoohooMAN,Buy Premier & Get 50% Off | code: PREMIER Add boohooMAN Colourblock Oversized Boxy Sweatshirt,20.0,25.0,20,True,38
2026-09-29,BoohooMAN,Buy Premier & Get 50% Off | code: PREMIER Add boohooMAN Tinted Washed Chain Detail Baggy Fit Jeans,28.0,35.0,20,True,38
2026-09-29,BoohooMAN,Buy Premier & Get 50% Off | code: PREMIER Add boohooMAN White Oversized Homme Official Print Spray Wash T-Shirt,16.0,20.0,20,True,38
2026-09-29,BoohooMAN,Buy Premier & Get 50% Off | code: PREMIER Add boohooMAN Wide Leg Grunge Washed Jogger,24.0,30.0,20,True,38
2026-09-29,BoohooMAN,Buy Premier & Get 50% Off | code: PREMIER Add boohooMAN Relaxed Boxy L'Homme Brushed Knitted Cardigan,24.0,30.0,20,True,38
2026-09-29,BoohooMAN,Buy Premier & Get 50% Off | code: PREMIER Add boohooMAN Straight Fit Man Script Embroidered Jogger,16.0,20.0,20,True,38
2026-09-29,BoohooMAN,Buy Premier & Get 50% Off | code: PREMIER Add boohooMAN Long Sleeve Regular Fit Satin Shirt,20.0,25.0,20,True,38
2026-09-29,BoohooMAN,Buy Premier & Get 50% Off | code: PREMIER Add boohooMAN Scary Face Straight Leg Lounge Bottom,12.0,15.0,20,True,38
2026-09-29,BoohooMAN,Buy Premier & Get 50% Off | code: PREMIER Add boohooMAN Washed Khaki Oversized Stockholm Print T-Shirt,14.4,18.0,20,True,38
2026-09-29,BoohooMAN,Buy Premier & Get 50% Off | code: PREMIER Add boohooMAN Relaxed Boxy Tipped Knitted Zip Through Cardigan,28.0,35.0,20,True,38
2026-09-29,BoohooMAN,Buy Premier & Get 50% Off | code: PREMIER Tall Sizes Available Add boohooMAN Tall Oversized Boxy Asymmetric Placket Poplin Shirt,20.0,25.0,20,True,38
2026-09-29,BoohooMAN,Buy Premier & Get 50% Off | code: PREMIER Add boohooMAN Relaxed Fit Soft Touch Knitted Cardigan,22.4,28.0,20,True,38
2026-09-29,BoohooMAN,Buy Premier & Get 50% Off | code: PREMIER Add boohooMAN Oversized Boxy Homme Moto Waffle Long Sleeve T-Shirt,17.6,22.0,20,True,38
2026-09-29,BoohooMAN,Buy Premier & Get 50% Off | code: PREMIER Add boohooMAN Regular Raglan Ribbed Roll Neck Knitted Jumper,24.0,30.0,20,True,38
2026-09-29,BoohooMAN,Buy Premier & Get 50% Off | code: PREMIER Add boohooMAN Regular Fit Interlock Active Hoodie & Slim Fit jogger,40.0,50.0,20,True,38
2026-09-29,BoohooMAN,Buy Premier & Get 50% Off | code: PREMIER Add boohooMAN Regular Fit Embellished Homme Hoodie & Straight Leg Tracksuit,48.0,60.0,20,True,38
2026-09-29,BoohooMAN,Buy Premier & Get 50% Off | code: PREMIER Add boohooMAN Relaxed Boxy Plated Cable Knitted Cardigan,24.0,30.0,20,True,38
2026-09-29,BoohooMAN,Buy Premier & Get 50% Off | code: PREMIER Tall Sizes Available Add boohooMAN Tall Charcoal Oversized Certified Moto Print Hoodie,24.0,30.0,20,True,38
2026-09-29,BoohooMAN,Buy Premier & Get 50% Off | code: PREMIER Add boohooMAN Relaxed Brushed Rib Knitted Cardigan,24.0,30.0,20,True,38
2026-09-29,BoohooMAN,Buy Premier & Get 50% Off | code: PREMIER Add boohooMAN Oversized Boxy Double Pocket Embroidered Textured Shirt,20.0,25.0,20,True,38
2026-09-29,BoohooMAN,Buy Premier & Get 50% Off | code: PREMIER Add boohooMAN 400 GSM Heavy Weight Spray Wash Oversized Boxy Sweatshirt,24.0,30.0,20,True,38
2026-09-29,BoohooMAN,Buy Premier & Get 50% Off | code: PREMIER Add boohooMAN Oversized Ringer Raglan Long Sleeve T- Shirt,14.4,18.0,20,True,39
2026-09-29,BoohooMAN,Buy Premier & Get 50% Off | code: PREMIER Add boohooMAN Relaxed Boxy Stripe Brushed Knitted Zip Through Cardigan,28.0,35.0,20,True,39
2026-09-29,BoohooMAN,Buy Premier & Get 50% Off | code: PREMIER Add boohooMAN Oversized Boxy Contrast Stitch Zip Through Hoodie,24.0,30.0,20,True,39
2026-09-29,BoohooMAN,Buy Premier & Get 50% Off | code: PREMIER Tall Sizes Available Add boohooMAN Oversized Shrunken Fit Polka Dot Hoodie,24.0,30.0,20,True,39
2026-09-29,BoohooMAN,Buy Premier & Get 50% Off | code: PREMIER Add boohooMAN Tall Oversized Boxy Long Sleeve Stripe Shirt,20.0,25.0,20,True,39
2026-09-29,BoohooMAN,Buy Premier & Get 50% Off | code: PREMIER Tall Sizes Available Add boohooMAN Tall Oversized Boxy Moto Contrast Stitch Sweatshirt,20.0,25.0,20,True,39
2026-09-29,BoohooMAN,Buy Premier & Get 50% Off | code: PREMIER Tall Sizes Available Add boohooMAN Oversized Boxy Zip Through Polka Dot Hoodie,28.0,35.0,20,True,39
2026-09-29,BoohooMAN,Buy Premier & Get 50% Off | code: PREMIER Tall Sizes Available Add boohooMAN Tall Regular Fit Embroidered Stripe Shirt,20.0,25.0,20,True,39
2026-09-29,BoohooMAN,Buy Premier & Get 50% Off | code: PREMIER Add boohooMAN Tall Essential Oversized Boxy Flannel Long Sleeve Shirt,16.0,20.0,20,True,39
2026-09-29,BoohooMAN,Buy Premier & Get 50% Off | code: PREMIER Add boohooMAN Washed Ecru Oversized Boxy Los Angeles Graphic Print Raw Hem T-Shirt,12.8,16.0,20,True,39
2026-09-29,BoohooMAN,Buy Premier & Get 50% Off | code: PREMIER Add boohooMAN Regular Fit Camo Star Applique Overshirt,30.4,38.0,20,True,39
2026-09-29,BoohooMAN,Buy Premier & Get 50% Off | code: PREMIER Tall Sizes Available Add boohooMAN Tall Essential Regular Fit Crew Neck T-Shirt,6.4,8.0,20,True,39
2026-09-29,BoohooMAN,Buy Premier & Get 50% Off | code: PREMIER Add boohooMAN Oversized Reversible Faux Fur & PU Clasp Hooded Bomber Jacket,56.0,70.0,20,True,39
2026-09-29,BoohooMAN,Buy Premier & Get 50% Off | code: PREMIER Add boohooMAN Herringbone Relaxed Fit Tailored Trousers,24.0,30.0,20,True,39
2026-09-29,BoohooMAN,Buy Premier & Get 50% Off | code: PREMIER Add boohooMAN Washed Relaxed Fit Belted Rhinestone Denim Jorts,28.0,35.0,20,True,39
2026-09-29,BoohooMAN,Buy Premier & Get 50% Off | code: PREMIER Add boohooMAN Oversized Boxy Man Washed Panelled T-Shirt,14.4,18.0,20,True,39
2026-09-29,BoohooMAN,Buy Premier & Get 50% Off | code: PREMIER Add boohooMAN Oversized Boucle Bungee Hem Check Overshirt,24.0,30.0,20,True,39
2026-09-29,BoohooMAN,Buy Premier & Get 50% Off | code: PREMIER Plus Sizes Available Add boohooMAN One More Rep Performance Muscle Fit T-Shirt,11.2,14.0,20,True,39
2026-09-29,BoohooMAN,Buy Premier & Get 50% Off | code: PREMIER Plus Sizes Available Add boohooMAN Plus Forest Washed Camo Slim Stacked Multi Cargo Trouser,24.0,30.0,20,True,39
2026-09-29,BoohooMAN,Buy Premier & Get 50% Off | code: PREMIER Plus Sizes Available Back In Stock Add boohooMAN Washed Camo Distressed Denim Jorts,24.0,30.0,20,True,39
2026-09-29,BoohooMAN,Buy Premier & Get 50% Off | code: PREMIER Plus Sizes Available Add boohooMAN Man Active Running Stretch Tapered Jogger,20.0,25.0,20,True,39
2026-09-29,BoohooMAN,Buy Premier & Get 50% Off | code: PREMIER Add boohooMAN Washed Distressed Gothic Chain Detail Super Baggy Jeans,28.0,35.0,20,True,39
2026-09-29,BoohooMAN,Buy Premier & Get 50% Off | code: PREMIER Add boohooMAN Oversized Boxy Exposed Seam Dove Print T-Shirt,12.8,16.0,20,True,39
2026-09-29,BoohooMAN,Buy Premier & Get 50% Off | code: PREMIER Add boohooMAN Muscle Fit Ribbed Knitted Jumper,16.0,20.0,20,True,39
2026-09-29,BoohooMAN,Buy Premier & Get 50% Off | code: PREMIER Add boohooMAN Regular Fit Collared Coach Jacket,20.0,25.0,20,True,40
2026-09-29,BoohooMAN,Buy Premier & Get 50% Off | code: PREMIER Add boohooMAN Nylon Varsity Jacket With Badges,28.0,35.0,20,True,40
2026-09-29,BoohooMAN,Buy Premier & Get 50% Off | code: PREMIER Add boohooMAN Man Active Running Vent Tapered Jogger,20.0,25.0,20,True,40
2026-09-29,BoohooMAN,Buy Premier & Get 50% Off | code: PREMIER Plus Sizes Available Add boohooMAN Oversized La Residence Embroidered Stripe Rugby Polo,20.0,25.0,20,True,40
2026-09-29,BoohooMAN,Buy Premier & Get 50% Off | code: PREMIER Add boohooMAN Oversized Boxy Soft Touch Knitted Cardigan,20.0,25.0,20,True,40
2026-09-29,BoohooMAN,Buy Premier & Get 50% Off | code: PREMIER Add boohooMAN Relaxed Fit Nylon Piping Detail Track Pants,24.0,30.0,20,True,40
2026-09-29,BoohooMAN,Buy Premier & Get 50% Off | code: PREMIER Add boohooMAN Mid Wash Pinstripe Baggy Fit Jeans,24.0,30.0,20,True,40
2026-09-29,BoohooMAN,Buy Premier & Get 50% Off | code: PREMIER Tall Sizes Available Add boohooMAN Tall White Oversized Tokyo Floral Graphic T-Shirt,12.8,16.0,20,True,40
2026-09-29,BoohooMAN,Buy Premier & Get 50% Off | code: PREMIER Add boohooMAN Regular Fit Boucle Duffle Clasp Hooded Jacket,48.0,60.0,20,True,40
2026-09-29,BoohooMAN,Buy Premier & Get 50% Off | code: PREMIER Plus Sizes Available Add boohooMAN 2 Pack Oversized Essential Crew Neck T-Shirts,14.4,18.0,20,True,40
2026-09-29,BoohooMAN,Buy Premier & Get 50% Off | code: PREMIER Add boohooMAN Carpenter Denim Jorts,22.4,28.0,20,True,40
2026-09-29,BoohooMAN,Buy Premier & Get 50% Off | code: PREMIER Back In Stock Add boohooMAN Baggy BM Scroll Barrel Fit Joggers,20.0,25.0,20,True,40
2026-09-29,BoohooMAN,Buy Premier & Get 50% Off | code: PREMIER 1 Plus Sizes Available Add boohooMAN Extreme Wide Leg Exposed Seam Jogger,19.2,24.0,20,True,40
2026-09-29,BoohooMAN,Buy Premier & Get 50% Off | code: PREMIER 1 Plus Sizes Available Add boohooMAN Man Active Colour Block Stretch Woven Regular Fit Tracksuit,36.0,45.0,20,True,40
2026-09-29,BoohooMAN,Buy Premier & Get 50% Off | code: PREMIER Plus Sizes Available Back In Stock Add boohooMAN Oversized Floral Photo Back Print T-Shirt,12.8,16.0,20,True,40
2026-09-29,BoohooMAN,Buy Premier & Get 50% Off | code: PREMIER Add boohooMAN Oversized Iron Maiden License Washed Sweatshirt,28.0,35.0,20,True,40
2026-09-29,BoohooMAN,Buy Premier & Get 50% Off | code: PREMIER Add boohooMAN Oversized Spiderman License Print T-Shirt,16.0,20.0,20,True,40
2026-09-29,BoohooMAN,Buy Premier & Get 50% Off | code: PREMIER Tall Sizes Available Add boohooMAN Tall 2 Pack Muscle Fit T-shirt,12.8,16.0,20,True,40
2026-09-29,BoohooMAN,Buy Premier & Get 50% Off | code: PREMIER Add boohooMAN Oversized Boxy Waffle Raglan T-Shirt,12.8,16.0,20,True,40
2026-09-29,BoohooMAN,Buy Premier & Get 50% Off | code: PREMIER Back In Stock Add boohooMAN Washed Chocolate Oversized Workwear Badge Print Long Sleeve T-Shirt,20.0,25.0,20,True,40
2026-09-29,BoohooMAN,Buy Premier & Get 50% Off | code: PREMIER Add boohooMAN PU & Check Reversible Fireman Clasp Bomber Jacket,64.0,80.0,20,True,40
2026-09-29,BoohooMAN,Buy Premier & Get 50% Off | code: PREMIER Add boohooMAN Varsity Embroidered Longline Denim Jorts,22.4,28.0,20,True,40
2026-09-29,BoohooMAN,Buy Premier & Get 50% Off | code: PREMIER Add boohooMAN Baggy Fit Man Sport Embroidered Jogger,20.0,25.0,20,True,40
2026-09-29,BoohooMAN,Buy Premier & Get 50% Off | code: PREMIER Add boohooMAN Mid Wash Pinstripe Boxy Denim Hoodie,36.0,45.0,20,True,40
2026-09-29,BoohooMAN,Buy Premier & Get 50% Off | code: PREMIER Add boohooMAN Oversized Ford License Hoodie,32.0,40.0,20,True,40
2026-09-29,BoohooMAN,Buy Premier & Get 50% Off | code: PREMIER Plus Sizes Available Add boohooMAN Black Oversized Guinness License Printed T-Shirt,17.6,22.0,20,True,40
2026-09-29,BoohooMAN,Buy Premier & Get 50% Off | code: PREMIER Add boohooMAN Boxy Fit Brushed Extended Neck Knitted Jumper,16.0,20.0,20,True,40
2026-09-29,BoohooMAN,Buy Premier & Get 50% Off | code: PREMIER Add boohooMAN Oversized Boxy Star Graffiti Print Tank,9.6,12.0,20,True,41
2026-09-29,BoohooMAN,Buy Premier & Get 50% Off | code: PREMIER Back In Stock Add boohooMAN Man Active Quilted Regular Fit Gilet,24.0,30.0,20,True,41
2026-09-29,BoohooMAN,Buy Premier & Get 50% Off | code: PREMIER Add boohooMAN Ecru Oversized Boxy Arizona Print Raw Hem T-Shirt,12.8,16.0,20,True,41
2026-09-29,BoohooMAN,Buy Premier & Get 50% Off | code: PREMIER Back In Stock Add boohooMAN Oversized Boxy Long Sleeve Linen Co-Ord Blend Shirt,20.0,25.0,20,True,41
2026-09-29,BoohooMAN,Buy Premier & Get 50% Off | code: PREMIER Add boohooMAN Relaxed Raglan Extreme Fluffy Knitted Funnel Jumper,32.0,40.0,20,True,41
2026-09-29,BoohooMAN,Buy Premier & Get 50% Off | code: PREMIER Tall Sizes Available Add boohooMAN Tall Mid Length Mesh Tape Detail Basketball Shorts,16.0,20.0,20,True,41
2026-09-29,BoohooMAN,Buy Premier & Get 50% Off | code: PREMIER Add boohooMAN Moto Badge Boxy Denim Hoodie,40.0,50.0,20,True,41
2026-09-29,BoohooMAN,Buy Premier & Get 50% Off | code: PREMIER Add boohooMAN PU Textured Harrington Jacket,40.0,50.0,20,True,41
2026-09-29,BoohooMAN,Buy Premier & Get 50% Off | code: PREMIER Plus Sizes Available Add boohooMAN MAN Loungewear Cuffed Jogger,9.6,12.0,20,True,41
2026-09-29,BoohooMAN,Buy Premier & Get 50% Off | code: PREMIER Add boohooMAN Relaxed Fixed Waist Trouser,24.0,30.0,20,True,41
2026-09-29,BoohooMAN,Buy Premier & Get 50% Off | code: PREMIER Plus Sizes Available Add boohooMAN Regular Fit Ribbed Knitted Jumper,16.0,20.0,20,True,41
2026-09-29,BoohooMAN,Buy Premier & Get 50% Off | code: PREMIER Add boohooMAN All Over Rhinestone Overdye Denim Jorts,28.0,35.0,20,True,41
2026-09-29,BoohooMAN,Buy Premier & Get 50% Off | code: PREMIER Plus Sizes Available Back In Stock Add boohooMAN Hooded Parka With Removable Faux Fur Trim,52.0,65.0,20,True,41
2026-09-29,BoohooMAN,Buy Premier & Get 50% Off | code: PREMIER Back In Stock Add boohooMAN Washed Twill Contrast Cord Collar Worker Jacket,40.0,50.0,20,True,41
2026-09-29,BoohooMAN,Buy Premier & Get 50% Off | code: PREMIER Plus Sizes Available Back In Stock Add boohooMAN Oversized Boxy Money Slogan Distressed Applique T-Shirt,16.0,20.0,20,True,41
2026-09-29,BoohooMAN,Buy Premier & Get 50% Off | code: PREMIER Add boohooMAN Oversized Official Slub Jersey Long Sleeve T-Shirt,20.0,25.0,20,True,41
2026-09-29,BoohooMAN,Buy Premier & Get 50% Off | code: PREMIER Tall Sizes Available Back In Stock Add boohooMAN Tall Relaxed Rigid Cargo Jeans,22.4,28.0,20,True,41
2026-09-29,BoohooMAN,Buy Premier & Get 50% Off | code: PREMIER Add boohooMAN Oversized Boxy Official Moto Graphic Hoodie,24.0,30.0,20,True,41
2026-09-29,BoohooMAN,Buy Premier & Get 50% Off | code: PREMIER Tall Sizes Available Add boohooMAN Tall MAN Regular Fit Midweight Padded Gilet,24.0,30.0,20,True,41
2026-09-29,BoohooMAN,Buy Premier & Get 50% Off | code: PREMIER Tall Sizes Available Add boohooMAN Tall Western Car Back Embroidered Flannel Shirt,20.0,25.0,20,True,41
2026-09-29,BoohooMAN,Buy Premier & Get 50% Off | code: PREMIER Add boohooMAN Oversized Boxy Ofcl Star Distressed T-Shirt,14.4,18.0,20,True,41
2026-09-29,BoohooMAN,Buy Premier & Get 50% Off | code: PREMIER Tall Sizes Available Add boohooMAN Tall Boxy Fit Tumbled PU Homme Moto Jacket,56.0,70.0,20,True,41
2026-09-29,BoohooMAN,Buy Premier & Get 50% Off | code: PREMIER Add boohooMAN Wide Leg Gothic Print Jogger,24.0,30.0,20,True,41
2026-09-29,BoohooMAN,Buy Premier & Get 50% Off | code: PREMIER Add boohooMAN Oversized Crop Raw Hem Flannel Check Shirt,20.0,25.0,20,True,41
2026-09-29,BoohooMAN,Buy Premier & Get 50% Off | code: PREMIER Add boohooMAN Regular Fit Camo T-Shirt,11.2,14.0,20,True,41
2026-09-29,BoohooMAN,Buy Premier & Get 50% Off | code: PREMIER Plus Sizes Available Add boohooMAN Boxy Faux Fur Collar Puffer Jacket In Black,44.0,55.0,20,True,41
2026-09-29,BoohooMAN,Buy Premier & Get 50% Off | code: PREMIER Add boohooMAN Oversized Over Seam Spider Back Print T-shirt,16.0,20.0,20,True,41
2026-09-29,BoohooMAN,Buy Premier & Get 50% Off | code: PREMIER Tall Sizes Available Add boohooMAN Tall Balloon Leg Scuba Jogger,24.0,30.0,20,True,41
2026-09-29,BoohooMAN,Buy Premier & Get 50% Off | code: PREMIER Tall Sizes Available Add boohooMAN Tall Black Oversized Tonal Tiger Puff Print Hoodie,24.0,30.0,20,True,41
2026-09-29,BoohooMAN,Buy Premier & Get 50% Off | code: PREMIER Tall Sizes Available Add boohooMAN Tall Relaxed Ribbed V Neck Knitted Polo,24.0,30.0,20,True,41
2026-09-29,BoohooMAN,Buy Premier & Get 50% Off | code: PREMIER Plus Sizes Available Add boohooMAN Extreme Wide Leg Jogger,17.6,22.0,20,True,42
2026-09-29,BoohooMAN,Buy Premier & Get 50% Off | code: PREMIER Add boohooMAN Baggy Rigid Multi Pocket Cargo Bleached Jeans,24.0,30.0,20,True,42
2026-09-29,BoohooMAN,Buy Premier & Get 50% Off | code: PREMIER Add boohooMAN Oversized Boxy Micro Check Shirt,20.0,25.0,20,True,42
2026-09-29,BoohooMAN,Buy Premier & Get 50% Off | code: PREMIER Plus Sizes Available Back In Stock Add boohooMAN Man Active Lightweight Essentials Gym Raglan Muscle 1/4 Zip & Short Set,22.4,28.0,20,True,42
2026-09-29,BoohooMAN,Buy Premier & Get 50% Off | code: PREMIER Tall Sizes Available Add boohooMAN Tall Oversized Twill Trench Coat,40.0,50.0,20,True,42
2026-09-29,BoohooMAN,Buy Premier & Get 50% Off | code: PREMIER Tall Sizes Available Add boohooMAN Tall Oversized Boxy Man Seam Detail Hooded Tracksuit,36.0,45.0,20,True,42
2026-09-29,BoohooMAN,Buy Premier & Get 50% Off | code: PREMIER 1 Add boohooMAN Oversized Nirvana Utero License Print Hoodie,36.0,45.0,20,True,42
2026-09-29,BoohooMAN,Buy Premier & Get 50% Off | code: PREMIER Add boohooMAN Training Dept Performance Oversized T-shirt,12.8,16.0,20,True,42
2026-09-29,BoohooMAN,Buy Premier & Get 50% Off | code: PREMIER Add boohooMAN Essential Oversized Boxy Crew Neck Sweatshirt,12.8,16.0,20,True,42
2026-09-29,BoohooMAN,Buy Premier & Get 50% Off | code: PREMIER Add boohooMAN Black Oversized Boxy Worldwide Graffiti Print Sweatshirt,20.0,25.0,20,True,42
2026-09-29,BoohooMAN,Buy Premier & Get 50% Off | code: PREMIER Add boohooMAN Mid Length Hooded Puffer Jacket,48.0,60.0,20,True,42
2026-09-29,BoohooMAN,Buy Premier & Get 50% Off | code: PREMIER Add boohooMAN Faux Fur Hooded Arctic Parka Jacket,52.0,65.0,20,True,42
2026-09-29,BoohooMAN,Buy Premier & Get 50% Off | code: PREMIER Add boohooMAN Oversized Nirvana Embroidered Smiley License Print Hoodie,32.0,40.0,20,True,42
2026-09-29,BoohooMAN,Buy Premier & Get 50% Off | code: PREMIER Tall Sizes Available Add boohooMAN Tall Boxy Fit Melton & PU OFCL Varsity Jacket,48.0,60.0,20,True,42
2026-09-29,BoohooMAN,Buy Premier & Get 50% Off | code: PREMIER Tall Sizes Available Add boohooMAN Tall Regular Fit Borg and Nylon Mix Hooded Jacket,40.0,50.0,20,True,42
2026-09-29,BoohooMAN,Buy Premier & Get 50% Off | code: PREMIER Add boohooMAN Oversized Boxy Colourblock Funnel Neck Hoodie & Baggy Short Tracksuit,32.0,40.0,20,True,42
2026-09-29,BoohooMAN,Buy Premier & Get 50% Off | code: PREMIER Add boohooMAN Training Dept Oversized Boxy Contrast Drawcord Hoodie,20.0,25.0,20,True,42
2026-09-29,BoohooMAN,Buy Premier & Get 50% Off | code: PREMIER Add boohooMAN Man Active Slim Fit Cuffed Cargo Jogger,24.0,30.0,20,True,42
2026-09-29,BoohooMAN,Buy Premier & Get 50% Off | code: PREMIER Add boohooMAN Washed Chocolate Oversized Homme Official Print Sweatshirt,24.0,30.0,20,True,42
2026-09-29,BoohooMAN,Buy Premier & Get 50% Off | code: PREMIER Tall Sizes Available Add boohooMAN Tall Washed Stone Oversized Gothic Line Drawn Print T-Shirt,20.0,25.0,20,True,42
2026-09-29,BoohooMAN,Buy Premier & Get 50% Off | code: PREMIER Tall Sizes Available Add boohooMAN Tall Straight Leg Asymmetric Pocket Cargo Trousers,24.0,30.0,20,True,42
2026-09-29,BoohooMAN,Buy Premier & Get 50% Off | code: PREMIER Add boohooMAN Oversized Boxy Homme Moto Mesh Long Sleeve Top,24.0,30.0,20,True,42
2026-09-29,BoohooMAN,Buy Premier & Get 50% Off | code: PREMIER Add boohooMAN Essential Baggy Fit Elasticated Waist Chino,20.0,25.0,20,True,42
2026-09-29,BoohooMAN,Buy Premier & Get 50% Off | code: PREMIER Add boohooMAN Oversized Brushed Check Hooded Jacket,40.0,50.0,20,True,42
2026-09-29,BoohooMAN,Buy Premier & Get 50% Off | code: PREMIER Plus Sizes Available Add boohooMAN Balloon Fit Bonded Scuba Joggers,24.0,30.0,20,True,42
2026-09-29,BoohooMAN,Buy Premier & Get 50% Off | code: PREMIER Back In Stock Add boohooMAN Spider Web Print Lounge Joggers,12.0,15.0,20,True,42
2026-09-29,BoohooMAN,Buy Premier & Get 50% Off | code: PREMIER Add boohooMAN Active Progress Over Perfection Oversized Washed Extended Neck T-Shirt,12.8,16.0,20,True,42
2026-09-29,BoohooMAN,Buy Premier & Get 50% Off | code: PREMIER Add boohooMAN Oversized Batwing Crew Neck Scuba Sweat,24.0,30.0,20,True,43
2026-09-29,BoohooMAN,Buy Premier & Get 50% Off | code: PREMIER Add boohooMAN Washed Oversized Ford License Print T-Shirt,17.6,22.0,20,True,43
2026-09-29,BoohooMAN,Buy Premier & Get 50% Off | code: PREMIER Plus Sizes Available Back In Stock Add boohooMAN Colour Block Borg Jacket In Sage,32.0,40.0,20,True,43
2026-09-29,BoohooMAN,Buy Premier & Get 50% Off | code: PREMIER Add boohooMAN Essential Oversized Crop Flannel Long Sleeve Shirt,16.0,20.0,20,True,43
2026-09-29,BoohooMAN,Buy Premier & Get 50% Off | code: PREMIER Add boohooMAN Regular Fit Colour Block MAN Raglan Puffer,48.0,60.0,20,True,43
2026-09-29,BoohooMAN,Buy Premier & Get 50% Off | code: PREMIER Add boohooMAN Oversized Crop Embroidered Patch Stripe Shirt,20.0,25.0,20,True,43
2026-09-29,BoohooMAN,Buy Premier & Get 50% Off | code: PREMIER Add boohooMAN Washed Charcoal Oversized Kyoto Print Distressed T-Shirt,14.4,18.0,20,True,43
2026-09-29,BoohooMAN,Buy Premier & Get 50% Off | code: PREMIER Add boohooMAN Training Dept Regular Fit Performance T-shirt,11.2,14.0,20,True,43
2026-09-29,BoohooMAN,Buy Premier & Get 50% Off | code: PREMIER Add boohooMAN Flared Pintuck Smart Tailored Trousers,24.0,30.0,20,True,43
2026-09-29,BoohooMAN,Buy Premier & Get 50% Off | code: PREMIER Add boohooMAN Oversized Boxy Raw Hem Checked Shirt,20.0,25.0,20,True,43
2026-09-29,BoohooMAN,Buy Premier & Get 50% Off | code: PREMIER Add boohooMAN Ripped Knee Tinted Wash Chain Detail Super Baggy Fit Jeans,28.0,35.0,20,True,43
2026-09-29,BoohooMAN,Buy Premier & Get 50% Off | code: PREMIER Add boohooMAN Boxy Fit Bubble Funnel Neck Puffer,40.0,50.0,20,True,43
2026-09-29,BoohooMAN,Buy Premier & Get 50% Off | code: PREMIER Add boohooMAN Tall Double Breasted Cropped Melton Overcoat,40.0,50.0,20,True,43
2026-09-29,BoohooMAN,Buy Premier & Get 50% Off | code: PREMIER Add boohooMAN Oversized Spider Man Gothic License Print Hoodie,28.0,35.0,20,True,43
2026-09-29,BoohooMAN,Buy Premier & Get 50% Off | code: PREMIER Add boohooMAN Oversized Star Wars License Print T-Shirt,16.0,20.0,20,True,43
2026-09-29,BoohooMAN,Buy Premier & Get 50% Off | code: PREMIER Plus Sizes Available Add boohooMAN Regular Fit Man Active Hoodie & Short Tracksuit,28.0,35.0,20,True,43
2026-09-29,BoohooMAN,Buy Premier & Get 50% Off | code: PREMIER Add boohooMAN Man Active Muscle Fit Rib Vest,11.2,14.0,20,True,43
2026-09-29,BoohooMAN,Buy Premier & Get 50% Off | code: PREMIER Add boohooMAN Black Oversized Boxy Sex Slogan Print Sweatshirt,20.0,25.0,20,True,43
2026-09-29,BoohooMAN,Buy Premier & Get 50% Off | code: PREMIER Add boohooMAN Relaxed Boucle Branded Knitted Jogger Set,24.0,30.0,20,True,43
2026-09-29,BoohooMAN,Buy Premier & Get 50% Off | code: PREMIER Add boohooMAN Oversized Boxy Faux Layer Camo Print T-shirt,20.0,25.0,20,True,43
2026-09-29,BoohooMAN,Buy Premier & Get 50% Off | code: PREMIER Tall Sizes Available Add boohooMAN Tall Essential Skinny Stretch Fit Denim Shorts,14.4,18.0,20,True,43
2026-09-29,BoohooMAN,Buy Premier & Get 50% Off | code: PREMIER Add boohooMAN Relaxed Boucle Branded Knitted Jumper,24.0,30.0,20,True,43
2026-09-29,BoohooMAN,Buy Premier & Get 50% Off | code: PREMIER Add boohooMAN Regular Fit Faux Fur Trim Hooded Rib Puffer,48.0,60.0,20,True,43
2026-09-29,BoohooMAN,Buy Premier & Get 50% Off | code: PREMIER Tall Sizes Available Add boohooMAN Tall Oversized Blue Dice Embroidered T-shirt In Black,12.8,16.0,20,True,43
2026-09-29,BoohooMAN,Buy Premier & Get 50% Off | code: PREMIER Plus Sizes Available Add boohooMAN Oversized Leopard Borg Overshirt,28.0,35.0,20,True,43
2026-09-29,BoohooMAN,Buy Premier & Get 50% Off | code: PREMIER Tall Sizes Available Add boohooMAN Tall Straight Leg Crease Front Chino,20.0,25.0,20,True,43
2026-09-29,BoohooMAN,Buy Premier & Get 50% Off | code: PREMIER Plus Sizes Available Add boohooMAN Faux Suede Aviator Jacket In Brown,48.0,60.0,20,True,43
2026-09-29,BoohooMAN,Buy Premier & Get 50% Off | code: PREMIER Add boohooMAN Oversized Boxy Curve Hem Boucle Overshirt,28.0,35.0,20,True,44
2026-09-29,BoohooMAN,Buy Premier & Get 50% Off | code: PREMIER Add boohooMAN White Regular Spray Renaissance Print T-Shirt,12.8,16.0,20,True,44
2026-09-29,BoohooMAN,Buy Premier & Get 50% Off | code: PREMIER Plus Sizes Available Add boohooMAN Man Active Gym Essential Muscle Fit Vest,8.0,10.0,20,True,44
2026-09-29,BoohooMAN,Buy Premier & Get 50% Off | code: PREMIER Plus Sizes Available Add boohooMAN Regular Fit 1/4 Zip Ribbed Knitted Jumper,20.0,25.0,20,True,44
2026-09-29,BoohooMAN,Buy Premier & Get 50% Off | code: PREMIER Plus Sizes Available Add boohooMAN Man Active Regular Fit Windbreaker,24.0,30.0,20,True,44
2026-09-29,BoohooMAN,Buy Premier & Get 50% Off | code: PREMIER Tall Sizes Available Add boohooMAN Tall Man Active Regular Fit Quarter Zip and Jogger Tracksuit,32.0,40.0,20,True,44
2026-09-29,BoohooMAN,Buy Premier & Get 50% Off | code: PREMIER Tall Sizes Available Add boohooMAN Tall Essential Regular Fit Over the Head Hoodie,14.4,18.0,20,True,44
2026-09-29,BoohooMAN,Buy Premier & Get 50% Off | code: PREMIER Tall Sizes Available Add boohooMAN Tall Relaxed Twill Carpenter Cargo Trousers,28.0,35.0,20,True,44
2026-09-29,BoohooMAN,Buy Premier & Get 50% Off | code: PREMIER Plus Sizes Available Add boohooMAN Tinted Ripped Baggy Fit Jeans,28.0,35.0,20,True,44
2026-09-29,BoohooMAN,Buy Premier & Get 50% Off | code: PREMIER Add boohooMAN Creased Textured Harrington Jacket,40.0,50.0,20,True,44
2026-09-29,BoohooMAN,Buy Premier & Get 50% Off | code: PREMIER Add boohooMAN Regular Fit Ruffle Front Shirt,20.0,25.0,20,True,44
2026-09-29,BoohooMAN,Buy Premier & Get 50% Off | code: PREMIER Add boohooMAN Embroidered Washed Oversized Denim Rugby Shirt,28.0,35.0,20,True,44
2026-09-29,BoohooMAN,Buy Premier & Get 50% Off | code: PREMIER Add boohooMAN Slim Fit Ribbed Jersey T-Shirt & Shorts Set,20.0,25.0,20,True,44
2026-09-29,BoohooMAN,Buy Premier & Get 50% Off | code: PREMIER Plus Sizes Available Add boohooMAN Regular Fit Faux Suede Buckle Collar Biker Jacket,40.0,50.0,20,True,44
2026-09-29,BoohooMAN,Buy Premier & Get 50% Off | code: PREMIER Add boohooMAN Charcoal Oversized Boxy Tokyo Moto Print Zip Through Hoodie,28.0,35.0,20,True,44
2026-09-29,BoohooMAN,Buy Premier & Get 50% Off | code: PREMIER Add boohooMAN Tall Double Breasted Wool Look Overcoat in Black,48.0,60.0,20,True,44
2026-09-29,BoohooMAN,Buy Premier & Get 50% Off | code: PREMIER Add boohooMAN Relaxed Boxy Extreme Fluffy Knitted Jumper,28.0,35.0,20,True,44
2026-09-29,BoohooMAN,Buy Premier & Get 50% Off | code: PREMIER Tall Sizes Available Add boohooMAN Tall Wide Leg Tricot Piping Jogger,20.0,25.0,20,True,44
2026-09-29,BoohooMAN,Buy Premier & Get 50% Off | code: PREMIER Plus Sizes Available Add boohooMAN Man Reg Fit Gym Tank,9.6,12.0,20,True,44
2026-09-29,BoohooMAN,Buy Premier & Get 50% Off | code: PREMIER Tall Sizes Available Add boohooMAN Tall Oversized Amalfi Lemon Print T-Shirt,12.8,16.0,20,True,44
2026-09-29,BoohooMAN,Buy Premier & Get 50% Off | code: PREMIER Tall Sizes Available Add boohooMAN Tall Oversized Boxy Reversible Faux Fur & PU Hooded Bomber Jacket,56.0,70.0,20,True,44
2026-09-29,BoohooMAN,Buy Premier & Get 50% Off | code: PREMIER Add boohooMAN Oversized Boxy Worldwide Debossed Wide Leg Tracksuit,36.0,45.0,20,True,44
2026-09-29,BoohooMAN,Buy Premier & Get 50% Off | code: PREMIER Add boohooMAN Back Embroidered Baggy Jeans,24.0,30.0,20,True,44
2026-09-29,BoohooMAN,Buy Premier & Get 50% Off | code: PREMIER Add boohooMAN Washed Blue Oversized Wild West Print Hoodie,25.6,32.0,20,True,44
2026-09-29,BoohooMAN,Buy Premier & Get 50% Off | code: PREMIER Add boohooMAN Chain Printed Trompe l'Oeil Baggy Jeans,32.0,40.0,20,True,44
2026-09-29,BoohooMAN,Buy Premier & Get 50% Off | code: PREMIER Plus Sizes Available Add boohooMAN Man Active Straight Leg Man Dash Jogger,14.4,18.0,20,True,44
2026-09-29,BoohooMAN,Buy Premier & Get 50% Off | code: PREMIER Back In Stock Add boohooMAN Essential Regular Fit High Shine Midweight Padded Gilet,24.0,30.0,20,True,44
2026-09-29,BoohooMAN,Buy Premier & Get 50% Off | code: PREMIER Add boohooMAN Oversized Long Sleeve Popper Placket Borg Overshirt,24.0,30.0,20,True,45
2026-09-29,BoohooMAN,Buy Premier & Get 50% Off | code: PREMIER Add boohooMAN Oversized Limited Edition Graffiti Print T-Shirt,12.8,16.0,20,True,45
2026-09-29,BoohooMAN,Buy Premier & Get 50% Off | code: PREMIER Add boohooMAN Oversized Boxy Zip Through Hooded Short Tracksuit,32.0,40.0,20,True,45
2026-09-29,BoohooMAN,Buy Premier & Get 50% Off | code: PREMIER Add boohooMAN PU Moto Padded Jacket,40.0,50.0,20,True,45
2026-09-29,BoohooMAN,Buy Premier & Get 50% Off | code: PREMIER Plus Sizes Available Add boohooMAN Oversized Cherry Blossom Print T-Shirt,12.8,16.0,20,True,45
2026-09-29,BoohooMAN,Buy Premier & Get 50% Off | code: PREMIER Plus Sizes Available Add boohooMAN Regular Boucle Heavyweight Overshirt,24.0,30.0,20,True,45
2026-09-29,BoohooMAN,Buy Premier & Get 50% Off | code: PREMIER Add boohooMAN Belted Relaxed Fit Tailored Co-Ord Trousers,24.0,30.0,20,True,45
2026-09-29,BoohooMAN,Buy Premier & Get 50% Off | code: PREMIER Tall Sizes Available Add boohooMAN Tall MAN Boxy Fit Midweight Padded Funnel Neck Puffer Jacket,32.0,40.0,20,True,45
2026-09-29,BoohooMAN,Buy Premier & Get 50% Off | code: PREMIER Add boohooMAN Soft Twill Embroidered Oversized Shirt & Baggy Trouser Set,44.0,55.0,20,True,45
2026-09-29,BoohooMAN,Buy Premier & Get 50% Off | code: PREMIER Plus Sizes Available Back In Stock Add boohooMAN Balloon Rigid Varsity Print Denim Jeans,28.0,35.0,20,True,45
2026-09-29,BoohooMAN,Buy Premier & Get 50% Off | code: PREMIER Add boohooMAN White Regular Spray Dragon Print T-Shirt,12.8,16.0,20,True,45
2026-09-29,BoohooMAN,Buy Premier & Get 50% Off | code: PREMIER Plus Sizes Available Add boohooMAN Plus Skinny Stretch Stacked Tinted Jeans,22.4,28.0,20,True,45
2026-09-29,BoohooMAN,Buy Premier & Get 50% Off | code: PREMIER Add boohooMAN Regular Fit Raglan Panel Henley Sweater,20.0,25.0,20,True,45
2026-09-29,BoohooMAN,Buy Premier & Get 50% Off | code: PREMIER Back In Stock Add boohooMAN Relaxed Fit Belted Rhinestone Red Washed Jeans,32.0,40.0,20,True,45
2026-09-29,BoohooMAN,Buy Premier & Get 50% Off | code: PREMIER Add boohooMAN Oversized Boxy Official Printed Hoodie & Straight Fit Jogger Tracksuit,40.0,50.0,20,True,45
2026-09-29,BoohooMAN,Buy Premier & Get 50% Off | code: PREMIER Plus Sizes Available Add boohooMAN Baggy Fit Panelled Cuffed Jogger,22.4,28.0,20,True,45
2026-09-29,BoohooMAN,Buy Premier & Get 50% Off | code: PREMIER Tall Sizes Available Add boohooMAN Tall Oversized Essential T-Shirt,8.0,10.0,20,True,45
2026-09-29,BoohooMAN,Buy Premier & Get 50% Off | code: PREMIER Tall Sizes Available Add boohooMAN Tall Oversized Blossom Embroidered T-Shirt,12.0,15.0,20,True,45
2026-09-29,BoohooMAN,Buy Premier & Get 50% Off | code: PREMIER Add boohooMAN Training Dept Embossed Oversized Hoodie,24.0,30.0,20,True,45
2026-09-29,BoohooMAN,Buy Premier & Get 50% Off | code: PREMIER Plus Sizes Available Add boohooMAN Black Oversized Heavyweight Gothic Print T-Shirt,16.0,20.0,20,True,45
2026-09-29,BoohooMAN,Buy Premier & Get 50% Off | code: PREMIER Add boohooMAN Moto Badge Longline Denim Jorts,32.0,40.0,20,True,45
2026-09-29,BoohooMAN,Buy Premier & Get 50% Off | code: PREMIER Add boohooMAN Gaucho Denim Jorts,24.0,30.0,20,True,45
2026-09-29,BoohooMAN,Buy Premier & Get 50% Off | code: PREMIER Add boohooMAN White Oversized Boxy Rodeo Magazine Print T-Shirt,12.8,16.0,20,True,45
2026-09-29,BoohooMAN,Buy Premier & Get 50% Off | code: PREMIER Add boohooMAN Essential Boxy Fit Cable Knitted Jumper,20.0,25.0,20,True,45
2026-09-29,BoohooMAN,Buy Premier & Get 50% Off | code: PREMIER Add boohooMAN Wide Leg Belt Detail Pleated Trouser,24.0,30.0,20,True,45
2026-09-29,BoohooMAN,Buy Premier & Get 50% Off | code: PREMIER Plus Sizes Available Add boohooMAN Black Oversized Moto Multi Graphic Hoodie,24.0,30.0,20,True,45
2026-09-29,BoohooMAN,Buy Premier & Get 50% Off | code: PREMIER Add boohooMAN 5 Pack Man Dot Half Terry Trainer Socks,8.0,10.0,20,True,45
2026-09-29,BoohooMAN,Buy Premier & Get 50% Off | code: PREMIER Add boohooMAN Embossed OFCL Collared Bomber Jacket,48.0,60.0,20,True,45
2026-09-29,BoohooMAN,Buy Premier & Get 50% Off | code: PREMIER Add boohooMAN Baggy Rigid Floral Embroidered Jeans,36.0,45.0,20,True,45
2026-09-29,BoohooMAN,Buy Premier & Get 50% Off | code: PREMIER Add boohooMAN Tailored Regular Fit Zip Collared Co-Ord Jacket,32.0,40.0,20,True,45
2026-09-29,BoohooMAN,Buy Premier & Get 50% Off | code: PREMIER Add boohooMAN Baggy Fit Exposed Seam Jogger,20.0,25.0,20,True,45
2026-09-29,BoohooMAN,Buy Premier & Get 50% Off | code: PREMIER Add boohooMAN Straight Fit Man Sport Embroidered Jogger,20.0,25.0,20,True,46
2026-09-29,BoohooMAN,Buy Premier & Get 50% Off | code: PREMIER Add boohooMAN Oversized Fit Nylon Funnel Neck OFCL Jacket,32.0,40.0,20,True,46
2026-09-29,BoohooMAN,Buy Premier & Get 50% Off | code: PREMIER Tall Sizes Available Add boohooMAN Tall Essential Slim Fit Cargo Jersey Short,12.8,16.0,20,True,46
2026-09-29,BoohooMAN,Buy Premier & Get 50% Off | code: PREMIER Plus Sizes Available Add boohooMAN Black Oversized Boxy Zip Through Los Angeles Puff Print Hoodie,25.6,32.0,20,True,46
2026-09-29,BoohooMAN,Buy Premier & Get 50% Off | code: PREMIER Add boohooMAN 7 Pack Plain Socks,12.0,15.0,20,True,46
2026-09-29,BoohooMAN,Buy Premier & Get 50% Off | code: PREMIER Add boohooMAN Camo Printed Shirt & Swim Short Set,32.0,40.0,20,True,46
2026-09-29,BoohooMAN,Buy Premier & Get 50% Off | code: PREMIER Plus Sizes Available Back In Stock Add boohooMAN Regular Fit Contrast Stitch Twill Boxy Overshirt,20.0,25.0,20,True,46
2026-09-29,BoohooMAN,Buy Premier & Get 50% Off | code: PREMIER Add boohooMAN Barrel Leg Chino,20.0,25.0,20,True,46
2026-09-29,BoohooMAN,Buy Premier & Get 50% Off | code: PREMIER Add boohooMAN Wide Leg Wool Blend Ribbed Knitted Jogger,28.0,35.0,20,True,46
2026-09-29,BoohooMAN,Buy Premier & Get 50% Off | code: PREMIER Tall Sizes Available Add boohooMAN Tall Regular Fit Embroidered Knitted Cardigan,22.4,28.0,20,True,46
2026-09-29,BoohooMAN,Buy Premier & Get 50% Off | code: PREMIER Tall Sizes Available Back In Stock Add boohooMAN Tall Slim Fit Essential T-Shirt,6.4,8.0,20,True,46
2026-09-29,BoohooMAN,Buy Premier & Get 50% Off | code: PREMIER Add boohooMAN Oversized Spider Man License Print T-Shirt,16.0,20.0,20,True,46
2026-09-29,BoohooMAN,Buy Premier & Get 50% Off | code: PREMIER Plus Sizes Available Add boohooMAN Essential Regular Fit Waffle T-Shirt,9.6,12.0,20,True,46
2026-09-29,BoohooMAN,Buy Premier & Get 50% Off | code: PREMIER Add boohooMAN Baggy Rigid Paint Brushed Denim Jeans,24.0,30.0,20,True,46
2026-09-29,BoohooMAN,Buy Premier & Get 50% Off | code: PREMIER Add boohooMAN Regular Boxy Grunge Print Dirty Washed T-Shirt,14.4,18.0,20,True,46
2026-09-29,BoohooMAN,Buy Premier & Get 50% Off | code: PREMIER Add boohooMAN High Waist Tapered Tailored Trousers,24.0,30.0,20,True,46
2026-09-29,BoohooMAN,Buy Premier & Get 50% Off | code: PREMIER Add boohooMAN Oversized Boxy Distressed Washed Zip Thru Hoodie & Straight Leg Tracksuit,48.0,60.0,20,True,46
2026-09-29,BoohooMAN,Buy Premier & Get 50% Off | code: PREMIER Add boohooMAN Straight Fit Brushed Trouser,25.6,32.0,20,True,46
2026-09-29,BoohooMAN,Buy Premier & Get 50% Off | code: PREMIER Tall Sizes Available Add boohooMAN Tall Washed Chocolate Oversized City Of Angels Print T-Shirt,14.4,18.0,20,True,46
2026-09-29,BoohooMAN,Buy Premier & Get 50% Off | code: PREMIER Add boohooMAN Black Oversized Paris Graphic Hoodie,24.0,30.0,20,True,46
2026-09-29,BoohooMAN,Buy Premier & Get 50% Off | code: PREMIER Add boohooMAN Oversized Pleated Look PU Bomber Jacket,48.0,60.0,20,True,46
2026-09-29,BoohooMAN,Buy Premier & Get 50% Off | code: PREMIER Add boohooMAN Hand Weft Padded Puffer,64.0,80.0,20,True,46
2026-09-29,BoohooMAN,Buy Premier & Get 50% Off | code: PREMIER Plus Sizes Available Back In Stock Add boohooMAN Man Active Lightweight Essentials Gym Raglan Regular Fit 1/4 Zip,12.8,16.0,20,True,46
2026-09-29,BoohooMAN,Buy Premier & Get 50% Off | code: PREMIER Add boohooMAN Training Dept Gold Boxy Hoodie,22.4,28.0,20,True,46
2026-09-29,BoohooMAN,Buy Premier & Get 50% Off | code: PREMIER Add boohooMAN Short Sleeve Ribbed Revere Oversized Shirt,16.0,20.0,20,True,46
2026-09-29,BoohooMAN,Buy Premier & Get 50% Off | code: PREMIER Add boohooMAN Regular Fit Waffle Henley Camo Long Sleeve T-Shirt,17.6,22.0,20,True,46
2026-09-29,BoohooMAN,Buy Premier & Get 50% Off | code: PREMIER Tall Sizes Available Add boohooMAN Tall Extreme Wide Leg Exposed Seam Jogger,24.0,30.0,20,True,46
2026-09-29,BoohooMAN,Buy Premier & Get 50% Off | code: PREMIER Tall Sizes Available Add boohooMAN Tall Oversized Boxy Stripe Interlock Short Sleeve Rugby Polo,17.6,22.0,20,True,46
2026-09-29,BoohooMAN,Buy Premier & Get 50% Off | code: PREMIER Add boohooMAN Man Active Engineered Panel Regular Fit T-Shirt,12.8,16.0,20,True,46
2026-09-29,BoohooMAN,Buy Premier & Get 50% Off | code: PREMIER Add boohooMAN Regular Fit V Neck Ribbed Knitted Polo,22.4,28.0,20,True,47
2026-09-29,BoohooMAN,Buy Premier & Get 50% Off | code: PREMIER Add boohooMAN Black Oversized Boxy Graffiti Tattoo Printed Zip Through Hoodie,28.0,35.0,20,True,47
2026-09-29,BoohooMAN,Buy Premier & Get 50% Off | code: PREMIER Add boohooMAN Stone Oversized Tonal Dragon Print Zip Through Hoodie,28.0,35.0,20,True,47
2026-09-29,BoohooMAN,Buy Premier & Get 50% Off | code: PREMIER Tall Sizes Available Add boohooMAN Tall Oversized Korn License Print T-Shirt,16.0,20.0,20,True,47
2026-09-29,BoohooMAN,Buy Premier & Get 50% Off | code: PREMIER Add boohooMAN Relaxed Boxy Wool Blend Ribbed Knitted Jumper,28.0,35.0,20,True,47
2026-09-29,BoohooMAN,Buy Premier & Get 50% Off | code: PREMIER Add boohooMAN Slim Flared Fit Distressed Jeans,22.4,28.0,20,True,47
2026-09-29,BoohooMAN,Buy Premier & Get 50% Off | code: PREMIER 1 Tall Sizes Available Add boohooMAN Tall Man Active Running Reflective Tapered Jogger,24.0,30.0,20,True,47
2026-09-29,BoohooMAN,Buy Premier & Get 50% Off | code: PREMIER Back In Stock Add boohooMAN Washed Relaxed Fit Buckle Detail Jeans,24.0,30.0,20,True,47
2026-09-29,BoohooMAN,Buy Premier & Get 50% Off | code: PREMIER Add boohooMAN One More Rep Muscle Fit T-shirt,11.2,14.0,20,True,47
2026-09-29,BoohooMAN,Buy Premier & Get 50% Off | code: PREMIER Add boohooMAN Washed Moto Badge Longline Jorts,28.0,35.0,20,True,47
2026-09-29,BoohooMAN,Buy Premier & Get 50% Off | code: PREMIER Tall Sizes Available Add boohooMAN Tall Boxy Rib Knitted Hoodie,24.0,30.0,20,True,47
2026-09-29,BoohooMAN,Buy Premier & Get 50% Off | code: PREMIER Add boohooMAN Oversized Heavyweight Man Applique Extended Neck Pocket T-Shirt,11.2,14.0,20,True,47
2026-09-29,BoohooMAN,Buy Premier & Get 50% Off | code: PREMIER Back In Stock Add boohooMAN 2 Pack Mid Length BM Autograph Swim Short,14.4,18.0,20,True,47
2026-09-29,BoohooMAN,Buy Premier & Get 50% Off | code: PREMIER Plus Sizes Available Back In Stock Add boohooMAN Man Active Regular Fit Marl T-Shirt,12.8,16.0,20,True,47
2026-09-29,BoohooMAN,Buy Premier & Get 50% Off | code: PREMIER Add boohooMAN Essential Boxy Fit Ribbed Knitted Jumper,16.0,20.0,20,True,47
2026-09-29,BoohooMAN,Buy Premier & Get 50% Off | code: PREMIER Add boohooMAN Oversized Boxy Piped Hoodie & Baggy Jogger Tracksuit,36.0,45.0,20,True,47
2026-09-29,BoohooMAN,Buy Premier & Get 50% Off | code: PREMIER Plus Sizes Available Add boohooMAN Contrast Piping Trim Cropped Boxy Blazer,52.0,65.0,20,True,47
2026-09-29,BoohooMAN,Buy Premier & Get 50% Off | code: PREMIER Add boohooMAN Oversized Easy-E License Hoodie,32.0,40.0,20,True,47
2026-09-29,BoohooMAN,Buy Premier & Get 50% Off | code: PREMIER Add boohooMAN Oversized Photographic Washed Print T-shirt,14.4,18.0,20,True,47
2026-09-29,BoohooMAN,Buy Premier & Get 50% Off | code: PREMIER Plus Sizes Available Back In Stock Add boohooMAN White Oversized Monte Carlo Photographic Print T-Shirt,12.8,16.0,20,True,47
2026-09-29,BoohooMAN,Buy Premier & Get 50% Off | code: PREMIER Tall Sizes Available Add boohooMAN Tall Black Oversized Star Printed Hoodie,24.0,30.0,20,True,47
2026-09-29,BoohooMAN,Buy Premier & Get 50% Off | code: PREMIER Add threadbare Cotton Blend 'Trifoliate' Joggers,20.0,40.0,50,True,47
2026-09-29,BoohooMAN,Add threadbare Cargo Style Joggers,24.0,48.0,50,True,47
2026-09-29,BoohooMAN,Add threadbare Slim Fit Cargo Pocket Jogger Style Trousers,35.0,70.0,50,True,47
2026-09-29,BoohooMAN,Add threadbare Showerproof Hooded Puffer Coat with Borg Lined Hood,75.0,150.0,50,True,47
2026-09-29,BoohooMAN,Add threadbare Showerproof Collared Harrington Jacket,45.0,90.0,50,True,47
2026-09-29,BoohooMAN,Plus Sizes Available Add Training Dept. Training Dept Oversized Tank,9.6,12.0,20,True,47
2026-09-29,BoohooMAN,Buy Premier & Get 50% Off | code: PREMIER Tall Sizes Available Add Training Dept. Tall Training Dept Straight Leg Jogger,20.0,25.0,20,True,47
2026-09-29,BoohooMAN,Buy Premier & Get 50% Off | code: PREMIER Plus Sizes Available Add Training Dept. Training Dept Washed Wide Leg Jogger,24.0,30.0,20,True,47
2026-09-29,BoohooMAN,Buy Premier & Get 50% Off | code: PREMIER Plus Sizes Available Add Training Dept. Training Dept 5inch Stretch Woven Short,16.0,20.0,20,True,48
2026-09-29,BoohooMAN,Buy Premier & Get 50% Off | code: PREMIER Plus Sizes Available Add Training Dept. Training Dept Loopback 5inch Regular Fit Shorts,12.8,16.0,20,True,48
2026-09-29,BoohooMAN,Buy Premier & Get 50% Off | code: PREMIER Plus Sizes Available Add Training Dept. Training Dept Loopback Straight Leg Fit Joggers,20.0,25.0,20,True,48
2026-09-29,BoohooMAN,Buy Premier & Get 50% Off | code: PREMIER Plus Sizes Available Back In Stock Add Training Dept. Training Dept Boxy Hoodie,22.4,28.0,20,True,48
2026-09-29,BoohooMAN,Buy Premier & Get 50% Off | code: PREMIER Plus Sizes Available Add Training Dept. Training Dept Oversized Tank,9.6,12.0,20,True,48
2026-09-29,BoohooMAN,Buy Premier & Get 50% Off | code: PREMIER Plus Sizes Available Add Training Dept. Training Dept Oversized T-shirt,11.2,14.0,20,True,48
2026-09-29,BoohooMAN,Buy Premier & Get 50% Off | code: PREMIER Plus Sizes Available Add Training Dept. Training Dept Oversized T-shirt,12.8,16.0,20,True,48
2026-09-29,BoohooMAN,Buy Premier & Get 50% Off | code: PREMIER Plus Sizes Available Add Training Dept. Training Dept Embossed Straight Leg Jogger,22.4,28.0,20,True,48
2026-09-29,BoohooMAN,Buy Premier & Get 50% Off | code: PREMIER Plus Sizes Available Back In Stock Add Training Dept. Training Dept Straight Leg Woven Joggers,17.6,22.0,20,True,48
2026-09-29,BoohooMAN,Buy Premier & Get 50% Off | code: PREMIER Plus Sizes Available Add Training Dept. Training Dept Drop Arm Hole Tank,11.2,14.0,20,True,48
2026-09-29,BoohooMAN,Buy Premier & Get 50% Off | code: PREMIER Plus Sizes Available Add Training Dept. Training Dept Contrast Stitch Pump Pant,24.0,30.0,20,True,48
2026-09-29,BoohooMAN,Buy Premier & Get 50% Off | code: PREMIER Plus Sizes Available Add Training Dept. Training Dept Washed Pin Tuck Oversized Jogger,20.0,25.0,20,True,48
2026-09-29,BoohooMAN,Buy Premier & Get 50% Off | code: PREMIER Plus Sizes Available Add Training Dept. Training Dept Oversized Boxy Zip Through Hoodie,20.0,25.0,20,True,48
2026-09-29,BoohooMAN,Buy Premier & Get 50% Off | code: PREMIER Tall Sizes Available Add Training Dept. Tall Training Dept Straight Leg Washed Jogger,22.4,28.0,20,True,48
2026-09-29,BoohooMAN,Buy Premier & Get 50% Off | code: PREMIER Plus Sizes Available Add Training Dept. Training Dept Windbreaker,20.0,25.0,20,True,48
2026-09-29,BoohooMAN,Buy Premier & Get 50% Off | code: PREMIER Plus Sizes Available Add Training Dept. Training Dept Contrast Stitch 7inch Short,17.6,22.0,20,True,48
2026-09-29,BoohooMAN,Buy Premier & Get 50% Off | code: PREMIER Plus Sizes Available Back In Stock Add Training Dept. Training Dept Oversized Embossed Jogger,19.2,24.0,20,True,48
2026-09-29,BoohooMAN,Buy Premier & Get 50% Off | code: PREMIER Plus Sizes Available Add Training Dept. Training Dept Straight Leg Washed Jogger,22.4,28.0,20,True,48
2026-09-29,BoohooMAN,Buy Premier & Get 50% Off | code: PREMIER Plus Sizes Available Back In Stock Add Training Dept. Training Dept Wide Leg Loopback Jogger,20.0,25.0,20,True,48
2026-09-29,BoohooMAN,Buy Premier & Get 50% Off | code: PREMIER Plus Sizes Available Add Training Dept. Training Dept Oversized Boxy Hoodie,20.0,25.0,20,True,48
2026-09-29,BoohooMAN,Buy Premier & Get 50% Off | code: PREMIER Plus Sizes Available Add Training Dept. Training Dept Contrast Stitch Muscle Fit Performance Tank,9.6,12.0,20,True,48
2026-09-29,BoohooMAN,Buy Premier & Get 50% Off | code: PREMIER Add Loungeable Sherpa Mens All in One,18.0,36.0,50,True,48
2026-09-29,BoohooMAN,Add Maine Premium Chino Trousers,19.2,32.0,40,True,48
2026-09-29,BoohooMAN,2 Add Maine Washed Black Stretch Straight Leg Jeans,20.4,34.0,40,True,48
2026-09-29,BoohooMAN,Add Crosshatch Buraca Men's Slim-Fit Stretch Denim Jeans with Button Fly From,21.0,21.0,0,False,48
2026-09-29,BoohooMAN,Up to 53% off 1 Add Crosshatch Frentons Men's Straight-Fit Stretch Canvas Cargo Pants,26.25,45.0,42,True,48
2026-09-29,BoohooMAN,Add Lacoste 5 Pack Cotton Crew Neck T-Shirts Multi,60.0,60.0,0,False,48
2026-09-29,BoohooMAN,Add Burton Black Slim Fit Tuxedo Suit Trouser,17.5,35.0,50,True,48
2026-09-29,BoohooMAN,Add Burton Black Stretch Slim Fit Jeans,19.2,32.0,40,True,48
2026-09-29,BoohooMAN,Add Burton Grey Stretch Slim Fit Jeans,19.2,32.0,40,True,48
2026-09-29,BoohooMAN,Add Maine Black Premium Stretch Straight Fit Jeans,20.4,34.0,40,True,48
2026-09-29,BoohooMAN,Add Burton Black Tailored Fit Smart Trousers,19.2,32.0,40,True,48
2026-09-29,BoohooMAN,Add Kandor Men's Florid Boxers 7 Pack From,24.75,24.75,0,False,49
2026-09-29,BoohooMAN,Up to 45% off Add Burton Dark Wash Stretch Straight Fit Jeans,19.2,32.0,40,True,49
2026-09-29,BoohooMAN,Add Calvin Klein Trunk 5 Pack Black/ Tonal Waistband,65.0,65.0,0,False,49
2026-09-29,BoohooMAN,Add Burton Black Tailored Fit Tuxedo Suit Jacket,32.0,64.0,50,True,49
2026-09-29,BoohooMAN,Add Sock Snob 10 Pack Multipack Sport Socks | Breathable Cotton Running Socks,12.99,12.99,0,False,49
2026-09-29,BoohooMAN,Add Maine Rinse Wash Premium Stretch Straight Fit Jeans,20.4,34.0,40,True,49
2026-09-29,BoohooMAN,Add Brave Soul Quarter Zip Short Sleeve Polo Shirt,25.2,36.0,30,True,49
2026-09-29,BoohooMAN,Add CityComfort Onesie From,22.42,22.42,0,False,49
2026-09-29,BoohooMAN,Add Burton Navy Stretch Skinny Fit Suit Trousers,32.0,40.0,20,True,49
2026-09-29,BoohooMAN,Add Burton Plus & Tall French Navy Essential Suit Trousers,31.5,45.0,30,True,49
2026-09-29,BoohooMAN,Add Heinz Long Pyjama Bottoms PJ Loungewear Nightwear Sleepwear From,15.99,15.99,0,False,49
2026-09-29,BoohooMAN,Add Burton Dark Espresso Long Sleeve Grandad Neck T-shirt,14.4,18.0,20,True,49
2026-09-29,BoohooMAN,Add Alexandre Silver Label Flat Fronted Regular Suit Trousers,29.0,100.0,71,True,49
2026-09-29,BoohooMAN,Add Enzo Pullover Hoodie Tracksuit Set,35.99,89.99,60,True,49
2026-09-29,BoohooMAN,2 Add Manchester United FC Oversized Poncho,35.67,35.67,0,False,49
2026-09-29,BoohooMAN,Add I Love Fancy Dress Inbetween School Jumper Fancy Dress Costume Set - Blue Tie & T-Shirt,23.99,23.99,0,False,49
2026-09-29,BoohooMAN,Add Native Youth Pleated Tapered Leg Elasticated Trousers,36.0,45.0,20,True,49
2026-09-29,BoohooMAN,Add Burton Mushroom Wool Look Short Jacket,52.5,75.0,30,True,49
2026-09-29,BoohooMAN,Add BadRhino Stretch Cargo Trousers,40.0,40.0,0,False,49
2026-09-29,BoohooMAN,Add Burton Navy Tailored Fit Smart Trousers,19.2,32.0,40,True,49
2026-09-29,BoohooMAN,Add Burton Plus & Tall French Navy Essential Suit Jacket,52.5,75.0,30,True,49
2026-09-29,BoohooMAN,Add Burton Dark Blue Waffle Short Sleeve Polo Shirt,22.5,25.0,10,True,49
2026-09-29,BoohooMAN,Add Burton Dark Beige Linen Slim Fit Suit Trousers,22.5,45.0,50,True,49
2026-09-29,BoohooMAN,Add CityComfort Terry Shorts Soft Breathable Loungewear Activewear Bottoms From,13.99,13.99,0,False,49
2026-09-29,BoohooMAN,Add Burton Khaki Waffle Long Sleeve Jumper,24.0,30.0,20,True,49
2026-09-29,BoohooMAN,Add Burton Off White Waffle Long Sleeve Henley T-shirt,19.8,22.0,10,True,49
2026-09-29,BoohooMAN,Add CityComfort Long Pyjama Set Classic Button Down 2 Piece PJ Nightwear Sleepwear From,18.99,18.99,0,False,49
2026-09-29,BoohooMAN,Add Mountain Warehouse Breathable Quick Drying Outdoors Beach Swimming Rash Vest,19.99,49.99,60,True,49
2026-09-29,BoohooMAN,Add Maine Premium Skipper Shorts,12.0,24.0,50,True,49
2026-09-29,BoohooMAN,Add Burton Crew Neck Sweatshirt,19.6,28.0,30,True,49
2026-09-29,BoohooMAN,Add Animal 'Teddy' Warm Comfortable Half Zip Casual Outdoor Cosy Fleece Jumper,19.99,49.99,60,True,49
2026-09-29,BoohooMAN,Add Enzo Regular Fit Fleece Cargo Joggers,21.99,49.99,56,True,49
2026-09-29,BoohooMAN,4 Add Giesto Oversized Button-Up Long Sleeve Shirt,21.3,28.4,25,True,49
2026-09-29,BoohooMAN,6 Add Infinity Leather Formal Wedding Party Waistcoat,54.99,70.99,23,True,49
2026-09-29,BoohooMAN,Add Dobell Black Suit Jacket,104.99,104.99,0,False,49
2026-09-29,BoohooMAN,Add Barneys Originals Real Leather Racer Jacket,99.0,190.0,48,True,49
2026-09-29,BoohooMAN,Add Ted Baker Flat Fronted Slim Fit Suit Trousers,65.0,130.0,50,True,49
2026-09-29,BoohooMAN,Add Burton Blue Long Sleeve Smart Polo Shirt,17.4,29.0,40,True,49
2026-09-29,BoohooMAN,Add LONDON ATTITUDE Japanese Crane Oversized Heavyweight Back Print T-Shirt,24.99,45.0,44,True,49
2026-09-29,BoohooMAN,Add Burton Grey Wool Rich Pow Check Tailored Fit Blazer,38.0,95.0,60,True,50
2026-09-29,BoohooMAN,Add LONDON ATTITUDE Tokyo City in Bloom Oversized Heavyweight Printed T-Shirt in White,24.99,45.0,44,True,50
2026-09-29,BoohooMAN,Add LONDON ATTITUDE Tokyo City in Bloom Oversized Heavyweight Graphic T-Shirt,24.99,45.0,44,True,50
2026-09-29,BoohooMAN,Add Burton Navy Wool Look Harrington Jacket,45.0,75.0,40,True,50
2026-09-29,BoohooMAN,Add LONDON ATTITUDE Burn Out Limited Edition Oversized Heavyweight Graphic T-Shirt,24.99,45.0,44,True,50
2026-09-29,BoohooMAN,Add Burton Blue Crew Neck Sweatshirt,22.4,28.0,20,True,50
2026-09-29,BoohooMAN,Add LONDON ATTITUDE Worldwide Global Edition Oversized Heavyweight Graphic T-Shirt,24.99,45.0,44,True,50
2026-09-29,BoohooMAN,Add Tommy Life Men's Jogger Sweatpants,23.55,31.4,25,True,50
2026-09-29,BoohooMAN,5 Add Atlas for Men Stretch Chinos,27.0,27.0,0,False,50
2026-09-29,BoohooMAN,Add BadRhino Stretch Chinos,35.0,35.0,0,False,50
2026-09-29,BoohooMAN,Add Burton Plus & Tall Light Blue Easy Iron Long Sleeve,22.4,32.0,30,True,50
2026-09-29,BoohooMAN,Add Roamers & Seekers Landscape T-Shirt From,22.0,22.0,0,False,50
2026-09-29,BoohooMAN,Add Maine Taupe Long Sleeve Knitted Polo,34.2,38.0,10,True,50
2026-09-29,BoohooMAN,Add Mountain Warehouse 'Nova' Lightweight Quick Dry Moisture Wicking Long Sleeve T-Shirt,15.99,27.99,43,True,50
2026-09-29,BoohooMAN,Add BadRhino Ultra Stretch Denim Shorts,40.0,40.0,0,False,50
2026-09-29,BoohooMAN,Add Tokyo Laundry Cotton Blend Joggers with Cargo-Style Pockets,28.8,36.0,20,True,50
2026-09-29,BoohooMAN,Add Burton Natural Smart Harrington Jacket,25.0,50.0,50,True,50
2026-09-29,BoohooMAN,Add BadRhino Stretch Cargo Shorts,35.0,35.0,0,False,50
2026-09-29,BoohooMAN,Add Tommy Life Men's V-Neck Short Sleeve T-Shirt,18.3,24.4,25,True,50
2026-09-29,BoohooMAN,7 Add Roamers & Seekers Grizzly T-Shirt From,22.0,22.0,0,False,50
2026-09-29,BoohooMAN,Add Luke 1977 Johnys Long Sleeve 3 Pack T-Shirts,40.0,40.0,0,False,50
2026-09-29,BoohooMAN,Add Alexandre Silver Label Flat Fronted Tailored Suit Trousers,34.0,84.0,60,True,50
2026-09-29,BoohooMAN,Add Mountain Warehouse 'Camp' Lightweight Short Length Convertible Zip-Off Cargo Trousers,42.99,69.99,39,True,50
2026-09-29,BoohooMAN,Add Burton Off White Waffle Long Sleeve Polo Shirt,28.8,32.0,10,True,50
2026-09-29,BoohooMAN,Add Maine Premium Pure Cotton Knitted Tank,23.4,26.0,10,True,50
2026-09-29,BoohooMAN,Add BoxRaw Long Sleeve Zip Up Graphic Logo Black Marciano Track Jacket,25.5,59.99,57,True,50
2026-09-29,BoohooMAN,Add Suit Direct Everyday Occasions Tailored Suit Trousers,34.0,74.0,54,True,50
2026-09-29,BoohooMAN,Add BadRhino Skull & Crossbones Graphic Muscle Vest,17.0,20.0,15,True,50
2026-09-29,BoohooMAN,Add CityComfort Onesie,26.49,26.49,0,False,50
2026-09-29,BoohooMAN,Add Atlas for Men Polo Shirt (Pack of 3),29.0,29.0,0,False,50
2026-09-29,BoohooMAN,Add Henleys Henycore Lounge Set,30.0,50.0,40,True,50
2026-09-29,BoohooMAN,Add Santa Barbara Polo & Racquet Club 2 Pack Cotton Rich Pullover Hoodie & Joggers,40.0,90.0,56,True,50
2026-09-29,BoohooMAN,Add Animal 'Teddy' Full Zip Lightweight With Pockets Warm and Cosy Fleece Jacket,32.99,54.99,40,True,50
2026-09-29,BoohooMAN,Add Mountain Warehouse Shirt Coconut Slub Texture Short Sleeved Cotton Tee Top,15.99,37.99,58,True,50
2026-09-29,BoohooMAN,Add Burton Charcoal Waffle Short Sleeve Henley T-shirt,16.2,18.0,10,True,50
2026-09-29,BoohooMAN,Add Burton Burgundy Print Short Sleeve Shirt,14.0,28.0,50,True,50
2026-09-29,BoohooMAN,Add CityComfort Cargo Shorts From,12.99,12.99,0,False,50
2026-09-29,BoohooMAN,Add Elevate Calgary Short Sleeve Polo From,14.0,14.0,0,False,50
2026-09-29,BoohooMAN,Up to 36% off 6 Add Burton Dark Grey Garment Dyed Crew Neck Sweatshirt,30.0,30.0,0,False,50
2026-09-29,BoohooMAN,boohooMAN 7 Pack Black MAN Boxers,20.0,25.0,20,True,51
2026-09-29,BoohooMAN,boohooMAN Essential Regular Fit Midweight Padded Hooded Puffer Jacket,48.0,60.0,20,True,51
2026-09-29,BoohooMAN,boohooMAN Straight Rigid Tinted Washed Denim Jeans,20.0,25.0,20,True,51
2026-09-29,BoohooMAN,boohooMAN Essential Straight Leg Jogger,16.0,20.0,20,True,51
2026-09-29,BoohooMAN,boohooMAN Oversized Boxy Limited Edition T-Shirt,12.8,16.0,20,True,51
2026-09-29,BoohooMAN,boohooMAN Essential Oversized Boxy Zip Through Hoodie,16.0,20.0,20,True,51
2026-09-29,BoohooMAN,boohooMAN White Oversized Tokyo Floral Print T-Shirt,12.8,16.0,20,True,51
2026-09-29,BoohooMAN,boohooMAN Essential Regular Fit Crew Neck T-shirt,6.4,8.0,20,True,51
2026-09-29,BoohooMAN,boohooMAN Black Oversized Kyoto Floral Graphic T-Shirt,12.8,16.0,20,True,51
