date,brand,product,current_price,original_price,discount_pct,discounted,page
2026-08-26,Other,"Extra 10% Off, with code: EXTRA boohoo Premium Bandage Plunge Front Mini Dress",32.0,40.0,20,True,1
2026-08-26,Other,"Extra 10% Off, with code: EXTRA boohoo Slash Neck Floral Super Soft Maxi Dress",15.3,18.0,15,True,1
2026-08-26,Other,"Extra 10% Off, with code: EXTRA boohoo Premium Bandage Underbust Detail Mini Dress",32.0,40.0,20,True,1
2026-08-26,Other,"Extra 10% Off, with code: EXTRA boohoo Premium Bandage Scoop Neck Mini Dress",32.0,40.0,20,True,1
2026-08-26,Other,"Extra 10% Off, with code: EXTRA boohoo Premium Bandage Trim Detail Halter Mini Dress",32.0,40.0,20,True,1
2026-08-26,Other,"Extra 10% Off, with code: EXTRA boohoo Premium Bandage Underbust Detail Mini Dress",36.0,40.0,10,True,1
2026-08-26,Other,"Extra 10% Off, with code: EXTRA boohoo Premium Bandage Bandeau Mini Dress",36.0,40.0,10,True,1
2026-08-26,Other,"Extra 10% Off, with code: EXTRA Shop New Season boohoo Premium Bandage Lace Trim Mini Dress",32.0,40.0,20,True,1
2026-08-26,Other,"Extra 10% Off, with code: EXTRA boohoo Premium Bandage Lace Trim Mini Dress",36.0,40.0,10,True,1
2026-08-26,Other,"Extra 10% Off, with code: EXTRA boohoo Premium Bandage Mesh Detail Mini Dress",36.0,40.0,10,True,1
2026-08-26,Other,"Extra 10% Off, with code: EXTRA boohoo High Neck Bodycon Mini Dress",17.0,20.0,15,True,1
2026-08-26,Other,"Extra 10% Off, with code: EXTRA boohoo Bengaline Seam Detail Strappy Mini Dress",18.0,20.0,10,True,1
2026-08-26,Other,"Extra 10% Off, with code: EXTRA boohoo Bengaline Ruched Bust Dropped Waist Detail Midaxi Dress",20.0,25.0,20,True,1
2026-08-26,Other,"Extra 10% Off, with code: EXTRA boohoo Bengaline Mesh Detail Plunge Front Mini Dress",17.6,22.0,20,True,1
2026-08-26,Other,"Extra 10% Off, with code: EXTRA boohoo Bengaline Ruched Bust Dropped Waist Detail Midaxi Dress",21.25,25.0,15,True,1
2026-08-26,Other,"Extra 10% Off, with code: EXTRA boohoo Bengaline High Neck Mini Dress",19.8,22.0,10,True,1
2026-08-26,Other,"Extra 10% Off, with code: EXTRA boohoo Premium Bandage Bandeau Maxi Dress",36.0,45.0,20,True,1
2026-08-26,Other,"Extra 10% Off, with code: EXTRA boohoo Bengaline Ruched Bust Bodycon Mini Dress",16.2,18.0,10,True,1
2026-08-26,Other,"Extra 10% Off, with code: EXTRA boohoo Bengaline Ruched Bust Dropped Waist Midi Dress",23.4,26.0,10,True,1
2026-08-26,Other,"Extra 10% Off, with code: EXTRA boohoo Bengaline Plunge Neck Sleeveless Shift Dress",18.0,20.0,10,True,1
2026-08-26,Other,"Extra 10% Off, with code: EXTRA boohoo Premium Bandage High Neck Mini Dress",32.0,40.0,20,True,1
2026-08-26,Other,"Extra 10% Off, with code: EXTRA boohoo High Neck Button Detail Ruched Mini Dress",20.8,26.0,20,True,1
2026-08-26,Other,"Extra 10% Off, with code: EXTRA boohoo Bengaline Sheer Hem Bandeau Bust Detail Maxi Dress",22.4,28.0,20,True,1
2026-08-26,Other,"Extra 10% Off, with code: EXTRA Back In Stock boohoo Off The Shoulder Mesh Maxi Dress",27.0,30.0,10,True,1
2026-08-26,Other,"Extra 10% Off, with code: EXTRA Plus Back In Stock boohoo Plus Pleated Skirt Skater Dress",23.8,28.0,15,True,1
2026-08-26,Other,"Extra 10% Off, with code: EXTRA Maternity Back In Stock boohoo Maternity Frill Sleeve Midaxi Dress",22.5,25.0,10,True,1
2026-08-26,Other,"Extra 10% Off, with code: EXTRA boohoo Slinky Ruched Wrap Maxi Dress",27.0,30.0,10,True,1
2026-08-26,Other,"Extra 10% Off, with code: EXTRA boohoo Floral Chiffon Skater Dress",28.8,32.0,10,True,1
2026-08-26,Other,"Extra 10% Off, with code: EXTRA boohoo Tonal Zebra Drape Detail Mini Dress",16.2,18.0,10,True,1
2026-08-26,Other,"Extra 10% Off, with code: EXTRA boohoo Dropped Waist Pleated Mini Dress",29.75,35.0,15,True,1
2026-08-26,Other,"Extra 10% Off, with code: EXTRA boohoo Trim Detail T-Shirt Dress",18.7,22.0,15,True,1
2026-08-26,Other,"Extra 10% Off, with code: EXTRA boohoo Drape Shoulder Jersey Crepe Mini Dress",22.5,25.0,10,True,1
2026-08-26,Other,"Extra 10% Off, with code: EXTRA boohoo Slash Neck Leopard Super Soft Maxi Dress",15.3,18.0,15,True,1
2026-08-26,Other,"Extra 10% Off, with code: EXTRA Plus boohoo Plus lace godet mini skater dress",24.0,30.0,20,True,1
2026-08-26,Other,"Extra 10% Off, with code: EXTRA Plus boohoo Plus Cap Sleeve Bengaline Skater Dress",21.25,25.0,15,True,1
2026-08-26,Other,"Extra 10% Off, with code: EXTRA Back In Stock boohoo Tie Shoulder Square Neck Skater Dress",19.8,22.0,10,True,1
2026-08-26,Other,"Extra 10% Off, with code: EXTRA boohoo Basic Slash Neck Super Soft Maxi Dress",16.2,18.0,10,True,1
2026-08-26,Other,"Extra 10% Off, with code: EXTRA boohoo Lace Hem Oversized Woven T-Shirt Dress",22.5,25.0,10,True,1
2026-08-26,Other,"Extra 10% Off, with code: EXTRA Plus boohoo Plus Denim Button Pleated Shift Dress",30.6,36.0,15,True,2
2026-08-26,Other,"Extra 10% Off, with code: EXTRA boohoo Textured Volume Skirt Midaxi Dress",28.9,34.0,15,True,2
2026-08-26,Other,"Extra 10% Off, with code: EXTRA boohoo Leopard Puff Sleeve Midaxi Dress",22.1,26.0,15,True,2
2026-08-26,Other,"Extra 10% Off, with code: EXTRA boohoo Tonal Polka Dot Ruched Bodice Maxi Dress",27.0,30.0,10,True,2
2026-08-26,Other,"Extra 10% Off, with code: EXTRA Plus boohoo Plus Gold Button Down Blazer Dress",25.2,28.0,10,True,2
2026-08-26,Other,"Extra 10% Off, with code: EXTRA boohoo Bengaline Corset Skater Midaxi Dress",28.8,32.0,10,True,2
2026-08-26,Other,"Extra 10% Off, with code: EXTRA boohoo High Asymmetric Neck Ruched Waist Mini Dress",23.4,26.0,10,True,2
2026-08-26,Other,"Extra 10% Off, with code: EXTRA Shop New Season boohoo Leopard Mesh Flare Sleeve Mini Dress",21.25,25.0,15,True,2
2026-08-26,Other,"Extra 10% Off, with code: EXTRA boohoo Basic Rib Racer Neck Maxi",12.75,15.0,15,True,2
2026-08-26,Other,"Extra 10% Off, with code: EXTRA Back In Stock boohoo Chiffon Ruffle Strappy Maxi Dress",28.8,32.0,10,True,2
2026-08-26,Other,"Extra 10% Off, with code: EXTRA Back In Stock boohoo Tonal Chiffon Ruffle Detail Backless Maxi Dress",27.2,32.0,15,True,2
2026-08-26,Other,"Extra 10% Off, with code: EXTRA Back In Stock boohoo Ruffle Angel Sleeve Midaxi Dress",27.0,30.0,10,True,2
2026-08-26,Other,"Extra 10% Off, with code: EXTRA boohoo Tonal Polka Dot Asym Neckline Maxi Dress",27.0,30.0,10,True,2
2026-08-26,Other,"Extra 10% Off, with code: EXTRA boohoo Tonal Polka Dot Print Scarf Detail Maxi Dress",25.2,28.0,10,True,2
2026-08-26,Other,"Extra 10% Off, with code: EXTRA boohoo Tonal Polka Dot Chiffon Ruffle Maxi Dress",31.5,35.0,10,True,2
2026-08-26,Other,"Extra 10% Off, with code: EXTRA Back In Stock boohoo Bright Floral Ruched Bodice Open Back Maxi Dress",25.2,28.0,10,True,2
2026-08-26,Other,"Extra 10% Off, with code: EXTRA boohoo Slinky Ruched Wrap Maxi Dress",25.5,30.0,15,True,2
2026-08-26,Other,"Extra 10% Off, with code: EXTRA boohoo Tonal Floral Chiffon Ruffle Maxi Dress",31.5,35.0,10,True,2
2026-08-26,Other,"Extra 10% Off, with code: EXTRA boohoo Bandeau Peplum Chiffon Mix Maxi Dress",37.8,42.0,10,True,2
2026-08-26,Other,"Extra 10% Off, with code: EXTRA boohoo Textured Volume Skirt Midaxi Dress",25.2,28.0,10,True,2
2026-08-26,Other,"Extra 10% Off, with code: EXTRA Back In Stock boohoo Chiffon Ruffle Strappy Maxi Dress",28.05,33.0,15,True,2
2026-08-26,Other,"Extra 10% Off, with code: EXTRA Plus boohoo Plus Floral Ruffle Maxi Dress",32.4,36.0,10,True,2
2026-08-26,Other,"Extra 10% Off, with code: EXTRA SALE boohoo Shirred Racer Neck Smock Dress",10.0,24.0,58,True,2
2026-08-26,Other,"Extra 10% Off, with code: EXTRA boohoo Crepe High Neck Pocket Detail Midi Dress",22.5,25.0,10,True,2
2026-08-26,Other,"Extra 10% Off, with code: EXTRA boohoo Abstract Mesh Flare Sleeve Mini Dress",22.5,25.0,10,True,2
2026-08-26,Other,"Extra 10% Off, with code: EXTRA boohoo Bengaline Halterneck Pleated Skater Dress",19.8,22.0,10,True,2
2026-08-26,Other,"Extra 10% Off, with code: EXTRA Plus Back In Stock boohoo Plus Lace Detail Midaxi T-Shirt Dress",19.8,22.0,10,True,2
2026-08-26,Other,"Extra 10% Off, with code: EXTRA boohoo Leopard Print Ruched Strappy Mini Dress",18.7,22.0,15,True,2
2026-08-26,Other,"Extra 10% Off, with code: EXTRA boohoo Short Sleeve Cinched Waist Denim Dress",25.6,32.0,20,True,2
2026-08-26,Other,"Extra 10% Off, with code: EXTRA boohoo High Neck Structured Tailored Mini Dress",25.5,30.0,15,True,2
2026-08-26,Other,"Extra 10% Off, with code: EXTRA Maternity boohoo Maternity Super Soft Short Sleeve Midaxi Dress",12.75,15.0,15,True,2
2026-08-26,Other,"Extra 10% Off, with code: EXTRA Back In Stock boohoo Floral Asymmetric Ruched Mini Dress",23.4,26.0,10,True,2
2026-08-26,Other,"Extra 10% Off, with code: EXTRA boohoo Short Sleeve Zip Front Denim Dress",31.5,35.0,10,True,2
2026-08-26,Other,"Extra 10% Off, with code: EXTRA Plus boohoo Plus Rib Cap Sleeve Ruched Mini Dress",17.0,20.0,15,True,2
2026-08-26,Other,"Extra 10% Off, with code: EXTRA boohoo Cotton Poplin Shirred Front Tie Mini Dress",19.8,22.0,10,True,2
2026-08-26,Other,"Extra 10% Off, with code: EXTRA Plus boohoo Plus Rib Off Shoulder Tie Waist Mini Dress",19.8,22.0,10,True,2
2026-08-26,Other,"Extra 10% Off, with code: EXTRA boohoo Basic Denim Shift Dress",25.5,30.0,15,True,2
2026-08-26,Other,"Extra 10% Off, with code: EXTRA boohoo Square Neck Ruched Mesh Bodycon Dress",21.6,24.0,10,True,2
2026-08-26,Other,"Extra 10% Off, with code: EXTRA boohoo Cotton Poplin Shirred Mini Dress",19.8,22.0,10,True,2
2026-08-26,Other,"Extra 10% Off, with code: EXTRA Tall boohoo Tall High Neck Structured Tailored Mini Dress",27.2,32.0,15,True,3
2026-08-26,Other,"Extra 10% Off, with code: EXTRA Plus boohoo Plus Western Denim Short Sleeve Mini Dress",27.0,30.0,10,True,3
2026-08-26,Other,"Extra 10% Off, with code: EXTRA boohoo Floral Burnout Wrap Mini Dress",22.5,25.0,10,True,3
2026-08-26,Other,"Extra 10% Off, with code: EXTRA boohoo Textured Crinkle Strappy Mini Dress",18.0,20.0,10,True,3
2026-08-26,Other,"Extra 10% Off, with code: EXTRA Tall boohoo Tall Short Sleeve Zip Front Denim Dress",25.2,28.0,10,True,3
2026-08-26,Other,"Extra 10% Off, with code: EXTRA Maternity boohoo Maternity Double Slinky Bardot Ruched Midi Dress",23.8,28.0,15,True,3
2026-08-26,Other,"Extra 10% Off, with code: EXTRA Shop New Season boohoo Square Neck Ruched Mini Dress",25.2,28.0,10,True,3
2026-08-26,Other,"Extra 10% Off, with code: EXTRA Plus boohoo Plus Godet Hem Mini Dress",31.5,35.0,10,True,3
2026-08-26,Other,"Extra 10% Off, with code: EXTRA boohoo Linen Look Drape Ruched Mini Dress",23.8,28.0,15,True,3
2026-08-26,Other,"Extra 10% Off, with code: EXTRA Petite boohoo Petite Basic Denim Shift Dress",27.0,30.0,10,True,3
2026-08-26,Other,"Extra 10% Off, with code: EXTRA boohoo Ruffle Chiffon Maxi Dress",39.6,44.0,10,True,3
2026-08-26,Other,"Extra 10% Off, with code: EXTRA boohoo Broderie Bardot Structured Skater Dress",25.2,28.0,10,True,3
2026-08-26,Other,"Extra 10% Off, with code: EXTRA Plus Back In Stock boohoo Plus Mono Print Midi Smock Dress",18.9,21.0,10,True,3
2026-08-26,Other,"Extra 10% Off, with code: EXTRA boohoo Tailored Plunge Halterneck Structured Skater Dress",22.5,25.0,10,True,3
2026-08-26,Other,"Extra 10% Off, with code: EXTRA boohoo Structured A Line Mini Dress",34.2,38.0,10,True,3
2026-08-26,Other,"Extra 10% Off, with code: EXTRA Plus Back In Stock boohoo Plus Size Button Down Mini Skater Dress",21.25,25.0,15,True,3
2026-08-26,Other,"Extra 10% Off, with code: EXTRA Plus boohoo Plus Zebra Print Blouson Sleeve Wrap Dress",25.5,30.0,15,True,3
2026-08-26,Other,"Extra 10% Off, with code: EXTRA Plus boohoo Plus Bengaline Lace Trim Midaxi Skater Dress",23.8,28.0,15,True,3
2026-08-26,Other,"Extra 10% Off, with code: EXTRA boohoo Bengaline Bandeau With Polka Dot Printed Mesh Hem",21.25,25.0,15,True,3
2026-08-26,Other,"Extra 10% Off, with code: EXTRA boohoo Large Scale Floral Ruched Bodice Maxi Dress",25.5,30.0,15,True,3
2026-08-26,Other,"Extra 10% Off, with code: EXTRA Tall boohoo Tall Western Denim Short Sleeve Mini Dress",25.2,28.0,10,True,3
2026-08-26,Other,"Extra 10% Off, with code: EXTRA Plus boohoo Plus Pleated Hem Skater Dress",28.8,32.0,10,True,3
2026-08-26,Other,"Extra 10% Off, with code: EXTRA boohoo Square Neck Ruched Mesh Midaxi Dress",22.95,27.0,15,True,3
2026-08-26,Other,"Extra 10% Off, with code: EXTRA Plus boohoo Plus Wrap Front Midi Dress",18.7,22.0,15,True,3
2026-08-26,Other,"Extra 10% Off, with code: EXTRA boohoo Square Neck Ruched Mesh Mini Dress",19.8,22.0,10,True,3
2026-08-26,Other,"Extra 10% Off, with code: EXTRA boohoo Tiered Linen Strappy Maxi Dress",25.2,28.0,10,True,3
2026-08-26,Other,"Extra 10% Off, with code: EXTRA boohoo Bengaline Square Neck Skater Dress",26.1,29.0,10,True,3
2026-08-26,Other,"Extra 10% Off, with code: EXTRA SALE boohoo Gold Button Waistcoat Mini Dress",16.0,24.0,33,True,3
2026-08-26,Other,"Extra 10% Off, with code: EXTRA boohoo Corded Lace Flared Sleeve Maxi Dress",36.0,40.0,10,True,3
2026-08-26,Other,"Extra 10% Off, with code: EXTRA Plus boohoo Plus Puff Sleeve Polka Dot Skater Dress",34.2,38.0,10,True,3
2026-08-26,Other,"Extra 10% Off, with code: EXTRA Plus boohoo Plus Floral Chiffon Skater Dress",24.0,30.0,20,True,3
2026-08-26,Other,"Extra 10% Off, with code: EXTRA boohoo Cowl Long Sleeve Mini Dress",28.05,33.0,15,True,3
2026-08-26,Other,"Extra 10% Off, with code: EXTRA boohoo Chiffon Ruffle Polka Dot Strappy Maxi Dress",32.3,38.0,15,True,3
2026-08-26,Other,"Extra 10% Off, with code: EXTRA Plus boohoo Plus Dobby Chiffon Floral Frill Detail Maxi Dress",35.7,42.0,15,True,3
2026-08-26,Other,"Extra 10% Off, with code: EXTRA boohoo Chiffon Ruffle Detail Backless Maxi Dress",28.8,32.0,10,True,3
2026-08-26,Other,"Extra 10% Off, with code: EXTRA Plus boohoo Plus Mesh Blurred Floral Cowl Neck Maxi Dress",30.6,34.0,10,True,3
2026-08-26,Other,"Extra 10% Off, with code: EXTRA boohoo Crochet Stripe Knit Flared Sleeve Mini Dress",22.5,25.0,10,True,3
2026-08-26,Other,"Extra 10% Off, with code: EXTRA Plus boohoo Plus Floral Ruched Mesh Maxi Dress",25.6,32.0,20,True,3
2026-08-26,Other,"Extra 10% Off, with code: EXTRA boohoo Chiffon Ruffle Floral Polka Dot Maxi Dress",31.5,35.0,10,True,4
2026-08-26,Other,"Extra 10% Off, with code: EXTRA boohoo Tailored Sweetheart Bardot Skater Dress",28.8,32.0,10,True,4
2026-08-26,Other,"Extra 10% Off, with code: EXTRA Plus boohoo Plus Ditsy Balloon Sleeve Milkmaid Maxi Dress",28.8,32.0,10,True,4
2026-08-26,Other,"Extra 10% Off, with code: EXTRA boohoo Mono Godet Hem Mini Dress",28.8,32.0,10,True,4
2026-08-26,Other,"Extra 10% Off, with code: EXTRA Plus Back In Stock boohoo Plus Textured Tie Detail Maxi Dress",22.1,26.0,15,True,4
2026-08-26,Other,"Extra 10% Off, with code: EXTRA Petite boohoo Petite High Neck Structured Tailored Mini Dress",22.95,27.0,15,True,4
2026-08-26,Other,"Extra 10% Off, with code: EXTRA Plus boohoo Plus Chiffon Ruffle Cold Shoulder Maxi Dress",29.75,35.0,15,True,4
2026-08-26,Other,"Extra 10% Off, with code: EXTRA Shop New Season boohoo Asymmetric Ruched Mini Dress",22.5,25.0,10,True,4
2026-08-26,Other,"Extra 10% Off, with code: EXTRA Plus boohoo Plus Polka Dot Print Chiffon Ruffle Maxi Dress",36.0,40.0,10,True,4
2026-08-26,Other,"Extra 10% Off, with code: EXTRA Plus boohoo Plus Satin Drape Slash Neck Mini Dress",32.4,36.0,10,True,4
2026-08-26,Other,"Extra 10% Off, with code: EXTRA boohoo High Neck Structured Tailored Mini Dress",27.9,31.0,10,True,4
2026-08-26,Other,"Extra 10% Off, with code: EXTRA boohoo Chiffon Ruffle Detail Maxi Dress",30.6,34.0,10,True,4
2026-08-26,Other,"Extra 10% Off, with code: EXTRA Plus Back In Stock boohoo Plus Lace Sleeve Oversized T-Shirt Dress",16.0,20.0,20,True,4
2026-08-26,Other,"Extra 10% Off, with code: EXTRA Maternity boohoo Maternity Double Slinky Bardot Long Sleeve Maxi Dress",28.8,32.0,10,True,4
2026-08-26,Other,"Extra 10% Off, with code: EXTRA boohoo Floral Chiffon Maxi Slip Dress",19.8,22.0,10,True,4
2026-08-26,Other,"Extra 10% Off, with code: EXTRA boohoo Halterneck Full Skirt Mini Dress",31.5,35.0,10,True,4
2026-08-26,Other,"Extra 10% Off, with code: EXTRA Plus boohoo Plus Polka Dot Scarf Maxi Column Dress",31.5,35.0,10,True,4
2026-08-26,Other,"Extra 10% Off, with code: EXTRA boohoo Mesh Blurred Floral Cowl Neck Maxi Dress",28.8,32.0,10,True,4
2026-08-26,Other,"Extra 10% Off, with code: EXTRA Plus boohoo Plus Textured Tie Detail Maxi Dress",23.8,28.0,15,True,4
2026-08-26,Other,"Extra 10% Off, with code: EXTRA Tall boohoo Tall Satin Drape Long Sleeve Mini Dress",36.0,40.0,10,True,4
2026-08-26,Other,"Extra 10% Off, with code: EXTRA boohoo Oversized Mini Dress With Studded Belt",31.5,35.0,10,True,4
2026-08-26,Other,"Extra 10% Off, with code: EXTRA Plus boohoo Plus Mixed Animal Crinkle Chiffon Milkmaid Maxi Dress",32.0,40.0,20,True,4
2026-08-26,Other,"Extra 10% Off, with code: EXTRA boohoo Sheer Hem Sleeveless Maxi Dress",22.5,25.0,10,True,4
2026-08-26,Other,"Extra 10% Off, with code: EXTRA Plus boohoo Plus Polka Dot Chiffon Smock Dress",21.25,25.0,15,True,4
2026-08-26,Other,"Extra 10% Off, with code: EXTRA boohoo Tonal Zebra High Heck Tie Front Maxi Dress",22.5,25.0,10,True,4
2026-08-26,Other,"Extra 10% Off, with code: EXTRA boohoo Cowl Neck Mesh Column Maxi Dress",21.6,24.0,10,True,4
2026-08-26,Other,"Extra 10% Off, with code: EXTRA Plus Back In Stock boohoo Plus Polka Dot Maxi Dress",32.3,38.0,15,True,4
2026-08-26,Other,"Extra 10% Off, with code: EXTRA Plus Back In Stock boohoo Plus Textured Tie Detail Maxi Dress",21.25,25.0,15,True,4
2026-08-26,Other,"Extra 10% Off, with code: EXTRA boohoo Bengaline Square Neck Skater Dress",25.5,30.0,15,True,4
2026-08-26,Other,"Extra 10% Off, with code: EXTRA Plus boohoo Plus Textured Volume Skirt Midaxi Dress",27.0,30.0,10,True,4
2026-08-26,Other,"Extra 10% Off, with code: EXTRA Plus boohoo Plus Ruffle Detail Maxi Dress",29.75,35.0,15,True,4
2026-08-26,Other,"Extra 10% Off, with code: EXTRA Petite boohoo Petite Crinkle Drop Waist Racer Maxi Dress",21.25,25.0,15,True,4
2026-08-26,Other,"Extra 10% Off, with code: EXTRA Petite boohoo Petite Asymmetric Blurred Floral Ruched Mini Dress",23.4,26.0,10,True,4
2026-08-26,Other,"Extra 10% Off, with code: EXTRA boohoo Double Layer Ruched Halterneck Maxi Dress",27.0,30.0,10,True,4
2026-08-26,Other,"Extra 10% Off, with code: EXTRA boohoo Chiffon Ruffle Detail Floral Maxi Dress",34.2,38.0,10,True,4
2026-08-26,Other,"Extra 10% Off, with code: EXTRA boohoo Chiffon Layered Ruffle Detail Maxi Dress",27.0,30.0,10,True,4
2026-08-26,Other,"Extra 10% Off, with code: EXTRA Petite boohoo Petite Bandeau 2 in 1 Maxi Dress",34.0,40.0,15,True,4
2026-08-26,Other,"Extra 10% Off, with code: EXTRA SALE boohoo Floral Chiffon Layered Ruffle Detail Maxi Dress",20.0,35.0,43,True,4
2026-08-26,Other,"Extra 10% Off, with code: EXTRA Plus boohoo Plus Polka Dot Ruffle Maxi Dress",31.5,35.0,10,True,4
2026-08-26,Other,"Extra 10% Off, with code: EXTRA boohoo V Neck Satin Maxi Slip Dress",18.7,22.0,15,True,5
2026-08-26,Other,"Extra 10% Off, with code: EXTRA boohoo Crepe Asym Neck Skater Midi Dress",27.0,30.0,10,True,5
2026-08-26,Other,"Extra 10% Off, with code: EXTRA Plus Back In Stock boohoo Plus Bengaline Corset Long Sleeve Skater Dress",27.2,32.0,15,True,5
2026-08-26,Other,"Extra 10% Off, with code: EXTRA Plus boohoo Plus Chiffon Cowl Neck Maxi Dress",23.8,28.0,15,True,5
2026-08-26,Other,"Extra 10% Off, with code: EXTRA Petite boohoo Petite Floral Cowl Neck Maxi Slip Dress",24.65,29.0,15,True,5
2026-08-26,Other,"Extra 10% Off, with code: EXTRA Back In Stock boohoo Cut Out One Shoulder Mesh Midaxi Dress",24.65,29.0,15,True,5
2026-08-26,Other,"Extra 10% Off, with code: EXTRA boohoo Chiffon Ruffle Detail Backless Floral Maxi Dress",31.5,35.0,10,True,5
2026-08-26,Other,"Extra 10% Off, with code: EXTRA Shop New Season boohoo Animal Print Asymmetric Shoulder Tie Front Mini Dress",27.0,30.0,10,True,5
2026-08-26,Other,"Extra 10% Off, with code: EXTRA boohoo Soft Touch Drape Shoulder Maxi Dress",27.0,30.0,10,True,5
2026-08-26,Other,"Extra 10% Off, with code: EXTRA boohoo Mesh Large Floral One Shoulder Mini Dress",23.4,26.0,10,True,5
2026-08-26,Other,"Extra 10% Off, with code: EXTRA boohoo Floral Textured Chiffon Lace Up Front Mini Dress",27.0,30.0,10,True,5
2026-08-26,Other,"Extra 10% Off, with code: EXTRA boohoo Sheer Hem Sleeveless Maxi Dress",21.25,25.0,15,True,5
2026-08-26,Other,"Extra 10% Off, with code: EXTRA Plus boohoo Plus Polka Dot Volume Sleeve Satin Midaxi Dress",25.2,28.0,10,True,5
2026-08-26,Other,"Extra 10% Off, with code: EXTRA Plus boohoo Plus Polka Dot Maxi Dress",34.2,38.0,10,True,5
2026-08-26,Other,"Extra 10% Off, with code: EXTRA Tall boohoo Tall Bengaline Gold Button Trim Cap Sleeve Shift Dress",22.5,25.0,10,True,5
2026-08-26,Other,"Extra 10% Off, with code: EXTRA boohoo Chiffon Multi Layered Maxi Dress",27.0,30.0,10,True,5
2026-08-26,Other,"Extra 10% Off, with code: EXTRA boohoo Bandeau 2 in 1 Maxi Dress",36.0,40.0,10,True,5
2026-08-26,Other,"Extra 10% Off, with code: EXTRA Plus boohoo Plus Textured Tie Detail Maxi Dress",22.5,25.0,10,True,5
2026-08-26,Other,"Extra 10% Off, with code: EXTRA Plus boohoo Plus Cheesecloth Ruffle Strappy Sun Dress",23.4,26.0,10,True,5
2026-08-26,Other,"Extra 10% Off, with code: EXTRA boohoo Square Neck Full Skirt Mini Dress",28.8,32.0,10,True,5
2026-08-26,Other,"Extra 10% Off, with code: EXTRA Back In Stock boohoo Lace Detail Midaxi T-shirt Dress",21.25,25.0,15,True,5
2026-08-26,Other,"Extra 10% Off, with code: EXTRA Maternity boohoo Maternity Mesh Ruched Cowl Maxi Dress",23.4,26.0,10,True,5
2026-08-26,Other,"Extra 10% Off, with code: EXTRA Petite boohoo Petite Lace Detail Midaxi T-Shirt Dress",22.5,25.0,10,True,5
2026-08-26,Other,"Extra 10% Off, with code: EXTRA Maternity boohoo Maternity Mesh Maxi Dress",23.4,26.0,10,True,5
2026-08-26,Other,"Extra 10% Off, with code: EXTRA boohoo Soft Touch Ruched Waist Maxi Dress",27.0,30.0,10,True,5
2026-08-26,Other,"Extra 10% Off, with code: EXTRA boohoo Burnout Floral Angel Sleeve Midaxi Dress",34.2,38.0,10,True,5
2026-08-26,Other,"Extra 10% Off, with code: EXTRA boohoo Polka Dot Cowl Cami Slip Dress",25.5,30.0,15,True,5
2026-08-26,Other,"Extra 10% Off, with code: EXTRA boohoo Soft Touch Ruched Wrap Maxi Dress",27.0,30.0,10,True,5
2026-08-26,Other,"Extra 10% Off, with code: EXTRA boohoo Lace Baby Doll Flare Sleeve Mini Dress",31.5,35.0,10,True,5
2026-08-26,Other,"Extra 10% Off, with code: EXTRA Plus boohoo Plus Floral Chiffon Ruched Blouson Sleeve Maxi Dress",31.5,35.0,10,True,5
2026-08-26,Other,"Extra 10% Off, with code: EXTRA boohoo Chiffon Plunge Front Floral Tiered Maxi Dress",34.2,38.0,10,True,5
2026-08-26,Other,"Extra 10% Off, with code: EXTRA boohoo Stripe Corset Detail Shirt Dress",25.5,30.0,15,True,5
2026-08-26,Other,"Extra 10% Off, with code: EXTRA boohoo Double Layer Slinky Drape Front Cold Shoulder Maxi Dress",25.2,28.0,10,True,5
2026-08-26,Other,"Extra 10% Off, with code: EXTRA boohoo Floral Chiffon Half Sleeve Ruffle Detail Maxi Dress",31.5,35.0,10,True,5
2026-08-26,Other,"Extra 10% Off, with code: EXTRA boohoo Scarf Detail Trapeze Floor Sweeping Maxi Dress",27.0,30.0,10,True,5
2026-08-26,Other,"Extra 10% Off, with code: EXTRA boohoo Satin Corset Detail Maxi Dress With Neck Scarf",31.5,35.0,10,True,5
2026-08-26,Other,"Extra 10% Off, with code: EXTRA Plus boohoo Plus Polka Dot Ruched Drop Waist Maxi Dress",28.8,32.0,10,True,5
2026-08-26,Other,"Extra 10% Off, with code: EXTRA Back In Stock boohoo Chiffon Ruffle Polka Dot Strappy Maxi Dress",30.4,38.0,20,True,5
2026-08-26,Other,"Extra 10% Off, with code: EXTRA Plus Back In Stock boohoo Plus Floral Godet Hem Maxi Dress",28.9,34.0,15,True,6
2026-08-26,Other,"Extra 10% Off, with code: EXTRA Tall boohoo Tall Textured Volume Skirt Midaxi Dress",27.2,32.0,15,True,6
2026-08-26,Other,"Extra 10% Off, with code: EXTRA boohoo Halterneck Mesh Ruffle Mini Dress",21.6,24.0,10,True,6
2026-08-26,Other,"Extra 10% Off, with code: EXTRA boohoo Crepe Asym Neck Drape Midi Dress",25.2,28.0,10,True,6
2026-08-26,Other,"Extra 10% Off, with code: EXTRA Petite boohoo Petite Chiffon Ruffle Maxi Dress",22.5,25.0,10,True,6
2026-08-26,Other,"Extra 10% Off, with code: EXTRA Petite boohoo Petite Crepe High Neck Pocket Detail Midi Dress",22.5,25.0,10,True,6
2026-08-26,Other,"Extra 10% Off, with code: EXTRA Shop New Season boohoo Slinky Twist Detail Maxi Dress",24.65,29.0,15,True,6
2026-08-26,Other,"Extra 10% Off, with code: EXTRA boohoo Floral Chiffon Ruffle Maxi Dress",23.8,28.0,15,True,6
2026-08-26,Other,"Extra 10% Off, with code: EXTRA Petite boohoo Petite Floral Chiffon Volume Sleeve Maxi dress",29.75,35.0,15,True,6
2026-08-26,Other,"Extra 10% Off, with code: EXTRA Plus boohoo Plus Chiffon Asymmetric Maxi Dress",31.5,35.0,10,True,6
2026-08-26,Other,"Extra 10% Off, with code: EXTRA boohoo Lace Cape Detail Mini Dress",28.8,32.0,10,True,6
2026-08-26,Other,"Extra 10% Off, with code: EXTRA Plus boohoo Plus Soft Ruched Long Sleeve Maxi Dress",23.8,28.0,15,True,6
2026-08-26,Other,"Extra 10% Off, with code: EXTRA Plus boohoo Plus Chiffon Ruffle Maxi Dress",34.2,38.0,10,True,6
2026-08-26,Other,"Extra 10% Off, with code: EXTRA boohoo Flared Sleeve Off the Shoulder Ruched Mini Dress",22.5,25.0,10,True,6
2026-08-26,Other,"Extra 10% Off, with code: EXTRA Maternity boohoo Maternity Mesh Ditsy Midaxi Dress",21.25,25.0,15,True,6
2026-08-26,Other,"Extra 10% Off, with code: EXTRA boohoo Chiffon Ruffle Detail Halterneck Maxi Dress",28.8,32.0,10,True,6
2026-08-26,Other,"Extra 10% Off, with code: EXTRA Petite boohoo Petite Bias Cut Angel Sleeve Maxi Dress",29.75,35.0,15,True,6
2026-08-26,Other,"Extra 10% Off, with code: EXTRA Plus boohoo Plus Textured Tie Detail Maxi Dress",21.25,25.0,15,True,6
2026-08-26,Other,"Extra 10% Off, with code: EXTRA boohoo Floral Chiffon Plunge Ruffle Midaxi Dress",27.0,30.0,10,True,6
2026-08-26,Other,"Extra 10% Off, with code: EXTRA boohoo Jersey Crepe Drape Shoulder Midaxi Dress",22.5,25.0,10,True,6
2026-08-26,Other,"Extra 10% Off, with code: EXTRA boohoo Large Floral Bust Detail Fitted Maxi Dress",31.5,35.0,10,True,6
2026-08-26,Other,"Extra 10% Off, with code: EXTRA Tall boohoo Tall Blurred Floral Tiered Ruffle Crochet Smock Dress",36.0,40.0,10,True,6
2026-08-26,Other,"Extra 10% Off, with code: EXTRA boohoo Tropical Print Column Maxi Dress",28.8,32.0,10,True,6
2026-08-26,Other,"Extra 10% Off, with code: EXTRA boohoo Mono Godet Hem Maxi Dress",45.0,50.0,10,True,6
2026-08-26,Other,"Extra 10% Off, with code: EXTRA Plus boohoo Plus Lace Corset Long Sleeve Drape Mini Dress",30.4,38.0,20,True,6
2026-08-26,Other,"Extra 10% Off, with code: EXTRA Petite boohoo Petite Bias Cut Angel Sleeve Maxi Dress",31.5,35.0,10,True,6
2026-08-26,Other,"Extra 10% Off, with code: EXTRA Tall boohoo Tall Slinky Ruched Wrap Maxi Dress",25.5,30.0,15,True,6
2026-08-26,Other,"Extra 10% Off, with code: EXTRA boohoo Burnout Floral Godet Hem Mini Dress",23.8,28.0,15,True,6
2026-08-26,Other,"Extra 10% Off, with code: EXTRA boohoo Cape Drape Detail Midaxi T-shirt Dress",22.5,25.0,10,True,6
2026-08-26,Other,"Extra 10% Off, with code: EXTRA boohoo Halterneck Backless Chiffon Skirt Maxi Dress",31.5,35.0,10,True,6
2026-08-26,Other,"Extra 10% Off, with code: EXTRA boohoo Structured Skater Maxi Dress",34.2,38.0,10,True,6
2026-08-26,Other,"Extra 10% Off, with code: EXTRA boohoo Halterneck Seam Detail Fluid Maxi Dress",25.2,28.0,10,True,6
2026-08-26,Other,"Extra 10% Off, with code: EXTRA Back In Stock boohoo Floral Dobby Floral Frill Maxi Dress",30.6,36.0,15,True,6
2026-08-26,Other,"Extra 10% Off, with code: EXTRA boohoo Leopard Print Bodycon Dress With Lace Cup Detail",25.5,30.0,15,True,6
2026-08-26,Other,"Extra 10% Off, with code: EXTRA boohoo Tonal Floral Chiffon Flared Sleeve Maxi Dress",25.2,28.0,10,True,6
2026-08-26,Other,"Extra 10% Off, with code: EXTRA boohoo Chiffon Ruffle Floral Zebra Polka Dot Maxi Dress",29.75,35.0,15,True,6
2026-08-26,Other,"Extra 10% Off, with code: EXTRA Tall boohoo Tall Floral Chiffon Volume Sleeve Maxi dress",31.5,35.0,10,True,6
2026-08-26,Other,"Extra 10% Off, with code: EXTRA boohoo Chiffon Plunge Front Tiered Maxi Dress",31.5,35.0,10,True,7
2026-08-26,Other,"Extra 10% Off, with code: EXTRA Tall Back In Stock boohoo Tall Cape Sleeve Midi Bodycon Dress",28.8,32.0,10,True,7
2026-08-26,Other,"Extra 10% Off, with code: EXTRA boohoo Tonal Chiffon Godet Hem Maxi Dress",23.8,28.0,15,True,7
2026-08-26,Other,"Extra 10% Off, with code: EXTRA boohoo Polka Dot Satin & Lace Contour Panel Maxi Dress",36.0,40.0,10,True,7
2026-08-26,Other,"Extra 10% Off, with code: EXTRA boohoo Linen Look Ruched Bust Halterneck Mini Dress",28.9,34.0,15,True,7
2026-08-26,Other,"Extra 10% Off, with code: EXTRA boohoo Burnout Floral Asym Neck Maxi Dress",34.2,38.0,10,True,7
2026-08-26,Other,"Extra 10% Off, with code: EXTRA Back In Stock boohoo Chiffon Ruffle Tonal Zebra Strappy Maxi Dress",32.3,38.0,15,True,7
2026-08-26,Other,"Extra 10% Off, with code: EXTRA Shop New Season Plus boohoo Plus Chiffon Long Sleeve Ruffle Maxi Dress",36.0,40.0,10,True,7
2026-08-26,Other,"Extra 10% Off, with code: EXTRA boohoo Burnout Floral Angel Sleeve Midaxi Dress",31.5,35.0,10,True,7
2026-08-26,Other,"Extra 10% Off, with code: EXTRA Plus boohoo Plus Jacquard Floral Angel Sleeve Midaxi Dress",34.0,40.0,15,True,7
2026-08-26,Other,"Extra 10% Off, with code: EXTRA boohoo Chiffon Plunge Ruffle Maxi Dress",22.5,25.0,10,True,7
2026-08-26,Other,"Extra 10% Off, with code: EXTRA Plus boohoo Plus Slinky Ruched Wrap Maxi Dress",27.0,30.0,10,True,7
2026-08-26,Other,"Extra 10% Off, with code: EXTRA Back In Stock boohoo Crinkle Chiffon Ruffle Maxi Dress",34.2,38.0,10,True,7
2026-08-26,Other,"Extra 10% Off, with code: EXTRA Tall boohoo Tall Textured Cut Out Maxi Dress",40.5,45.0,10,True,7
2026-08-26,Other,"Extra 10% Off, with code: EXTRA boohoo Burnout Floral Angel Sleeve Midaxi Dress",32.4,36.0,10,True,7
2026-08-26,Other,"Extra 10% Off, with code: EXTRA boohoo Tailored Sleeveless Structured Cinched Waist Pleated Blazer Dress",40.5,45.0,10,True,7
2026-08-26,Other,"Extra 10% Off, with code: EXTRA Plus boohoo Plus Printed Cowl Neck Maxi Dress",34.2,38.0,10,True,7
2026-08-26,Other,"Extra 10% Off, with code: EXTRA Back In Stock boohoo Leopard Chiffon Ruffle Maxi Dress",28.8,36.0,20,True,7
2026-08-26,Other,"Extra 10% Off, with code: EXTRA Plus boohoo Plus Pearl Embellished Blazer Dress",44.0,55.0,20,True,7
2026-08-26,Other,"Extra 10% Off, with code: EXTRA Plus boohoo Plus Chiffon Ruched Blouson Sleeve Maxi Dress",34.0,40.0,15,True,7
2026-08-26,Other,"Extra 10% Off, with code: EXTRA boohoo Halter Lace Corset Drape Skirt Maxi Dress",41.4,46.0,10,True,7
2026-08-26,Other,"Extra 10% Off, with code: EXTRA SALE boohoo Tailored Strappy Foldover Ruffle Mini Dress",11.0,32.0,66,True,7
2026-08-26,Other,"Extra 10% Off, with code: EXTRA boohoo Basic Denim Shift Dress",27.0,30.0,10,True,7
2026-08-26,Other,"Extra 10% Off, with code: EXTRA Petite boohoo Petite Basic Scoop Neck Maxi Dress",13.5,15.0,10,True,7
2026-08-26,Other,"Extra 10% Off, with code: EXTRA Plus boohoo Plus T Shirt Mini Dress",15.3,18.0,15,True,7
2026-08-26,Other,"Extra 10% Off, with code: EXTRA Maternity boohoo Maternity Stripe Racer Neck Midi Dress",14.4,18.0,20,True,7
2026-08-26,Other,"Extra 10% Off, with code: EXTRA Tall boohoo Tall Textured Frill Smock Dress",11.9,14.0,15,True,7
2026-08-26,Other,"Extra 10% Off, with code: EXTRA boohoo Floral Print Sheer Mesh Mini Beach Dress",16.2,18.0,10,True,7
2026-08-26,Other,"Extra 10% Off, with code: EXTRA boohoo Ruched Bust Puff Sleeve Mini Dress",21.25,25.0,15,True,7
2026-08-26,Other,"Extra 10% Off, with code: EXTRA Plus SALE boohoo Plus Check Ruched Side Shirt Dress",10.0,32.0,69,True,7
2026-08-26,Other,"Extra 10% Off, with code: EXTRA Plus boohoo Plus Ruched Square Neck Skater Dress",18.7,22.0,15,True,7
2026-08-26,Other,"Extra 10% Off, with code: EXTRA boohoo Polka Dot Square Neck Mini Dress",21.6,24.0,10,True,7
2026-08-26,Other,"Extra 10% Off, with code: EXTRA boohoo Mesh Zebra Print Cowl Maxi Dress",25.2,28.0,10,True,7
2026-08-26,Other,"Extra 10% Off, with code: EXTRA Petite boohoo Petite Scoop Neck Strappy Maxi Dress",13.5,15.0,10,True,7
2026-08-26,Other,"Extra 10% Off, with code: EXTRA boohoo Ruched Side Shift Dress",23.4,26.0,10,True,7
2026-08-26,Other,"Extra 10% Off, with code: EXTRA SALE boohoo Ruffle Chiffon Mini Dress",10.0,26.0,62,True,7
2026-08-26,Other,"Extra 10% Off, with code: EXTRA boohoo Super Soft Strappy Cami Maxi Dress",13.5,15.0,10,True,7
2026-08-26,Other,"Extra 10% Off, with code: EXTRA boohoo Super Soft Bandeau Midi Dress",11.9,14.0,15,True,8
2026-08-26,Other,"Extra 10% Off, with code: EXTRA boohoo Lace Trim Ruched Bust Mini Dress",17.1,19.0,10,True,8
2026-08-26,Other,"Extra 10% Off, with code: EXTRA Plus SALE boohoo Plus Zebra Chiffon Cowl Neck Maxi Dress",20.0,30.0,33,True,8
2026-08-26,Other,"Extra 10% Off, with code: EXTRA Plus boohoo Plus Zebra Wrap Ruffle Skater Dress",15.3,18.0,15,True,8
2026-08-26,Other,"Extra 10% Off, with code: EXTRA boohoo Slash Neck Fit & Flare Micro Mini Dress",23.2,29.0,20,True,8
2026-08-26,Other,"Extra 10% Off, with code: EXTRA Plus boohoo Plus Double Bengaline Structured Panelled Mini Skater Dress",22.4,28.0,20,True,8
2026-08-26,Other,"Extra 10% Off, with code: EXTRA Petite SALE boohoo Petite Tie Shoulder Milkmaid Skater Dress",13.0,32.0,59,True,8
2026-08-26,Other,"Extra 10% Off, with code: EXTRA Shop New Season Petite boohoo Petite Shirred Poplin Midaxi Dress",25.2,28.0,10,True,8
2026-08-26,Other,"Extra 10% Off, with code: EXTRA boohoo Square Neck Embroidered Strappy Slip Dress",14.45,17.0,15,True,8
2026-08-26,Other,"Extra 10% Off, with code: EXTRA Plus boohoo Plus Trim Detail Drape Shoulder Pad Mini Dress",23.4,26.0,10,True,8
2026-08-26,Other,"Extra 10% Off, with code: EXTRA SALE boohoo Gold Trim Belted Cap Sleeve Dress",11.0,30.0,63,True,8
2026-08-26,Other,"Extra 10% Off, with code: EXTRA Petite Back In Stock boohoo Petite Smudge Print Ruffle Woven Wrap Dress",13.17,15.5,15,True,8
2026-08-26,Other,"Extra 10% Off, with code: EXTRA Petite SALE boohoo Petite Leopard Chiffon Ruffle Mini Dress",11.0,30.0,63,True,8
2026-08-26,Other,"Extra 10% Off, with code: EXTRA SALE boohoo Halterneck Tie Back Puff Ball Mini Dress",13.0,38.0,66,True,8
2026-08-26,Other,"Extra 10% Off, with code: EXTRA Plus SALE boohoo Plus Leopard Print Belted Skater Dress",13.0,22.0,41,True,8
2026-08-26,Other,"Extra 10% Off, with code: EXTRA SALE boohoo Floral Burnout Ruffle Strap Slip Dress",9.0,28.0,68,True,8
2026-08-26,Other,"Extra 10% Off, with code: EXTRA SALE boohoo Burnout Floral Godet Hem Mini Dress",9.0,28.0,68,True,8
2026-08-26,Other,"Extra 10% Off, with code: EXTRA SALE boohoo Polka Dot Crinkle Midaxi Dress",11.0,27.0,59,True,8
2026-08-26,Other,"Extra 10% Off, with code: EXTRA boohoo Tailored A-line Mini Dress",22.1,26.0,15,True,8
2026-08-26,Other,"Extra 10% Off, with code: EXTRA Plus SALE boohoo Plus Floral Plunge Ruffle Detail Chiffon Maxi Dress",13.0,32.0,59,True,8
2026-08-26,Other,"Extra 10% Off, with code: EXTRA SALE boohoo Floral Mesh Ruched Mini Dress",14.0,24.0,42,True,8
2026-08-26,Other,"Extra 10% Off, with code: EXTRA boohoo Super Soft Midaxi Dress",13.5,15.0,10,True,8
2026-08-26,Other,"Extra 10% Off, with code: EXTRA SALE boohoo Bengaline Keyhole Skater Dress",15.0,22.0,32,True,8
2026-08-26,Other,"Extra 10% Off, with code: EXTRA boohoo Animal Printed Mesh Wide Cowl Printed Maxi Dress",19.8,22.0,10,True,8
2026-08-26,Other,"Extra 10% Off, with code: EXTRA SALE boohoo Chiffon Floral Cowl Neck Maxi Dress",10.0,30.0,67,True,8
2026-08-26,Other,"Extra 10% Off, with code: EXTRA SALE boohoo Modal Super Soft Ruched Side Relaxed Fit Mini Dress",11.0,25.0,56,True,8
2026-08-26,Other,"Extra 10% Off, with code: EXTRA Maternity boohoo Maternity Textured Rib Strappy Side Split Midaxi Dress & Crop Cardigan",22.4,28.0,20,True,8
2026-08-26,Other,"Extra 10% Off, with code: EXTRA Tall boohoo Tall Basic Scoop Neck Maxi Dress",13.5,15.0,10,True,8
2026-08-26,Other,"Extra 10% Off, with code: EXTRA Maternity SALE boohoo Maternity Chiffon Long Sleeve Pleated Waist Maxi Dress",15.0,28.0,46,True,8
2026-08-26,Other,"Extra 10% Off, with code: EXTRA Plus boohoo Plus Sleeveless Bow Detail Skater Dress",21.25,25.0,15,True,8
2026-08-26,Other,"Extra 10% Off, with code: EXTRA boohoo Jacquard Floral Angel Sleeve Mini Dress",27.0,30.0,10,True,8
2026-08-26,Other,"Extra 10% Off, with code: EXTRA boohoo Premium Jersey Tie Front T Shirt Dress",23.4,26.0,10,True,8
2026-08-26,Other,"Extra 10% Off, with code: EXTRA Petite boohoo Petite Strappy Poplin Midaxi Dress",23.4,26.0,10,True,8
2026-08-26,Other,"Extra 10% Off, with code: EXTRA boohoo Ruched Twist Detail Mini Dress",25.5,30.0,15,True,8
2026-08-26,Other,"Extra 10% Off, with code: EXTRA boohoo Lace Corset Drape Mini Dress",31.5,35.0,10,True,8
2026-08-26,Other,"Extra 10% Off, with code: EXTRA boohoo Marble Print Abstract Super Soft Maxi Dress",16.2,18.0,10,True,8
2026-08-26,Other,"Extra 10% Off, with code: EXTRA SALE boohoo Satin Drape Front Trim Detail Mini Dress",10.0,28.0,64,True,9
2026-08-26,Other,"Extra 10% Off, with code: EXTRA Plus boohoo Plus Burnout Milkmaid Midi Dress",20.4,24.0,15,True,9
2026-08-26,Other,"Extra 10% Off, with code: EXTRA boohoo Slash Neck Animal Super Soft Maxi Dress",15.3,18.0,15,True,9
2026-08-26,Other,"Extra 10% Off, with code: EXTRA boohoo Polka Dot Bandeau Pep Hem Midaxi Dress",18.7,22.0,15,True,9
2026-08-26,Other,"Extra 10% Off, with code: EXTRA Plus SALE boohoo Plus Lace Godet Mini Skater Dress",11.0,28.0,61,True,9
2026-08-26,Other,"Extra 10% Off, with code: EXTRA Shop New Season Plus SALE boohoo Plus Shirred Tied Waist Maxi Dress",10.0,30.0,67,True,9
2026-08-26,Other,"Extra 10% Off, with code: EXTRA Plus boohoo Plus Polka Dot Godet Hem Mini Dress",22.5,25.0,10,True,9
2026-08-26,Other,"Extra 10% Off, with code: EXTRA Plus boohoo Plus Large Floral Ruched Mini Shift Dress",22.4,28.0,20,True,9
2026-08-26,Other,"Extra 10% Off, with code: EXTRA Petite boohoo Petite Asymmetric Ruched Mini Dress",22.5,25.0,10,True,9
2026-08-26,Other,"Extra 10% Off, with code: EXTRA SALE boohoo Premium Super Soft Rib Scoop Neck Mini Dress",13.0,25.0,48,True,9
2026-08-26,Other,"Extra 10% Off, with code: EXTRA boohoo Mesh Slash Neck Angel Sleeve Skater Dress",18.9,21.0,10,True,9
2026-08-26,Other,"Extra 10% Off, with code: EXTRA boohoo Tailored Underbust Seam Detail Shift Dress",22.5,25.0,10,True,9
2026-08-26,Other,"Extra 10% Off, with code: EXTRA boohoo Mesh Leopard Floral Cowl Maxi",19.8,22.0,10,True,9
2026-08-26,Other,"Extra 10% Off, with code: EXTRA Maternity SALE boohoo Maternity Rib Tie Detail Maxi Dress",13.0,21.0,38,True,9
2026-08-26,Other,"Extra 10% Off, with code: EXTRA Petite boohoo Petite Slinky Scoop Neck Long Sleeve Maxi Dress",16.15,19.0,15,True,9
2026-08-26,Other,"Extra 10% Off, with code: EXTRA SALE boohoo Cotton Poplin Button Through Boat Neck Mini Dress",10.0,18.0,44,True,9
2026-08-26,Other,"Extra 10% Off, with code: EXTRA boohoo Long Sleeve Slash Neck Tailored Mini Dress",21.25,25.0,15,True,9
2026-08-26,Other,"Extra 10% Off, with code: EXTRA boohoo Basic Super Soft Short Sleeve Maxi Dress",16.2,18.0,10,True,9
2026-08-26,Other,"Extra 10% Off, with code: EXTRA boohoo Tailored Cap Sleeve Button Through Mini Shift Dress",25.2,28.0,10,True,9
2026-08-26,Other,"Extra 10% Off, with code: EXTRA SALE boohoo Wrap Drape Front Tailored Blazer Dress",11.0,32.0,66,True,9
2026-08-26,Other,"Extra 10% Off, with code: EXTRA boohoo Rib Dropped Hem Skater Dress",16.0,20.0,20,True,9
2026-08-26,Other,"Extra 10% Off, with code: EXTRA Plus boohoo Plus Cotton Cinched Waist Cap Sleeve Midi Dress",20.0,25.0,20,True,9
2026-08-26,Other,"Extra 10% Off, with code: EXTRA boohoo Chiffon Plunge Front Floral Mini Dress",18.7,22.0,15,True,9
2026-08-26,Other,"Extra 10% Off, with code: EXTRA SALE boohoo Super Soft Ruched Drop Waist Maxi Dress",11.0,22.0,50,True,9
2026-08-26,Other,"Extra 10% Off, with code: EXTRA SALE boohoo Suede Box Pleat Mini Dress",18.0,45.0,60,True,9
2026-08-26,Other,"Extra 10% Off, with code: EXTRA boohoo Floral Ruched Sweetheart Pleated Skater Dress",21.25,25.0,15,True,9
2026-08-26,Other,"Extra 10% Off, with code: EXTRA Plus boohoo Plus Super Soft Floaty Sleeve Skater Dress",19.8,22.0,10,True,9
2026-08-26,Other,"Extra 10% Off, with code: EXTRA Petite boohoo Petite Leopard Print Skater Shirt Dress",16.15,19.0,15,True,9
2026-08-26,Other,"Extra 10% Off, with code: EXTRA Plus boohoo Plus Textured Tie Detail Maxi Dress",22.1,26.0,15,True,9
2026-08-26,Other,"Extra 10% Off, with code: EXTRA boohoo Paisley Chiffon Mini Dress",18.7,22.0,15,True,9
2026-08-26,Other,"Extra 10% Off, with code: EXTRA boohoo Polka Dot Printed Mesh Hem T-shirt Dress",21.25,25.0,15,True,9
2026-08-26,Other,"Extra 10% Off, with code: EXTRA Plus boohoo Plus Large Floral Slash neck Maxi Dress",18.0,20.0,10,True,9
2026-08-26,Other,"Extra 10% Off, with code: EXTRA boohoo Sleeveless Shoulder Pad Buckle Detail Blazer Dress",25.2,28.0,10,True,9
2026-08-26,Other,"Extra 10% Off, with code: EXTRA SALE boohoo Lace Seam Detail Bandeau Mini Dress",10.0,25.0,60,True,9
2026-08-26,Other,"Extra 10% Off, with code: EXTRA Plus boohoo Plus Super Soft Angel Sleeve Ruched Midi Dress",22.5,25.0,10,True,9
2026-08-26,Other,"Extra 10% Off, with code: EXTRA Plus boohoo Plus Polka Dot Mesh Twist Detail Midaxi Dress",25.2,28.0,10,True,9
2026-08-26,Other,"Extra 10% Off, with code: EXTRA Plus boohoo Plus Soft Ruched Long Sleeve Maxi Dress",22.4,28.0,20,True,9
2026-08-26,Other,"Extra 10% Off, with code: EXTRA boohoo Chiffon Ruffle Detail Asymmetric Midi Dress",25.2,28.0,10,True,10
2026-08-26,Other,"Extra 10% Off, with code: EXTRA boohoo Textured Volume Skirt Midaxi Dress",27.0,30.0,10,True,10
2026-08-26,Other,"Extra 10% Off, with code: EXTRA boohoo Ruffle Detail Maxi Dress",27.0,30.0,10,True,10
2026-08-26,Other,"Extra 10% Off, with code: EXTRA Plus boohoo Plus Bardot Off The Shoulder Maxi Dress",30.6,34.0,10,True,10
2026-08-26,Other,"Extra 10% Off, with code: EXTRA Plus boohoo Plus Double Layer Ruched Plunge Batwing Maxi Dress",26.4,33.0,20,True,10
2026-08-26,Other,"Extra 10% Off, with code: EXTRA boohoo Slash Neck Abstract Super Soft Maxi Dress",14.4,18.0,20,True,10
2026-08-26,Other,"Extra 10% Off, with code: EXTRA Petite boohoo Petite Halterneck Gold Trim Tiered Mini Dress",22.1,26.0,15,True,10
2026-08-26,Other,"Extra 10% Off, with code: EXTRA Shop New Season boohoo Cotton Poplin Ultimate Oversized Shirt Dress",24.3,27.0,10,True,10
2026-08-26,Other,"Extra 10% Off, with code: EXTRA Back In Stock boohoo Abstract Printed Chiffon Flare Sleeve Mini Dress",20.8,26.0,20,True,10
2026-08-26,Other,"Extra 10% Off, with code: EXTRA boohoo Chiffon Flared Sleeve Maxi Dress",23.4,26.0,10,True,10
2026-08-26,Other,"Extra 10% Off, with code: EXTRA boohoo Square Neck Ruched Mini Dress",22.4,28.0,20,True,10
2026-08-26,Other,"Extra 10% Off, with code: EXTRA boohoo Sleeveless Seam Detail Denim Mini Dress",28.8,32.0,10,True,10
2026-08-26,Other,"Extra 10% Off, with code: EXTRA Plus boohoo Plus Tie Front Pleated Cotton Skater Dress",24.65,29.0,15,True,10
2026-08-26,Other,"Extra 10% Off, with code: EXTRA Plus boohoo Plus Stripe Square Neck Frill Hem Mini Dress",18.0,20.0,10,True,10
2026-08-26,Other,"Extra 10% Off, with code: EXTRA Plus boohoo Plus Linen Look Strappy Shirred Tired Smock Dress",22.5,25.0,10,True,10
2026-08-26,Other,"Extra 10% Off, with code: EXTRA SALE boohoo Linen Look Puff Sleeve Shirred Mini Dress",10.0,25.0,60,True,10
2026-08-26,Other,"Extra 10% Off, with code: EXTRA Plus boohoo Plus Short Sleeve Panneled Skater Dress",18.0,20.0,10,True,10
2026-08-26,Other,"Extra 10% Off, with code: EXTRA Plus boohoo Plus Denim Utility Belt Shift Dress",28.9,34.0,15,True,10
2026-08-26,Other,"Extra 10% Off, with code: EXTRA Plus boohoo Plus Trim Detail T-Shirt Dress",21.6,24.0,10,True,10
2026-08-26,Other,"Extra 10% Off, with code: EXTRA boohoo Floral Print Strappy Mini Dress",14.45,17.0,15,True,10
2026-08-26,Other,"Extra 10% Off, with code: EXTRA boohoo Square Neck Ruched Mesh Bodycon Dress",16.0,20.0,20,True,10
2026-08-26,Other,"Extra 10% Off, with code: EXTRA boohoo Bardot Volume Sleeve Beach Dress",18.0,20.0,10,True,10
2026-08-26,Other,"Extra 10% Off, with code: EXTRA boohoo Long Sleeve Collarless Tailored Mini Dress",33.6,42.0,20,True,10
2026-08-26,Other,"Extra 10% Off, with code: EXTRA Plus boohoo Plus Wrap Over Trim Sleeveless Blazer Dress",28.8,32.0,10,True,10
2026-08-26,Other,"Extra 10% Off, with code: EXTRA Plus boohoo Plus Mixed Animal Ruffle Sleeve Mini Dress",25.2,28.0,10,True,10
2026-08-26,Other,"Extra 10% Off, with code: EXTRA Plus boohoo Plus Floral Chiffon Godet Skater",20.0,25.0,20,True,10
2026-08-26,Other,"Extra 10% Off, with code: EXTRA boohoo Ditsy Floral Mesh Angel Sleeve Tie Front Mini Dress",14.45,17.0,15,True,10
2026-08-26,Other,"Extra 10% Off, with code: EXTRA boohoo Ruched Tailored A-Line Dress",24.65,29.0,15,True,10
2026-08-26,Other,"Extra 10% Off, with code: EXTRA boohoo Ruched Bust Bardot Mini Dress",14.45,17.0,15,True,10
2026-08-26,Other,"Extra 10% Off, with code: EXTRA Plus SALE boohoo Plus Textured Volume Sleeve Mini Dress",13.0,25.0,48,True,10
2026-08-26,Other,"Extra 10% Off, with code: EXTRA Plus boohoo Plus Asymmetric Ruched Cap Sleeve Shift Dress",19.2,24.0,20,True,10
2026-08-26,Other,"Extra 10% Off, with code: EXTRA boohoo Linen Look Structured Off Shoulder Mini Dress",25.5,30.0,15,True,10
2026-08-26,Other,"Extra 10% Off, with code: EXTRA Plus boohoo Plus Extreme Puff Sleeve Tiered Smock Dress",20.8,26.0,20,True,10
2026-08-26,Other,"Extra 10% Off, with code: EXTRA Plus boohoo Plus Short Sleeve Zip Front Denim Dress",34.2,38.0,10,True,10
2026-08-26,Other,"Extra 10% Off, with code: EXTRA Plus boohoo Plus O-ring Detail Beach Dress",23.4,26.0,10,True,10
2026-08-26,Other,"Extra 10% Off, with code: EXTRA Plus boohoo Plus T-Shirt Maxi Dress",15.3,18.0,15,True,10
2026-08-26,Other,"Extra 10% Off, with code: EXTRA Petite boohoo Petite Sleeveless Flippy Hem Denim Dress",27.0,30.0,10,True,10
2026-08-26,Other,"Extra 10% Off, with code: EXTRA boohoo Volume Sleeve Milkmaid Mini Dress",21.6,24.0,10,True,10
2026-08-26,Other,"Extra 10% Off, with code: EXTRA boohoo Textured Ruched Frill Skirt Mini Dress",23.8,28.0,15,True,11
2026-08-26,Other,"Extra 10% Off, with code: EXTRA SALE boohoo Embroidered Textured Mini Dress",19.0,28.0,32,True,11
2026-08-26,Other,"Extra 10% Off, with code: EXTRA Plus boohoo Plus Linen Look Puff Sleeve Shirred Bodice Mini Dress",21.25,25.0,15,True,11
2026-08-26,Other,"Extra 10% Off, with code: EXTRA Plus boohoo Plus Denim Flippy Sleeveless Dress",27.2,32.0,15,True,11
2026-08-26,Other,"Extra 10% Off, with code: EXTRA boohoo Tonal Animal Print Cowl Neck Satin Mini Dress",22.5,25.0,10,True,11
2026-08-26,Other,"Extra 10% Off, with code: EXTRA boohoo Halterneck Cinched Button Front Denim Mini Dress",28.8,32.0,10,True,11
2026-08-26,Other,"Extra 10% Off, with code: EXTRA boohoo Broderie Button Down Mini Dress",13.95,15.5,10,True,11
2026-08-26,Other,"Extra 10% Off, with code: EXTRA Shop New Season Tall boohoo Tall Gold Button V Neck Shift Dress",20.0,25.0,20,True,11
2026-08-26,Other,"Extra 10% Off, with code: EXTRA Plus SALE boohoo Plus Cotton Shirred Skater Dress",14.0,24.0,42,True,11
2026-08-26,Other,"Extra 10% Off, with code: EXTRA boohoo Sleeveless Obi Tie Waist Tailored Blazer Dress",28.9,34.0,15,True,11
2026-08-26,Other,"Extra 10% Off, with code: EXTRA Maternity boohoo Maternity Frill Sleeve Smock Dress",17.1,19.0,10,True,11
2026-08-26,Other,"Extra 10% Off, with code: EXTRA boohoo Tailored Waistcoat Mini Dress",25.2,28.0,10,True,11
2026-08-26,Other,"Extra 10% Off, with code: EXTRA SALE boohoo Seam Detail Button Down Denim Mini Dress",20.0,30.0,33,True,11
2026-08-26,Other,"Extra 10% Off, with code: EXTRA Tall boohoo Tall Asymmetric Ruched Mini Dress",20.8,26.0,20,True,11
2026-08-26,Other,"Extra 10% Off, with code: EXTRA boohoo Polka Dot Cross Back Shift Dress",22.1,26.0,15,True,11
2026-08-26,Other,"Extra 10% Off, with code: EXTRA Plus boohoo Plus Basic Rib Racer Neck Midi Dress",18.0,20.0,10,True,11
2026-08-26,Other,"Extra 10% Off, with code: EXTRA Petite boohoo Petite Floral Chiffon Strappy Tie Front Godet Hem Mini Dress",18.0,20.0,10,True,11
2026-08-26,Other,"Extra 10% Off, with code: EXTRA Plus boohoo Plus Short Sleeve Cinched Waist Denim Dress",25.6,32.0,20,True,11
2026-08-26,Other,"Extra 10% Off, with code: EXTRA Plus Back In Stock boohoo Plus Woven Stretch Corset Detail Short Sleeve Floaty Mini Dress",19.2,24.0,20,True,11
2026-08-26,Other,"Extra 10% Off, with code: EXTRA boohoo Basic Denim Shift Dress",24.0,30.0,20,True,11
2026-08-26,Other,"Extra 10% Off, with code: EXTRA Plus boohoo Plus Short Sleeve Denim Dress",25.6,32.0,20,True,11
2026-08-26,Other,"Extra 10% Off, with code: EXTRA SALE boohoo Bengaline Square Neck Skater Dress",11.0,29.0,62,True,11
2026-08-26,Other,"Extra 10% Off, with code: EXTRA boohoo Floral Ruffle Detail Mini Dress",25.5,30.0,15,True,11
2026-08-26,Other,"Extra 10% Off, with code: EXTRA Tall boohoo Tall Asymmetric Ruched Mini Dress",23.4,26.0,10,True,11
2026-08-26,Other,"Extra 10% Off, with code: EXTRA boohoo Bengaline Hook And Eye Skater Dress",21.6,24.0,10,True,11
2026-08-26,Other,"Extra 10% Off, with code: EXTRA boohoo Floral Printed Mesh Plunge Front Beaded Midaxi Dress",25.2,28.0,10,True,11
2026-08-26,Other,"Extra 10% Off, with code: EXTRA Plus boohoo Plus Contrast Polka Dot Cowl Neck Strappy Mini Dress",27.0,30.0,10,True,11
2026-08-26,Other,"Extra 10% Off, with code: EXTRA Plus boohoo Plus Denim Zip Up Shift Dress",26.4,33.0,20,True,11
2026-08-26,Other,"Extra 10% Off, with code: EXTRA Plus boohoo Plus Wide Plisse Wrap Shirt Dress",20.0,25.0,20,True,11
2026-08-26,Other,"Extra 10% Off, with code: EXTRA boohoo Linen Look Ruched Bust Halterneck Mini Dress",21.6,27.0,20,True,11
2026-08-26,Other,"Extra 10% Off, with code: EXTRA SALE boohoo Floral Polka Dot Ruched Body Maxi Dress",18.0,30.0,40,True,11
2026-08-26,Other,"Extra 10% Off, with code: EXTRA SALE boohoo Linen Look Ruched Cup Strappy Mini Dress",16.0,32.0,50,True,11
2026-08-26,Other,"Extra 10% Off, with code: EXTRA Plus boohoo Plus Puff Sleeve Skater Dress",29.75,35.0,15,True,11
2026-08-26,Other,"Extra 10% Off, with code: EXTRA SALE boohoo Long Sleeve Collarless Tailored Mini Dress",19.0,40.0,53,True,11
2026-08-26,Other,"Extra 10% Off, with code: EXTRA boohoo 2 in 1 Linen Look Tailored Mini Dress",24.0,30.0,20,True,11
2026-08-26,Other,"Extra 10% Off, with code: EXTRA Plus SALE boohoo Plus Linen Look Button Down Tailored Dress",20.0,38.0,47,True,11
2026-08-26,Other,"Extra 10% Off, with code: EXTRA boohoo Tailored A Line Mini Dress",23.8,28.0,15,True,11
2026-08-26,Other,"Extra 10% Off, with code: EXTRA SALE boohoo Linen Pleated Bandeau Skater Dress",16.0,24.0,33,True,11
2026-08-26,Other,"Extra 10% Off, with code: EXTRA Plus boohoo Plus Denim Utility Belt Shift Dress",28.0,35.0,20,True,12
2026-08-26,Other,"Extra 10% Off, with code: EXTRA boohoo Square Neck Embroidered Strappy Slip Dress",13.6,17.0,20,True,12
2026-08-26,Other,"Extra 10% Off, with code: EXTRA SALE boohoo Textured Wrap Front Volume Sleeve Midaxi Dress",16.0,26.0,38,True,12
2026-08-26,Other,"Extra 10% Off, with code: EXTRA boohoo Chiffon Pastel Floral Ruffle Detail Maxi Dress",32.4,36.0,10,True,12
2026-08-26,Other,"Extra 10% Off, with code: EXTRA boohoo Broderie Ruched Bust Mini Dress",25.2,28.0,10,True,12
2026-08-26,Other,"Extra 10% Off, with code: EXTRA boohoo Tie Shoulder Square Neck Skater Dress",19.8,22.0,10,True,12
2026-08-26,Other,"Extra 10% Off, with code: EXTRA Plus boohoo Plus Wrap Tie Belt Skater Dress",18.4,23.0,20,True,12
2026-08-26,Other,"Extra 10% Off, with code: EXTRA Shop New Season Plus boohoo Plus Sleeveless Bow Detail Skater Dress",20.8,26.0,20,True,12
2026-08-26,Other,"Extra 10% Off, with code: EXTRA SALE boohoo Buckle Detail Flared Sleeve Blazer Dress",11.0,32.0,66,True,12
2026-08-26,Other,"Extra 10% Off, with code: EXTRA Plus SALE boohoo Plus Floral Chiffon Strappy Ruffle Maxi Dress",12.0,35.0,66,True,12
2026-08-26,Other,"Extra 10% Off, with code: EXTRA boohoo Gold Button Tailored Sleeveless Shirt Mini Dress",28.8,32.0,10,True,12
2026-08-26,Other,"Extra 10% Off, with code: EXTRA SALE boohoo Slash Neck Lightweight Knitted Beach Cover Up",21.0,32.0,34,True,12
2026-08-26,Other,"Extra 10% Off, with code: EXTRA boohoo Denim Bandeau Mini Dress",25.5,30.0,15,True,12
2026-08-26,Other,"Extra 10% Off, with code: EXTRA SALE boohoo Deer Print Asymmetric Ruched Mini Dress",15.0,28.0,46,True,12
2026-08-26,Other,"Extra 10% Off, with code: EXTRA Petite boohoo Petite Halter Jaquard Square Neck Skater Dress",29.75,35.0,15,True,12
2026-08-26,Other,"Extra 10% Off, with code: EXTRA SALE boohoo Linen Look Fitted Tailored Mini Dress",24.0,35.0,31,True,12
2026-08-26,Other,"Extra 10% Off, with code: EXTRA boohoo Broderie Anglaise Puff Sleeve Skater Dress",28.8,32.0,10,True,12
2026-08-26,Other,"Extra 10% Off, with code: EXTRA Plus Back In Stock boohoo Plus Tie Detail Plunge Corset Skater Dress",19.55,23.0,15,True,12
2026-08-26,Other,"Extra 10% Off, with code: EXTRA SALE boohoo Bardot Structured Volume Skater Mini Dress",14.0,28.0,50,True,12
2026-08-26,Other,"Extra 10% Off, with code: EXTRA Plus boohoo Plus Leopard Wrap Smock Dress",20.8,26.0,20,True,12
2026-08-26,Other,"Extra 10% Off, with code: EXTRA Tall SALE boohoo Tall Textured Volume Sleeve Mini Dress",15.0,25.0,40,True,12
2026-08-26,Other,"Extra 10% Off, with code: EXTRA Petite boohoo Petite Linen Shirred Bandeau Mini Dress",16.2,18.0,10,True,12
2026-08-26,Other,"Extra 10% Off, with code: EXTRA Plus SALE boohoo Plus Satin Lace Cup Detail Midaxi Dress",14.0,38.0,63,True,12
2026-08-26,Other,"Extra 10% Off, with code: EXTRA Plus boohoo Plus Polka Dot Scoop Neck Poplin Mini Dress",25.2,28.0,10,True,12
2026-08-26,Other,"Extra 10% Off, with code: EXTRA boohoo Linen Look Shirred Skater Dress",22.5,25.0,10,True,12
2026-08-26,Other,"Extra 10% Off, with code: EXTRA Plus boohoo Plus Short Sleeve Denim Dress",23.2,29.0,20,True,12
2026-08-26,Other,"Extra 10% Off, with code: EXTRA Tall boohoo Tall Chiffon Ruffle Detail Mini Dress",23.8,28.0,15,True,12
2026-08-26,Other,"Extra 10% Off, with code: EXTRA boohoo Sleeveless Seam Detail Denim Mini Dress",27.2,32.0,15,True,12
2026-08-26,Other,"Extra 10% Off, with code: EXTRA Plus SALE boohoo Plus Halterneck Ruched Detail Chiffon Maxi Dress",16.0,32.0,50,True,12
2026-08-26,Other,"Extra 10% Off, with code: EXTRA SALE boohoo Beach Crochet Gold Starfish Trim Strappy Maxi Dress",14.0,30.0,53,True,12
2026-08-26,Other,"Extra 10% Off, with code: EXTRA boohoo Square Neck Ruched Mesh Bodycon Dress",17.0,20.0,15,True,12
2026-08-26,Other,"Extra 10% Off, with code: EXTRA Plus boohoo Plus Leopard Floral Ruched Mini Shift Dress",23.8,28.0,15,True,12
2026-08-26,Other,"Extra 10% Off, with code: EXTRA SALE boohoo Embroidered Square Neck Full Skirt Mini Dress",12.0,24.0,50,True,12
2026-08-26,Other,"Extra 10% Off, with code: EXTRA Plus boohoo Plus Ruched Waist T-shirt Dress",25.2,28.0,10,True,12
2026-08-26,Other,"Extra 10% Off, with code: EXTRA Maternity boohoo Maternity Double Slinky Racker Neck Maxi Dress",25.2,28.0,10,True,12
2026-08-26,Other,"Extra 10% Off, with code: EXTRA boohoo Textured Floral Bardot Mini Dress",25.2,28.0,10,True,12
2026-08-26,Other,"Extra 10% Off, with code: EXTRA boohoo Shirred Waist Ruched Bust Mini Dress",23.4,26.0,10,True,12
2026-08-26,Other,"Extra 10% Off, with code: EXTRA boohoo Bandeau Poplin Mini Skater Dress",18.7,22.0,15,True,13
2026-08-26,Other,"Extra 10% Off, with code: EXTRA boohoo Chiffon Flared Sleeve Mini Dress",22.1,26.0,15,True,13
2026-08-26,Other,"Extra 10% Off, with code: EXTRA Plus boohoo Plus Polka Dot Chiffon Godet Skater",24.0,30.0,20,True,13
2026-08-26,Other,"Extra 10% Off, with code: EXTRA SALE boohoo One Shoulder Open Back Maxi Dress",12.0,24.0,50,True,13
2026-08-26,Other,"Extra 10% Off, with code: EXTRA boohoo Shirred Bodice Poplin Mini Dress",18.0,20.0,10,True,13
2026-08-26,Other,"Extra 10% Off, with code: EXTRA boohoo Ruffle Detail Maxi Dress With Scarf",28.8,32.0,10,True,13
2026-08-26,Other,"Extra 10% Off, with code: EXTRA Plus boohoo Plus Animal Print Mesh Ruffle Skater Dress",27.0,30.0,10,True,13
2026-08-26,Other,"Extra 10% Off, with code: EXTRA Shop New Season boohoo Cotton Tie Cuff Tshirt Dress",18.0,20.0,10,True,13
2026-08-26,Other,"Extra 10% Off, with code: EXTRA boohoo Chiffon Strap Detail Cowl Mini Dress",23.4,26.0,10,True,13
2026-08-26,Other,"Extra 10% Off, with code: EXTRA Plus boohoo Plus Pleated Skirt Skater Dress",24.0,30.0,20,True,13
2026-08-26,Other,"Extra 10% Off, with code: EXTRA Maternity boohoo Maternity Crew Neck Jumper Midi Dress",15.3,18.0,15,True,13
2026-08-26,Other,"Extra 10% Off, with code: EXTRA Plus boohoo Plus Chiffon Leopard Print Wrap Midaxi Dress",28.0,35.0,20,True,13
2026-08-26,Other,"Extra 10% Off, with code: EXTRA Plus boohoo Plus Seam Detail Button Down Mini Dress",23.8,28.0,15,True,13
2026-08-26,Other,"Extra 10% Off, with code: EXTRA Tall SALE boohoo Tall Long Sleeve Collarless Tailored Mini Dress",15.0,42.0,64,True,13
2026-08-26,Other,"Extra 10% Off, with code: EXTRA Plus boohoo Plus Sleeveless Seam Detail Denim Mini Dress",29.75,35.0,15,True,13
2026-08-26,Other,"Extra 10% Off, with code: EXTRA SALE boohoo Satin & Lace Drop Hem Mini Dress",12.0,32.0,63,True,13
2026-08-26,Other,"Extra 10% Off, with code: EXTRA SALE boohoo Tailored Asymmetric Drape Neck Skater Dress",24.0,35.0,31,True,13
2026-08-26,Other,"Extra 10% Off, with code: EXTRA Petite boohoo Petite Chiffon Ruffle Polka Dot Strappy Maxi Dress",34.2,38.0,10,True,13
2026-08-26,Other,"Extra 10% Off, with code: EXTRA boohoo Tie Front Ruched Bust Mini Dress",22.5,25.0,10,True,13
2026-08-26,Other,"Extra 10% Off, with code: EXTRA boohoo Broderie Scalloped Neck Corset Mini Dress",23.8,28.0,15,True,13
2026-08-26,Other,"Extra 10% Off, with code: EXTRA boohoo Mesh Floral Print Cowl Maxi Dress",25.2,28.0,10,True,13
2026-08-26,Other,"Extra 10% Off, with code: EXTRA Plus boohoo Plus Woven Floral Milkmaid Skater Dress",29.6,37.0,20,True,13
2026-08-26,Other,"Extra 10% Off, with code: EXTRA Plus boohoo Plus Abstract Ruched Mini Shift Dress",23.8,28.0,15,True,13
2026-08-26,Other,"Extra 10% Off, with code: EXTRA Plus boohoo Plus Gold Button Sleeveless Skater Shirt Dress",25.6,32.0,20,True,13
2026-08-26,Other,"Extra 10% Off, with code: EXTRA SALE boohoo Halterneck Embroidered Detail Mini Dress",16.0,28.0,43,True,13
2026-08-26,Other,"Extra 10% Off, with code: EXTRA boohoo Slash Neck Fit & Flare Micro Mini Dress",23.8,28.0,15,True,13
2026-08-26,Other,"Extra 10% Off, with code: EXTRA boohoo Ladder Insert High Neck Mini Dress",17.0,20.0,15,True,13
2026-08-26,Other,"Extra 10% Off, with code: EXTRA Plus boohoo Plus Ruched Waist T-shirt Dress",23.8,28.0,15,True,13
2026-08-26,Other,"Extra 10% Off, with code: EXTRA Tall boohoo Tall Linen Look Volume Sleeve Shirred Skater Dress",21.25,25.0,15,True,13
2026-08-26,Other,"Extra 10% Off, with code: EXTRA Plus boohoo Plus Soft Touch Ruched Waist Maxi Dress",28.8,32.0,10,True,13
2026-08-26,Other,"Extra 10% Off, with code: EXTRA Plus boohoo Plus Floral Mesh Column Maxi Dress",28.9,34.0,15,True,13
2026-08-26,Other,"Extra 10% Off, with code: EXTRA boohoo Premium Linen Bandeau Midaxi Dress",25.5,30.0,15,True,13
2026-08-26,Other,"Extra 10% Off, with code: EXTRA Plus boohoo Plus Floral Chiffon Tie Back Flare Mini Dress",22.5,25.0,10,True,13
2026-08-26,Other,"Extra 10% Off, with code: EXTRA boohoo Premium Linen Bandeau Midaxi Dress",28.05,33.0,15,True,13
2026-08-26,Other,"Extra 10% Off, with code: EXTRA boohoo Ruffle Detail Mini Dress",23.4,26.0,10,True,13
2026-08-26,Other,"Extra 10% Off, with code: EXTRA boohoo Polka Dot Angel Sleeve Mini Dress",22.5,25.0,10,True,13
2026-08-26,Other,"Extra 10% Off, with code: EXTRA Plus boohoo Plus Puff Sleeve V neck Mini Dress",22.5,25.0,10,True,13
2026-08-26,Other,"Extra 10% Off, with code: EXTRA Plus SALE boohoo Plus Leopard Ruched Mesh Maxi Dress",25.0,32.0,22,True,13
2026-08-26,Other,"Extra 10% Off, with code: EXTRA Plus boohoo Plus Woven Wrap Tie Midaxi Dress",20.0,25.0,20,True,14
2026-08-26,Other,"Extra 10% Off, with code: EXTRA Maternity boohoo Maternity Rib Short Sleeve Maxi Dress",17.0,20.0,15,True,14
2026-08-26,Other,"Extra 10% Off, with code: EXTRA SALE boohoo Tailored Slash Neck Button Down Waistcoat Blazer Dress",16.0,45.0,64,True,14
2026-08-26,Other,"Extra 10% Off, with code: EXTRA boohoo Halterneck Full Skirt Mini Dress",29.75,35.0,15,True,14
2026-08-26,Other,"Extra 10% Off, with code: EXTRA Plus SALE boohoo Plus Chiffon Cowl Neck Maxi Dress",19.0,28.0,32,True,14
2026-08-26,Other,"Extra 10% Off, with code: EXTRA Plus boohoo Plus Chiffon floral smock dress",21.25,25.0,15,True,14
2026-08-26,Other,"Extra 10% Off, with code: EXTRA Shop New Season boohoo Cotton Ruched Bust Shoulder Tie Mini Dress",25.5,30.0,15,True,14
2026-08-26,Other,"Extra 10% Off, with code: EXTRA Plus boohoo Plus Ditsy Floral Milkmaid Midaxi Dress",25.2,28.0,10,True,14
2026-08-26,Other,"Extra 10% Off, with code: EXTRA boohoo Floral Flared Sleeve Mini Dress",22.5,25.0,10,True,14
2026-08-26,Other,"Extra 10% Off, with code: EXTRA boohoo Ruffle Shoulder Open Back Mini Dress",18.7,22.0,15,True,14
2026-08-26,Other,"Extra 10% Off, with code: EXTRA boohoo Western Denim Short Sleeve Mini Dress",27.2,32.0,15,True,14
2026-08-26,Other,"Extra 10% Off, with code: EXTRA Petite boohoo Petite Tie Shoulder Square Neck A-line Dress",18.7,22.0,15,True,14
2026-08-26,Other,"Extra 10% Off, with code: EXTRA boohoo Leopard Print Mesh Bardot Ruched Body Skater Dress",25.2,28.0,10,True,14
2026-08-26,Other,"Extra 10% Off, with code: EXTRA boohoo 2 in 1 Linen Look Tailored Mini Dress",32.3,38.0,15,True,14
2026-08-26,Other,"Extra 10% Off, with code: EXTRA boohoo Beach Crochet Knitted Mini Dress",21.25,25.0,15,True,14
2026-08-26,Other,"Extra 10% Off, with code: EXTRA boohoo Tailored Sweetheart Neckline Skater Dress",27.2,32.0,15,True,14
2026-08-26,Other,"Extra 10% Off, with code: EXTRA Tall boohoo Tall Strappy Denim Mini Dress",17.0,20.0,15,True,14
2026-08-26,Other,"Extra 10% Off, with code: EXTRA Plus SALE boohoo Plus Mixed Animal Bardot Tie Front Mini Dress",19.0,32.0,41,True,14
2026-08-26,Other,"Extra 10% Off, with code: EXTRA Plus boohoo Plus Burnout Milkmaid Midi Dress",26.1,29.0,10,True,14
2026-08-26,Other,"Extra 10% Off, with code: EXTRA Plus boohoo Plus Floral Chiffon Asymmetric Maxi Dress",32.4,36.0,10,True,14
2026-08-26,Other,"Extra 10% Off, with code: EXTRA boohoo Lace Insert Bardot Mini Dress",25.2,28.0,10,True,14
2026-08-26,Other,"Extra 10% Off, with code: EXTRA boohoo Tonal Polka Dot Scarf Detail Mini Dress",22.5,25.0,10,True,14
2026-08-26,Other,"Extra 10% Off, with code: EXTRA Plus boohoo Plus Zebra Mesh Asymmetric Maxi Dress",31.5,35.0,10,True,14
2026-08-26,Other,"Extra 10% Off, with code: EXTRA boohoo Burnout Halterneck Tiered Mini Dress",28.8,32.0,10,True,14
2026-08-26,Other,"Extra 10% Off, with code: EXTRA Plus boohoo Plus Satin Drape Slash Neck Mini Dress",28.8,36.0,20,True,14
2026-08-26,Other,"Extra 10% Off, with code: EXTRA Plus boohoo Plus Western Denim Short Sleeve Mini Dress",25.5,30.0,15,True,14
2026-08-26,Other,"Extra 10% Off, with code: EXTRA Plus SALE boohoo Plus Asymmetric Skater Dress",18.0,35.0,49,True,14
2026-08-26,Other,"Extra 10% Off, with code: EXTRA boohoo Chiffon Flared Sleeve Mini Dress",20.4,24.0,15,True,14
2026-08-26,Other,"Extra 10% Off, with code: EXTRA boohoo Polka Dot Halterneck Mini Dress",21.25,25.0,15,True,14
2026-08-26,Other,"Extra 10% Off, with code: EXTRA Petite SALE boohoo Petite Linen Look Drape Twist Strap Mini Dress",21.0,32.0,34,True,14
2026-08-26,Other,"Extra 10% Off, with code: EXTRA boohoo Halterneck Tassel Hem Beach Crochet Mini Dress",22.1,26.0,15,True,14
2026-08-26,Other,"Extra 10% Off, with code: EXTRA SALE boohoo Crochet Stripe Stitch Maxi Dress",21.0,35.0,40,True,14
2026-08-26,Other,"Extra 10% Off, with code: EXTRA Petite boohoo Petite Chiffon Bandeau Blouson Ruched Drop Waist Maxi Dress",25.2,28.0,10,True,14
2026-08-26,Other,"Extra 10% Off, with code: EXTRA Plus boohoo Plus Floral Long Sleeve Chiffon Mini Skater Dress",25.2,28.0,10,True,14
2026-08-26,Other,"Extra 10% Off, with code: EXTRA boohoo Bow Detail Tailored Mini Dress",19.8,22.0,10,True,14
2026-08-26,Other,"Extra 10% Off, with code: EXTRA Petite boohoo Petite Contrast Polka Dot Mini Dress",21.6,24.0,10,True,14
2026-08-26,Other,"Extra 10% Off, with code: EXTRA Plus Back In Stock boohoo Plus Ruched Wrap Gold Detail Midaxi Dress",29.75,35.0,15,True,14
2026-08-26,Other,"Extra 10% Off, with code: EXTRA SALE boohoo Tailored Structured Cinched Waist Pleated Blazer Dress",26.0,48.0,46,True,15
2026-08-26,Other,"Extra 10% Off, with code: EXTRA Tall boohoo Tall Lace Trim Ruched Bust Mini Dress",20.4,24.0,15,True,15
2026-08-26,Other,"Extra 10% Off, with code: EXTRA Plus boohoo Plus Floral Mesh Maxi Dress",23.8,28.0,15,True,15
2026-08-26,Other,"Extra 10% Off, with code: EXTRA boohoo Chiffon Halterneck Layered Hem Mini Dress",18.7,22.0,15,True,15
2026-08-26,Other,"Extra 10% Off, with code: EXTRA Plus SALE boohoo Plus Bengaline Corset Long Sleeve Skater Dress",20.0,30.0,33,True,15
2026-08-26,Other,"Extra 10% Off, with code: EXTRA Maternity boohoo Maternity Ruched Poplin Maxi Dress",25.2,28.0,10,True,15
2026-08-26,Other,"Extra 10% Off, with code: EXTRA Petite boohoo Petite Short Sleeve Denim Dress",25.2,28.0,10,True,15
2026-08-26,Other,"Extra 10% Off, with code: EXTRA Shop New Season boohoo Abstract Printed Ruched One Shoulder Mini Dress",21.6,24.0,10,True,15
2026-08-26,Other,"Extra 10% Off, with code: EXTRA Maternity boohoo Maternity Bengaline Puff Sleeve Porcelain Print Milkmaid Midi Dress",24.0,30.0,20,True,15
2026-08-26,Other,"Extra 10% Off, with code: EXTRA Petite SALE boohoo Petite Chiffon Ruched Waist Ruffle Detail Maxi Dress",13.0,32.0,59,True,15
2026-08-26,Other,"Extra 10% Off, with code: EXTRA boohoo Beach Crochet Stripe Knit Flared Sleeve Mini Dress",21.25,25.0,15,True,15
2026-08-26,Other,"Extra 10% Off, with code: EXTRA boohoo Off The Shoulder Mesh Mini Dress",14.45,17.0,15,True,15
2026-08-26,Other,"Extra 10% Off, with code: EXTRA Plus boohoo Plus Floral Mesh High Cowl Mini Dress",23.4,26.0,10,True,15
2026-08-26,Other,"Extra 10% Off, with code: EXTRA Plus SALE boohoo plus mesh ruffle skater dress",17.0,25.0,32,True,15
2026-08-26,Other,"Extra 10% Off, with code: EXTRA boohoo Racer Neck Shirred Drop Waist Midaxi Dress",25.2,28.0,10,True,15
2026-08-26,Other,"Extra 10% Off, with code: EXTRA Tall boohoo Tall Burnout Floral Godet Hem Mini Dress",22.4,28.0,20,True,15
2026-08-26,Other,"Extra 10% Off, with code: EXTRA Plus boohoo Plus Hammered Twist Front Shift Dress",17.0,20.0,15,True,15
2026-08-26,Other,"Extra 10% Off, with code: EXTRA boohoo Mesh Tonal Animal Flared Sleeve Mini Dress",22.1,26.0,15,True,15
2026-08-26,Other,"Extra 10% Off, with code: EXTRA boohoo Stripe Crochet Beach Maxi Dress",23.8,28.0,15,True,15
2026-08-26,Other,"Extra 10% Off, with code: EXTRA Plus boohoo Plus Floral Mesh Ruched Angel Sleeve Mini Dress",23.8,28.0,15,True,15
2026-08-26,Other,"Extra 10% Off, with code: EXTRA boohoo Satin Halterneck Chiffon Skirt Maxi Dress",25.5,30.0,15,True,15
2026-08-26,Other,"Extra 10% Off, with code: EXTRA Plus boohoo Plus Asymmetric Skater Dress",29.75,35.0,15,True,15
2026-08-26,Other,"Extra 10% Off, with code: EXTRA Plus boohoo Plus Wrap Over Trim Sleeveless Blazer Dress",27.2,32.0,15,True,15
2026-08-26,Other,"Extra 10% Off, with code: EXTRA SALE boohoo Textured Crochet Strappy Cami Maxi Dress",26.0,38.0,32,True,15
2026-08-26,Other,"Extra 10% Off, with code: EXTRA Tall boohoo Tall Sleeveless Flippy Hem Denim Dress",27.0,30.0,10,True,15
2026-08-26,Other,"Extra 10% Off, with code: EXTRA Maternity boohoo Maternity Floral Mesh Maxi Dress",27.0,30.0,10,True,15
2026-08-26,Other,"Extra 10% Off, with code: EXTRA SALE boohoo Tie Shoulder Ruched Bust Mini Dress",17.0,25.0,32,True,15
2026-08-26,Other,"Extra 10% Off, with code: EXTRA boohoo Lace Corset Drape Mini Dress",34.2,38.0,10,True,15
2026-08-26,Other,"Extra 10% Off, with code: EXTRA SALE boohoo Textured Volume Sleeve Mini Dress",17.0,25.0,32,True,15
2026-08-26,Other,"Extra 10% Off, with code: EXTRA SALE boohoo Buckle Detail Tie Waist Tailored Blazer Dress",19.0,32.0,41,True,15
2026-08-26,Other,"Extra 10% Off, with code: EXTRA Plus boohoo Plus Floral Print Halter Neck Maxi Dress",28.8,32.0,10,True,15
2026-08-26,Other,"Extra 10% Off, with code: EXTRA boohoo Chambray Racer Swing Dress",21.6,24.0,10,True,15
2026-08-26,Other,"Extra 10% Off, with code: EXTRA boohoo Crinkle Ruffle Layered Mini Dress",31.5,35.0,10,True,15
2026-08-26,Other,"Extra 10% Off, with code: EXTRA boohoo Floral Crinkle Chiffon Ruffle Maxi Dress",27.0,30.0,10,True,15
2026-08-26,Other,"Extra 10% Off, with code: EXTRA Tall boohoo Tall Tulle Halterneck Mini Dress",22.4,28.0,20,True,15
2026-08-26,Other,"Extra 10% Off, with code: EXTRA Plus boohoo Plus Milkmaid Woven Leopard Bubble Hem Skater Dress",28.0,35.0,20,True,15
2026-08-26,Other,"Extra 10% Off, with code: EXTRA Plus boohoo Plus Zebra Asymmetric Skater Dress",27.2,32.0,15,True,15
2026-08-26,Other,"Extra 10% Off, with code: EXTRA Tall boohoo Tall Halter Jaquard Square Neck Skater Dress",28.0,35.0,20,True,15
2026-08-26,Other,"Extra 10% Off, with code: EXTRA boohoo Striped Halter Neck Mini Dress",18.7,22.0,15,True,16
2026-08-26,Other,"Extra 10% Off, with code: EXTRA Plus boohoo Plus Ruched Bodice Maxi Dress",25.5,30.0,15,True,16
2026-08-26,Other,"Extra 10% Off, with code: EXTRA Petite boohoo Petite Short Sleeve Zip Front Denim Dress",23.8,28.0,15,True,16
2026-08-26,Other,"Extra 10% Off, with code: EXTRA boohoo Cotton Collared Pleated Mini Dress",19.55,23.0,15,True,16
2026-08-26,Other,"Extra 10% Off, with code: EXTRA Plus boohoo Plus Chiffon Ruffle Hem Angel Sleeve Midaxi Dress",31.5,35.0,10,True,16
2026-08-26,Other,"Extra 10% Off, with code: EXTRA boohoo Shirred Waist Midaxi Dress",23.4,26.0,10,True,16
2026-08-26,Other,"Extra 10% Off, with code: EXTRA boohoo Tie Strap Shirred Poplin Maxi Dress",25.2,28.0,10,True,16
2026-08-26,Other,"Extra 10% Off, with code: EXTRA Shop New Season boohoo Bengline Tennis Skirt Blazer Dress",27.0,30.0,10,True,16
2026-08-26,Other,"Extra 10% Off, with code: EXTRA boohoo Polka Dot Tailored Blazer Dress",30.6,36.0,15,True,16
2026-08-26,Other,"Extra 10% Off, with code: EXTRA Petite boohoo Petite Hourglass Bandeau Mini Dress",31.5,35.0,10,True,16
2026-08-26,Other,"Extra 10% Off, with code: EXTRA boohoo Jersey Crepe Pleat Front Belted Midi Dress",19.8,22.0,10,True,16
2026-08-26,Other,"Extra 10% Off, with code: EXTRA Plus boohoo Plus Shirred Waist V Neck Midaxi Dress",25.2,28.0,10,True,16
2026-08-26,Other,"Extra 10% Off, with code: EXTRA Plus boohoo Plus Dobby Chiffon Floral Frill Detail Maxi Dress",36.0,40.0,10,True,16
2026-08-26,Other,"Extra 10% Off, with code: EXTRA SALE boohoo Chiffon Ruffle Polka Dot Strappy Maxi Dress",26.0,38.0,32,True,16
2026-08-26,Other,"Extra 10% Off, with code: EXTRA boohoo Short Sleeve Denim Dress",25.6,32.0,20,True,16
2026-08-26,Other,"Extra 10% Off, with code: EXTRA boohoo Asymmetric Drape Tailored Mini Dress",30.4,38.0,20,True,16
2026-08-26,Other,"Extra 10% Off, with code: EXTRA Plus boohoo Plus Mesh Ruched Midi Dress",22.1,26.0,15,True,16
2026-08-26,Other,"Extra 10% Off, with code: EXTRA Petite boohoo Petite Textured Volume Skirt Mini Dress",18.7,22.0,15,True,16
2026-08-26,Other,"Extra 10% Off, with code: EXTRA boohoo Premium Power Mesh Flare Sleeve Dress",30.6,36.0,15,True,16
2026-08-26,Other,"Extra 10% Off, with code: EXTRA boohoo Tonal Polka Dot Deep Cowl Maxi Dress",25.2,28.0,10,True,16
2026-08-26,Other,"Extra 10% Off, with code: EXTRA Plus boohoo Plus Halter Neck Ruffle Pleated Maxi Dress",31.5,35.0,10,True,16
2026-08-26,Other,"Extra 10% Off, with code: EXTRA boohoo Chiffon Lace Detail Ruffled Midaxi Dress",31.5,35.0,10,True,16
2026-08-26,Other,"Extra 10% Off, with code: EXTRA boohoo Textured Ruched Frill Skirt Halterneck Mini Dress",22.5,25.0,10,True,16
2026-08-26,Other,"Extra 10% Off, with code: EXTRA Petite boohoo Petite Broderie Belted Skater Shirt Dress",25.2,28.0,10,True,16
2026-08-26,Other,"Extra 10% Off, with code: EXTRA Plus boohoo Plus Abstract Cowl Neck Trim Detail Maxi Dress",32.4,36.0,10,True,16
2026-08-26,Other,"Extra 10% Off, with code: EXTRA Tall Back In Stock boohoo Tall Lace Detail Midaxi T-shirt Dress",18.7,22.0,15,True,16
2026-08-26,Other,"Extra 10% Off, with code: EXTRA Petite boohoo Petite Western Denim Short Sleeve Mini Dress",23.8,28.0,15,True,16
2026-08-26,Other,"Extra 10% Off, with code: EXTRA Plus boohoo Plus Pleated Skirt Skater Dress",25.5,30.0,15,True,16
2026-08-26,Other,"Extra 10% Off, with code: EXTRA boohoo Polka Dot Plisse Halterneck Mini Dress",24.0,30.0,20,True,16
2026-08-26,Other,"Extra 10% Off, with code: EXTRA boohoo Linen Puff Sleeve Shirred Maxi Dress",23.4,26.0,10,True,16
2026-08-26,Other,"Extra 10% Off, with code: EXTRA boohoo Ruched Drop Waist Sleeveless Midaxi Dress",22.5,25.0,10,True,16
2026-08-26,Other,"Extra 10% Off, with code: EXTRA boohoo Abstract Print Sheer Mesh Asym Cowl Back Mini Beach Dress",19.8,22.0,10,True,16
2026-08-26,Other,"Extra 10% Off, with code: EXTRA boohoo Large Floral Bandeau Scarf Detail Midaxi Dress",22.4,28.0,20,True,16
2026-08-26,Other,"Extra 10% Off, with code: EXTRA Plus boohoo Plus Puff Sleeve V neck Maxi Dress",19.2,24.0,20,True,16
2026-08-26,Other,"Extra 10% Off, with code: EXTRA Plus boohoo Plus Crepe Asymmetric Neck Skater Midi Dress",22.4,28.0,20,True,16
2026-08-26,Other,"Extra 10% Off, with code: EXTRA boohoo Textured Pep Hem Midaxi Dress",25.5,30.0,15,True,16
2026-08-26,Other,"Extra 10% Off, with code: EXTRA Petite boohoo Petite Chiffon Ruffle Floor Sweeping Maxi Dress",25.5,30.0,15,True,16
2026-08-26,Other,"Extra 10% Off, with code: EXTRA boohoo Structured Seam Detail Mini Dress",25.2,28.0,10,True,17
2026-08-26,Other,"Extra 10% Off, with code: EXTRA boohoo Chiffon Ruched Drop Hem Mini Dress",27.0,30.0,10,True,17
2026-08-26,Other,"Extra 10% Off, with code: EXTRA Plus boohoo Plus Bardot Volume Sleeve Beach Dress",18.0,20.0,10,True,17
2026-08-26,Other,"Extra 10% Off, with code: EXTRA Maternity boohoo Maternity Floral Milkmaid Midi Dress",22.5,25.0,10,True,17
2026-08-26,Other,"Extra 10% Off, with code: EXTRA boohoo Chiffon Bandeau Blouson Ruched Drop Waist Maxi Dress",25.2,28.0,10,True,17
2026-08-26,Other,"Extra 10% Off, with code: EXTRA boohoo Cotton Lace Trim Ruffle Long Sleeve Mini Dress",19.8,22.0,10,True,17
2026-08-26,Other,"Extra 10% Off, with code: EXTRA boohoo Structured Bandeau Mini Dress",28.8,32.0,10,True,17
2026-08-26,Other,"Extra 10% Off, with code: EXTRA Shop New Season Plus boohoo Plus Floral Ruched Mesh Maxi Dress",25.6,32.0,20,True,17
2026-08-26,Other,"Extra 10% Off, with code: EXTRA Maternity boohoo Maternity Floral Milkmaid Midi Dress",20.0,25.0,20,True,17
2026-08-26,Other,"Extra 10% Off, with code: EXTRA Plus boohoo Plus Leopard Angel Sleeve Midaxi Dress",25.6,32.0,20,True,17
2026-08-26,Other,"Extra 10% Off, with code: EXTRA Maternity boohoo Emily Shak Maternity Slinky Off The Shoulder Long Sleeve Ruched Midaxi Dress",22.1,26.0,15,True,17
2026-08-26,Other,"Extra 10% Off, with code: EXTRA Plus boohoo Plus Floral Ruched Mini Shift Dress",23.8,28.0,15,True,17
2026-08-26,Other,"Extra 10% Off, with code: EXTRA Plus boohoo Plus Chiffon Tie Front Shift Dress",22.4,28.0,20,True,17
2026-08-26,Other,"Extra 10% Off, with code: EXTRA Plus boohoo Plus Floral Chiffon Ruffle Mini Dress",22.4,28.0,20,True,17
2026-08-26,Other,"Extra 10% Off, with code: EXTRA Plus boohoo Plus Mesh Ruched Drop Hem Maxi Dress",24.65,29.0,15,True,17
2026-08-26,Other,"Extra 10% Off, with code: EXTRA boohoo Halterneck Ruched Draped Mini Dress",21.25,25.0,15,True,17
2026-08-26,Other,"Extra 10% Off, with code: EXTRA boohoo Plunge Front Short Sleeve Mini Dress",18.0,20.0,10,True,17
2026-08-26,Other,"Extra 10% Off, with code: EXTRA Petite boohoo Petite Chiffon Layered Ruffle Detail Maxi Dress",28.8,32.0,10,True,17
2026-08-26,Other,"Extra 10% Off, with code: EXTRA boohoo Polka Dot Puff Ball Mini Dress",28.8,32.0,10,True,17
2026-08-26,Other,"Extra 10% Off, with code: EXTRA SALE boohoo Double Layer Slinky Grown On Neck Drape Front Maxi Dress",17.0,35.0,51,True,17
2026-08-26,Other,"Extra 10% Off, with code: EXTRA SALE boohoo Slinky Trim Detail Ruched Maxi Dress",14.0,28.0,50,True,17
2026-08-26,Other,"Extra 10% Off, with code: EXTRA Maternity boohoo Maternity Trim Detail Ruched Maxi Dress",23.8,28.0,15,True,17
2026-08-26,Other,"Extra 10% Off, with code: EXTRA Plus boohoo Plus Asymmetric Floral Mesh Maxi Dress",29.75,35.0,15,True,17
2026-08-26,Other,"Extra 10% Off, with code: EXTRA Plus boohoo Plus Bengaline Halterneck Button Down Skater Dress",23.8,28.0,15,True,17
2026-08-26,Other,"Extra 10% Off, with code: EXTRA Plus boohoo Plus Burnout Milkmaid Midi Dress",25.2,28.0,10,True,17
2026-08-26,Other,"Extra 10% Off, with code: EXTRA Plus boohoo Plus Sheer Skirt Slash Neck Maxi Dress",30.6,34.0,10,True,17
2026-08-26,Other,"Extra 10% Off, with code: EXTRA boohoo Burnout Floral Godet Hem Mini Dress",22.4,28.0,20,True,17
2026-08-26,Other,"Extra 10% Off, with code: EXTRA boohoo Satin Ruched Bardot Drape Detail Mini Dress",32.3,38.0,15,True,17
2026-08-26,Other,"Extra 10% Off, with code: EXTRA Plus boohoo Plus Tie Detail Plunge Corset Midaxi Dress",26.1,29.0,10,True,17
2026-08-26,Other,"Extra 10% Off, with code: EXTRA boohoo Zebra Printed Mesh Cross Back Detail Flare Hem Maxi Dress",23.8,28.0,15,True,17
2026-08-26,Other,"Extra 10% Off, with code: EXTRA Plus boohoo Plus Floral Chiffon Ruffle Maxi Dress",28.8,32.0,10,True,17
2026-08-26,Other,"Extra 10% Off, with code: EXTRA boohoo Volume Sleeve Milkmaid Midaxi Dress",25.2,28.0,10,True,17
2026-08-26,Other,"Extra 10% Off, with code: EXTRA boohoo Square Neck Full Skirt Mini Dress",27.0,30.0,10,True,17
2026-08-26,Other,"Extra 10% Off, with code: EXTRA boohoo Tonal Abstract Print Cowl Neck Satin Maxi Dress",25.2,28.0,10,True,17
2026-08-26,Other,"Extra 10% Off, with code: EXTRA boohoo Leopard Print Short Sleeve Denim Dress",31.5,35.0,10,True,17
2026-08-26,Other,"Extra 10% Off, with code: EXTRA Plus boohoo Plus Floral Chiffon Ruffle Mini Dress",28.0,35.0,20,True,17
2026-08-26,Other,"Extra 10% Off, with code: EXTRA Maternity SALE boohoo Maternity Plisse Batwing Midaxi Dress",13.0,25.0,48,True,17
2026-08-26,Other,"Extra 10% Off, with code: EXTRA boohoo Linen Tie Back Puff Sleeve Midaxi Dress",16.0,20.0,20,True,17
2026-08-26,Other,"Extra 10% Off, with code: EXTRA Maternity boohoo Maternity Sleeveless Crochet Maxi Beach Dress",25.5,30.0,15,True,17
2026-08-26,Other,"Extra 10% Off, with code: EXTRA boohoo Textured Woven Fold Over Slip Midi Dress",18.7,22.0,15,True,18
2026-08-26,Other,"Extra 10% Off, with code: EXTRA Petite boohoo Petite Mesh Long Sleeve Midaxi Dress",22.1,26.0,15,True,18
2026-08-26,Other,"Extra 10% Off, with code: EXTRA Plus boohoo Plus Bandeau 2 in 1 Maxi Dress",36.0,40.0,10,True,18
2026-08-26,Other,"Extra 10% Off, with code: EXTRA Plus boohoo Plus Woven Jacquard V Front Frill Mini Dress",23.8,28.0,15,True,18
2026-08-26,Other,"Extra 10% Off, with code: EXTRA Plus boohoo Plus Mesh Ruffle Lace Up Skater Dress",22.95,27.0,15,True,18
2026-08-26,Other,"Extra 10% Off, with code: EXTRA SALE boohoo Tailored Wrap Front Structured Blazer Dress",20.0,45.0,56,True,18
2026-08-26,Other,"Extra 10% Off, with code: EXTRA Plus boohoo Plus Satin Ruched Shoulder Detail Sleeveless Maxi Dress",36.0,40.0,10,True,18
2026-08-26,Other,"Extra 10% Off, with code: EXTRA Shop New Season boohoo Printed Chiffon Asymmetric Hem Midi Dress",22.5,25.0,10,True,18
2026-08-26,Other,"Extra 10% Off, with code: EXTRA boohoo Double Layer Slinky Drape Front Cold Shoulder Maxi Dress",31.5,35.0,10,True,18
2026-08-26,Other,"Extra 10% Off, with code: EXTRA boohoo Polka Dot Puffball Hem Mini Dress",19.2,24.0,20,True,18
2026-08-26,Other,"Extra 10% Off, with code: EXTRA boohoo Tonal Zebra Printed Puddle Hem Maxi Dress",25.2,28.0,10,True,18
2026-08-26,Other,"Extra 10% Off, with code: EXTRA Maternity Back In Stock boohoo Maternity Slash Neck Midaxi Dress",18.4,23.0,20,True,18
2026-08-26,Other,"Extra 10% Off, with code: EXTRA boohoo Chiffon High Neck Ruffle Detail Maxi Dress",23.8,28.0,15,True,18
2026-08-26,Other,"Extra 10% Off, with code: EXTRA Maternity boohoo Maternity Textured Button Detail Maxi Dress",17.85,21.0,15,True,18
2026-08-26,Other,"Extra 10% Off, with code: EXTRA Tall boohoo Tall Burnout Floral Ruffle Skater Dress",25.2,28.0,10,True,18
2026-08-26,Other,"Extra 10% Off, with code: EXTRA Tall boohoo Tall Mesh Leopard Floral Cowl Neck Maxi Dress",21.25,25.0,15,True,18
2026-08-26,Other,"Extra 10% Off, with code: EXTRA Maternity boohoo Maternity Mesh Bardot Maxi Dress",28.8,32.0,10,True,18
2026-08-26,Other,"Extra 10% Off, with code: EXTRA boohoo Strappy Cami Floor Sweeping Maxi Dress",27.2,32.0,15,True,18
2026-08-26,Other,"Extra 10% Off, with code: EXTRA Plus boohoo Plus Mesh Large Floral One Shoulder Mini Dress",25.2,28.0,10,True,18
2026-08-26,Other,"Extra 10% Off, with code: EXTRA Plus boohoo Plus Textured Tie Detail Maxi Dress",23.4,26.0,10,True,18
2026-08-26,Other,"Extra 10% Off, with code: EXTRA Tall boohoo Tall Satin Slip Column Maxi Dress",27.0,30.0,10,True,18
2026-08-26,Other,"Extra 10% Off, with code: EXTRA boohoo Floral Print Cowl Neck Satin Maxi Dress",25.2,28.0,10,True,18
2026-08-26,Other,"Extra 10% Off, with code: EXTRA boohoo Cotton Cinched Waist Cap Sleeve Skater Dress",19.8,22.0,10,True,18
2026-08-26,Other,"Extra 10% Off, with code: EXTRA boohoo Boucle Scoop Neck Tailored Mini Dress",32.4,36.0,10,True,18
2026-08-26,Other,"Extra 10% Off, with code: EXTRA boohoo Chiffon Plunge Front Floral Tiered Maxi Dress",28.0,35.0,20,True,18
2026-08-26,Other,"Extra 10% Off, with code: EXTRA Plus boohoo Plus Bonded Textured Puffball Skater Dress",30.6,36.0,15,True,18
2026-08-26,Other,"Extra 10% Off, with code: EXTRA boohoo Floral Ruffle Midi Dress",34.0,40.0,15,True,18
2026-08-26,Other,"Extra 10% Off, with code: EXTRA Plus boohoo Plus Cinched Waist Panel Strappy Maxi Dress",25.2,28.0,10,True,18
2026-08-26,Other,"Extra 10% Off, with code: EXTRA boohoo Tailored Puff Sleeve Shift Dress",27.0,30.0,10,True,18
2026-08-26,Other,"Extra 10% Off, with code: EXTRA Plus boohoo Plus Floral V Neck Chiffon Ruffle Maxi Dress",28.8,32.0,10,True,18
2026-08-26,Other,"Extra 10% Off, with code: EXTRA Plus boohoo Plus Soft Floral Chiffon Ruffle Maxi Dress",28.8,32.0,10,True,18
2026-08-26,Other,"Extra 10% Off, with code: EXTRA Plus Back In Stock boohoo Plus Chiffon Asymmetric Maxi Dress",28.0,35.0,20,True,18
2026-08-26,Other,"Extra 10% Off, with code: EXTRA boohoo Chiffon Ruffle Strappy Maxi Dress",29.7,33.0,10,True,18
2026-08-26,Other,"Extra 10% Off, with code: EXTRA Maternity boohoo Maternity Button Down Knitted Midi Dress",18.7,22.0,15,True,18
2026-08-26,Other,"Extra 10% Off, with code: EXTRA boohoo Jacquard Floral Bust Detail Fitted Maxi Dress",30.4,38.0,20,True,18
2026-08-26,Other,"Extra 10% Off, with code: EXTRA boohoo Beach Crochet Tie Back Maxi Dress",17.0,20.0,15,True,18
2026-08-26,Other,"Extra 10% Off, with code: EXTRA Plus boohoo Plus Velvet Sequin Long Sleeve Skater Dress",29.75,35.0,15,True,18
2026-08-26,Other,"Extra 10% Off, with code: EXTRA SALE boohoo Satin & Lace Maxi Slip Dress",21.0,35.0,40,True,18
2026-08-26,Other,"Extra 10% Off, with code: EXTRA boohoo Chiffon Tiered Halterneck Maxi Dress",28.8,32.0,10,True,19
2026-08-26,Other,"Extra 10% Off, with code: EXTRA boohoo Chiffon Ruffle Detail Skater Dress",22.5,25.0,10,True,19
2026-08-26,Other,"Extra 10% Off, with code: EXTRA boohoo Mesh Blurred Floral Flared Sleeve Mini Dress",20.8,26.0,20,True,19
2026-08-26,Other,"Extra 10% Off, with code: EXTRA Plus boohoo Plus One Shoulder Mini Dress",20.8,26.0,20,True,19
2026-08-26,Other,"Extra 10% Off, with code: EXTRA boohoo Chiffon Lace Detail Ruffled Midaxi Dress",27.2,32.0,15,True,19
2026-08-26,Other,"Extra 10% Off, with code: EXTRA Tall boohoo Tall Lace Strappy Maxi Dress",29.75,35.0,15,True,19
2026-08-26,Other,"Extra 10% Off, with code: EXTRA boohoo Strappy Poplin Midaxi Dress",25.2,28.0,10,True,19
2026-08-26,Other,"Extra 10% Off, with code: EXTRA Shop New Season boohoo Tonal Floral Drape Detail Maxi Dress",27.0,30.0,10,True,19
2026-08-26,Other,"Extra 10% Off, with code: EXTRA Plus boohoo Plus Woven Puff Sleeve Tie Back Smock Dress",20.8,26.0,20,True,19
2026-08-26,Other,"Extra 10% Off, with code: EXTRA Plus boohoo Plus Cord Milkmaid Skater Dress",28.0,35.0,20,True,19
2026-08-26,Other,"Extra 10% Off, with code: EXTRA boohoo Structured Corset Skater Dress",28.0,35.0,20,True,19
2026-08-26,Other,"Extra 10% Off, with code: EXTRA Plus boohoo Plus Chiffon Sleeve Skater Dress",25.6,32.0,20,True,19
2026-08-26,Other,"Extra 10% Off, with code: EXTRA boohoo Soft Touch Ruched Wrap Maxi Dress",25.5,30.0,15,True,19
2026-08-26,Other,"Extra 10% Off, with code: EXTRA boohoo Polka Dot Mono Split Cowl Back Maxi Dress",23.8,28.0,15,True,19
2026-08-26,Other,"Extra 10% Off, with code: EXTRA boohoo Lace Baby Doll Flare Sleeve Mini Dress",29.75,35.0,15,True,19
2026-08-26,Other,"Extra 10% Off, with code: EXTRA boohoo Linen Puff Sleeve Shirred Maxi Dress",22.1,26.0,15,True,19
2026-08-26,Other,"Extra 10% Off, with code: EXTRA Plus boohoo Plus Button Detail Ruffle Sleeve Maxi Dress",32.3,38.0,15,True,19
2026-08-26,Other,"Extra 10% Off, with code: EXTRA boohoo Linen Look Bow Detail Shift Dress",21.6,27.0,20,True,19
2026-08-26,Other,"Extra 10% Off, with code: EXTRA boohoo Printed Satin Asymmetric Maxi Dress",21.25,25.0,15,True,19
2026-08-26,Other,"Extra 10% Off, with code: EXTRA Plus boohoo Plus Floral Chiffon Asymmetric Maxi Dress",31.5,35.0,10,True,19
2026-08-26,Other,"Extra 10% Off, with code: EXTRA boohoo Chiffon Drape Neck Scarf Detail Maxi Dress",25.2,28.0,10,True,19
2026-08-26,Other,"Extra 10% Off, with code: EXTRA boohoo Floral Halterneck Chiffon Ruffle Detail Maxi Dress",31.5,35.0,10,True,19
2026-08-26,Other,"Extra 10% Off, with code: EXTRA boohoo Floral Crinkle Chiffon Ruffle Maxi Dress",25.2,28.0,10,True,19
2026-08-26,Other,"Extra 10% Off, with code: EXTRA Plus boohoo Plus Chiffon Ruffle Cold Shoulder Mini Dress",27.0,30.0,10,True,19
2026-08-26,Other,"Extra 10% Off, with code: EXTRA Plus boohoo Plus Sleeve Denim Mini Dress",29.75,35.0,15,True,19
2026-08-26,Other,"Extra 10% Off, with code: EXTRA boohoo Burnout Bardot Tiered Mini Dress",29.75,35.0,15,True,19
2026-08-26,Other,"Extra 10% Off, with code: EXTRA Petite boohoo Petite Structured A Line Mini Dress",34.0,40.0,15,True,19
2026-08-26,Other,"Extra 10% Off, with code: EXTRA boohoo Mixed Animal Print Ruched Body Maxi Dress",23.8,28.0,15,True,19
2026-08-26,Other,"Extra 10% Off, with code: EXTRA boohoo Chiffon Floral Ruffle Detail Maxi Dress",27.0,30.0,10,True,19
2026-08-26,Other,"Extra 10% Off, with code: EXTRA Plus boohoo Plus Striped Halter Neck Mini Dress",28.8,32.0,10,True,19
2026-08-26,Other,"Extra 10% Off, with code: EXTRA Back In Stock boohoo Ruched High Neck Cap Sleeve Shift Dress",17.6,22.0,20,True,19
2026-08-26,Other,"Extra 10% Off, with code: EXTRA boohoo Long Sleeve Wrap Maxi Dress",24.0,30.0,20,True,19
2026-08-26,Other,"Extra 10% Off, with code: EXTRA Back In Stock boohoo Texture Wrap Tie Front Mini Dress",20.8,26.0,20,True,19
2026-08-26,Other,"Extra 10% Off, with code: EXTRA boohoo Multi Zebra Printed Cowl Neck Maxi Dress",24.0,30.0,20,True,19
2026-08-26,Other,"Extra 10% Off, with code: EXTRA Maternity boohoo Maternity Abstract Ruched Mesh Maxi Dress",23.8,28.0,15,True,19
2026-08-26,Other,"Extra 10% Off, with code: EXTRA boohoo Satin Corset Detail Maxi Dress With Neck Scarf",29.75,35.0,15,True,19
2026-08-26,Other,"Extra 10% Off, with code: EXTRA boohoo Double Layer Asym Slinky Drape Front Asym Neck Maxi Dress",31.5,35.0,10,True,19
2026-08-26,Other,"Extra 10% Off, with code: EXTRA boohoo Burnout Halter Midaxi Dress",22.4,28.0,20,True,19
2026-08-26,Other,"Extra 10% Off, with code: EXTRA Plus boohoo Plus Zebra Printed Mesh Asym Neck Mini Dress",27.2,32.0,15,True,20
2026-08-26,Other,"Extra 10% Off, with code: EXTRA Plus boohoo Plus Chiffon Ruffle Cold Shoulder Maxi Dress",32.4,36.0,10,True,20
2026-08-26,Other,"Extra 10% Off, with code: EXTRA Maternity boohoo Maternity Abstract Print Lettuce Hem Long Sleeve Maxi Dress",25.2,28.0,10,True,20
2026-08-26,Other,"Extra 10% Off, with code: EXTRA boohoo Long Sleeve Collared Tailored Skater Mini Dress",36.0,45.0,20,True,20
2026-08-26,Other,"Extra 10% Off, with code: EXTRA Plus boohoo Plus Leopard Ruffle Mini Skirt Shirt Dress",25.6,32.0,20,True,20
2026-08-26,Other,"Extra 10% Off, with code: EXTRA boohoo Occasion Burnout Open Back Ruffle Detail Maxi Dress",32.8,41.0,20,True,20
2026-08-26,Other,"Extra 10% Off, with code: EXTRA Plus boohoo Plus Chiffon Strappy Ruffle Maxi Dress",25.5,30.0,15,True,20
2026-08-26,Other,"Extra 10% Off, with code: EXTRA Shop New Season boohoo Textured Ruffle Asymmetric Maxi Dress",27.2,32.0,15,True,20
2026-08-26,Other,"Extra 10% Off, with code: EXTRA Plus boohoo Plus Floral Ruched Mesh Maxi Dress",27.2,32.0,15,True,20
2026-08-26,Other,"Extra 10% Off, with code: EXTRA Maternity boohoo Maternity Ruched Waist Trim Detail Cap Sleeve Maxi Dress",22.1,26.0,15,True,20
2026-08-26,Other,"Extra 10% Off, with code: EXTRA boohoo Floral Chiffon Layered Ruffle Detail Maxi Dress",28.0,35.0,20,True,20
2026-08-26,Other,"Extra 10% Off, with code: EXTRA Petite boohoo Petite Slinky Ruched Wrap Maxi Dress",25.5,30.0,15,True,20
2026-08-26,Other,"Extra 10% Off, with code: EXTRA boohoo Leopard Scarf Detail Trapeze Floor Sweeping Maxi Dress",25.6,32.0,20,True,20
2026-08-26,Other,"Extra 10% Off, with code: EXTRA boohoo Cotton Poplin Puff Sleeve Maxi Dress",21.25,25.0,15,True,20
2026-08-26,Other,"Extra 10% Off, with code: EXTRA Tall boohoo Tall 2 in 1 Lace Fit and Flare Maxi Dress",38.25,45.0,15,True,20
2026-08-26,Other,"Extra 10% Off, with code: EXTRA Plus boohoo Plus Floral Chiffon Plunge Maxi Dress",27.2,32.0,15,True,20
2026-08-26,Other,"Extra 10% Off, with code: EXTRA boohoo Textured Chiffon High Neck Drop Hem Mini Dress",27.2,32.0,15,True,20
2026-08-26,Other,"Extra 10% Off, with code: EXTRA boohoo Textured High Neck Stud Detail Mini Dress",25.2,28.0,10,True,20
2026-08-26,Other,"Extra 10% Off, with code: EXTRA Plus boohoo Plus Chiffon Puff Sleeve Ruffle Maxi Dress",29.75,35.0,15,True,20
2026-08-26,Other,"Extra 10% Off, with code: EXTRA SALE boohoo Crinkle Chiffon & Lace Layered Maxi Dress",26.0,38.0,32,True,20
2026-08-26,Other,"Extra 10% Off, with code: EXTRA Plus boohoo Plus Floral Chiffon Layered Plunge Front Maxi Dress",34.2,38.0,10,True,20
2026-08-26,Other,"Extra 10% Off, with code: EXTRA boohoo Polka Dot Puff Sleeve Maxi Dress",29.7,33.0,10,True,20
2026-08-26,Other,"Extra 10% Off, with code: EXTRA boohoo Burnout Halter Midaxi Dress",32.4,36.0,10,True,20
2026-08-26,Other,"Extra 10% Off, with code: EXTRA boohoo Chiffon Polka Dot Bandeau Midaxi Dress",31.5,35.0,10,True,20
2026-08-26,Other,"Extra 10% Off, with code: EXTRA boohoo Leopard Cowl Neck Slinky Maxi Dress",25.2,28.0,10,True,20
2026-08-26,Other,"Extra 10% Off, with code: EXTRA Maternity boohoo Maternity Slash Neck Midaxi Dress",21.25,25.0,15,True,20
2026-08-26,Other,"Extra 10% Off, with code: EXTRA Petite boohoo Petite Bow Detail Open Back Mini Dress",22.4,28.0,20,True,20
2026-08-26,Other,"Extra 10% Off, with code: EXTRA boohoo Leopard Printed Ruched Frill Skirt Mini Dress",24.0,30.0,20,True,20
2026-08-26,Other,"Extra 10% Off, with code: EXTRA boohoo Tonal Floral Chiffon Ruffle Detail Maxi Dress",31.5,35.0,10,True,20
2026-08-26,Other,"Extra 10% Off, with code: EXTRA Tall boohoo Tall Slinky Twist Detail Maxi Dress",24.65,29.0,15,True,20
2026-08-26,Other,"Extra 10% Off, with code: EXTRA boohoo Satin High Neck Maxi Dress with Lace Trim",25.5,30.0,15,True,20
2026-08-26,Other,"Extra 10% Off, with code: EXTRA Maternity boohoo Maternity Double Slinky One Shoulder Ruched Maxi Dress",27.0,30.0,10,True,20
2026-08-26,Other,"Extra 10% Off, with code: EXTRA Plus boohoo Plus Chiffon Ruffle Plunge Maxi Dress",28.8,32.0,10,True,20
2026-08-26,Other,"Extra 10% Off, with code: EXTRA Plus boohoo Plus Chiffon Ruffle Smock Dress",27.2,32.0,15,True,20
2026-08-26,Other,"Extra 10% Off, with code: EXTRA boohoo Halterneck Chiffon Ruffle Detail Maxi Dress",28.8,32.0,10,True,20
2026-08-26,Other,"Extra 10% Off, with code: EXTRA boohoo Chiffon Tiered Bandeau Mini Dress",22.5,25.0,10,True,20
2026-08-26,Other,"Extra 10% Off, with code: EXTRA boohoo Abstract Print High Neck Pleated Maxi Dress",25.2,28.0,10,True,20
2026-08-26,Other,"Extra 10% Off, with code: EXTRA boohoo Floral Corset Detail Mini Dress",30.4,38.0,20,True,20
2026-08-26,Other,"Extra 10% Off, with code: EXTRA Petite boohoo Petite Floral Crinkle Chiffon Ruffle Maxi Dress",27.0,30.0,10,True,21
2026-08-26,Other,"Extra 10% Off, with code: EXTRA Plus boohoo Plus Mixed Animal Ruched Maxi Dress",31.5,35.0,10,True,21
2026-08-26,Other,"Extra 10% Off, with code: EXTRA Plus boohoo Plus Burnout Angel Sleeve Midaxi Dress",28.0,35.0,20,True,21
2026-08-26,Other,"Extra 10% Off, with code: EXTRA Maternity Back In Stock boohoo Maternity Twist Bardot Maxi Dress",25.5,30.0,15,True,21
2026-08-26,Other,"Extra 10% Off, with code: EXTRA boohoo Chiffon Ruffle Detail Maxi Dress",27.2,32.0,15,True,21
2026-08-26,Other,"Extra 10% Off, with code: EXTRA Back In Stock boohoo Halter Neck Dropped Wrap Waist Maxi Dress",22.4,28.0,20,True,21
2026-08-26,Other,"Extra 10% Off, with code: EXTRA Plus boohoo Plus Rib Cotton Poplin Midaxi Smock Dress",17.6,22.0,20,True,21
2026-08-26,Other,"Extra 10% Off, with code: EXTRA Shop New Season boohoo Drop Hem Fitted Midaxi Dress",27.2,32.0,15,True,21
2026-08-26,Other,"Extra 10% Off, with code: EXTRA Plus boohoo Plus Strappy Leopard Mini Dress",22.1,26.0,15,True,21
2026-08-26,Other,"Extra 10% Off, with code: EXTRA Plus boohoo Plus Bardot Bagged Out Sleeve Maxi Dress",27.2,32.0,15,True,21
2026-08-26,Other,"Extra 10% Off, with code: EXTRA Plus boohoo Plus Asymmetric Plunge Midi Dress",21.25,25.0,15,True,21
2026-08-26,Other,"Extra 10% Off, with code: EXTRA Plus boohoo Plus Ruched Waist Detail Poplin Maxi Dress",25.2,28.0,10,True,21
2026-08-26,Other,"Extra 10% Off, with code: EXTRA boohoo Puff Sleeve Bust Detail Shift Dress",18.0,20.0,10,True,21
2026-08-26,Other,"Extra 10% Off, with code: EXTRA Petite boohoo Petite Ruched High Neck Cap Sleeve Shift Dress",19.8,22.0,10,True,21
2026-08-26,Other,"Extra 10% Off, with code: EXTRA Plus boohoo Plus Bardot Ruched Body Midaxi Dress",31.5,35.0,10,True,21
2026-08-26,Other,"Extra 10% Off, with code: EXTRA Plus boohoo Plus Satin Drape Long Sleeve Mini Dress",31.5,35.0,10,True,21
2026-08-26,Other,"Extra 10% Off, with code: EXTRA Back In Stock boohoo Burnout Floral Angel Sleeve Midaxi Dress",28.8,36.0,20,True,21
2026-08-26,Other,"Extra 10% Off, with code: EXTRA boohoo Premium Power Mesh Structured Midaxi Dress",32.0,40.0,20,True,21
2026-08-26,Other,"Extra 10% Off, with code: EXTRA boohoo Soft Touch Ruffle Detail Maxi Dress",27.2,34.0,20,True,21
2026-08-26,Other,"Extra 10% Off, with code: EXTRA SALE boohoo Tonal Burnout Plunge Front Maxi Dress",16.0,45.0,64,True,21
2026-08-26,Other,"Extra 10% Off, with code: EXTRA boohoo Knitted Stripe Long Sleeve Maxi Dress",30.6,36.0,15,True,21
2026-08-26,Other,"Extra 10% Off, with code: EXTRA boohoo Cotton Poplin Shirred Maxi Dress",20.8,26.0,20,True,21
2026-08-26,Other,"Extra 10% Off, with code: EXTRA Plus boohoo Plus Double Layer Asymmetric Trim Detail Maxi Drerss",23.8,28.0,15,True,21
2026-08-26,Other,"Extra 10% Off, with code: EXTRA boohoo Chiffon Tiered Halterneck Maxi Dress",25.2,28.0,10,True,21
2026-08-26,Other,"Extra 10% Off, with code: EXTRA boohoo Textured Satin Slash Neck Tie Back Swing Dress",22.5,25.0,10,True,21
2026-08-26,Other,"Extra 10% Off, with code: EXTRA boohoo Mesh Floral Print Cowl Maxi Dress",23.4,26.0,10,True,21
2026-08-26,Other,"Extra 10% Off, with code: EXTRA boohoo Textured Sheer Floral Lace Corset Drape Mini Dress",31.5,35.0,10,True,21
2026-08-26,Other,"Extra 10% Off, with code: EXTRA boohoo Chiffon Ruffle Detail Maxi Dress",25.2,28.0,10,True,21
2026-08-26,Other,"Extra 10% Off, with code: EXTRA boohoo Halterneck Twist Waist Detail Maxi Dress",25.2,28.0,10,True,21
2026-08-26,Other,"Extra 10% Off, with code: EXTRA boohoo Gold Trim Wrap Detail Tailored Mini Dress",32.0,40.0,20,True,21
2026-08-26,Other,"Extra 10% Off, with code: EXTRA boohoo Blurred Floral Printed Mesh Flare Sleeve Mini Dress",25.6,32.0,20,True,21
2026-08-26,Other,"Extra 10% Off, with code: EXTRA boohoo Abstract Print Sheer Mesh Plunge Maxi Beach Dress",17.0,20.0,15,True,21
2026-08-26,Other,"Extra 10% Off, with code: EXTRA Maternity boohoo Maternity Bardot Ruched Flare Sleeve Maxi Dress",23.8,28.0,15,True,21
2026-08-26,Other,"Extra 10% Off, with code: EXTRA boohoo Mixed Rib and Lace Insert Flare Sleeve Mini Dress",27.2,32.0,15,True,21
2026-08-26,Other,"Extra 10% Off, with code: EXTRA Maternity boohoo Maternity Plisse Belted Midi Dress",23.8,28.0,15,True,21
2026-08-26,Other,"Extra 10% Off, with code: EXTRA boohoo Drape Detail Tailored Blazer Dress",34.0,40.0,15,True,21
2026-08-26,Other,"Extra 10% Off, with code: EXTRA Plus boohoo Plus Chiffon Frill Maxi Dress",34.2,38.0,10,True,22
2026-08-26,Other,"Extra 10% Off, with code: EXTRA boohoo Lace Trim Halterneck Trapeze Maxi Dress",25.5,30.0,15,True,22
2026-08-26,Other,"Extra 10% Off, with code: EXTRA boohoo Sequin Crochet Cowl Knit Mini Dress",23.8,28.0,15,True,22
2026-08-26,Other,"Extra 10% Off, with code: EXTRA boohoo Off The Shoulder Wrap Front Midi Dress",25.2,28.0,10,True,22
2026-08-26,Other,"Extra 10% Off, with code: EXTRA Plus boohoo Plus Dobby Chiffon Frill Detail Maxi Dress",36.0,40.0,10,True,22
2026-08-26,Other,"Extra 10% Off, with code: EXTRA SALE boohoo Floral Ruffle Maxi Dress",30.0,45.0,33,True,22
2026-08-26,Other,"Extra 10% Off, with code: EXTRA Shop New Season boohoo Textured Volume Skirt Midaxi Dress",24.0,30.0,20,True,22
2026-08-26,Other,"Extra 10% Off, with code: EXTRA boohoo Satin And Chiffon Mix Maxi Dress",25.6,32.0,20,True,22
2026-08-26,Other,"Extra 10% Off, with code: EXTRA boohoo Floral Halterneck Ruched Detail Maxi Dress",27.2,32.0,15,True,22
2026-08-26,Other,"Extra 10% Off, with code: EXTRA Plus boohoo Plus Mesh Ruched Maxi Dress",28.9,34.0,15,True,22
2026-08-26,Other,"Extra 10% Off, with code: EXTRA Plus boohoo Plus Denim Zip Up Shift Dress",23.8,28.0,15,True,22
2026-08-26,Other,"Extra 10% Off, with code: EXTRA SALE boohoo Hook & Eye Tailored Cinched Waist Blazer Dress",28.0,40.0,30,True,22
2026-08-26,Other,"Extra 10% Off, with code: EXTRA boohoo Dobby Ruffle Maxi Dress",22.1,26.0,15,True,22
2026-08-26,Other,"Extra 10% Off, with code: EXTRA boohoo Cotton Gingham Midaxi Smock Dress",26.1,29.0,10,True,22
2026-08-26,Other,"Extra 10% Off, with code: EXTRA boohoo Pleated Plisse Ruffle Hem Mini Dress",30.6,36.0,15,True,22
2026-08-26,Other,"Extra 10% Off, with code: EXTRA Plus boohoo Plus Crepe Sleeveless Dress With Chiffon Skirt",37.8,42.0,10,True,22
2026-08-26,Other,"Extra 10% Off, with code: EXTRA Plus boohoo Plus Chiffon Ruffle Smock Dress",31.5,35.0,10,True,22
2026-08-26,Other,"Extra 10% Off, with code: EXTRA boohoo Linen Look Drape Strap Back Maxi Dress",28.8,32.0,10,True,22
2026-08-26,Other,"Extra 10% Off, with code: EXTRA boohoo Lace Bardot Satin Midaxi Dress",27.0,30.0,10,True,22
2026-08-26,Other,"Extra 10% Off, with code: EXTRA boohoo Soft Touch Drape One Shoulder Midaxi Dress",28.8,32.0,10,True,22
2026-08-26,Other,"Extra 10% Off, with code: EXTRA boohoo Buckle Detail Tie Waist Tailored Blazer Dress",25.6,32.0,20,True,22
2026-08-26,Other,"Extra 10% Off, with code: EXTRA Plus boohoo Plus Slinky Wrap Detail Maxi Dress",24.0,30.0,20,True,22
2026-08-26,Other,"Extra 10% Off, with code: EXTRA Plus boohoo Plus Mesh Bardot Ruched Maxi Dress",20.8,26.0,20,True,22
2026-08-26,Other,"Extra 10% Off, with code: EXTRA Maternity boohoo Maternity Under Bump Tie Drop Hem Maxi",22.4,28.0,20,True,22
2026-08-26,Other,"Extra 10% Off, with code: EXTRA boohoo Lace Hem Slip Dress",25.5,30.0,15,True,22
2026-08-26,Other,"Extra 10% Off, with code: EXTRA boohoo Plisse Gold Trim Plunge Front Maxi Dress",32.0,40.0,20,True,22
2026-08-26,Other,"Extra 10% Off, with code: EXTRA Plus boohoo Plus Chiffon Cowl Mini Dress",25.5,30.0,15,True,22
2026-08-26,Other,"Extra 10% Off, with code: EXTRA boohoo Shoulder Pad Backless Drop Waist Maxi Dress",27.0,30.0,10,True,22
2026-08-26,Other,"Extra 10% Off, with code: EXTRA boohoo Chiffon Floral Ruched Waist Ruffle Detail Maxi Dress",28.8,32.0,10,True,22
2026-08-26,Other,"Extra 10% Off, with code: EXTRA boohoo Chiffon Floral Ruffle Detail Halterneck Maxi Dress",31.5,35.0,10,True,22
2026-08-26,Other,"Extra 10% Off, with code: EXTRA boohoo Satin Bow Detail Bardot Mini Dress",28.8,32.0,10,True,22
2026-08-26,Other,"Extra 10% Off, with code: EXTRA Plus boohoo Plus Leopard Mesh Keyhole Maxi Dress",30.6,34.0,10,True,22
2026-08-26,Other,"Extra 10% Off, with code: EXTRA boohoo Ditsy Crinkle Chiffon Milkmaid Maxi Dress",27.2,32.0,15,True,22
2026-08-26,Other,"Extra 10% Off, with code: EXTRA Maternity boohoo Maternity Bardot Ruched Flare Sleeve Maxi Dress",22.4,28.0,20,True,22
2026-08-26,Other,"Extra 10% Off, with code: EXTRA Petite boohoo Petite Plunge Ruffle Flare Sleeve Woven Maxi Dress",32.3,38.0,15,True,23
2026-08-26,Other,"Extra 10% Off, with code: EXTRA Tall boohoo Tall Chiffon Ruffle Detail Halterneck Maxi Dress",28.8,32.0,10,True,23
2026-08-26,Other,"Extra 10% Off, with code: EXTRA boohoo Ruched Bardot Fluid Maxi Dress",27.0,30.0,10,True,23
2026-08-26,Other,"Extra 10% Off, with code: EXTRA boohoo Floral Print Halter Cut Out Sheer Mesh Maxi Beach Dress",21.6,24.0,10,True,23
2026-08-26,Other,"Extra 10% Off, with code: EXTRA boohoo Crinkle Textured Satin & Lace Maxi Dress",32.4,36.0,10,True,23
2026-08-26,Other,"Extra 10% Off, with code: EXTRA Tall boohoo Tall Placement Floral Bardot Maxi Dress",28.8,32.0,10,True,23
2026-08-26,Other,"Extra 10% Off, with code: EXTRA Shop New Season SALE boohoo Lace Hem Structured Blazer Dress",27.0,45.0,40,True,23
2026-08-26,Other,"Extra 10% Off, with code: EXTRA Plus boohoo Plus Super Soft Floaty Sleeve Midaxi Dress",23.4,26.0,10,True,23
2026-08-26,Other,"Extra 10% Off, with code: EXTRA boohoo Double Layer Ruched Halterneck Maxi Dress",25.5,30.0,15,True,23
2026-08-26,Other,"Extra 10% Off, with code: EXTRA Plus boohoo Plus Chiffon Floral Frill Detail Maxi Dress",36.0,40.0,10,True,23
2026-08-26,Other,"Extra 10% Off, with code: EXTRA Maternity boohoo Maternity Under Bump Tie Drop Hem Maxi",23.8,28.0,15,True,23
2026-08-26,Other,"Extra 10% Off, with code: EXTRA boohoo Strappy Full Skirt Jersey Crepe Mini Dress",22.4,28.0,20,True,23
2026-08-26,Other,"Extra 10% Off, with code: EXTRA boohoo Dobby Frill Detail Maxi Dress",40.5,45.0,10,True,23
2026-08-26,Other,"Extra 10% Off, with code: EXTRA Tall boohoo Tall Chiffon High Cowl Neck Open Back Maxi Dress",27.2,32.0,15,True,23
2026-08-26,Other,"Extra 10% Off, with code: EXTRA boohoo Lace Trim Halterneck Trapeze Maxi Dress",28.8,32.0,10,True,23
2026-08-26,Other,"Extra 10% Off, with code: EXTRA boohoo Structured Skater Maxi Dress",28.0,35.0,20,True,23
2026-08-26,Other,"Extra 10% Off, with code: EXTRA Petite boohoo Petite Textured Volume Skirt Midaxi Dress",18.7,22.0,15,True,23
2026-08-26,Other,"Extra 10% Off, with code: EXTRA boohoo Satin & Lace Strappy Halterneck Maxi Slip Dress",29.75,35.0,15,True,23
2026-08-26,Other,"Extra 10% Off, with code: EXTRA boohoo Crinkle Chiffon Ruffle Maxi Dress",32.3,38.0,15,True,23
2026-08-26,Other,"Extra 10% Off, with code: EXTRA Plus boohoo Plus Burnout Angel Sleeve Midaxi Dress",29.75,35.0,15,True,23
2026-08-26,Other,"Extra 10% Off, with code: EXTRA Petite boohoo Petite Layered Frill Button Detail Mini Dress",26.1,29.0,10,True,23
2026-08-26,Other,"Extra 10% Off, with code: EXTRA Plus Back In Stock boohoo Plus Floral Mesh Ruffle Ruched Maxi Dress",28.8,36.0,20,True,23
2026-08-26,Other,"Extra 10% Off, with code: EXTRA boohoo Lace Cape Detail Mini Dress",27.2,32.0,15,True,23
2026-08-26,Other,"Extra 10% Off, with code: EXTRA boohoo Ruched Asymmetric Drape Detail Midaxi Dress",31.5,35.0,10,True,23
2026-08-26,Other,"Extra 10% Off, with code: EXTRA boohoo Ruched Neckline Halter Low Back Super Soft Maxi Dress",17.0,20.0,15,True,23
2026-08-26,Other,"Extra 10% Off, with code: EXTRA boohoo Chiffon Ruched Drape Smock Dress",25.2,28.0,10,True,23
2026-08-26,Other,"Extra 10% Off, with code: EXTRA Plus boohoo Plus Textured Flare Sleeve Maxi Dress",42.5,50.0,15,True,23
2026-08-26,Other,"Extra 10% Off, with code: EXTRA Tall boohoo Tall Grown On Neck Trim Hem Shift",40.0,50.0,20,True,23
2026-08-26,Other,"Extra 10% Off, with code: EXTRA boohoo Premium Plisse Wrap Front Maxi Dress",31.5,35.0,10,True,23
2026-08-26,Other,"Extra 10% Off, with code: EXTRA boohoo Satin & Lace Maxi Slip Dress",31.5,35.0,10,True,23
2026-08-26,Other,"Extra 10% Off, with code: EXTRA Petite boohoo Petite Linen Look Drape Strap Back Maxi Dress",28.8,32.0,10,True,23
2026-08-26,Other,"Extra 10% Off, with code: EXTRA Plus boohoo Plus Polka Dot Satin Lace Panel Angel Sleeve Maxi Dress",37.8,42.0,10,True,23
2026-08-26,Other,"Extra 10% Off, with code: EXTRA Plus boohoo Plus Ruffle V Neck Maxi Dress",32.3,38.0,15,True,23
2026-08-26,Other,"Extra 10% Off, with code: EXTRA Tall boohoo Tall Satin And Chiffon Mix Pleated Maxi Dress",28.8,32.0,10,True,23
2026-08-26,Other,"Extra 10% Off, with code: EXTRA Plus boohoo Plus Chiffon Tiered Long Sleeve Maxi Dress",32.4,36.0,10,True,23
2026-08-26,Other,"Extra 10% Off, with code: EXTRA Plus boohoo Plus Satin Lace Panel Angel Sleeve Maxi Dress",36.0,40.0,10,True,24
2026-08-26,Other,"Extra 10% Off, with code: EXTRA boohoo Premium Bandage Tassle Detail Mini Dress",38.25,45.0,15,True,24
2026-08-26,Other,"Extra 10% Off, with code: EXTRA boohoo Button Detail V Neck Skater Dress",30.4,38.0,20,True,24
2026-08-26,Other,"Extra 10% Off, with code: EXTRA boohoo Drape Back Satin Maxi Dress",25.6,32.0,20,True,24
2026-08-26,Other,"Extra 10% Off, with code: EXTRA boohoo Crinkle Textured Satin & Lace Maxi Dress",30.6,36.0,15,True,24
2026-08-26,Other,"Extra 10% Off, with code: EXTRA boohoo Collarless Tailored Mini Dress",34.2,38.0,10,True,24
2026-08-26,Other,"Extra 10% Off, with code: EXTRA boohoo Strappy Corset Lace Skirt Mini Dress",37.8,42.0,10,True,24
2026-08-26,Other,"Extra 10% Off, with code: EXTRA Shop New Season Plus boohoo Plus Ruched Bandeau Puffball Skater Dress",31.5,35.0,10,True,24
2026-08-26,Other,"Extra 10% Off, with code: EXTRA boohoo Premium Sequin Boucle Skater Mini Dress",42.3,47.0,10,True,24
2026-08-26,Other,"Extra 10% Off, with code: EXTRA boohoo Corset Detail Lace Hem Mini Dress",32.4,36.0,10,True,24
2026-08-26,Other,"Extra 10% Off, with code: EXTRA Plus boohoo Plus Lace Hem Blazer Dress",44.0,55.0,20,True,24
2026-08-26,Other,"Extra 10% Off, with code: EXTRA Plus boohoo Plus Textured Split Cut Out Maxi Dress",46.8,52.0,10,True,24
2026-08-26,Other,"Extra 10% Off, with code: EXTRA Back In Stock boohoo Lace Tailored Blazer Dress",37.6,47.0,20,True,24
2026-08-26,Other,"Extra 10% Off, with code: EXTRA Plus boohoo Plus Skater Skirt Blazer Dress",43.2,54.0,20,True,24
2026-08-26,Other,"Extra 10% Off, with code: EXTRA Plus SALE boohoo Plus Textured Split Cut Out Maxi Dress",36.0,52.0,31,True,24
2026-08-26,Other,"Extra 10% Off, with code: EXTRA boohoo Textured Split Cut Out Maxi Dress",40.5,45.0,10,True,24
2026-08-26,Other,"Extra 10% Off, with code: EXTRA SALE boohoo Slinky Trim Detail Asymmetric Mini Dress",9.0,25.0,64,True,24
2026-08-26,Other,"Extra 10% Off, with code: EXTRA SALE boohoo Linen Look Shirred Drop Hem Mini Dress",11.0,22.0,50,True,24
2026-08-26,Other,"Extra 10% Off, with code: EXTRA SALE boohoo Slinky Bardot Skater Dress",11.0,20.0,45,True,24
2026-08-26,Other,"Extra 10% Off, with code: EXTRA SALE boohoo Shoulder Pad Gold Trim Mini Dress",7.0,22.0,68,True,24
2026-08-26,Other,"Extra 10% Off, with code: EXTRA SALE boohoo Crochet Floral Corsage Halter Mini Dress",14.0,34.0,59,True,24
2026-08-26,Other,"Extra 10% Off, with code: EXTRA Petite SALE boohoo Petite Shirred Detail Mini Smock Dress",9.0,16.0,44,True,24
2026-08-26,Other,"Extra 10% Off, with code: EXTRA boohoo Satin Ruched Detail Mini Dress",25.2,28.0,10,True,24
2026-08-26,Other,"Extra 10% Off, with code: EXTRA Plus SALE boohoo Plus Stripe High Neck Frill Hem Mini Dress",9.0,28.0,68,True,24
2026-08-26,Other,"Extra 10% Off, with code: EXTRA SALE boohoo Sheer Mesh Cape Beach Dress",11.0,18.0,39,True,24
2026-08-26,Other,"Extra 10% Off, with code: EXTRA boohoo Tie Shoulder Square Neck Skater Dress",14.45,17.0,15,True,24
2026-08-26,Other,"Extra 10% Off, with code: EXTRA SALE boohoo Sheer Mesh Asym Cowl Back Mini Beach Dress",9.0,18.0,50,True,24
2026-08-26,Other,"Extra 10% Off, with code: EXTRA SALE boohoo Shirred Detail Mini Smock Dress",11.0,16.0,31,True,24
2026-08-26,Other,"Extra 10% Off, with code: EXTRA SALE boohoo Linen Look Shirred Drop Hem Mini Dress",9.0,22.0,59,True,24
2026-08-26,Other,"Extra 10% Off, with code: EXTRA SALE boohoo Chiffon Ruffle Detail Asymmetric Mini Dress",8.0,24.0,67,True,24
2026-08-26,Other,"Extra 10% Off, with code: EXTRA Plus SALE boohoo Plus Bengaline Mini Skater Dress",16.0,28.0,43,True,24
2026-08-26,Other,"Extra 10% Off, with code: EXTRA SALE boohoo Jersey Crepe Knot Shoulder Mini Dress",7.0,22.0,68,True,24
2026-08-26,Other,"Extra 10% Off, with code: EXTRA SALE boohoo Slinky Ruched Bandeau Mini Dress",7.0,22.0,68,True,24
2026-08-26,Other,"Extra 10% Off, with code: EXTRA SALE boohoo Sheer Mesh Asym Cowl Back Mini Beach Dress",11.0,18.0,39,True,24
2026-08-26,Other,"Extra 10% Off, with code: EXTRA SALE boohoo Tonal Floral Ruched Bodice Mini Dress",10.0,20.0,50,True,24
2026-08-26,Other,"Extra 10% Off, with code: EXTRA Petite SALE boohoo Petite Linen Look Milkmaid Mini Dress",11.0,18.0,39,True,24
2026-08-26,Other,"Extra 10% Off, with code: EXTRA Plus SALE boohoo Plus Shoulder Pad Mini Dress",8.0,26.0,69,True,24
2026-08-26,Other,"Extra 10% Off, with code: EXTRA SALE boohoo Beach Crochet Stripe Knit Mini Dress",12.0,26.0,54,True,24
2026-08-26,Other,"Extra 10% Off, with code: EXTRA SALE boohoo Ribbed Double Layer Gold Trim Racer Dress",10.0,26.0,62,True,24
2026-08-26,Other,"Extra 10% Off, with code: EXTRA Tall boohoo Tall Woven Zebra Belted Shirt Dress",17.6,22.0,20,True,25
2026-08-26,Other,"Extra 10% Off, with code: EXTRA SALE boohoo Bow Detail Woven Shift Dress",8.0,22.0,64,True,25
2026-08-26,Other,"Extra 10% Off, with code: EXTRA SALE boohoo Trim Detail Drape Mini Dress",8.0,28.0,71,True,25
2026-08-26,Other,"Extra 10% Off, with code: EXTRA boohoo Large Floral Cowl Shift Dress",16.0,20.0,20,True,25
2026-08-26,Other,"Extra 10% Off, with code: EXTRA SALE boohoo Strappy Dropped Hem Denim Mini Dress",12.0,25.0,52,True,25
2026-08-26,Other,"Extra 10% Off, with code: EXTRA SALE boohoo Shirred Pastel Stripe Mini Dress",17.0,28.0,39,True,25
2026-08-26,Other,"Extra 10% Off, with code: EXTRA SALE boohoo Pinstripe Off Shoulder Tailored Mini Dress",9.0,22.0,59,True,25
2026-08-26,Other,"Extra 10% Off, with code: EXTRA Shop New Season Plus SALE boohoo Plus Denim Zip Up Shift Dress",11.0,28.0,61,True,25
2026-08-26,Other,"Extra 10% Off, with code: EXTRA SALE boohoo Textured Halterneck Blouson Mini Dress",8.0,25.0,68,True,25
2026-08-26,Other,"Extra 10% Off, with code: EXTRA SALE boohoo Asymmetric Trim Detail Drape Mini Dress",9.0,26.0,65,True,25
2026-08-26,Other,"Extra 10% Off, with code: EXTRA SALE boohoo Crochet Knit V Neck Mini Dress",8.0,20.0,60,True,25
2026-08-26,Other,"Extra 10% Off, with code: EXTRA boohoo Super Soft Drape Detail Midaxi Dress",15.3,18.0,15,True,25
2026-08-26,Other,"Extra 10% Off, with code: EXTRA boohoo Bengaline Bandeau Ruched Skater Dress",19.8,22.0,10,True,25
2026-08-26,Other,"Extra 10% Off, with code: EXTRA Plus SALE boohoo Plus Mixed Animal Strappy Ruffle Chiffon Mini Dress",9.0,28.0,68,True,25
2026-08-26,Other,"Extra 10% Off, with code: EXTRA Plus SALE boohoo Plus Zebra Ruched Mini Shift Dress",9.0,28.0,68,True,25
2026-08-26,Other,"Extra 10% Off, with code: EXTRA SALE boohoo Beachwear Essentials Polka Dot Maxi Dress",10.0,20.0,50,True,25
2026-08-26,Other,"Extra 10% Off, with code: EXTRA Plus SALE boohoo Plus Denim Button Skater Dress",11.0,32.0,66,True,25
2026-08-26,Other,"Extra 10% Off, with code: EXTRA SALE boohoo Sheer Mesh Wide Leg Beach Trousers",9.0,18.0,50,True,25
2026-08-26,Other,"Extra 10% Off, with code: EXTRA SALE boohoo Shirred Detail Maxi Smock Dress",14.0,20.0,30,True,25
2026-08-26,Other,"Extra 10% Off, with code: EXTRA Plus SALE boohoo Plus Sleeve Denim Mini Dress",14.0,35.0,60,True,25
2026-08-26,Other,"Extra 10% Off, with code: EXTRA SALE boohoo Cotton Poplin Puff Ball Mini Dress",8.0,20.0,60,True,25
2026-08-26,Other,"Extra 10% Off, with code: EXTRA boohoo Cotton Poplin Shirred Bodice Puff Sleeve Mini Dress",19.8,22.0,10,True,25
2026-08-26,Other,"Extra 10% Off, with code: EXTRA SALE boohoo Western Denim Mini Dress",9.0,32.0,72,True,25
2026-08-26,Other,"Extra 10% Off, with code: EXTRA SALE boohoo Crochet A-Line Maxi Dress",13.0,28.0,54,True,25
2026-08-26,Other,"Extra 10% Off, with code: EXTRA SALE boohoo Bandeau Ruched Bubble Hem Mini Dress",10.0,25.0,60,True,25
2026-08-26,Other,"Extra 10% Off, with code: EXTRA Plus SALE boohoo Plus Denim Flippy Sleeveless Dress",11.0,32.0,66,True,25
2026-08-26,Other,"Extra 10% Off, with code: EXTRA boohoo Super Soft Strappy Cami Maxi Dress",12.75,15.0,15,True,25
2026-08-26,Other,"Extra 10% Off, with code: EXTRA SALE boohoo Western Denim Mini Dress",10.0,32.0,69,True,25
2026-08-26,Other,"Extra 10% Off, with code: EXTRA SALE boohoo Floral Burnout Volume Sleeve Ruffle Hem Mini Dress",10.0,30.0,67,True,25
2026-08-26,Other,"Extra 10% Off, with code: EXTRA boohoo Animal Printed Square Neck Ruched Mesh Bodycon Dress",20.0,25.0,20,True,25
2026-08-26,Other,"Extra 10% Off, with code: EXTRA SALE boohoo Cotton Poplin Halterneck Front Gathered Seam Skater Mini Dress",9.0,22.0,59,True,25
2026-08-26,Other,"Extra 10% Off, with code: EXTRA Plus SALE boohoo Plus Large Floral Mini Dress",12.0,28.0,57,True,25
2026-08-26,Other,"Extra 10% Off, with code: EXTRA Petite boohoo Petite Cotton Poplin Puff Sleeve Mini Dress",18.9,21.0,10,True,25
2026-08-26,Other,"Extra 10% Off, with code: EXTRA SALE boohoo Cinched Balloon Sleeve Mini Dress",9.0,22.0,59,True,25
2026-08-26,Other,"Extra 10% Off, with code: EXTRA Maternity SALE boohoo Maternity Ruched Side Midi Dress",8.0,22.0,64,True,25
2026-08-26,Other,"Extra 10% Off, with code: EXTRA Plus boohoo Plus Bengaline Cap Sleeve Puffball Mini Dress",22.1,26.0,15,True,25
2026-08-26,Other,"Extra 10% Off, with code: EXTRA Maternity SALE boohoo Maternity Bardot Ruched Flare Sleeve Maxi Dress",8.0,28.0,71,True,25
2026-08-26,Other,"Extra 10% Off, with code: EXTRA Plus SALE boohoo Plus High Neck Frill Hem Stripe Mini Dress",9.0,28.0,68,True,25
2026-08-26,Other,"Extra 10% Off, with code: EXTRA Plus boohoo Plus Cowl Neck Strappy Mini Dress",23.8,28.0,15,True,25
2026-08-26,Other,"Extra 10% Off, with code: EXTRA Plus boohoo Plus Leopard Asymmetric Mesh Mini Dress",25.2,28.0,10,True,26
2026-08-26,Other,"Extra 10% Off, with code: EXTRA SALE boohoo Pearlised Button Bandeau Mini Dress",8.0,22.0,64,True,26
2026-08-26,Other,"Extra 10% Off, with code: EXTRA boohoo Tonal Chiffon Cowl Front & Back Mini Slip Dress",17.0,20.0,15,True,26
2026-08-26,Other,"Extra 10% Off, with code: EXTRA SALE boohoo Contrast Drop Hem Mini Dress",12.0,28.0,57,True,26
2026-08-26,Other,"Extra 10% Off, with code: EXTRA SALE boohoo Cowl Long Sleeve Mini Dress",11.0,33.0,67,True,26
2026-08-26,Other,"Extra 10% Off, with code: EXTRA Plus SALE boohoo Plus Bardot Off Shoulder Skater Dress",13.0,35.0,63,True,26
2026-08-26,Other,"Extra 10% Off, with code: EXTRA Plus SALE boohoo Plus Burnout Chiffon Ruffle Smock Dress",12.0,28.0,57,True,26
2026-08-26,Other,"Extra 10% Off, with code: EXTRA Shop New Season Petite boohoo Petite Smudge Print Skater Shirt Dress",15.2,19.0,20,True,26
2026-08-26,Other,"Extra 10% Off, with code: EXTRA SALE boohoo Chiffon Shirred Halterneck Mini Dress",9.0,26.0,65,True,26
2026-08-26,Other,"Extra 10% Off, with code: EXTRA SALE boohoo Tailored Halterneck A-line Dress",12.0,26.0,54,True,26
2026-08-26,Other,"Extra 10% Off, with code: EXTRA Petite SALE boohoo Petite Linen Stripe Beaded Mini Swing Dress",13.0,18.0,28,True,26
2026-08-26,Other,"Extra 10% Off, with code: EXTRA boohoo Cheesecloth Shirred Mini Beach Dress",15.3,18.0,15,True,26
2026-08-26,Other,"Extra 10% Off, with code: EXTRA SALE boohoo Twill Button Through Barrell Sleeve Shirt Dress",9.0,30.0,70,True,26
2026-08-26,Other,"Extra 10% Off, with code: EXTRA SALE boohoo Obi Tie Waist Tailored Blazer Dress",16.0,45.0,64,True,26
2026-08-26,Other,"Extra 10% Off, with code: EXTRA Plus SALE boohoo Plus Burnout Chiffon Ruffle Smock Dress",11.0,28.0,61,True,26
2026-08-26,Other,"Extra 10% Off, with code: EXTRA Plus boohoo Plus Bengaline Corset Long Sleeve Skater Dress",25.5,30.0,15,True,26
2026-08-26,Other,"Extra 10% Off, with code: EXTRA SALE boohoo Cotton Poplin Bubble Hem Racer Mini Dress",9.0,22.0,59,True,26
2026-08-26,Other,"Extra 10% Off, with code: EXTRA Plus boohoo Plus Oversized T-Shirt Dress",12.75,15.0,15,True,26
2026-08-26,Other,"Extra 10% Off, with code: EXTRA SALE boohoo Textured Chiffon Long Sleeve Mini Dress",11.0,28.0,61,True,26
2026-08-26,Other,"Extra 10% Off, with code: EXTRA boohoo Linen Bandeau Shirred Back Midaxi Dress",16.0,20.0,20,True,26
2026-08-26,Other,"Extra 10% Off, with code: EXTRA boohoo Polka Dot Slash Neck Mini Dress",16.0,20.0,20,True,26
2026-08-26,Other,"Extra 10% Off, with code: EXTRA Plus SALE boohoo Plus Bengaline Bow Back Skater Dress",13.0,25.0,48,True,26
2026-08-26,Other,"Extra 10% Off, with code: EXTRA Petite boohoo Petite Chiffon Cowl Slip Mini Dress",16.2,18.0,10,True,26
2026-08-26,Other,"Extra 10% Off, with code: EXTRA boohoo Blurred Abstract Bardot Maxi Dress",23.8,28.0,15,True,26
2026-08-26,Other,"Extra 10% Off, with code: EXTRA Petite SALE boohoo Petite Cotton Poplin Shirred Bodice Puff Sleeve Maxi Dress",10.0,25.0,60,True,26
2026-08-26,Other,"Extra 10% Off, with code: EXTRA boohoo Square Halter Neck Skater Dress",15.3,18.0,15,True,26
2026-08-26,Other,"Extra 10% Off, with code: EXTRA boohoo Halterneck Sweetheart Puffball Mini Dress",20.4,24.0,15,True,26
2026-08-26,Other,"Extra 10% Off, with code: EXTRA SALE boohoo 2 in 1 Linen Look Bandeau Column Maxi Dress",12.0,35.0,66,True,26
2026-08-26,Other,"Extra 10% Off, with code: EXTRA boohoo Chiffon Floral Ruffle Detail Asymmetric Midi Dress",19.2,24.0,20,True,26
2026-08-26,Other,"Extra 10% Off, with code: EXTRA Petite boohoo Petite Bengaline Gold Button Trim Cap sleeve Shift Dress",21.25,25.0,15,True,26
2026-08-26,Other,"Extra 10% Off, with code: EXTRA SALE boohoo Rib Dropped Hem Cap Sleeve Skater Dress",14.0,20.0,30,True,26
2026-08-26,Other,"Extra 10% Off, with code: EXTRA boohoo Jersey Crepe Twist Strap Midaxi Dress",22.5,25.0,10,True,26
2026-08-26,Other,"Extra 10% Off, with code: EXTRA SALE boohoo Textured Smock Maxi Dress",19.0,28.0,32,True,26
2026-08-26,Other,"Extra 10% Off, with code: EXTRA boohoo Leopard Halterneck Mesh Maxi Dress",25.2,28.0,10,True,26
2026-08-26,Other,"Extra 10% Off, with code: EXTRA SALE boohoo Chiffon Cowl Neck Maxi Dress",9.0,28.0,68,True,26
2026-08-26,Other,"Extra 10% Off, with code: EXTRA boohoo Lace Trim Mini Dress",21.6,24.0,10,True,26
2026-08-26,Other,"Extra 10% Off, with code: EXTRA boohoo Burnout Ruffle Strap Slip Dress",25.2,28.0,10,True,26
2026-08-26,Other,"Extra 10% Off, with code: EXTRA boohoo Asymmetric Ruched Mini Dress",20.0,25.0,20,True,26
2026-08-26,Other,"Extra 10% Off, with code: EXTRA boohoo Bengaline Bandeau Ruched Skater Dress",18.7,22.0,15,True,26
2026-08-26,Other,"Extra 10% Off, with code: EXTRA boohoo Ditsy Floral Tie Front Milkmaid Midaxi Dress",25.2,28.0,10,True,27
2026-08-26,Other,"Extra 10% Off, with code: EXTRA Plus SALE boohoo Plus Trim Hem Skater Dress",20.0,40.0,50,True,27
2026-08-26,Other,"Extra 10% Off, with code: EXTRA boohoo Zebra Linen Halterneck Mini Dress",16.2,18.0,10,True,27
2026-08-26,Other,"Extra 10% Off, with code: EXTRA SALE boohoo Stripe Crochet Beach Maxi Dress",20.0,35.0,43,True,27
2026-08-26,Other,"Extra 10% Off, with code: EXTRA Tall boohoo Tall Tie Shoulder Milkmaid Skater Dress",22.4,28.0,20,True,27
2026-08-26,Other,"Extra 10% Off, with code: EXTRA Plus boohoo Plus Racer Neck Drape Gold Trim Detail Maxi Dress",27.2,32.0,15,True,27
2026-08-26,Other,"Extra 10% Off, with code: EXTRA SALE boohoo Linen Look Volume Sleeve Mini Dress",15.0,25.0,40,True,27
2026-08-26,Other,"Extra 10% Off, with code: EXTRA Shop New Season Plus boohoo Plus Mixed Floral Flared Sleeve Shift Dress",24.0,30.0,20,True,27
2026-08-26,Other,"Extra 10% Off, with code: EXTRA SALE boohoo Textured Slash Neck Ruched Waist Mini Dress",15.0,22.0,32,True,27
2026-08-26,Other,"Extra 10% Off, with code: EXTRA Maternity boohoo Maternity Beaded Tie One Shoulder Smock Maxi Dress",20.0,25.0,20,True,27
2026-08-26,Other,"Extra 10% Off, with code: EXTRA boohoo Cotton Poplin Shirred Maxi Dress",23.4,26.0,10,True,27
2026-08-26,Other,"Extra 10% Off, with code: EXTRA boohoo Abstract Crinkle Chiffon Ruffle Maxi Dress",23.4,26.0,10,True,27
2026-08-26,Other,"Extra 10% Off, with code: EXTRA Tall boohoo Tall Jersey Crepe Twist Strap Midaxi Dress",20.0,25.0,20,True,27
2026-08-26,Other,"Extra 10% Off, with code: EXTRA boohoo Cotton Poplin Shirred Bodice Puff Sleeve Maxi Dress",22.5,25.0,10,True,27
2026-08-26,Other,"Extra 10% Off, with code: EXTRA Plus SALE boohoo Plus Linen Look Midi Shirt Dress",17.0,30.0,43,True,27
2026-08-26,Other,"Extra 10% Off, with code: EXTRA boohoo Bengaline Gold Button Trim Cap sleeve Shift Dress",20.0,25.0,20,True,27
2026-08-26,Other,"Extra 10% Off, with code: EXTRA boohoo Printed Mesh Beaded Halterneck Strap Cowl Dress",22.5,25.0,10,True,27
2026-08-26,Other,"Extra 10% Off, with code: EXTRA Plus boohoo Plus Gold Trim Detail Blazer Dress",33.6,42.0,20,True,27
2026-08-26,Other,"Extra 10% Off, with code: EXTRA boohoo Rib Knit Stripe Maxi Dress",22.5,25.0,10,True,27
2026-08-26,Other,"Extra 10% Off, with code: EXTRA Plus boohoo Plus button down midaxi skater dress",22.95,27.0,15,True,27
2026-08-26,Other,"Extra 10% Off, with code: EXTRA boohoo Chiffon Ruffle Maxi Slip Dress",31.45,37.0,15,True,27
2026-08-26,Other,"Extra 10% Off, with code: EXTRA Plus SALE boohoo Plus Polka Dot Chiffon Cowl Ruffle Maxi Dress",18.0,30.0,40,True,27
2026-08-26,Other,"Extra 10% Off, with code: EXTRA boohoo Knitted Scoop Back Mini Dress",21.25,25.0,15,True,27
2026-08-26,Other,"Extra 10% Off, with code: EXTRA Maternity boohoo Maternity Cotton Milkmaid Midaxi Skater Dress",19.8,22.0,10,True,27
2026-08-26,Other,"Extra 10% Off, with code: EXTRA Maternity boohoo Maternity Textured Jacquard Midaxi Bodycon Dress",22.1,26.0,15,True,27
2026-08-26,Other,"Extra 10% Off, with code: EXTRA Tall boohoo Tall Broderie Scalloped Neck Corset Mini Dress",23.8,28.0,15,True,27
2026-08-26,Other,"Extra 10% Off, with code: EXTRA boohoo Cotton Poplin Halter Neck Front Gathered Seam Skater Maxi Dress",22.5,25.0,10,True,27
2026-08-26,Other,"Extra 10% Off, with code: EXTRA Plus boohoo Plus Gold Trim Plisse High Neck Maxi Dress",22.4,28.0,20,True,27
2026-08-26,Other,"Extra 10% Off, with code: EXTRA Plus boohoo Plus Lace Drop Hem Ruched Maxi Dress",22.4,28.0,20,True,27
2026-08-26,Other,"Extra 10% Off, with code: EXTRA Petite boohoo Petite Chiffon Tiered Mini Dress",14.4,16.0,10,True,27
2026-08-26,Other,"Extra 10% Off, with code: EXTRA Plus boohoo Plus Chiffon Blouson Ruffle Tie Belt Skater Dress",25.6,32.0,20,True,27
2026-08-26,Other,"Extra 10% Off, with code: EXTRA boohoo Tailored Halterneck Trim Detail Mini Dress",22.4,28.0,20,True,27
2026-08-26,Other,"Extra 10% Off, with code: EXTRA boohoo Chiffon Ruffle Fit & Flare Strappy Maxi Dress",28.0,35.0,20,True,27
2026-08-26,Other,"Extra 10% Off, with code: EXTRA boohoo Gingham Ruched Bust Detail Midaxi Dress",22.1,26.0,15,True,27
2026-08-26,Other,"Extra 10% Off, with code: EXTRA boohoo Double Layer Asym Slinky Drape Front Maxi Dress",28.0,35.0,20,True,27
2026-08-26,Other,"Extra 10% Off, with code: EXTRA Maternity boohoo Maternity Plisse Batwing Midaxi Dress",20.0,25.0,20,True,27
2026-08-26,Other,"Extra 10% Off, with code: EXTRA boohoo Satin And Chiffon Mix Pleated Maxi Dress",27.2,32.0,15,True,27
2026-08-26,Other,"Extra 10% Off, with code: EXTRA boohoo Ruched Bust Strappy Midaxi Dress",20.8,26.0,20,True,28
2026-08-26,Other,"Extra 10% Off, with code: EXTRA Plus boohoo Plus Chambray Shirred Midaxi Skater Dress",20.4,24.0,15,True,28
2026-08-26,Other,"Extra 10% Off, with code: EXTRA boohoo Burnout Ruffle Strap Slip Dress",22.4,28.0,20,True,28
2026-08-26,Other,"Extra 10% Off, with code: EXTRA Petite boohoo Petite Bardot Structured Mini Dress",22.4,28.0,20,True,28
2026-08-26,Other,"Extra 10% Off, with code: EXTRA SALE boohoo Plisse Gold Trim Plunge Front Maxi Dress",25.0,40.0,38,True,28
2026-08-26,Other,"Extra 10% Off, with code: EXTRA Maternity boohoo Maternity Bardot Ruched Mesh Sleeve Maxi Dress",23.8,28.0,15,True,28
2026-08-26,Other,"Extra 10% Off, with code: EXTRA boohoo Linen Look Shirred Stripe Bandeau Maxi Dress",27.0,30.0,10,True,28
2026-08-26,Other,"Extra 10% Off, with code: EXTRA Plus boohoo Plus Leopard Print Short Sleeve Denim Dress",28.8,36.0,20,True,28
2026-08-26,Other,"Extra 10% Off, with code: EXTRA SALE boohoo Ruched Bandeau Tiered Midaxi Dress",19.0,28.0,32,True,28
2026-08-26,Other,"Extra 10% Off, with code: EXTRA SALE boohoo Burnout Floral Flared Sleeve Midaxi Dress",13.0,35.0,63,True,28
2026-08-26,Other,"Extra 10% Off, with code: EXTRA Plus boohoo Plus Ruffle Front Seam Scarf Detail Maxi Dress",32.3,38.0,15,True,28
2026-08-26,Other,"Extra 10% Off, with code: EXTRA boohoo Floral Burnout Lace Up Back Mini Dress",25.2,28.0,10,True,28
2026-08-26,Other,"Extra 10% Off, with code: EXTRA Plus boohoo Plus Chiffon Godet Skater",23.8,28.0,15,True,28
2026-08-26,Other,"Extra 10% Off, with code: EXTRA boohoo Pinstripe Bengaline Hook And Eye Midaxi Dress",21.6,27.0,20,True,28
2026-08-26,Other,"Extra 10% Off, with code: EXTRA boohoo Textured Cut Out Maxi Dress",32.0,40.0,20,True,28
2026-08-26,Other,"Extra 10% Off, with code: EXTRA SALE boohoo Tailored Pleat Front Bandeau Mini Dress",9.0,25.0,64,True,28
2026-08-26,Other,"Extra 10% Off, with code: EXTRA boohoo Ruched Skirt Mini Dress",14.4,18.0,20,True,28
2026-08-26,Other,"Extra 10% Off, with code: EXTRA Plus SALE boohoo Plus Bengaline Racer Neck Pleated Skater Dress",14.0,25.0,44,True,28
2026-08-26,Other,"Extra 10% Off, with code: EXTRA SALE boohoo Jersey Crepe Drape Shoulder Mini Dress",12.0,20.0,40,True,28
2026-08-26,Other,"Extra 10% Off, with code: EXTRA Plus SALE boohoo Plus Suede Boxy T-shirt Dress",12.0,40.0,70,True,28
2026-08-26,Other,"Extra 10% Off, with code: EXTRA SALE boohoo Burnout Floral Long Sleeve Drape Front Bodycon Dress",9.0,26.0,65,True,28
2026-08-26,Other,"Extra 10% Off, with code: EXTRA boohoo Tiered Smock Mini Dress",22.5,25.0,10,True,28
2026-08-26,Other,"Extra 10% Off, with code: EXTRA boohoo Lace Cap Sleeve Lined Mini Dress",20.0,25.0,20,True,28
2026-08-26,Other,"Extra 10% Off, with code: EXTRA Plus SALE boohoo Plus Floral Ruffle Smock Dress",9.0,28.0,68,True,28
2026-08-26,Other,"Extra 10% Off, with code: EXTRA Maternity boohoo Maternity Cheesecloth Button Down Midi Dress",17.6,22.0,20,True,28
2026-08-26,Other,"Extra 10% Off, with code: EXTRA SALE boohoo Drape Detail Button Through Shirt Dress",14.0,35.0,60,True,28
2026-08-26,Other,"Extra 10% Off, with code: EXTRA boohoo Textured Ruched Waist Midaxi Dress",20.0,25.0,20,True,28
2026-08-26,Other,"Extra 10% Off, with code: EXTRA SALE boohoo Puff Sleeve Bust Detail Shift Dress",10.0,20.0,50,True,28
2026-08-26,Other,"Extra 10% Off, with code: EXTRA boohoo Tie Front Detail Maxi Smock Dress",16.0,20.0,20,True,28
2026-08-26,Other,"Extra 10% Off, with code: EXTRA Plus boohoo Plus Bodice Detail Tie Front Maxi Skater Dress",22.5,25.0,10,True,28
2026-08-26,Other,"Extra 10% Off, with code: EXTRA boohoo Chiffon Scarf Detail Cold Shoulder Mini Dress",21.6,24.0,10,True,28
2026-08-26,Other,"Extra 10% Off, with code: EXTRA boohoo Off The Shoulder Mesh Mini Dress",20.4,24.0,15,True,28
2026-08-26,Other,"Extra 10% Off, with code: EXTRA Tall boohoo Tall Cotton Poplin Halterneck Front Gathered Seam Skater Mini Dress",17.6,22.0,20,True,28
2026-08-26,Other,"Extra 10% Off, with code: EXTRA boohoo Chiffon Tiered Halterneck Mini Dress",20.0,25.0,20,True,28
2026-08-26,Other,"Extra 10% Off, with code: EXTRA boohoo Bengaline Halterneck Skater Dress",21.6,24.0,10,True,28
2026-08-26,Other,"Extra 10% Off, with code: EXTRA Plus boohoo Plus Button Down Denim Mini Dress",31.45,37.0,15,True,28
2026-08-26,Other,"Extra 10% Off, with code: EXTRA Plus SALE boohoo Plus Leopard Mesh Cowl Neck Skater Dress",12.0,32.0,63,True,28
2026-08-26,Other,"Extra 10% Off, with code: EXTRA Plus boohoo Plus Rib Scoop Neck Maxi Dress",17.6,22.0,20,True,29
2026-08-26,Other,"Extra 10% Off, with code: EXTRA Plus boohoo Plus Shoulder Pad Long Sleeve Draped Skirt Detail Maxi Dress",29.75,35.0,15,True,29
2026-08-26,Other,"Extra 10% Off, with code: EXTRA Plus boohoo Plus Halter Neck Scarf Detail Flared Skirt Maxi Dress",31.5,35.0,10,True,29
2026-08-26,Other,"Extra 10% Off, with code: EXTRA Plus boohoo Plus Floral Chiffon Milkmaid Maxi Dress",28.0,35.0,20,True,29
2026-08-26,Other,"Extra 10% Off, with code: EXTRA boohoo Halterneck Gold Trim Tiered Mini Dress",20.8,26.0,20,True,29
2026-08-26,Other,"Extra 10% Off, with code: EXTRA Petite boohoo Petite A-Line Square Neck Denim Mini Dress",22.5,25.0,10,True,29
2026-08-26,Other,"Extra 10% Off, with code: EXTRA Plus boohoo Plus Knitted Scoop Back Maxi Dress",20.0,25.0,20,True,29
2026-08-26,Other,"Extra 10% Off, with code: EXTRA Shop New Season boohoo Polka Dot Cut Work Knot Detail Maxi Dress",24.0,30.0,20,True,29
2026-08-26,Other,"Extra 10% Off, with code: EXTRA boohoo Large Floral Slash Neck Maxi Dress",17.0,20.0,15,True,29
2026-08-26,Other,"Extra 10% Off, with code: EXTRA Maternity boohoo Maternity Drape Detail Maxi Dress",22.4,28.0,20,True,29
2026-08-26,Other,"Extra 10% Off, with code: EXTRA Tall SALE boohoo Tall Cotton Poplin Stripe Swing Dress",14.0,25.0,44,True,29
2026-08-26,Other,"Extra 10% Off, with code: EXTRA boohoo Lace Hem Structured Blazer Dress",36.0,45.0,20,True,29
2026-08-26,Other,"Extra 10% Off, with code: EXTRA Plus boohoo Plus Floral V Neck Blouson Sleeve Volume Smock Dress",25.2,28.0,10,True,29
2026-08-26,Other,"Extra 10% Off, with code: EXTRA Plus boohoo Plus Chiffon Long Sleeve Ruffle Maxi Dress",34.2,38.0,10,True,29
2026-08-26,Other,"Extra 10% Off, with code: EXTRA boohoo Polka Dot Angel Sleeve Midaxi Dress",29.6,37.0,20,True,29
2026-08-26,Other,"Extra 10% Off, with code: EXTRA Tall boohoo Tall Puff Sleeve Shirred Midaxi Dress",25.2,28.0,10,True,29
2026-08-26,Other,"Extra 10% Off, with code: EXTRA SALE boohoo Lace Drape Detail Midaxi Dress",21.0,32.0,34,True,29
2026-08-26,Other,"Extra 10% Off, with code: EXTRA Plus boohoo Plus Chiffon Long Sleeve Skater Dress",28.0,35.0,20,True,29
2026-08-26,Other,"Extra 10% Off, with code: EXTRA boohoo Chiffon Long Sleeve Skater Dress",25.6,32.0,20,True,29
2026-08-26,Other,"Extra 10% Off, with code: EXTRA boohoo High Neck Scarf Wrap Waist Maxi Column Dress",23.8,28.0,15,True,29
2026-08-26,Other,"Extra 10% Off, with code: EXTRA boohoo Chiffon Leopard Print Puff Sleeve Milkmaid Skater Dress",29.7,33.0,10,True,29
2026-08-26,Other,"Extra 10% Off, with code: EXTRA Plus boohoo Plus Satin Ruched Shoulder Detail Sleeveless Maxi Dress",34.2,38.0,10,True,29
2026-08-26,Other,"Extra 10% Off, with code: EXTRA boohoo Matte Satin Ruffle Back Slip Dress",30.4,38.0,20,True,29
2026-08-26,Other,"Extra 10% Off, with code: EXTRA Tall boohoo Tall Floral Dobby Cold Shoulder Tiered Midi Skater Dress",22.4,28.0,20,True,29
2026-08-26,Other,"Extra 10% Off, with code: EXTRA boohoo Polka Dot Structured Seam Detail Mini Dress",27.2,32.0,15,True,29
2026-08-26,Other,"Extra 10% Off, with code: EXTRA boohoo Lace Hem Sleeveless Maxi Dress",22.4,28.0,20,True,29
2026-08-26,Other,"Extra 10% Off, with code: EXTRA SALE boohoo Double Layer Asym Slinky Drape Front Maxi Dress",21.0,35.0,40,True,29
2026-08-26,Other,"Extra 10% Off, with code: EXTRA boohoo Floral Burnout Ruffle Hem Maxi Dress",28.0,35.0,20,True,29
2026-08-26,Other,"Extra 10% Off, with code: EXTRA boohoo Chiffon Ruched Drop Waist Halter Neck Maxi Dress",23.8,28.0,15,True,29
2026-08-26,Other,"Extra 10% Off, with code: EXTRA SALE boohoo Cinched Waist Shirt Dress",6.0,22.0,73,True,29
2026-08-26,Other,"Extra 10% Off, with code: EXTRA boohoo Bengaline Halter Neck Plunge Skater Dress",20.0,25.0,20,True,29
2026-08-26,Other,"Extra 10% Off, with code: EXTRA boohoo Bengaline Halter Neck V Waist Midaxi Dress",22.4,28.0,20,True,29
2026-08-26,Other,"Extra 10% Off, with code: EXTRA boohoo Cotton Poplin Tie Shoulder Mini Skater Dress",17.6,22.0,20,True,29
2026-08-26,Other,"Extra 10% Off, with code: EXTRA SALE boohoo Tie Front Detail Mini Smock Dress",10.0,16.0,38,True,29
2026-08-26,Other,"Extra 10% Off, with code: EXTRA Plus boohoo Plus Linen Tie Front Dress",16.2,18.0,10,True,29
2026-08-26,Other,"Extra 10% Off, with code: EXTRA SALE boohoo Stretch Chiffon Bardot Maxi Dress",9.0,30.0,70,True,29
2026-08-26,Other,"Extra 10% Off, with code: EXTRA boohoo Crochet Flare Sleeve Beach Mini Dress",19.2,24.0,20,True,29
2026-08-26,Other,"Extra 10% Off, with code: EXTRA Plus boohoo Plus Rib Cap Sleeve Ruched Mini Dress",12.75,15.0,15,True,29
2026-08-26,Other,"Extra 10% Off, with code: EXTRA Plus SALE boohoo Plus Linen Look Tie Back Puff Sleeve Midaxi Dress",9.0,30.0,70,True,29
2026-08-26,Other,"Extra 10% Off, with code: EXTRA Plus boohoo Plus Chiffon Flared Sleeve Skater Dress",25.2,28.0,10,True,30
2026-08-26,Other,"Extra 10% Off, with code: EXTRA boohoo Bandeau Sheer Hem Maxi Dress",19.2,24.0,20,True,30
2026-08-26,Other,"Extra 10% Off, with code: EXTRA boohoo Satin Blouson Asymmetric Maxi Dress",25.6,32.0,20,True,30
2026-08-26,Other,"Extra 10% Off, with code: EXTRA SALE boohoo Halterneck Sequin Wrap Front Mini Dress",23.0,38.0,39,True,30
2026-08-26,Other,"Extra 10% Off, with code: EXTRA Plus SALE boohoo Plus Gold Trim Rib Poplin Mix Mini Dress",17.0,30.0,43,True,30
2026-08-26,Other,"Extra 10% Off, with code: EXTRA Plus boohoo Plus Taffeta Bow Back Puff Sleeve Skater Dress",36.0,40.0,10,True,30
2026-08-26,Other,"Extra 10% Off, with code: EXTRA Plus boohoo Plus Chiffon Extreme Cowl Neck Tie Waist Maxi Dress",32.0,40.0,20,True,30
2026-08-26,Other,"Extra 10% Off, with code: EXTRA Shop New Season boohoo Basic Rib Racer Neck Maxi",13.95,15.5,10,True,30
2026-08-26,Other,"Extra 10% Off, with code: EXTRA SALE boohoo Stripe Linen Look Peplum Mini Dress",8.0,22.0,64,True,30
2026-08-26,Other,"Extra 10% Off, with code: EXTRA boohoo Super Soft Drape Detail Midaxi Dress",16.2,18.0,10,True,30
2026-08-26,Other,"Extra 10% Off, with code: EXTRA Tall boohoo Tall Shirred Bardot Maxi Dress",19.8,22.0,10,True,30
2026-08-26,Other,"Extra 10% Off, with code: EXTRA Petite SALE boohoo Petite Santa Baby Christmas Jumper Dress",10.0,20.0,50,True,30
2026-08-26,Other,"Extra 10% Off, with code: EXTRA boohoo Volume Sleeve Fit & Flare Mini Dress",19.8,22.0,10,True,30
2026-08-26,Other,"Extra 10% Off, with code: EXTRA Plus SALE boohoo Plus Drape Front High Neck Dress",11.0,22.0,50,True,30
2026-08-26,Other,"Extra 10% Off, with code: EXTRA boohoo Ruched T-shirt Mini Dress",12.4,15.5,20,True,30
2026-08-26,Other,"Extra 10% Off, with code: EXTRA boohoo Cinched Waist Fitted Shirt Dress",36.0,36.0,0,False,30
2026-08-26,Other,"Extra 10% Off, with code: EXTRA boohoo Polka Dot Ruched Sweetheart Pleated Skater Dress",28.0,28.0,0,False,30
2026-08-26,Other,"Extra 10% Off, with code: EXTRA boohoo Textured Chiffon Tonal Zebra Godet Hem Midi Dress",32.0,32.0,0,False,30
2026-08-26,Other,"Extra 10% Off, with code: EXTRA boohoo Bengaline Ruched Bust Bodycon Mini Dress",14.4,18.0,20,True,30
2026-08-26,Other,"Extra 10% Off, with code: EXTRA boohoo Off The Shoulder Large Tonal Floral Mesh Maxi Dress",32.0,32.0,0,False,30
2026-08-26,Other,"Extra 10% Off, with code: EXTRA boohoo Chiffon Mix Panelled Smock dress",27.0,30.0,10,True,30
2026-08-26,Other,"Extra 10% Off, with code: EXTRA boohoo Textured Satin & Lace Trim Midi Dress",25.5,30.0,15,True,30
2026-08-26,Other,"Extra 10% Off, with code: EXTRA Plus SALE boohoo Plus Woven Ditsy Floral Ruched Midaxi Dress",15.0,25.0,40,True,30
2026-08-26,Other,"Extra 10% Off, with code: EXTRA Plus boohoo Plus Cowl Neck Draped Skirt Maxi Dress",25.6,32.0,20,True,30
2026-08-26,Other,"Extra 10% Off, with code: EXTRA boohoo Polka Dot Tie Shoulder Mini Smock Dress",19.8,22.0,10,True,30
2026-08-26,Other,"Extra 10% Off, with code: EXTRA boohoo V Neck Lace Slip Panelled Maxi Dress",28.0,35.0,20,True,30
2026-08-26,Other,"Extra 10% Off, with code: EXTRA boohoo Sheer Mesh Mini Beach Dress",14.4,18.0,20,True,30
2026-08-26,Other,"Extra 10% Off, with code: EXTRA Plus boohoo Plus Chiffon Ruffle Cold Shoulder Maxi Dress",28.0,35.0,20,True,30
2026-08-26,Other,"Extra 10% Off, with code: EXTRA SALE boohoo Puff Sleeve Milkmaid Midi Dress",14.0,28.0,50,True,30
2026-08-26,Other,"Extra 10% Off, with code: EXTRA boohoo Off the Shoulder Long Sleeve Bodycon Mini Dress",20.7,23.0,10,True,30
2026-08-26,Other,"Extra 10% Off, with code: EXTRA boohoo Gingham Shirred Detail Drop Waist Midaxi Dress",23.4,26.0,10,True,30
2026-08-26,Other,"Extra 10% Off, with code: EXTRA Plus boohoo Plus Chiffon High Neck Ruffle Detail Maxi Dress",32.0,40.0,20,True,30
2026-08-26,Other,"Extra 10% Off, with code: EXTRA Plus boohoo Plus Double Layer Ruched Maxi Dress",33.3,37.0,10,True,30
2026-08-26,Other,"Extra 10% Off, with code: EXTRA Plus SALE boohoo Plus Chambray Maxi Skater Dress",18.0,30.0,40,True,30
2026-08-26,Other,"Extra 10% Off, with code: EXTRA Plus SALE boohoo Plus Ruched Tie Front Maxi Dress",15.0,25.0,40,True,30
2026-08-26,Other,"Extra 10% Off, with code: EXTRA boohoo Sequin Boucle Structured Skater Mini Dress",34.2,38.0,10,True,30
2026-08-26,Other,"Extra 10% Off, with code: EXTRA boohoo Satin Slip Column Maxi Dress",25.2,28.0,10,True,30
2026-08-26,Other,"Extra 10% Off, with code: EXTRA Plus boohoo Plus Linen Hanky Hem Maxi Dress",22.5,25.0,10,True,30
2026-08-26,Other,"Extra 10% Off, with code: EXTRA Plus SALE boohoo Plus Linen Hanky Hem Maxi Dress",16.0,26.0,38,True,30
2026-08-26,Other,"Extra 10% Off, with code: EXTRA Plus boohoo Plus Polka Dot Frill Sleeve Mini Dress",25.2,28.0,10,True,31
2026-08-26,Other,"Extra 10% Off, with code: EXTRA Plus boohoo Plus Ruched Drop Waist Maxi Dress",24.0,30.0,20,True,31
2026-08-26,Other,"Extra 10% Off, with code: EXTRA Plus boohoo Plus Rib Cotton Mix Midaxi Dress",22.5,25.0,10,True,31
2026-08-26,Other,"Extra 10% Off, with code: EXTRA boohoo V Neck Satin Maxi Slip Dress",22.5,25.0,10,True,31
2026-08-26,Other,"Extra 10% Off, with code: EXTRA boohoo Floral Ruched Mesh Maxi Dress",25.2,28.0,10,True,31
2026-08-26,Other,"Extra 10% Off, with code: EXTRA SALE boohoo Stripe Cotton Shirred Skater Maxi Dress",15.0,25.0,40,True,31
2026-08-26,Other,"Extra 10% Off, with code: EXTRA boohoo Elasticated Cross Back Shirred Mini Dress",16.2,18.0,10,True,31
2026-08-26,Other,"Extra 10% Off, with code: EXTRA Shop New Season SALE boohoo Chiffon Frill Maxi Dress",13.0,35.0,63,True,31
2026-08-26,Other,"Extra 10% Off, with code: EXTRA boohoo Leopard Asymmetric Mesh Mini Dress",20.8,26.0,20,True,31
2026-08-26,Other,"Extra 10% Off, with code: EXTRA boohoo Polka Dot Ruched Bust Column Maxi Dress",21.6,24.0,10,True,31
2026-08-26,Other,"Extra 10% Off, with code: EXTRA SALE boohoo Plisse Bandeau Maxi Dress",17.0,34.0,50,True,31
2026-08-26,Other,"Extra 10% Off, with code: EXTRA SALE boohoo Cinched Waist Shirt Dress",13.0,35.0,63,True,31
2026-08-26,Other,"Extra 10% Off, with code: EXTRA boohoo Cotton Square Neck Column Maxi Dress",15.2,19.0,20,True,31
2026-08-26,Other,"Extra 10% Off, with code: EXTRA Maternity boohoo Maternity Rib Scoop Neck Maxi Dress",16.0,20.0,20,True,31
2026-08-26,Other,"Extra 10% Off, with code: EXTRA boohoo Leopard Print Sheer Mesh Mini Beach Dress",16.2,18.0,10,True,31
2026-08-26,Other,"Extra 10% Off, with code: EXTRA boohoo Printed Ruched Mini Dress",19.8,22.0,10,True,31
2026-08-26,Other,"Extra 10% Off, with code: EXTRA Tall SALE boohoo Tall Tailored Skater Dress",16.0,45.0,64,True,31
2026-08-26,Other,"Extra 10% Off, with code: EXTRA boohoo Chiffon Tie Detail Bandeau Smock Mini Dress",16.0,20.0,20,True,31
2026-08-26,Other,"Extra 10% Off, with code: EXTRA SALE boohoo Cotton Poplin Bandeau Puffball Mini Dress",13.0,28.0,54,True,31
2026-08-26,Other,"Extra 10% Off, with code: EXTRA SALE boohoo Mesh Snake Print Twist Detail Maxi Dress",23.0,38.0,39,True,31
2026-08-26,Other,"Extra 10% Off, with code: EXTRA boohoo Printed Mesh Asymmetric Long Sleeve Maxi Dress",27.0,30.0,10,True,31
2026-08-26,Other,"Extra 10% Off, with code: EXTRA Tall SALE boohoo Tall Disc Sequin Bandeau Mini Dress",29.0,49.0,41,True,31
2026-08-26,Other,"Extra 10% Off, with code: EXTRA Plus boohoo Plus Chiffon Layered Ruffle Maxi Dress",25.6,32.0,20,True,31
2026-08-26,Other,"Extra 10% Off, with code: EXTRA Plus boohoo Plus Off The Shoulder Mesh Maxi Dress",28.8,32.0,10,True,31
2026-08-26,Other,"Extra 10% Off, with code: EXTRA Plus SALE boohoo Plus 3D Corsage Tailored Strappy Mini Dress",20.0,40.0,50,True,31
2026-08-26,Other,"Extra 10% Off, with code: EXTRA Plus SALE boohoo Plus Pinstripe Belted Blazer Dress",11.0,38.0,71,True,31
2026-08-26,Other,"Extra 10% Off, with code: EXTRA Plus SALE boohoo Plus Stripe Shirred Strappy Maxi Dress",20.0,30.0,33,True,31
2026-08-26,Other,"Extra 10% Off, with code: EXTRA Plus SALE boohoo Plus Elasticated Square Neck Maxi Dress",16.0,40.0,60,True,31
2026-08-26,Other,"Extra 10% Off, with code: EXTRA boohoo Twist Detail Off Shoulder Drape Maxi Dress",22.4,28.0,20,True,31
2026-08-26,Other,"Extra 10% Off, with code: EXTRA SALE boohoo Open Knit Crochet Maxi Dress",8.0,28.0,71,True,31
2026-08-26,Other,"Extra 10% Off, with code: EXTRA SALE boohoo Shirred Bodice Poplin Mini Dress",12.0,20.0,40,True,31
2026-08-26,Other,"Extra 10% Off, with code: EXTRA boohoo Broderie Cap Sleeve Smock Dress",16.15,19.0,15,True,31
2026-08-26,Other,"Extra 10% Off, with code: EXTRA SALE boohoo Bandeau Scarf Detail Mini Dress",13.0,25.0,48,True,31
2026-08-26,Other,"Extra 10% Off, with code: EXTRA Plus SALE boohoo Plus Printed Cap Sleeve Lace Trim Shift Dress",13.0,28.0,54,True,31
2026-08-26,Other,"Extra 10% Off, with code: EXTRA Maternity boohoo Maternity Super Soft Short Sleeve Midaxi Dress",12.0,15.0,20,True,31
2026-08-26,Other,"Extra 10% Off, with code: EXTRA boohoo Cheesecloth Halter Mini Beach Dress",16.2,18.0,10,True,31
2026-08-26,Other,"Extra 10% Off, with code: EXTRA SALE boohoo Tie Shoulder Mini Smock Dress",14.0,20.0,30,True,31
2026-08-26,Other,"Extra 10% Off, with code: EXTRA Petite SALE boohoo Petite Denim Bandeau Dropped Hem Dress",10.0,25.0,60,True,31
2026-08-26,Other,"Extra 10% Off, with code: EXTRA Plus SALE boohoo Plus Ruffle Wrap Skater Dress",9.0,30.0,70,True,32
2026-08-26,Other,"Extra 10% Off, with code: EXTRA SALE boohoo Chiffon Volume Sleeve Tie Waist Mini Dress",8.0,28.0,71,True,32
2026-08-26,Other,"Extra 10% Off, with code: EXTRA Plus SALE boohoo Plus Denim Wrap Dres",10.0,35.0,71,True,32
2026-08-26,Other,"Extra 10% Off, with code: EXTRA SALE boohoo Ombre Sheer Mesh Mini Dress",8.0,18.0,56,True,32
2026-08-26,Other,"Extra 10% Off, with code: EXTRA SALE boohoo Strappy Bow Front Shift Dress",10.0,28.0,64,True,32
2026-08-26,Other,"Extra 10% Off, with code: EXTRA Plus boohoo Plus Leopard Wrap Ruffle Skater Dress",14.4,18.0,20,True,32
2026-08-26,Other,"Extra 10% Off, with code: EXTRA SALE boohoo Linen Look Fitted Tailored Mini Dress",13.0,35.0,63,True,32
2026-08-26,Other,"Extra 10% Off, with code: EXTRA Shop New Season Maternity SALE boohoo Maternity O-ring Detail Beach Dress",8.0,28.0,71,True,32
2026-08-26,Other,"Extra 10% Off, with code: EXTRA Plus SALE boohoo Plus Linen Look Puff Sleeve Shirred Waist Skater Dress",9.0,28.0,68,True,32
2026-08-26,Other,"Extra 10% Off, with code: EXTRA Plus SALE boohoo Plus Mixed Animal Scarf Detail Chiffon Maxi Dress",9.0,28.0,68,True,32
2026-08-26,Other,"Extra 10% Off, with code: EXTRA SALE boohoo Floral Print Asymmetric Ruched Mini Dress",9.0,28.0,68,True,32
2026-08-26,Other,"Extra 10% Off, with code: EXTRA Plus SALE boohoo Plus Tailored Pleated Skater Sleeveless Blazer Dress",14.0,36.0,61,True,32
2026-08-26,Other,"Extra 10% Off, with code: EXTRA SALE boohoo Bengaline Plunge Front Skater Dress",7.0,20.0,65,True,32
2026-08-26,Other,"Extra 10% Off, with code: EXTRA Plus SALE boohoo Plus Chiffon Volume Sleeve Tie Waist Mini Skater Dress",12.0,30.0,60,True,32
2026-08-26,Other,"Extra 10% Off, with code: EXTRA Petite SALE boohoo Petite Puff Sleeve Mini Dress",8.0,20.0,60,True,32
2026-08-26,Other,"Extra 10% Off, with code: EXTRA SALE boohoo Gold Button Cinched Denim Dress",14.0,35.0,60,True,32
2026-08-26,Other,"Extra 10% Off, with code: EXTRA Plus SALE boohoo Plus Structured A Line Mini Dress",14.0,36.0,61,True,32
2026-08-26,Other,"Extra 10% Off, with code: EXTRA SALE boohoo Lace Skirt Tailored Mini Dress",17.0,28.0,39,True,32
2026-08-26,Other,"Extra 10% Off, with code: EXTRA SALE boohoo Crochet Trim Linen Look Mini Dress",9.0,28.0,68,True,32
2026-08-26,Other,"Extra 10% Off, with code: EXTRA SALE boohoo Crochet Knit Stripe Halter Mini Dress",17.0,28.0,39,True,32
2026-08-26,Other,"Extra 10% Off, with code: EXTRA boohoo Cotton Poplin Halter Neck Pleated Mini Dress",13.6,17.0,20,True,32
2026-08-26,Other,"Extra 10% Off, with code: EXTRA SALE boohoo Ruched Side Long Sleeve Shift Dress",9.0,26.0,65,True,32
2026-08-26,Other,"Extra 10% Off, with code: EXTRA SALE boohoo Chiffon Ruched Waist Mini Dress",8.0,24.0,67,True,32
2026-08-26,Other,"Extra 10% Off, with code: EXTRA SALE boohoo GOLD TRIM DETAIL BLAZER DRESS",10.0,40.0,75,True,32
2026-08-26,Other,"Extra 10% Off, with code: EXTRA SALE boohoo Shirred Drop Hem Shift Dress",14.0,20.0,30,True,32
2026-08-26,Other,"Extra 10% Off, with code: EXTRA Petite SALE boohoo Petite Western Denim Mini Dress",9.0,28.0,68,True,32
2026-08-26,Other,"Extra 10% Off, with code: EXTRA SALE boohoo Textured Ruched Frill Skirt Mini Dress",9.0,28.0,68,True,32
2026-08-26,Other,"Extra 10% Off, with code: EXTRA boohoo Deep V Front Tie Mini Skater Dress",15.3,17.0,10,True,32
2026-08-26,Other,"Extra 10% Off, with code: EXTRA boohoo Bengaline T-Shirt Dress",18.4,23.0,20,True,32
2026-08-26,Other,"Extra 10% Off, with code: EXTRA SALE boohoo Volume Sleeve Fit & Flare Mini Dress",10.0,22.0,55,True,32
2026-08-26,Other,"Extra 10% Off, with code: EXTRA SALE boohoo Tonal Floral Polka Dot Print Scarf Detail Maxi Dress",9.0,28.0,68,True,32
2026-08-26,Other,"Extra 10% Off, with code: EXTRA Plus SALE boohoo Plus Racer Neckline Frill Hem Mini Dress",11.0,28.0,61,True,32
2026-08-26,Other,"Extra 10% Off, with code: EXTRA SALE boohoo Crochet Floral Corsage Strap Maxi Dress",12.0,30.0,60,True,32
2026-08-26,Other,"Extra 10% Off, with code: EXTRA boohoo Shirred Detail Mini Smock Dress",15.3,18.0,15,True,32
2026-08-26,Other,"Extra 10% Off, with code: EXTRA SALE boohoo Open Collar Long Sleeve Shirt Dress",10.0,22.0,55,True,32
2026-08-26,Other,"Extra 10% Off, with code: EXTRA Tall boohoo Tall Textured Frill Smock Dress",16.2,18.0,10,True,32
2026-08-26,Other,"Extra 10% Off, with code: EXTRA SALE boohoo Halterneck Patterned Beach Crochet Mini Dress",13.0,26.0,50,True,32
2026-08-26,Other,"Extra 10% Off, with code: EXTRA Tall boohoo Tall Boxy Short Sleeve Denim Dress",21.25,25.0,15,True,32
2026-08-26,Other,"Extra 10% Off, with code: EXTRA SALE boohoo Fit & Flare Tailored Blazer Dress",12.0,35.0,66,True,32
2026-08-26,Other,"Extra 10% Off, with code: EXTRA SALE boohoo Tailored Sweetheart Neck Tie Shoulder Shift Dress",13.0,32.0,59,True,33
2026-08-26,Other,"Extra 10% Off, with code: EXTRA SALE boohoo Burnout Floral Ruffle Shift Dress",8.0,25.0,68,True,33
2026-08-26,Other,"Extra 10% Off, with code: EXTRA SALE boohoo Collarless Drape Detail Blazer Dress",13.0,40.0,68,True,33
2026-08-26,Other,"Extra 10% Off, with code: EXTRA SALE boohoo Bow Detail Woven Shift Dress",11.0,22.0,50,True,33
2026-08-26,Other,"Extra 10% Off, with code: EXTRA SALE boohoo Animal Mesh Printed Cowl Mini Dress",10.0,25.0,60,True,33
2026-08-26,Other,"Extra 10% Off, with code: EXTRA SALE boohoo Cowl Pleat Detail Mini Dress",9.0,26.0,65,True,33
2026-08-26,Other,"Extra 10% Off, with code: EXTRA SALE boohoo Tailored Structured Cinched Waist Pleated Blazer Dress",16.0,48.0,67,True,33
2026-08-26,Other,"Extra 10% Off, with code: EXTRA Shop New Season SALE boohoo Floral Burnout Ruffle Detail Slip Dress",7.0,25.0,72,True,33
2026-08-26,Other,"Extra 10% Off, with code: EXTRA SALE boohoo Tie Waist Collarless Draped Blazer Dress",9.0,32.0,72,True,33
2026-08-26,Other,"Extra 10% Off, with code: EXTRA Plus SALE boohoo Plus Woven Leopard Wrap Midi Dress",11.0,28.0,61,True,33
2026-08-26,Other,"Extra 10% Off, with code: EXTRA SALE boohoo Double Layer Slinky Grown On Neck Twist Detail Lace Insert Detail Dress",14.0,30.0,53,True,33
2026-08-26,Other,"Extra 10% Off, with code: EXTRA Plus boohoo Plus Chiffon Ruffle Skater Dress",23.4,26.0,10,True,33
2026-08-26,Other,"Extra 10% Off, with code: EXTRA SALE boohoo Textured Chiffon High Neck Drop Hem Mini Dress",13.0,32.0,59,True,33
2026-08-26,Other,"Extra 10% Off, with code: EXTRA boohoo Square Neck Tailored Mini Dress",22.4,28.0,20,True,33
2026-08-26,Other,"Extra 10% Off, with code: EXTRA SALE boohoo Bengaline Sweetheart Neck Skater Dress",13.0,22.0,41,True,33
2026-08-26,Other,"Extra 10% Off, with code: EXTRA Plus SALE boohoo Plus High Neck Lace Satin Structured Mini Dress",10.0,38.0,74,True,33
2026-08-26,Other,"Extra 10% Off, with code: EXTRA SALE boohoo Linen Look Volume Sleeve Tiered Midaxi Dress",13.0,26.0,50,True,33
2026-08-26,Other,"Extra 10% Off, with code: EXTRA Petite SALE boohoo Petite Spot High Neck Shirred Ruffle Dress",6.0,22.0,73,True,33
2026-08-26,Other,"Extra 10% Off, with code: EXTRA SALE boohoo Tailored Tie Shoulder Skater Dress",14.0,35.0,60,True,33
2026-08-26,Other,"Extra 10% Off, with code: EXTRA Plus SALE boohoo Plus Cotton Poplin One Shoulder Ruched Midaxi Dress",9.0,28.0,68,True,33
2026-08-26,Other,"Extra 10% Off, with code: EXTRA boohoo Volume Sleeve Milkmaid Mini Dress",19.2,24.0,20,True,33
2026-08-26,Other,"Extra 10% Off, with code: EXTRA Plus SALE boohoo Plus Lace Trim Layered Shift Dress",12.0,34.0,65,True,33
2026-08-26,Other,"Extra 10% Off, with code: EXTRA SALE boohoo Asymmetric Bardot Ruched Maxi Dress",10.0,32.0,69,True,33
2026-08-26,Other,"Extra 10% Off, with code: EXTRA SALE boohoo Cotton Poplin Shirred Bodice V Neck Puff Sleeve Mini Dress",13.0,22.0,41,True,33
2026-08-26,Other,"Extra 10% Off, with code: EXTRA Tall boohoo Tall Leopard Print Chiffon Strappy Square Neck Smock Mini Dress",15.3,18.0,15,True,33
2026-08-26,Other,"Extra 10% Off, with code: EXTRA SALE boohoo Textured Satin & Lace Wrap Front Mini Dress",20.0,30.0,33,True,33
2026-08-26,Other,"Extra 10% Off, with code: EXTRA SALE boohoo Double Layer Slinky Beaded Cut Out Detail Ruched Midaxi Dress",10.0,24.0,58,True,33
2026-08-26,Other,"Extra 10% Off, with code: EXTRA Plus SALE boohoo Plus O-ring Detail Beach Dress",16.0,26.0,38,True,33
2026-08-26,Other,"Extra 10% Off, with code: EXTRA Plus boohoo Plus Basic Sqaure Neck Maxi Dress",19.8,22.0,10,True,33
2026-08-26,Other,"Extra 10% Off, with code: EXTRA boohoo Tailored Waistcoat Mini Dress",22.5,25.0,10,True,33
2026-08-26,Other,"Extra 10% Off, with code: EXTRA Petite SALE boohoo Petite Woven Ruffle Tiered Hem Mini Dress",10.0,30.0,67,True,33
2026-08-26,Other,"Extra 10% Off, with code: EXTRA Plus SALE boohoo Plus Textured Satin Collared Dress",14.0,40.0,65,True,33
2026-08-26,Other,"Extra 10% Off, with code: EXTRA Petite SALE boohoo Petite Lace Trim Paisley Print Mini Dress",12.0,24.0,50,True,33
2026-08-26,Other,"Extra 10% Off, with code: EXTRA Plus SALE boohoo Plus Bengaline Layered Hem Skater Dress",13.0,28.0,54,True,33
2026-08-26,Other,"Extra 10% Off, with code: EXTRA SALE boohoo Ladder Stitch Detail Halterneck Mini Dress",10.0,20.0,50,True,33
2026-08-26,Other,"Extra 10% Off, with code: EXTRA SALE boohoo Abstract Chiffon Ruffle Shift Dress",11.0,30.0,63,True,33
2026-08-26,Other,"Extra 10% Off, with code: EXTRA Plus boohoo Plus Crinkle Textured Flippy Skater Dress",22.4,28.0,20,True,33
2026-08-26,Other,"Extra 10% Off, with code: EXTRA SALE boohoo Broderie Bandeau Tiered Hem Mini Dress",9.0,28.0,68,True,33
2026-08-26,Other,"Extra 10% Off, with code: EXTRA SALE boohoo Chiffon Ruched Asymmetric Mini Dress",12.0,25.0,52,True,34
2026-08-26,Other,"Extra 10% Off, with code: EXTRA SALE boohoo Textured Lace Trim Midaxi Dress",11.0,28.0,61,True,34
2026-08-26,Other,"Extra 10% Off, with code: EXTRA Petite SALE boohoo Petite Textured Volume sleeve Mini Dress",12.0,20.0,40,True,34
2026-08-26,Other,"Extra 10% Off, with code: EXTRA Plus SALE boohoo Plus Floral Burnout Volume Sleeve Ruffle Hem Skater Dress",10.0,32.0,69,True,34
2026-08-26,Other,"Extra 10% Off, with code: EXTRA SALE boohoo Polka Dot Printed Mesh Halterneck Cinced Waist Asym Hem Dress",13.0,34.0,62,True,34
2026-08-26,Other,"Extra 10% Off, with code: EXTRA boohoo Puff Sleeve Cotton Rouched Milkmaid Mini Dress",22.1,26.0,15,True,34
2026-08-26,Other,"Extra 10% Off, with code: EXTRA Plus boohoo Plus Cotton Cinched Waist Cap Sleeve Skater Dress",15.3,17.0,10,True,34
2026-08-26,Other,"Extra 10% Off, with code: EXTRA Shop New Season SALE boohoo Textured Floral Bardot Mini Dress",10.0,28.0,64,True,34
2026-08-26,Other,"Extra 10% Off, with code: EXTRA Maternity boohoo Maternity Basic Rib Racer Neck Midi Dress",16.2,18.0,10,True,34
2026-08-26,Other,"Extra 10% Off, with code: EXTRA SALE boohoo Strappy Devore Maxi Dress",11.0,36.0,69,True,34
2026-08-26,Other,"Extra 10% Off, with code: EXTRA SALE boohoo Obi Tie Waist Tailored Blazer Dress",10.0,38.0,74,True,34
2026-08-26,Other,"Extra 10% Off, with code: EXTRA SALE boohoo 2 in 1 Linen Look Tailored Mini Dress",23.0,38.0,39,True,34
2026-08-26,Other,"Extra 10% Off, with code: EXTRA boohoo Lace Insert Bardot Mini Dress",23.8,28.0,15,True,34
2026-08-26,Other,"Extra 10% Off, with code: EXTRA SALE boohoo Bengaline Gold Button 2 in 1 Waistcoat Dress",13.0,22.0,41,True,34
2026-08-26,Other,"Extra 10% Off, with code: EXTRA boohoo Boxy Short Sleeve Denim Dress",20.0,25.0,20,True,34
2026-08-26,Other,"Extra 10% Off, with code: EXTRA Plus SALE boohoo Plus Pleated Skirt Button Down Blazer Dress",18.0,52.0,65,True,34
2026-08-26,Other,"Extra 10% Off, with code: EXTRA SALE boohoo Zebra Print Chiffon Cold Shoulder Ruched Side Maxi Dress",15.0,38.0,61,True,34
2026-08-26,Other,"Extra 10% Off, with code: EXTRA Petite SALE boohoo Petite Linen Look Volume Sleeve Mini Dress",9.0,25.0,64,True,34
2026-08-26,Other,"Extra 10% Off, with code: EXTRA boohoo Mesh Flare Sleeve Mini Dress",18.4,23.0,20,True,34
2026-08-26,Other,"Extra 10% Off, with code: EXTRA boohoo Textured Ruched Waist Asymmetric Neck Mini Dress",13.6,17.0,20,True,34
2026-08-26,Other,"Extra 10% Off, with code: EXTRA SALE boohoo Textured Ruched Frill Skirt Mini Dress",10.0,30.0,67,True,34
2026-08-26,Other,"Extra 10% Off, with code: EXTRA SALE boohoo Double Layer Slinky Ruched Drape Front Maxi Dress",9.0,28.0,68,True,34
2026-08-26,Other,"Extra 10% Off, with code: EXTRA SALE boohoo Burnout Zebra Twist Bardot Frill Hem Dress",10.0,26.0,62,True,34
2026-08-26,Other,"Extra 10% Off, with code: EXTRA boohoo Ruched High Neck Cap Sleeve Shift Dress",18.7,22.0,15,True,34
2026-08-26,Other,"Extra 10% Off, with code: EXTRA SALE boohoo High Neck Gathered Chiffon Mini Dress",10.0,28.0,64,True,34
2026-08-26,Other,"Extra 10% Off, with code: EXTRA SALE boohoo Structured Lace Detail Mini Skater Dress",10.0,30.0,67,True,34
2026-08-26,Other,"Extra 10% Off, with code: EXTRA boohoo Volume Sleeve Fit & Flare Mini Dress",17.6,22.0,20,True,34
2026-08-26,Other,"Extra 10% Off, with code: EXTRA Plus SALE boohoo Plus Aysm Shirred Body One Shoulder Maxi Dress",11.0,32.0,66,True,34
2026-08-26,Other,"Extra 10% Off, with code: EXTRA SALE boohoo Tailored Structured Cinched Waist Blazer Dress",14.0,45.0,69,True,34
2026-08-26,Other,"Extra 10% Off, with code: EXTRA SALE boohoo Double Layer Ruched Bodice Front Split Maxi Dress",10.0,30.0,67,True,34
2026-08-26,Other,"Extra 10% Off, with code: EXTRA SALE boohoo Polka Dot Lace Trim Asymmetric Cami Dress",9.0,28.0,68,True,34
2026-08-26,Other,"Extra 10% Off, with code: EXTRA SALE boohoo Flared Sleeve Lace Trim Mini Dress",9.0,25.0,64,True,34
2026-08-26,Other,"Extra 10% Off, with code: EXTRA boohoo Tonal Polka Dot Ruched Bodice Mini Dress",17.6,22.0,20,True,34
2026-08-26,Other,"Extra 10% Off, with code: EXTRA SALE boohoo Chiffon Ruched One Shoulder Mini Dress",15.0,25.0,40,True,34
2026-08-26,Other,"Extra 10% Off, with code: EXTRA SALE boohoo Halterneck Corset Detail Mini Dress",15.0,30.0,50,True,34
2026-08-26,Other,"Extra 10% Off, with code: EXTRA SALE boohoo Floral Chiffon Tiered Smock Dress",10.0,25.0,60,True,34
2026-08-26,Other,"Extra 10% Off, with code: EXTRA SALE boohoo Tonal Leopard Print Lace Trim Mini Dress",9.0,28.0,68,True,34
2026-08-26,Other,"Extra 10% Off, with code: EXTRA SALE boohoo Halterneck Cowl Maxi Dress",9.0,26.0,65,True,34
2026-08-26,Other,"Extra 10% Off, with code: EXTRA SALE boohoo Tonal Leopard Chiffon Cowl Front & Back Mini Slip Dress",15.0,22.0,32,True,34
2026-08-26,Other,"Extra 10% Off, with code: EXTRA boohoo Sheer Mesh Cape Beach Dress",16.2,18.0,10,True,35
2026-08-26,Other,"Extra 10% Off, with code: EXTRA SALE boohoo Scarf Detail Trapeze Mini Dress",10.0,25.0,60,True,35
2026-08-26,Other,"Extra 10% Off, with code: EXTRA SALE boohoo Obi Tie Waist Tailored Blazer Dress",15.0,45.0,67,True,35
2026-08-26,Other,"Extra 10% Off, with code: EXTRA Tall boohoo Tall Strappy Dropped Hem Denim Mini Dress",16.0,20.0,20,True,35
2026-08-26,Other,"Extra 10% Off, with code: EXTRA boohoo Shoulder Pad Detail Ruched Waist Mini Dress",17.6,22.0,20,True,35
2026-08-26,Other,"Extra 10% Off, with code: EXTRA boohoo Off The Shoulder Wrap Front Mini Dress",21.25,25.0,15,True,35
2026-08-26,Other,"Extra 10% Off, with code: EXTRA SALE boohoo Wrap Drape Front Tailored Blazer Dress",16.0,32.0,50,True,35
2026-08-26,Other,"Extra 10% Off, with code: EXTRA Shop New Season Petite boohoo Petite Broderie Ruched Bust Mini Dress",23.8,28.0,15,True,35
2026-08-26,Other,"Extra 10% Off, with code: EXTRA Tall SALE boohoo Tall Crinkle Chiffon & Lace Layered Mini Dress",11.0,32.0,66,True,35
2026-08-26,Other,"Extra 10% Off, with code: EXTRA Tall SALE boohoo Tall Flared Sleeve Lace Trim Mini Dress",12.0,25.0,52,True,35
2026-08-26,Other,"Extra 10% Off, with code: EXTRA SALE boohoo Animal Print Printed Mesh Asym Neck Maxi Dress",13.0,34.0,62,True,35
2026-08-26,Other,"Extra 10% Off, with code: EXTRA SALE boohoo Tonal Animal Print Cowl Neck Satin Maxi Dress",11.0,28.0,61,True,35
2026-08-26,Other,"Extra 10% Off, with code: EXTRA Plus boohoo Plus O-ring Detail Beach Dress",17.0,20.0,15,True,35
2026-08-26,Other,"Extra 10% Off, with code: EXTRA Plus SALE boohoo Plus Zebra Textured Tie Detail Maxi Dress",15.0,30.0,50,True,35
2026-08-26,Other,"Extra 10% Off, with code: EXTRA Plus SALE boohoo Plus Bengaline Plunge Skater Dress",14.0,24.0,42,True,35
2026-08-26,Other,"Extra 10% Off, with code: EXTRA SALE boohoo Halterneck Cinched Button Front Denim Mini Dress",18.0,32.0,44,True,35
2026-08-26,Other,"Extra 10% Off, with code: EXTRA Plus boohoo Plus Chiffon Ruffle Skater Dress",20.8,26.0,20,True,35
2026-08-26,Other,"Extra 10% Off, with code: EXTRA Petite SALE boohoo Petite Asymmetric Cut Out Trim Detail Maxi Dress",10.0,33.0,70,True,35
2026-08-26,Other,"Extra 10% Off, with code: EXTRA boohoo Sleeveless Ribbed Full Skirt Mini Dress",12.0,15.0,20,True,35
2026-08-26,Other,"Extra 10% Off, with code: EXTRA Plus SALE boohoo Plus Chiffon Ruffle Maxi Dress",15.0,34.0,56,True,35
2026-08-26,Other,"Extra 10% Off, with code: EXTRA Plus SALE boohoo Plus Floral Scoop Neck Maxi Dress",10.0,20.0,50,True,35
2026-08-26,Other,"Extra 10% Off, with code: EXTRA Plus SALE boohoo Plus Cap Sleeve Lace Trim Shift Dress",10.0,26.0,62,True,35
2026-08-26,Other,"Extra 10% Off, with code: EXTRA boohoo Textured Satin & Lace Wrap Front Mini Dress",24.0,30.0,20,True,35
2026-08-26,Other,"Extra 10% Off, with code: EXTRA SALE boohoo Slinky Halterneck Gold Trim Mini Dress",13.0,25.0,48,True,35
2026-08-26,Other,"Extra 10% Off, with code: EXTRA Maternity boohoo Maternity Basic Sqaure Neck Maxi Dress",18.0,20.0,10,True,35
2026-08-26,Other,"Extra 10% Off, with code: EXTRA boohoo Cotton Poplin Shirred Bodice V Neck Puff Sleeve Mini Dress",19.8,22.0,10,True,35
2026-08-26,Other,"Extra 10% Off, with code: EXTRA SALE boohoo Trim Detail Cowl Ruched Slinky Maxi Dress",10.0,35.0,71,True,35
2026-08-26,Other,"Extra 10% Off, with code: EXTRA boohoo Cotton Poplin Button Through Boat Neck Mini Dress",16.2,18.0,10,True,35
2026-08-26,Other,"Extra 10% Off, with code: EXTRA boohoo Super Soft Ruched Waist Short Sleeve Mini Dress",12.0,15.0,20,True,35
2026-08-26,Other,"Extra 10% Off, with code: EXTRA Maternity SALE boohoo Maternity Lace Detail Teired Maxi Dress",10.0,30.0,67,True,35
2026-08-26,Other,"Extra 10% Off, with code: EXTRA Plus SALE boohoo Plus Denim Wrap Dress",10.0,35.0,71,True,35
2026-08-26,Other,"Extra 10% Off, with code: EXTRA SALE boohoo Gold Button Fitted Tailored Blazer Dress",14.0,45.0,69,True,35
2026-08-26,Other,"Extra 10% Off, with code: EXTRA Petite SALE boohoo Petite Printed Chiffon High Cowl Neck Open Back Maxi Dress",9.0,32.0,72,True,35
2026-08-26,Other,"Extra 10% Off, with code: EXTRA SALE boohoo Buckle Detail Tie Waist Tailored Blazer Dress",11.0,32.0,66,True,35
2026-08-26,Other,"Extra 10% Off, with code: EXTRA Plus boohoo Plus Ruched Square Neck Skater Dress",21.25,25.0,15,True,35
2026-08-26,Other,"Extra 10% Off, with code: EXTRA SALE boohoo Textured Satin Double Layer Cami Dress",15.0,32.0,53,True,35
2026-08-26,Other,"Extra 10% Off, with code: EXTRA Plus boohoo Plus Cotton Poplin Ruched Skater Dress",16.2,18.0,10,True,35
2026-08-26,Other,"Extra 10% Off, with code: EXTRA SALE boohoo Linen Tie Shoulder Skater Dress",15.0,22.0,32,True,35
2026-08-26,Other,"Extra 10% Off, with code: EXTRA SALE boohoo Trim Detail Halterneck Mini Dress",14.0,20.0,30,True,36
2026-08-26,Other,"Extra 10% Off, with code: EXTRA Plus SALE boohoo Plus Panelled Mini Skater Dress",16.0,28.0,43,True,36
2026-08-26,Other,"Extra 10% Off, with code: EXTRA Plus boohoo Plus Rib Short Sleeve Maxi Dress",17.6,22.0,20,True,36
2026-08-26,Other,"Extra 10% Off, with code: EXTRA SALE boohoo Broderie Bardot Ruffle Hem Mini Dress",13.0,28.0,54,True,36
2026-08-26,Other,"Extra 10% Off, with code: EXTRA SALE boohoo Linen Look Shirred Skater Dress",8.0,22.0,64,True,36
2026-08-26,Other,"Extra 10% Off, with code: EXTRA Plus SALE boohoo Plus Tailored Puff Sleeve Shift Dress",9.0,28.0,68,True,36
2026-08-26,Other,"Extra 10% Off, with code: EXTRA Petite SALE boohoo Petite Lace Up Front Denim Dress",11.0,35.0,69,True,36
2026-08-26,Other,"Extra 10% Off, with code: EXTRA Shop New Season SALE boohoo Satin & Lace Asymmetric Slip Dress",12.0,30.0,60,True,36
2026-08-26,Other,"Extra 10% Off, with code: EXTRA SALE boohoo Crochet A-Line Maxi Dress",11.0,28.0,61,True,36
2026-08-26,Other,"Extra 10% Off, with code: EXTRA Petite boohoo Petite Shirred Sleeveless Drop Waist Skater Mini Dress",21.6,24.0,10,True,36
2026-08-26,Other,"Extra 10% Off, with code: EXTRA boohoo Strappy Dropped Hem Denim Mini Dress",22.5,25.0,10,True,36
2026-08-26,Other,"Extra 10% Off, with code: EXTRA Plus boohoo Plus Bengaline Cap Sleeve Pleated Skater Dress",20.0,25.0,20,True,36
2026-08-26,Other,"Extra 10% Off, with code: EXTRA Petite boohoo Petite Belted Wrap Trim Detail Shift Dress",20.0,25.0,20,True,36
2026-08-26,Other,"Extra 10% Off, with code: EXTRA boohoo Lace Trim Ruched Bust Mini Dress",15.2,19.0,20,True,36
2026-08-26,Other,"Extra 10% Off, with code: EXTRA SALE boohoo Linen Look Volume Sleeve Mini Dress",12.0,25.0,52,True,36
2026-08-26,Other,"Extra 10% Off, with code: EXTRA SALE boohoo Beaded Tie One Shoulder Smock Maxi Dress",13.0,25.0,48,True,36
2026-08-26,Other,"Extra 10% Off, with code: EXTRA Plus SALE boohoo Plus Woven Halterneck Wrap Tie Dress",12.0,30.0,60,True,36
2026-08-26,Other,"Extra 10% Off, with code: EXTRA Plus SALE boohoo Plus Rib Cotton Mix Dropped Hem Maxi Dress",15.0,25.0,40,True,36
2026-08-26,Other,"Extra 10% Off, with code: EXTRA SALE boohoo Floral Burnout Ruffle Detail Slip Dress",10.0,25.0,60,True,36
2026-08-26,Other,"Extra 10% Off, with code: EXTRA SALE boohoo Bengaline Square Neck Skater Dress",17.0,28.0,39,True,36
2026-08-26,Other,"Extra 10% Off, with code: EXTRA Petite SALE boohoo Petite Textured Volume Skirt Midaxi Dress",11.0,32.0,66,True,36
2026-08-26,Other,"Extra 10% Off, with code: EXTRA boohoo Square Neck Ruched Mesh Midaxi Dress",20.0,25.0,20,True,36
2026-08-26,Other,"Extra 10% Off, with code: EXTRA SALE boohoo Leopard Mesh Square Neck Ruched Mini Dress",14.0,24.0,42,True,36
2026-08-26,Other,"Extra 10% Off, with code: EXTRA boohoo Basic Rib Notch Maxi Dress",12.4,15.5,20,True,36
2026-08-26,Other,"Extra 10% Off, with code: EXTRA boohoo Bengaline Hook And Eye Mini Dress",15.3,18.0,15,True,36
2026-08-26,Other,"Extra 10% Off, with code: EXTRA SALE boohoo Linen Bandeau Shirred Back Midaxi Dress",15.0,25.0,40,True,36
2026-08-26,Other,"Extra 10% Off, with code: EXTRA Plus SALE boohoo Plus Broderie Scallopped Neck Corset Skater Dress",17.0,28.0,39,True,36
2026-08-26,Other,"Extra 10% Off, with code: EXTRA SALE boohoo Sparkly Knit Starfish Applique Mini Dress",12.0,30.0,60,True,36
2026-08-26,Other,"Extra 10% Off, with code: EXTRA Petite boohoo Petite Burnout Floral Godet Hem Mini Dress",25.2,28.0,10,True,36
2026-08-26,Other,"Extra 10% Off, with code: EXTRA boohoo Embroidered Scalloped Neckline Cami Dress",18.0,20.0,10,True,36
2026-08-26,Other,"Extra 10% Off, with code: EXTRA SALE boohoo High Neck Printed Mesh Wrap Mini Dress",10.0,26.0,62,True,36
2026-08-26,Other,"Extra 10% Off, with code: EXTRA SALE boohoo Textured Flare Sleeve Maxi Dress",8.0,28.0,71,True,36
2026-08-26,Other,"Extra 10% Off, with code: EXTRA Petite boohoo Petite Bardot Foldover Skater Dress",20.4,24.0,15,True,36
2026-08-26,Other,"Extra 10% Off, with code: EXTRA SALE boohoo Tailored Cinched Waist Button Down Blazer Dress",16.0,45.0,64,True,36
2026-08-26,Other,"Extra 10% Off, with code: EXTRA Tall SALE boohoo Tall Linen Look Volume Sleeve Tiered Midaxi Dress",14.0,26.0,46,True,36
2026-08-26,Other,"Extra 10% Off, with code: EXTRA Plus SALE boohoo Plus Crepe Asymmetric Neck Skater Midi Dress",16.0,28.0,43,True,36
2026-08-26,Other,"Extra 10% Off, with code: EXTRA NastyGal The Denim Halterneck Waistcoat Dress",39.0,39.0,0,False,36
2026-08-26,Other,"Extra 30% Off, with code: EXTRA AX Paris Lime Marble Print Off The Shoulder Midi Dress",55.0,55.0,0,False,36
2026-08-26,Other,Petite Warehouse Petite Satin Knot Front Cut Out Midi Dress,55.2,69.0,20,True,36
2026-08-26,Other,"Extra 15% Off, with code: EXTRA MissPap High Neck Cowl Back Bridesmaid Dress",35.0,70.0,50,True,37
2026-08-26,Other,"Extra 15% Off, with code: EXTRA Coast Crepe Ruffle Dress With Low Back",60.0,139.0,57,True,37
2026-08-26,Other,"Extra 15% Off, with code: EXTRA AX Paris Soft Yellow Round Neck A-line Skirt Midi Dress",34.99,65.0,46,True,37
2026-08-26,Other,Coast High Neck Short Sleeve Mini Dress,89.0,89.0,0,False,37
2026-08-26,Other,"Extra 15% Off, with code: EXTRA Coast Lace Insert Midi Dress",50.0,119.0,58,True,37
2026-08-26,Other,"Extra 15% Off, with code: EXTRA Coast Strapless Minimal Twill Mini Wedding Dress",95.2,119.0,20,True,37
2026-08-26,Other,"Extra 15% Off, with code: EXTRA Coast Stripe Organza Pleated Top Floral Print Midi Dress",50.0,159.0,69,True,37
2026-08-26,Other,"Extra 15% Off, with code: EXTRA Shop New Season Coast Long Sleeve Square Neck Jacquard Mini Wedding Dress with Bow Detail",83.3,119.0,30,True,37
2026-08-26,Other,"Extra 15% Off, with code: EXTRA Coast Coast Honoured Bow One Shoulder Maxi Bridesmaid Dress",90.3,129.0,30,True,37
2026-08-26,Other,"Extra 15% Off, with code: EXTRA MissPap Premium Satin Draped Bust Frill Hem Midi Dress",37.5,75.0,50,True,37
2026-08-26,Other,"Extra 15% Off, with code: EXTRA Back In Stock Warehouse Printed Satin Sleeveless Knot Front Asymmetric Hem Midi Dress",55.2,69.0,20,True,37
2026-08-26,Other,"Extra 15% Off, with code: EXTRA Warehouse Strapless Structured Bodice Satin Midi Dress",60.0,75.0,20,True,37
2026-08-26,Other,"Extra 15% Off, with code: EXTRA Coast Cowl Neck Sleeveless Satin Midi Dress",30.0,69.0,57,True,37
2026-08-26,Other,"Extra 15% Off, with code: EXTRA Coast 3d Floral Bardot Bridal Mini Dress",62.3,89.0,30,True,37
2026-08-26,Other,"Extra 15% Off, with code: EXTRA Coast Coast Honoured Twill Bardot Column Midi Bridesmaid Dress",69.3,99.0,30,True,37
2026-08-26,Other,"Extra 15% Off, with code: EXTRA MissPap Tailored Corset Chiffon Mix Skater Skirt Mini",29.5,59.0,50,True,37
2026-08-26,Other,"Extra 15% Off, with code: EXTRA Coast Printed Organza Bardot Midi Dress",65.0,149.0,56,True,37
2026-08-26,Other,"Extra 15% Off, with code: EXTRA Coast Coast Honoured Satin Back Crepe V Neck Tie Shoulder Maxi Bridesmaid Dress",25.0,119.0,79,True,37
2026-08-26,Other,"Extra 15% Off, with code: EXTRA 1 Back In Stock Warehouse Printed Satin Sleeveless Knot Front Asymmetric Hem Midi Dress",44.0,55.0,20,True,37
2026-08-26,Other,"Extra 15% Off, with code: EXTRA Coast Floral Bardot Maxi Dress",50.0,139.0,64,True,37
2026-08-26,Other,"Extra 15% Off, with code: EXTRA MissPap Embellished Cowl Neck Mini Dress",37.5,75.0,50,True,37
2026-08-26,Other,"Extra 15% Off, with code: EXTRA Coast Scalloped Strapless Midi Dress",50.0,139.0,64,True,37
2026-08-26,Other,"Extra 15% Off, with code: EXTRA Warehouse Chiffon Bohemian Button Through Maxi Dress",68.0,85.0,20,True,37
2026-08-26,Other,"Extra 15% Off, with code: EXTRA Coast Coast Honoured V Neck Angel Short Sleeve Satin Maxi Bridesmaid Dress",97.3,139.0,30,True,37
2026-08-26,Other,"Extra 15% Off, with code: EXTRA 1 Coast Cape Sleeve Maxi Dress",50.0,149.0,66,True,37
2026-08-26,Other,"Extra 15% Off, with code: EXTRA AX Paris Black Crochet Overlay Cut Out Tiered Mini Dress",44.99,70.0,36,True,37
2026-08-26,Other,Coast Embellished Midi Dress With Godet Pleats,60.0,139.0,57,True,37
2026-08-26,Other,"Extra 15% Off, with code: EXTRA AX Paris Blue Zigzag Crochet Racer Neck Slip Mini Dress",29.99,45.0,33,True,37
2026-08-26,Other,AX Paris White Broderie Puff Sleeve Smock Midi Dress,44.99,80.0,44,True,37
2026-08-26,Other,AX Paris Lime Diamante Side Waist Cut Out Mesh Midi Dress,34.99,60.0,42,True,37
2026-08-26,Other,Coast Coast Muse Bandeau Satin Maxi Dress With Contrast Trim,50.0,109.0,54,True,37
2026-08-26,Other,"Extra 15% Off, with code: EXTRA Coast Sequin Embellished And Embroidered High Low Maxi Dress",90.0,189.0,52,True,37
2026-08-26,Other,"Extra 15% Off, with code: EXTRA Petite Coast Petite Ribbed Bandage Halterneck Midi Dress",80.0,139.0,42,True,37
2026-08-26,Other,"Extra 15% Off, with code: EXTRA Coast Petite Printed Lace Midi Pencil Dress",80.0,129.0,38,True,37
2026-08-26,Other,"Extra 15% Off, with code: EXTRA AX Paris Mint Bandeau A-Line Skirt Midi Dress",34.99,55.0,36,True,37
2026-08-26,Other,AX Paris Magenta Tie Halter Neck Midi Dress,34.99,60.0,42,True,37
2026-08-26,Other,Coast Short Sleeve Square Neck Jacquard Mini Wedding Dress with Bow Detail,119.0,119.0,0,False,37
2026-08-26,Other,"Extra 15% Off, with code: EXTRA Coast Petite Bow Back Structured Crepe Bridal Mini Dress",83.3,119.0,30,True,37
2026-08-26,Other,"Extra 15% Off, with code: EXTRA Coast Sleeveless Crepe Midi Dress With Bow Detail Straps",79.0,79.0,0,False,37
2026-08-26,Other,"Extra 15% Off, with code: EXTRA Coast Bow Structured Satin Bridal Mini Dress",62.3,89.0,30,True,38
2026-08-26,Other,"Extra 15% Off, with code: EXTRA Coast White Bow Back Bandeau Mini Bridal Dress In Stretch Crepe",95.2,119.0,20,True,38
2026-08-26,Other,"Extra 15% Off, with code: EXTRA Shop New Season Petite Coast Petite Tiered Lace Dress With Flutter Sleeve & Trims",65.0,159.0,59,True,38
2026-08-26,Other,"Extra 15% Off, with code: EXTRA Coast Floral Pleated Sleeve Pencil Dress",40.0,119.0,66,True,38
2026-08-26,Other,"Extra 15% Off, with code: EXTRA Coast Scoop Neck Full Skirted Twill Bridesmaid Dress",97.3,139.0,30,True,38
2026-08-26,Other,"Extra 15% Off, with code: EXTRA Coast Bardot Fit and Flare Hi Low Hem Maxi Dress",70.0,149.0,53,True,38
2026-08-26,Other,"Extra 15% Off, with code: EXTRA Coast Satin Corset Mini Wedding Dress",89.0,89.0,0,False,38
2026-08-26,Other,"Extra 15% Off, with code: EXTRA Coast Cross Neck Twill Bridesmaid Dress",97.3,139.0,30,True,38
2026-08-26,Other,"Extra 15% Off, with code: EXTRA Coast Pleat Detail V Neck Bridesmaid Maxi Dress",125.1,139.0,10,True,38
2026-08-26,Other,"Extra 15% Off, with code: EXTRA Petite Coast Petite Peplum Lace Midi Dress",80.0,139.0,42,True,38
2026-08-26,Other,"Extra 15% Off, with code: EXTRA Petite Coast Petite Satin Trim Lace Shirt Midi Dress",100.0,139.0,28,True,38
2026-08-26,Other,"Extra 15% Off, with code: EXTRA Coast Bardot Long Sleeve Wrap Skirt Embellished Mini Dress",125.3,179.0,30,True,38
2026-08-26,Other,"Extra 15% Off, with code: EXTRA Petite Coast Petite Crepe colour Block Midi Dress",111.2,139.0,20,True,38
2026-08-26,Other,"Extra 15% Off, with code: EXTRA Coast Printed Puff Sleeve Wrap Belted Midi Dress",80.0,129.0,38,True,38
2026-08-26,Other,"Extra 15% Off, with code: EXTRA Petite Coast Petite Crepe Ruffle Dress With Low Back",80.0,139.0,42,True,38
2026-08-26,Other,"Extra 15% Off, with code: EXTRA Coast Lisa Tan Twill Bardot Waisted Midi Wedding Dress",90.3,129.0,30,True,38
2026-08-26,Other,"Extra 15% Off, with code: EXTRA Coast Coast Honoured Plunge Floral Vintage Embellished Wedding Dress",139.3,199.0,30,True,38
2026-08-26,Other,"Extra 15% Off, with code: EXTRA Petite Coast Coast Honoured Petite Satin Back Crepe V Neck Tie Shoulder Maxi Bridesmaid Dress",25.0,129.0,81,True,38
2026-08-26,Other,"Extra 15% Off, with code: EXTRA Coast Satin Lace Boat Neck Midi Dress With Fluted Sleeve",119.2,149.0,20,True,38
2026-08-26,Other,"Extra 15% Off, with code: EXTRA Coast Notch Neck Detail Twill Midi Dress",89.1,99.0,10,True,38
2026-08-26,Other,"Extra 15% Off, with code: EXTRA Coast Lace Midi Dress With Bow Belt",50.0,129.0,61,True,38
2026-08-26,Other,"Extra 15% Off, with code: EXTRA Coast Placement Lace Hanky Hem Dress",50.0,149.0,66,True,38
2026-08-26,Other,"Extra 15% Off, with code: EXTRA Coast Bow Shoulder Crepe Midi Dress",70.0,129.0,46,True,38
2026-08-26,Other,"Extra 15% Off, with code: EXTRA Coast Lace Trim Detail Embroidered Mesh Midi Dress",159.0,159.0,0,False,38
2026-08-26,Other,"Extra 15% Off, with code: EXTRA Coast Coast Honoured Premium Crepe Plunge Neck Fishtail Wedding Dress",104.3,149.0,30,True,38
2026-08-26,Other,"Extra 15% Off, with code: EXTRA Petite Coast Petite Belted Twill Midi Dress",50.0,129.0,61,True,38
2026-08-26,Other,"Extra 15% Off, with code: EXTRA Coast Satin Midi Dress With Twist Waist",50.0,119.0,58,True,38
2026-08-26,Other,"Extra 15% Off, with code: EXTRA Coast Long Sleeve Lace and Pleated Midi Shirt Dress",70.0,139.0,50,True,38
2026-08-26,Other,"Extra 15% Off, with code: EXTRA Petite Coast Coast Honoured Petite Drape One Shoulder Satin Maxi Bridesmaid Dress",83.3,119.0,30,True,38
2026-08-26,Other,"Extra 15% Off, with code: EXTRA Coast Coast Honoured Bardot Boho Lace Fishtail Wedding Dress",104.3,149.0,30,True,38
2026-08-26,Other,"Extra 15% Off, with code: EXTRA Coast Coast Honoured Sequin Draped Bardot Long Sleeve Maxi Wedding Dress",174.3,249.0,30,True,38
2026-08-26,Other,"Extra 15% Off, with code: EXTRA Coast Coast Honoured Chiffon Cowl Back Detail Wedding Dress",104.3,149.0,30,True,38
2026-08-26,Other,"Extra 15% Off, with code: EXTRA MissPap Keyhole Detail Fitted Mini T-Shirt Denim Dress",9.0,32.0,72,True,38
2026-08-26,Other,"Extra 15% Off, with code: EXTRA Coast Teen Coast Halterneck Bridesmaid Dress",20.0,79.0,75,True,38
2026-08-26,Other,"Extra 15% Off, with code: EXTRA Coast Coast Honoured Satin Back Crepe V Neck Tie Shoulder Maxi Bridesmaid Dress",50.0,119.0,58,True,39
2026-08-26,Other,"Extra 15% Off, with code: EXTRA 2 AX Paris Blue Lemon Print Tie Front Puff Sleeve Mini Dress",34.99,53.0,34,True,39
2026-08-26,Other,Coast Tie Shoulder Striped Placement Print Midi Dress,40.0,109.0,63,True,39
2026-08-26,Other,"Extra 15% Off, with code: EXTRA AX Paris Blue And Cream Floral Print Tie Halter Neck Mini Dress",29.99,55.0,45,True,39
2026-08-26,Other,AX Paris Multi Boho Print Strapless Shirred Waist Midi Dress,32.99,55.0,40,True,39
2026-08-26,Other,Warehouse Halter Embroidered Mini Dress,29.0,75.0,61,True,39
2026-08-26,Other,"Extra 15% Off, with code: EXTRA AX Paris Multi Floral Print Butterfly Sleeve Gathered Side Midi Dress",34.99,60.0,42,True,39
2026-08-26,Other,Shop New Season Petite Coast Petite Lisa Tan Bandage Peplum Georgette Pleated Skirt Midi Dress,35.0,129.0,73,True,39
2026-08-26,Other,"Extra 15% Off, with code: EXTRA AX Paris Khaki Brush Stroke Print Tie Waist Wrap Shirt Mini Dress",32.99,50.0,34,True,39
2026-08-26,Other,Petite Coast Petite Lisa Tan Placement Print Satin Floral Bow Detail Midi Dress,40.0,139.0,71,True,39
2026-08-26,Other,AX Paris Stone Textured Round Neck Midi Dress,34.99,55.0,36,True,39
2026-08-26,Other,Coast Placement Print Frill Sleeve Belted Midi Dress,60.0,119.0,50,True,39
2026-08-26,Other,"Extra 15% Off, with code: EXTRA Petite Coast Petite Printed Lace Midi Pencil Dress",40.0,129.0,69,True,39
2026-08-26,Other,"Extra 15% Off, with code: EXTRA Warehouse Structured Puff Sleeve Bardot Mini Dress",25.0,55.0,55,True,39
2026-08-26,Other,"Extra 15% Off, with code: EXTRA Coast Jacquard Square Neck Pencil Dress",35.0,99.0,65,True,39
2026-08-26,Other,"Extra 15% Off, with code: EXTRA AX Paris Mint Racer Neck Pleated Skirt Midi Dress",34.99,60.0,42,True,39
2026-08-26,Other,Petite Coast Petite Printed Floral Burnout Organza Midi Dress,50.0,149.0,66,True,39
2026-08-26,Other,"Extra 15% Off, with code: EXTRA AX Paris Mint Floral Print Off The Shoulder Mesh Midi Dress",34.99,60.0,42,True,39
2026-08-26,Other,AX Paris Green Off The Shoulder Draped Top Midi Dress,34.99,53.0,34,True,39
2026-08-26,Other,AX Paris White Lace Racer Neck Ruched Waist Midi Dress,34.99,65.0,46,True,39
2026-08-26,Other,Petite Coast Petite Frill Sleeve Contrast Collar Pleat Skirt Maxi Dress,35.0,149.0,77,True,39
2026-08-26,Other,"Extra 15% Off, with code: EXTRA AX Paris Pink And Cream Floral Print Tie Halter Neck Midi Dress",34.99,60.0,42,True,39
2026-08-26,Other,AX Paris Multi Marble Print Ribbed Gold Trim Halter Neck Midi Dress,34.99,55.0,36,True,39
2026-08-26,Other,Coast Teen Coast Twill Bow Maxi Bridesmaid Dress,18.0,79.0,77,True,39
2026-08-26,Other,"Extra 15% Off, with code: EXTRA AX Paris Aqua Racer Neck Draped Split Skirt Midi Dress",34.99,55.0,36,True,39
2026-08-26,Other,AX Paris Orange And Pink Floral Print Waist Cut Out Midi Dress,34.99,60.0,42,True,39
2026-08-26,NastyGal,NastyGal Fringe Halter Neck Mini Dress,59.0,59.0,0,False,39
2026-08-26,Other,"Extra 30% Off, with code: EXTRA Coast Sleeveless Crepe Midi Dress With Bow Detail Straps",50.0,79.0,37,True,39
2026-08-26,Other,"Extra 15% Off, with code: EXTRA Coast Embellished Sequin Feather Style Bridal Mini Dress",80.0,149.0,46,True,39
2026-08-26,Other,"Extra 15% Off, with code: EXTRA Coast Coast Muse Satin Fringe Halter neck Maxi Dress",50.0,129.0,61,True,39
2026-08-26,Other,"Extra 15% Off, with code: EXTRA Coast Belted Tiered Satin Maxi Dress",60.0,129.0,53,True,39
2026-08-26,Other,"Extra 15% Off, with code: EXTRA Coast Wrap Waist Detail Satin Halter Neck Bridesmaid Dress",83.3,119.0,30,True,39
2026-08-26,Other,"Extra 15% Off, with code: EXTRA AX Paris Khaki Puff Sleeve Shirred Waist Smock Midi Dress",34.99,53.0,34,True,39
2026-08-26,Other,AX Paris Pink Marble Print Side Waist Cut Out Midi Dress,34.99,60.0,42,True,39
2026-08-26,Other,Coast V Neck Structured Satin Belted Midi Dress,50.0,119.0,58,True,39
2026-08-26,Other,"Extra 15% Off, with code: EXTRA AX Paris Green And Blue Abstract Print One Shoulder Frill Midi Dress",34.99,55.0,36,True,39
2026-08-26,Other,Coast Lisa Tan Sleeve Embroidered Organza Midi Dress,50.0,149.0,66,True,39
2026-08-26,Other,"Extra 15% Off, with code: EXTRA AX Paris White Crochet Overlay Cut Out Tiered Mini Dress",44.99,70.0,36,True,39
2026-08-26,Other,AX Paris Black And Magenta Floral Print Strap Detail Gathered Midi Dress,34.99,55.0,36,True,39
2026-08-26,Other,Petite Coast Petite Lisa Tan Statement Bow Crepe Midi Dress,45.0,139.0,68,True,40
2026-08-26,Other,Coast Ruffle Sleeve Satin Back Crepe Wrap Dress,30.0,89.0,66,True,40
2026-08-26,Other,"Extra 15% Off, with code: EXTRA MissPap Premium Tie Neck Satin Dress",34.5,69.0,50,True,40
2026-08-26,Other,"Extra 15% Off, with code: EXTRA Coast Strappy Crepe Maxi Dress",90.0,119.0,24,True,40
2026-08-26,Other,"Extra 15% Off, with code: EXTRA Coast Printed Mesh Sequin Maxi Dress",60.0,169.0,64,True,40
2026-08-26,Other,"Extra 15% Off, with code: EXTRA Coast Bow Embellished Strappy Midi Dress",100.0,169.0,41,True,40
2026-08-26,Other,"Extra 15% Off, with code: EXTRA Coast Puff Sleeve Lace Midi Dress",50.0,129.0,61,True,40
2026-08-26,Other,"Extra 15% Off, with code: EXTRA Shop New Season Coast Puff Sleeve Mini Dress Wedding Dress With Tie Back",35.0,89.0,61,True,40
2026-08-26,Other,"Extra 15% Off, with code: EXTRA Plus Coast Plus Size Printed Floral Pleated Long Sleeve Midi Dress",45.0,99.0,55,True,40
2026-08-26,Other,"Extra 15% Off, with code: EXTRA Warehouse Premium Fringe Trim One Shoulder Midi Dress",63.2,79.0,20,True,40
2026-08-26,Other,"Extra 15% Off, with code: EXTRA Warehouse Satin Scoop Neck Bias Midi Slip Dress",39.2,49.0,20,True,40
2026-08-26,Other,"Extra 15% Off, with code: EXTRA MissPap Premium Fringe Bead Mini Dress",74.5,149.0,50,True,40
2026-08-26,Other,"Extra 15% Off, with code: EXTRA Coast Lisa Tan Bow Shoulder Crepe Full Skirt Midi Dress",119.0,119.0,0,False,40
2026-08-26,Other,"Extra 15% Off, with code: EXTRA Coast One Shoulder Crepe Ruffle Midi Dress",50.0,149.0,66,True,40
2026-08-26,Other,"Extra 15% Off, with code: EXTRA Coast Petite Lace Bodice Peplum Midi Dress",60.0,139.0,57,True,40
2026-08-26,Other,"Extra 15% Off, with code: EXTRA Warehouse Hand Embellished Strappy Bias Sequin Midi Dress",79.2,99.0,20,True,40
2026-08-26,Other,"Extra 15% Off, with code: EXTRA Coast Bardot Ponte Column Midi Dress",20.0,89.0,78,True,40
2026-08-26,Other,"Extra 15% Off, with code: EXTRA Petite Coast Petite Stripe Organza Pleated Top Midi Dress",80.0,159.0,50,True,40
2026-08-26,Other,"Extra 15% Off, with code: EXTRA Petite Coast Petite Polka Dot Tiered Organza Midi Dress",100.0,129.0,22,True,40
2026-08-26,Other,"Extra 15% Off, with code: EXTRA Coast Ruffle Sleeve Satin Back Crepe Wrap Dress",25.0,89.0,72,True,40
2026-08-26,Other,"Extra 15% Off, with code: EXTRA AX Paris Mint Round Neck A-line Skirt Midi Dress",34.99,65.0,46,True,40
2026-08-26,Other,Coast Printed Stripe Organza One Shoulder Midi Dress,159.0,159.0,0,False,40
2026-08-26,Other,"Extra 15% Off, with code: EXTRA Coast Twisted Halterneck Satin Maxi Bridesmaid Dress",45.0,99.0,55,True,40
2026-08-26,Other,"Extra 15% Off, with code: EXTRA Coast Feather Trim Satin Maxi Dress",30.0,129.0,77,True,40
2026-08-26,Other,"Extra 15% Off, with code: EXTRA Coast Satin Bardot Bridesmaid Maxi Dress with Waist Ruching Detail",95.2,119.0,20,True,40
2026-08-26,Other,"Extra 15% Off, with code: EXTRA Coast Coast Honoured Sleeveless High Neck Tie Shoulder Satin Maxi Bridesmaid Dress",79.2,99.0,20,True,40
2026-08-26,Other,"Extra 15% Off, with code: EXTRA Coast Batwing Pleated Metallic Midaxi Dress",70.0,139.0,50,True,40
2026-08-26,Other,"Extra 15% Off, with code: EXTRA Petite Coast Petite Twill Mini Wedding Dress With Organza Skirt",83.3,119.0,30,True,40
2026-08-26,Other,"Extra 15% Off, with code: EXTRA Coast Puff Sleeve Mini Dress Wedding Dress With Tie Back",62.3,89.0,30,True,40
2026-08-26,Other,"Extra 15% Off, with code: EXTRA MissPap Premium Embellished Sweetheart Mini Dress",69.5,139.0,50,True,40
2026-08-26,Other,"Extra 15% Off, with code: EXTRA Coast Satin Pleat Bodice Full Skirt Dress",159.0,159.0,0,False,40
2026-08-26,Other,"Extra 15% Off, with code: EXTRA Petite Coast Petite Floral Lace Collared Midi Dress",104.3,149.0,30,True,40
2026-08-26,Other,"Extra 15% Off, with code: EXTRA Coast Contour Collective Wrap Front Stretch Jersey Maxi Dress",83.3,119.0,30,True,40
2026-08-26,Other,"Extra 15% Off, with code: EXTRA Coast Coast Honoured Ruched Waist Detail Satin Bridesmaid Dress",79.2,99.0,20,True,40
2026-08-26,Other,"Extra 15% Off, with code: EXTRA Petite Warehouse Petite Rose Satin Tie Strap Lace Detail Midi Slip Dress",55.2,69.0,20,True,40
2026-08-26,Other,"Extra 15% Off, with code: EXTRA MissPap Chiffon Floral Burnout Maxi Dress",28.0,59.0,53,True,40
2026-08-26,Other,"Extra 15% Off, with code: EXTRA Petite Coast Coast Honoured Petite Sleeveless Cowl Neck Satin Maxi Bridesmaid Dress",97.3,139.0,30,True,40
2026-08-26,Other,"Extra 15% Off, with code: EXTRA Petite Coast Petite Slash Neck Puddle Wedding Dress",125.3,179.0,30,True,40
2026-08-26,Other,"Extra 15% Off, with code: EXTRA Petite Coast Petite Long Sleeve Embroidered Maxi Dress",80.0,159.0,50,True,40
2026-08-26,Other,"Extra 15% Off, with code: EXTRA Petite Coast Coast Honoured Petite Sleeveless Cowl Back Maxi Bridesmaid Dress",90.3,129.0,30,True,41
2026-08-26,Other,"Extra 15% Off, with code: EXTRA Coast Organza Floral Placement Lace Trim Midaxi Dress",143.1,159.0,10,True,41
2026-08-26,Other,"Extra 15% Off, with code: EXTRA Coast Chiffon Cape Pencil Dress",99.0,99.0,0,False,41
2026-08-26,Other,"Extra 15% Off, with code: EXTRA Coast Long Sleeve Floral Sequin Maxi Dress",125.1,139.0,10,True,41
2026-08-26,Other,"Extra 15% Off, with code: EXTRA Coast Party Sequin Long Sleeve Midi Dress",159.2,199.0,20,True,41
2026-08-26,Other,"Extra 15% Off, with code: EXTRA Coast Coast Honoured Sleeveless Plunge Waterfall Twill Maxi Bridesmaid Dress",111.2,139.0,20,True,41
2026-08-26,Other,"Extra 15% Off, with code: EXTRA LEMONLUNAR The Madison Maxi Dress Brown",71.25,95.0,25,True,41
2026-08-26,Other,Shop New Season AX Paris Red Abstract Print Butterfly Sleeve Frill Hem Mini Dress,34.99,50.0,30,True,41
2026-08-26,Other,LEMONLUNAR The Sculpting Mini Dress White,45.0,60.0,25,True,41
2026-08-26,Other,Coast Jacquard Bow Mini Dress,40.0,99.0,60,True,41
2026-08-26,Other,"Extra 15% Off, with code: EXTRA AX Paris Peach Draped Halter Neck Ruched Midi Dress",34.99,53.0,34,True,41
2026-08-26,Other,LEMONLUNAR The Serafina Mesh Cover Up Mini Dress,45.0,60.0,25,True,41
2026-08-26,Other,Coast Petite Bow Shoulder Floral Lace Midi Dress,45.0,99.0,55,True,41
2026-08-26,Other,"Extra 15% Off, with code: EXTRA Coast Coast Muse Striped Bow Detail Column Maxi Dress",40.0,139.0,71,True,41
2026-08-26,Other,"Extra 15% Off, with code: EXTRA MissPap Embroidered Broderie Collared Mini Dress",15.0,29.0,48,True,41
2026-08-26,Other,"Extra 15% Off, with code: EXTRA Warehouse Stripe Cotton Broderie Midi Dress",23.0,59.0,61,True,41
2026-08-26,Other,"Extra 15% Off, with code: EXTRA Warehouse Ruched Waist Sleeveless Shoulder Pad Detail Maxi Dress",44.0,55.0,20,True,41
2026-08-26,Other,"Extra 15% Off, with code: EXTRA Petite Coast Petite Pleat Detail Lace Trim Maxi Dress",50.0,129.0,61,True,41
2026-08-26,Other,"Extra 15% Off, with code: EXTRA Petite Coast Petite Lisa Tan Scarf Detail Lace Maxi Dress With Godets",40.0,99.0,60,True,41
2026-08-26,Other,"Extra 15% Off, with code: EXTRA NastyGal Floral Lace Overlay Halter Neck Mini Dress",35.0,35.0,0,False,41
2026-08-26,Other,"Extra 30% Off, with code: EXTRA Petite Coast Petite Bow Shoulder Belted Lace Dress",40.0,109.0,63,True,41
2026-08-26,Other,"Extra 15% Off, with code: EXTRA Petite Coast Petite Chiffon Cape Midi Dress",50.0,99.0,49,True,41
2026-08-26,Other,"Extra 15% Off, with code: EXTRA Coast Bow Back V Neck Satin Bridesmaid Dress",28.0,119.0,76,True,41
2026-08-26,Other,"Extra 15% Off, with code: EXTRA Coast Teen Coast Angel Sleeve Bridesmaid Dress",22.0,79.0,72,True,41
2026-08-26,Other,"Extra 15% Off, with code: EXTRA Petite Coast Petite Satin Midi Dress With Twist Waist",50.0,119.0,58,True,41
2026-08-26,Other,"Extra 15% Off, with code: EXTRA Coast Coast Honoured Sleeveless High Neck Tie Shoulder Satin Maxi Bridesmaid Dress",30.0,99.0,70,True,41
2026-08-26,Other,"Extra 15% Off, with code: EXTRA Coast Asymmetric Neckline Satin Bridesmaid Maxi Dress",30.0,129.0,77,True,41
2026-08-26,Other,"Extra 15% Off, with code: EXTRA Warehouse Sequin Bandeau Midi Dress",16.0,79.0,80,True,41
2026-08-26,Other,"Extra 15% Off, with code: EXTRA Coast Coast Honoured Twist Halterneck Satin Maxi Bridesmaid Dress",99.0,99.0,0,False,41
2026-08-26,Other,"Extra 15% Off, with code: EXTRA Warehouse Premium Dispersed Floral Beaded Maxi Dress",87.2,109.0,20,True,41
2026-08-26,Other,"Extra 15% Off, with code: EXTRA Warehouse Asymmetric One Shoulder Tie Neck Mini",52.0,65.0,20,True,41
2026-08-26,Other,"Extra 15% Off, with code: EXTRA Warehouse Jacquard Blouson Sleeve Mini Dress",71.2,89.0,20,True,41
2026-08-26,Other,"Extra 15% Off, with code: EXTRA Coast V Neck Textured Long Sleeve Button Detail Midi Dress",129.0,129.0,0,False,41
2026-08-26,Other,"Extra 15% Off, with code: EXTRA Warehouse Viscose Draped Scarf Detail Cut-out Midaxi Dress",63.2,79.0,20,True,41
2026-08-26,Other,"Extra 15% Off, with code: EXTRA Coast Lace Trim Colour Block Belted Midi Dress",149.0,149.0,0,False,41
2026-08-26,Other,"Extra 15% Off, with code: EXTRA Coast Embroidered Mesh Long Sleeve Tie Neck Midi Dress",159.0,159.0,0,False,41
2026-08-26,Other,"Extra 15% Off, with code: EXTRA Petite Coast Petite V Neck Lace Bodice Long Sleeve Midi Dress With Tiered Skirt",139.0,139.0,0,False,41
2026-08-26,Other,"Extra 15% Off, with code: EXTRA Coast Coast Honoured Sleeveless Cowl Back Maxi Bridesmaid Dress",28.0,129.0,78,True,41
2026-08-26,Other,"Extra 15% Off, with code: EXTRA Coast Coast Honoured Plunge Neck Structured Satin Bow Back Wedding Dress",104.3,149.0,30,True,41
2026-08-26,Other,"Extra 15% Off, with code: EXTRA Coast Square Neck Satin and Crepe Bridesmaid Dress with Bow Back",95.2,119.0,20,True,42
2026-08-26,Other,"Extra 15% Off, with code: EXTRA Coast Scallop Detail Twill Column Bridesmaid Dress",69.3,99.0,30,True,42
2026-08-26,Other,"Extra 15% Off, with code: EXTRA Coast Twill Notch Neck Fit And Flare Bridesmaid Dress",111.2,139.0,20,True,42
2026-08-26,Other,"Extra 15% Off, with code: EXTRA Coast Blouson Sleeve V Neck Sequin Floral Mesh Midaxi Dress",45.0,139.0,68,True,42
2026-08-26,Other,"Extra 15% Off, with code: EXTRA Coast Plunge Neck Jacquard Midi Wedding Dress",111.2,139.0,20,True,42
2026-08-26,Other,"Extra 15% Off, with code: EXTRA Coast Coast Honoured Sequin Bardot Wrap Skirt Wedding Dress",174.3,249.0,30,True,42
2026-08-26,Other,"Extra 15% Off, with code: EXTRA Petite Coast Coast Honoured Petite Sleeveless Plunge Waterfall Twill Maxi Bridesmaid Dress",97.3,139.0,30,True,42
2026-08-26,Other,"Extra 15% Off, with code: EXTRA Shop New Season Coast Drape High Neck Pleated Skirt Midi Wedding Dress",90.3,129.0,30,True,42
2026-08-26,Other,"Extra 15% Off, with code: EXTRA Coast Coast Honoured Sculpting Halterneck Embellished Wedding Dress",139.3,199.0,30,True,42
2026-08-26,Other,"Extra 15% Off, with code: EXTRA Coast Lace Angel Sleeve Midi Dress",45.0,119.0,62,True,42
2026-08-26,Other,"Extra 15% Off, with code: EXTRA Coast Taffeta Bow Back Puff Sleeve Mini Dress",22.0,99.0,78,True,42
2026-08-26,Other,"Extra 15% Off, with code: EXTRA Coast Belted Crepe Dress",60.0,119.0,50,True,42
2026-08-26,Other,"Extra 15% Off, with code: EXTRA Coast Asymetric Neckline with Bow Detail Crepe Midi Wedding Dress",69.3,99.0,30,True,42
2026-08-26,Other,"Extra 15% Off, with code: EXTRA Coast Sleeveless Metallic Pleated Maxi Dress With Peplum",45.0,149.0,70,True,42
2026-08-26,Other,"Extra 15% Off, with code: EXTRA Petite Coast Petite Belted Crepe Dress",80.0,119.0,33,True,42
2026-08-26,Other,"Extra 15% Off, with code: EXTRA Coast Organza Wrap Waist Puff Sleeve Midi Dress",35.0,149.0,77,True,42
2026-08-26,Other,"Extra 15% Off, with code: EXTRA Coast Sleeveless Tiered Detail Crepe Midi Dress",119.0,119.0,0,False,42
2026-08-26,Other,"Extra 15% Off, with code: EXTRA MissPap Embellished Floral Embroidered Fringe Mini dress",79.5,159.0,50,True,42
2026-08-26,Other,"Extra 15% Off, with code: EXTRA Coast Lace Short Sleeve Midi Dress",22.0,89.0,75,True,42
2026-08-26,Other,"Extra 15% Off, with code: EXTRA Petite Coast Coast Honoured Petite V Neck Angel Short Sleeve Satin Maxi Bridesmaid Dress",35.0,139.0,75,True,42
2026-08-26,Other,"Extra 15% Off, with code: EXTRA Coast Bow Trim V Neck Volume Skirt Midi Dress",70.0,129.0,46,True,42
2026-08-26,Other,"Extra 15% Off, with code: EXTRA Coast Lisa Tan Cross Neck Belted Crepe Midi Dress",70.0,119.0,41,True,42
2026-08-26,Other,"Extra 15% Off, with code: EXTRA Coast Lisa Tan One Shoulder Bow Detail Midi Dress",40.0,99.0,60,True,42
2026-08-26,Other,"Extra 15% Off, with code: EXTRA AX Paris Yellow And Blue Floral Print Strap Detail Gathered Midi Dress",34.99,55.0,36,True,42
2026-08-26,Other,Coast Sequin Boucle Shift Dress With Bows,83.3,119.0,30,True,42
2026-08-26,Other,"Extra 15% Off, with code: EXTRA Coast Embroidered Floral Midi Dress",111.3,159.0,30,True,42
2026-08-26,Other,"Extra 15% Off, with code: EXTRA Petite Coast Petite Button Through Belted Prom Dress",60.0,129.0,53,True,42
2026-08-26,Other,"Extra 15% Off, with code: EXTRA Coast Lisa Tan Cape Sleeve Lace Midi Dress",80.0,139.0,42,True,42
2026-08-26,Other,"Extra 15% Off, with code: EXTRA Coast Sleeveless Ruffle Pleat Satin Back Crepe Dress",90.3,129.0,30,True,42
2026-08-26,Other,"Extra 15% Off, with code: EXTRA Coast Pleated Chiffon Maxi Dress",99.0,99.0,0,False,42
2026-08-26,Other,"Extra 15% Off, with code: EXTRA Coast Lisa Tan Twill Volume Belted Midi Dress",40.0,139.0,71,True,42
2026-08-26,Other,"Extra 15% Off, with code: EXTRA Coast Lisa Tan V Neck Ruffle Shoulder Midi Dress",50.0,129.0,61,True,42
2026-08-26,Other,"Extra 15% Off, with code: EXTRA AX Paris Pink Marble Print One Shoulder Twist Back Midi Dress",34.99,60.0,42,True,42
2026-08-26,MissPap,MissPap Premium Denim Pleat Hem Balloon Sleeve Dress,20.0,69.0,71,True,42
2026-08-26,Other,"Extra 15% Off, with code: EXTRA Petite Coast Coast Honoured Petite Twill Bardot Column Midi Bridesmaid Dress",69.3,99.0,30,True,42
2026-08-26,Other,"Extra 15% Off, with code: EXTRA Coast Lace Wrap Top Pleat Tux Midi Dress",111.2,139.0,20,True,42
2026-08-26,Other,"Extra 15% Off, with code: EXTRA Coast Lisa Tan Bow Shoulder Satin Midi Dress",40.0,139.0,71,True,42
2026-08-26,Other,"Extra 15% Off, with code: EXTRA AX Paris Soft Yellow Floral Print Detail Strappy Midi Dress",29.99,60.0,50,True,42
2026-08-26,Other,Coast Satin Lace Puff Sleeve Midi Dress,143.1,159.0,10,True,42
2026-08-26,Other,"Extra 15% Off, with code: EXTRA Petite Coast Petite Placement Print Frill Sleeve Midi Dress",60.0,129.0,53,True,43
2026-08-26,Other,"Extra 15% Off, with code: EXTRA Coast Lisa Tan Satin High Low Midi Dress With Bow Detail",90.3,129.0,30,True,43
2026-08-26,Other,"Extra 15% Off, with code: EXTRA AX Paris Multi Floral Print Square Neck A-line Midi Dress",34.99,65.0,46,True,43
2026-08-26,Other,AX Paris Red Embroidered Overlay Bandeau Cut Out Midi Dress,29.99,65.0,54,True,43
2026-08-26,Other,AX Paris Pink And Orange Floral Print One Sleeve Wrap Midi Dress,34.99,60.0,42,True,43
2026-08-26,Other,Coast Lisa Tan Collared Printed Midi Dress,50.0,139.0,64,True,43
2026-08-26,Other,"Extra 15% Off, with code: EXTRA AX Paris Blush Floral Jacquard Tie Neck A-Line Midi Dress",39.99,75.0,47,True,43
2026-08-26,Other,Shop New Season Coast One Shoulder Statement Bow Bridal Mini Dress,69.3,99.0,30,True,43
2026-08-26,Other,"Extra 15% Off, with code: EXTRA AX Paris Multi ZigZag Crochet Bandeau Cut Out Midi Dress",34.99,60.0,42,True,43
2026-08-26,Other,Coast Lisa Tan Bow Detail Printed Organza Midi Dress,45.0,119.0,62,True,43
2026-08-26,Other,"Extra 15% Off, with code: EXTRA AX Paris Soft Yellow Cowl Neck Cross Back Midi Dress",34.99,60.0,42,True,43
2026-08-26,Other,AX Paris Multi Boho Print Tie Racer Neck Shirred Waist Midi Dress,34.99,55.0,36,True,43
2026-08-26,Other,Petite Coast Petite Long Sleeve Pleated Crepe Midaxi Dress,90.3,129.0,30,True,43
2026-08-26,Other,"Extra 15% Off, with code: EXTRA Warehouse Polka Dot Cocoon Sleeve Tailored Mini Dress",60.0,75.0,20,True,43
2026-08-26,Other,"Extra 15% Off, with code: EXTRA Warehouse Premium Floral Tie Neck Cowl Dress",79.2,99.0,20,True,43
2026-08-26,Other,"Extra 15% Off, with code: EXTRA Petite Coast Petite Lisa Tan Cross Neck Structured Satin Bow Detail Midi Dress",50.0,139.0,64,True,43
2026-08-26,Other,"Extra 15% Off, with code: EXTRA Coast Muse Sequin Strappy Peplum Top Column Midi Dress",104.3,149.0,30,True,43
2026-08-26,Other,"Extra 15% Off, with code: EXTRA Warehouse Print Mix Tie Neck Chiffon Panelled Maxi Dress",63.2,79.0,20,True,43
2026-08-26,Other,"Extra 15% Off, with code: EXTRA AX Paris Red Lace Racer Neck Ruched Waist Midi Dress",34.99,65.0,46,True,43
2026-08-26,Other,Petite Warehouse Petite Premium Polka Dot Tie Neck Cowl Dress,79.2,99.0,20,True,43
2026-08-26,Other,"Extra 15% Off, with code: EXTRA Petite Coast Petite Satin Pleat Bodice Full Skirt Wedding Dress",127.2,159.0,20,True,43
2026-08-26,Other,"Extra 15% Off, with code: EXTRA AX Paris Cream One Shoulder Gathered Skirt Midi Dress",34.99,60.0,42,True,43
2026-08-26,Other,AX Paris Soft Yellow Halter Neck Bubble Hem Mini Dress,24.99,55.0,55,True,43
2026-08-26,Other,Petite Coast Petite Embroidered Cutout Belted Shirt Dress,60.0,149.0,60,True,43
2026-08-26,Other,"Extra 15% Off, with code: EXTRA AX Paris White Broderie Frill Strap Smock Midi Dress",44.99,75.0,40,True,43
2026-08-26,Other,Coast Lisa Tan Bow Shoulder Wrap Top Printed Organza Jacquard Midi Dress,83.3,119.0,30,True,43
2026-08-26,Other,"Extra 15% Off, with code: EXTRA AX Paris Khaki Round Neck Shirred Top Midi Dress",34.99,65.0,46,True,43
2026-08-26,Other,Coast Muse Satin Drape Detail Strappy Midi Dress,83.3,119.0,30,True,43
2026-08-26,Other,"Extra 15% Off, with code: EXTRA Coast 3d Floral Bardot Midi Dresss",139.0,139.0,0,False,43
2026-08-26,Other,"Extra 15% Off, with code: EXTRA Coast Coast Muse Bow Front Satin Maxi Dress",125.1,139.0,10,True,43
2026-08-26,Other,"Extra 15% Off, with code: EXTRA Petite Coast Petite Lisa Tan Bardot Full Skirt Midi Dress",40.0,119.0,66,True,43
2026-08-26,Other,Coast Sleeveless Crepe Midi Dress With Diamante Bow Detail,80.0,139.0,42,True,43
2026-08-26,Other,"Extra 15% Off, with code: EXTRA Warehouse Embroidered Bandeau Midi Dress",60.0,75.0,20,True,43
2026-08-26,Other,"Extra 15% Off, with code: EXTRA Petite Coast Petite Sequin Embellished And Embroidered Hi-Lo Maxi Dress",60.0,189.0,68,True,43
2026-08-26,Other,"Extra 15% Off, with code: EXTRA Warehouse Blurred Floral Print Tie Neck Halter Maxi Dress",55.2,69.0,20,True,43
2026-08-26,Other,"Extra 15% Off, with code: EXTRA Coast Drape High Neck Pleated Skirt Midi Dress",70.0,129.0,46,True,43
2026-08-26,Other,"Extra 15% Off, with code: EXTRA Coast Lisa Tan Statement Shoulder High Low Printed Midi Dress",50.0,149.0,66,True,43
2026-08-26,Other,Coast Lace Trim Tiered Organza Midi Dress,80.0,139.0,42,True,43
2026-08-26,Other,"Extra 15% Off, with code: EXTRA Coast Starburst Sequin Maxi Dress",139.0,139.0,0,False,44
2026-08-26,Other,"Extra 15% Off, with code: EXTRA Coast Sleeveless Square Neck Bow Back Midaxi Bridesmaid Dress",22.0,89.0,75,True,44
2026-08-26,Other,"Extra 15% Off, with code: EXTRA Petite Coast Petite Drape High Neck Pleated Skirt Midi Dress",116.1,129.0,10,True,44
2026-08-26,Other,"Extra 15% Off, with code: EXTRA Petite Coast Petite Placement Print Puff Sleeve Cotton Midi Dress",35.0,119.0,71,True,44
2026-08-26,Other,"Extra 15% Off, with code: EXTRA Petite Coast Petite Plunge Neck Twill Midi Dress With Lace Trims",80.0,169.0,53,True,44
2026-08-26,Other,"Extra 15% Off, with code: EXTRA Coast Lisa Tan Cross Neck Bandage Midi Dress",90.0,119.0,24,True,44
2026-08-26,Other,"Extra 15% Off, with code: EXTRA Shop New Season Petite Coast Petite Collared Lace Top Pleated Skirt Midi Dress",139.0,139.0,0,False,44
2026-08-26,Other,"Extra 15% Off, with code: EXTRA Coast Bandage Knit Fringed Hem Midi Dress",99.0,99.0,0,False,44
2026-08-26,Other,"Extra 15% Off, with code: EXTRA Coast High Neck Midi Dress With Floral Embroidery",120.0,159.0,25,True,44
2026-08-26,Other,"Extra 15% Off, with code: EXTRA Coast Corsage Cotton Midi Dress",90.0,109.0,17,True,44
2026-08-26,Other,"Extra 15% Off, with code: EXTRA Coast Petite Placement Print Frill Midi Dress",50.0,129.0,61,True,44
2026-08-26,Other,"Extra 15% Off, with code: EXTRA Petite Coast Petite Bow Shoulder Organza Lace Midi Dress",40.0,139.0,71,True,44
2026-08-26,Other,"Extra 15% Off, with code: EXTRA Warehouse Puff Sleeve A-Line Mini Dress",24.0,59.0,59,True,44
2026-08-26,Other,"Extra 15% Off, with code: EXTRA Petite Coast Petite Frill Sleeve V Neck Midi Dress",35.0,139.0,75,True,44
2026-08-26,Other,"Extra 15% Off, with code: EXTRA Coast Coast Muse Racer Neck Embroidered Mesh Midi Dress",130.0,149.0,13,True,44
2026-08-26,Other,"Extra 15% Off, with code: EXTRA Coast Satin Bardot Top Pleat Skirt Midi Dress",50.0,129.0,61,True,44
2026-08-26,Other,"Extra 15% Off, with code: EXTRA Coast Lace Trim Printed Ruffle Midi Dress",50.0,129.0,61,True,44
2026-08-26,Other,"Extra 15% Off, with code: EXTRA Coast Volume Sleeve Corset Column Maxi Dress",129.0,129.0,0,False,44
2026-08-26,Other,"Extra 15% Off, with code: EXTRA Warehouse Printed Satin Knot Front Asymmetric Hem Midi Dress",52.0,65.0,20,True,44
2026-08-26,Other,"Extra 15% Off, with code: EXTRA Coast Puff Sleeve Jacquard Mini Dress",80.0,99.0,19,True,44
2026-08-26,Other,"Extra 15% Off, with code: EXTRA Coast Lace Hem Cross Front Halter Satin Dress",99.0,99.0,0,False,44
2026-08-26,Other,"Extra 15% Off, with code: EXTRA Coast Peplum Lace Midi Dress",120.0,139.0,14,True,44
2026-08-26,Other,"Extra 15% Off, with code: EXTRA Coast Stripe Organza Pleat Top Midi Dress",40.0,159.0,75,True,44
2026-08-26,Other,"Extra 15% Off, with code: EXTRA Warehouse Leopard Viscose V Neck Long Puff Sleeve Midi Dress",35.0,69.0,49,True,44
2026-08-26,Other,"Extra 15% Off, with code: EXTRA Warehouse Chiffon Gathered Channel Strappy Midi Dress",47.2,59.0,20,True,44
2026-08-26,Other,"Extra 15% Off, with code: EXTRA Petite Warehouse Petite Hand Embellished Strappy Bias Midi Dress",79.2,99.0,20,True,44
2026-08-26,Other,"Extra 15% Off, with code: EXTRA Coast Embellished Long Sleeve Floral Maxi Dress",199.0,199.0,0,False,44
2026-08-26,Other,"Extra 15% Off, with code: EXTRA Warehouse Printed Bandeau Seam Detail Midi Dress",32.0,65.0,51,True,44
2026-08-26,Other,"Extra 15% Off, with code: EXTRA Warehouse Premium Burnout Cowl Neck Strappy Midi Festival Slip Dress",47.2,59.0,20,True,44
2026-08-26,Other,"Extra 15% Off, with code: EXTRA Petite Warehouse Petite Premium Burnout Cowl Neck Strappy Festival Midi Slip Dress",47.2,59.0,20,True,44
2026-08-26,Other,"Extra 15% Off, with code: EXTRA Warehouse Embroidered Gingham Sleeveless Midi Sundress",55.2,69.0,20,True,44
2026-08-26,Other,"Extra 15% Off, with code: EXTRA Petite Coast Petite Short Sleeve Chiffon Midi Dress",25.0,99.0,75,True,44
2026-08-26,Other,"Extra 15% Off, with code: EXTRA Coast Placement Print Pleat Dress",103.2,129.0,20,True,44
2026-08-26,Other,"Extra 15% Off, with code: EXTRA Coast Lisa Tan Bow Shoulder Hi Low Printed Midi Dress",80.0,139.0,42,True,44
2026-08-26,Other,"Extra 15% Off, with code: EXTRA AX Paris Khaki Brush Stroke Print Racer Neck Slip Mini Dress",24.99,50.0,50,True,44
2026-08-26,Other,AX Paris Pink And Cream Floral Print Gathered Midi Dress,34.99,55.0,36,True,44
2026-08-26,Other,AX Paris Burnt Orange One Shoulder O-Ring Wrap Skirt Midi Dress,34.99,53.0,34,True,44
2026-08-26,Other,AX Paris Ice Blue Lace Racer Neck Ruched Waist Midi Dress,34.99,65.0,46,True,44
2026-08-26,Other,AX Paris Stone Round Neck Shirred Top Midi Dress,34.99,65.0,46,True,45
2026-08-26,Other,Coast Sequin Lace Midi Dress,40.0,119.0,66,True,45
2026-08-26,Other,"Extra 15% Off, with code: EXTRA AX Paris Khaki Embroidered Pattern Ruched Bodycon Midi Dress",34.99,55.0,36,True,45
2026-08-26,Other,AX Paris Plum Sparkle One Shoulder Gathered Midi Dress,34.99,70.0,50,True,45
2026-08-26,Other,AX Paris Pink Tropical Flower Print Tie Front Puff Sleeve Mini Dress,32.99,50.0,34,True,45
2026-08-26,Other,Warehouse Hotfix Plunge Neck Shoulder Pad Rosette Mini Dress,26.0,69.0,62,True,45
2026-08-26,Other,"Extra 15% Off, with code: EXTRA Coast Muse Long Sleeve Batwing Embellished Mini Dress",150.0,229.0,34,True,45
2026-08-26,Other,"Extra 15% Off, with code: EXTRA Shop New Season AX Paris Mint Ruffle Detail Bardot Top Midi Dress",34.99,53.0,34,True,45
2026-08-26,Other,AX Paris Cream Floral Print Cold Shoulder Cowl Slip Midi Dress,34.99,60.0,42,True,45
2026-08-26,Other,AX Paris Multi Tropical Floral Print Frill Strap Smock Midi Dress,34.99,60.0,42,True,45
2026-08-26,Other,AX Paris Blue Boho Floral Print Tie Racer Neck Shirred Waist Midi Dress,34.99,60.0,42,True,45
2026-08-26,Other,AX Paris Red Zigzag Crochet Side Waist Cut Out Midi Dress,34.99,65.0,46,True,45
2026-08-26,Other,AX Paris Burnt Orange Puff Sleeve Frill Hem Mini Dress,32.99,50.0,34,True,45
2026-08-26,Other,AX Paris Light Khaki Draped Halter Neck Ruched Midi Dress,32.99,53.0,38,True,45
2026-08-26,Other,AX Paris Black And White Animal Print Racer Neck Slip Mini Dress,32.99,50.0,34,True,45
2026-08-26,Other,AX Paris Stone And Cream Abstract Print Frill Hem Mini Dress,32.99,50.0,34,True,45
2026-08-26,Other,AX Paris Black Broderie Puff Sleeve Smock Midi Dress,44.99,80.0,44,True,45
2026-08-26,Other,Coast Lisa Tan Strappy Full Skirted Jacquard Midi Dress,90.3,129.0,30,True,45
2026-08-26,Other,"Extra 15% Off, with code: EXTRA AX Paris Multi Coconut Print Tie Strap Mini Dress",24.99,50.0,50,True,45
2026-08-26,Other,AX Paris Pink And Orange Floral Print V Neck Cut Out Knot Detail Midi Dress,34.99,65.0,46,True,45
2026-08-26,Other,AX Paris Teal Sparkle One Shoulder Gathered Midi Dress,34.99,70.0,50,True,45
2026-08-26,Other,AX Paris Multi Smudge Print Racer Neck Draped Midi Dress,34.99,60.0,42,True,45
2026-08-26,Other,AX Paris Multi Tropical Garden Print Strappy Cut Out Midi Dress,29.99,60.0,50,True,45
2026-08-26,Other,AX Paris Mocha Broderie Frill Strap Smock Midi Dress,44.99,75.0,40,True,45
2026-08-26,Other,AX Paris Pink And Cream Floral Print Puff Sleeve Smock Midi Dress,34.99,60.0,42,True,45
2026-08-26,Other,AX Paris Brown Animal Print Belted Wrap Midi Dress,34.99,55.0,36,True,45
2026-08-26,Other,AX Paris Multi Boho Floral Print Racer Neck Slip Mini Dress,32.99,50.0,34,True,45
2026-08-26,Other,AX Paris Blue Zigzag Crochet Side Waist Cut Out Midi Dress,34.99,65.0,46,True,45
2026-08-26,Other,AX Paris Black Ribbed Contrast Detail Knitted Dress,34.99,50.0,30,True,45
2026-08-26,Other,AX Paris Olive And White Smudge Print Shirred Waist Smock Midi Dress,34.99,60.0,42,True,45
2026-08-26,Other,AX Paris Red And White Floral Border Print Tie Strap Midi Dress,34.99,60.0,42,True,45
2026-08-26,Other,AX Paris Orange Broderie Puff Sleeve Frill Hem Mini Dress,34.99,60.0,42,True,45
2026-08-26,Other,AX Paris Cream Lemon Print Shirred Straps Button Detail Midi Dress,34.99,60.0,42,True,45
2026-08-26,Other,AX Paris Pink And Cream Floral Print Tie Halter Neck Mini Dress,29.99,55.0,45,True,45
2026-08-26,Other,AX Paris Multi Floral Print 2 in 1 Bow Detail Midi Dress,34.99,60.0,42,True,45
2026-08-26,Other,AX Paris Blue And Cream Beach Print Bardot Frill Hem Midi Dress,34.99,60.0,42,True,45
2026-08-26,Other,AX Paris Multi Boho Floral Print Frill Strap Smock Midi Dress,34.99,60.0,42,True,45
2026-08-26,Other,AX Paris Black And Stone Polka Dot Puff Sleeve Tie Waist Midi Dress,34.99,60.0,42,True,45
2026-08-26,Other,AX Paris Black And White Border Print Strappy Cut Out Midi Dress,34.99,55.0,36,True,45
2026-08-26,Other,AX Paris Orange Boho Border Print Frill Strap Smock Midi Dress,34.99,60.0,42,True,46
2026-08-26,Other,AX Paris Cream Border Print Frill Strap Smock Midi Dress,34.99,60.0,42,True,46
2026-08-26,Other,AX Paris Blue Abstract Animal Print Flutter Sleeve Midi Dress,29.99,55.0,45,True,46
2026-08-26,Other,AX Paris Black And Green Floral Print Puff Sleeve Midi Dress,34.99,55.0,36,True,46
2026-08-26,Other,AX Paris Blue Abstract Animal Print Wrap Top Skater Mini Dress,32.99,53.0,38,True,46
2026-08-26,Other,AX Paris Cream And Brown Polka Dot Frill Hem Mini Dress,34.99,50.0,30,True,46
2026-08-26,Other,AX Paris Black Bold Floral Print Ruched Side Strappy Midi Dress,32.99,55.0,40,True,46
2026-08-26,Other,Shop New Season AX Paris Navy and Cream Abstract Print Puff Sleeve Smock Midi Dress,29.99,60.0,50,True,46
2026-08-26,Other,AX Paris Red Broderie Shirred Straps Button Detail Midi Dress,39.99,75.0,47,True,46
2026-08-26,Other,AX Paris Pink Boho Floral Print Frill Hem Shirred Waist Mini Dress,34.99,53.0,34,True,46
2026-08-26,Other,AX Paris Blue And Cream Floral Print Tie Halter Neck Midi Dress,34.99,60.0,42,True,46
2026-08-26,Other,Coast Coast Muse 3D Floral Mesh With Tie Shoulder Midi Dress,80.0,129.0,38,True,46
2026-08-26,Other,"Extra 15% Off, with code: EXTRA AX Paris Black Embroidered Pattern Button Front Frill Hem Mini Dress",34.99,55.0,36,True,46
2026-08-26,Other,AX Paris Blue Lemon Print Shirred Straps Tiered Midi Dress,34.99,60.0,42,True,46
2026-08-26,Other,AX Paris Multi Smudge Print Tie Waist Wrap Shirt Mini Dress,34.99,53.0,34,True,46
2026-08-26,Other,AX Paris Khaki Abstract Floral Print Tie Neck Smock Midi Dress,34.99,55.0,36,True,46
2026-08-26,Other,AX Paris Multi Marble Print Halter Neck Knot Skirt Midi Dress,55.0,55.0,0,False,46
2026-08-26,Other,AX Paris Black And Cream Boho Print Flutter Sleeve Midi Dress,34.99,55.0,36,True,46
2026-08-26,Other,Coast Notch Neck Placement Print Midi Dress,129.0,129.0,0,False,46
2026-08-26,Other,"Extra 15% Off, with code: EXTRA Coast Floral Jacquard Puff Sleeve Mini Dress",50.0,99.0,49,True,46
2026-08-26,Other,"Extra 15% Off, with code: EXTRA Petite Coast Petite Printed Organza Bardot Midi Dress",100.0,129.0,22,True,46
2026-08-26,Other,"Extra 15% Off, with code: EXTRA Coast Corsage Satin Pencil Dress",120.0,129.0,7,True,46
2026-08-26,Other,"Extra 15% Off, with code: EXTRA Coast Cold Shoulder Printed Organza Lace Midi Dress",80.0,149.0,46,True,46
2026-08-26,Other,"Extra 15% Off, with code: EXTRA Coast Halterneck Mini Wedding Dress with Statement Bow Back Detail",80.0,119.0,33,True,46
2026-08-26,Other,"Extra 15% Off, with code: EXTRA Coast Coast Muse Textured Sleeveless Midi Dress",45.0,119.0,62,True,46
2026-08-26,Other,"Extra 15% Off, with code: EXTRA Petite Coast Petite Party Sequin Long Sleeve Midi Dress",80.0,199.0,60,True,46
2026-08-26,Other,"Extra 15% Off, with code: EXTRA AX Paris Cream Floral Print Strappy Knot Detail Mesh Midi Dress",34.99,60.0,42,True,46
2026-08-26,Other,AX Paris Multi Floral Print Chiffon Wrap Top Mini Dress,34.99,60.0,42,True,46
2026-08-26,Other,AX Paris Multi Animal Print Tie Neck Shirred Waist Mini Dress,34.99,50.0,30,True,46
2026-08-26,Other,AX Paris Orange Boho Border Print Wrap Top Tiered Mini Dress,32.99,53.0,38,True,46
2026-08-26,Other,AX Paris Multi Floral Print Frill Strap Smock Midi Dress,29.99,60.0,50,True,46
2026-08-26,Other,AX Paris Multi Floral Print Wrap Top Belted Midi Dress,34.99,60.0,42,True,46
2026-08-26,Other,AX Paris Biscuit Ribbed Contrast Detail Knitted Dress,34.99,50.0,30,True,46
2026-08-26,Other,AX Paris Multi Leaf Print Wrap Top Tiered Mini Dress,29.99,53.0,43,True,46
2026-08-26,Other,AX Paris Stone Puff Sleeve Frill Hem Mini Dress,32.99,50.0,34,True,46
2026-08-26,Other,AX Paris Blue Palm Tree Print Bardot Frill Hem Midi Dress,34.99,60.0,42,True,46
2026-08-26,Other,AX Paris Multi Smudge Floral Print Babydoll Tiered Mini Dress,29.99,53.0,43,True,46
2026-08-26,Other,AX Paris Multi Floral Print Frill Hem Button Up Mini Dress,29.99,50.0,40,True,46
2026-08-26,Other,AX Paris Brown Animal Print 2 In 1 Smock Midi Dress,34.99,55.0,36,True,46
2026-08-26,Other,AX Paris Multi Floral Print 2 In 1 Smock Midi Dress,34.99,55.0,36,True,47
2026-08-26,Other,AX Paris Brown Leopard Print Strapless Shirred Waist Midi Dress,32.99,55.0,40,True,47
2026-08-26,Other,AX Paris Multi Smudge Print Racer Neck Bubble Hem Mini Dress,34.99,53.0,34,True,47
2026-08-26,Other,AX Paris Multi Floral Print Wrap Top Skater Mini Dress,29.99,50.0,40,True,47
2026-08-26,Other,AX Paris Multi Animal Print Tie Neck Shirred Top Smock Midi Dress,34.99,60.0,42,True,47
2026-08-26,Other,AX Paris Lime Marble Print Racer Neck Bubble Hem Mini Dress,32.99,50.0,34,True,47
2026-08-26,Other,AX Paris Multi Floral Print Tie Halter Neck Mini Dress,34.99,53.0,34,True,47
2026-08-26,Other,Shop New Season AX Paris Orange Broderie Strappy Shirred Waist Midi Dress,34.99,60.0,42,True,47
2026-08-26,Other,Petite Warehouse Petite Polka Dot Scoop Back Long Sleeve Maxi Dress,55.2,69.0,20,True,47
2026-08-26,Other,"Extra 15% Off, with code: EXTRA Warehouse Premium Hand Embellished V Neck Mini Dress",119.2,149.0,20,True,47
2026-08-26,Other,"Extra 15% Off, with code: EXTRA AX Paris Blue And Cream Beach Print Frill Hem Mini Dress",34.99,55.0,36,True,47
2026-08-26,Other,AX Paris Khaki Abstract Floral Print Flutter Sleeve Midi Dress,34.99,55.0,36,True,47
2026-08-26,NastyGal,NastyGal Chiffon Lace Panelled Embellished Maxi Dress,139.0,139.0,0,False,47
2026-08-26,Other,"Extra 30% Off, with code: EXTRA Warehouse Chiffon Neck Tie Bandeau Ruched Maxi Dress",47.2,59.0,20,True,47
2026-08-26,Other,"Extra 15% Off, with code: EXTRA Plus Coast Plus Placement Print Wrap Front Gown",80.0,139.0,42,True,47
2026-08-26,Other,"Extra 15% Off, with code: EXTRA Coast Pleated Front One Shoulder Gown",119.0,119.0,0,False,47
2026-08-26,Other,"Extra 15% Off, with code: EXTRA Warehouse Plisse Batwing Midi Dress",27.0,69.0,61,True,47
2026-08-26,Other,"Extra 15% Off, with code: EXTRA Coast Muse Sleeveless Bandage Fringed Midi Dress",99.0,99.0,0,False,47
2026-08-26,Other,"Extra 15% Off, with code: EXTRA Coast Corseted Bardot Jacquard Midi Dress",100.0,149.0,33,True,47
2026-08-26,Other,"Extra 15% Off, with code: EXTRA Coast Coast Muse Sequin Embellished Off The Shoulder Midi Dress",139.0,139.0,0,False,47
2026-08-26,Other,"Extra 15% Off, with code: EXTRA Coast Bow Front Short Sleeve Bandage Midi Dress",129.0,129.0,0,False,47
2026-08-26,Other,"Extra 15% Off, with code: EXTRA Coast Poplin Wrap Waisted Gold Button Midi Dress",80.0,119.0,33,True,47
2026-08-26,Other,"Extra 15% Off, with code: EXTRA Coast Short Sleeve Jacquard Mini Dress",80.0,99.0,19,True,47
2026-08-26,Other,"Extra 15% Off, with code: EXTRA Coast Velvet V Neck Fishtail Maxi Bridesmaid Dress",40.0,109.0,63,True,47
2026-08-26,Other,"Extra 15% Off, with code: EXTRA Coast Short Sleeve Crepe Midi Dress With Godets",100.0,119.0,16,True,47
2026-08-26,Other,"Extra 15% Off, with code: EXTRA Coast 3D Flower Trim Lace Midi Dress",70.0,139.0,50,True,47
2026-08-26,Other,"Extra 15% Off, with code: EXTRA Coast Bow One Shoulder Asymmetric Satin Midi Dress",40.0,99.0,60,True,47
2026-08-26,Other,"Extra 15% Off, with code: EXTRA Coast Strapless Sequin Column Wedding Dress",45.0,139.0,68,True,47
2026-08-26,Other,"Extra 15% Off, with code: EXTRA Coast Short Sleeve Flower Sequin Tiered Midaxi Dress",80.0,139.0,42,True,47
2026-08-26,Other,"Extra 15% Off, with code: EXTRA Coast Coast Honoured Beaded and Embellished Cap Sleeve Fishtail Wedding Dress",139.3,199.0,30,True,47
2026-08-26,Other,"Extra 15% Off, with code: EXTRA Coast Coast Honoured Slash Neck Puddle Wedding Dress",125.3,179.0,30,True,47
2026-08-26,Other,"Extra 15% Off, with code: EXTRA Coast Shimmer Chiffon Cowl Back Bridesmaid Maxi Dress",35.0,119.0,71,True,47
2026-08-26,Other,"Extra 15% Off, with code: EXTRA Coast Bow And Drape Detail One Shoulder Satin Wedding Dress",80.0,129.0,38,True,47
2026-08-26,Other,"Extra 15% Off, with code: EXTRA Warehouse Chiffon Ruffle Strappy Mini Dress",44.0,55.0,20,True,47
2026-08-26,Other,"Extra 15% Off, with code: EXTRA Maternity Coast Maternity Pleat Wrap Dress",27.0,119.0,77,True,47
2026-08-26,Other,"Extra 15% Off, with code: EXTRA Plus Coast Plus Lace Midi Dress With Puff Sleeve",50.0,139.0,64,True,47
2026-08-26,Other,"Extra 15% Off, with code: EXTRA Coast Satin Back Crepe Dress With Peplum",22.0,89.0,75,True,47
2026-08-26,Other,"Extra 15% Off, with code: EXTRA Back In Stock PrettyLittleThing Floral Embroidered Frill Maxi Dress",24.5,35.0,30,True,47
2026-08-26,Other,"Extra 10% Off, with code: EXTRA Back In Stock PrettyLittleThing Woven Bandeau Ruched Skater Midaxi Dress",21.0,70.0,70,True,47
2026-08-26,Other,"Extra 10% Off, with code: EXTRA Plus Back In Stock PrettyLittleThing Plus Printed Plisse Cowl Neck Maxi Dress",13.0,32.0,59,True,48
2026-08-26,Other,"Extra 10% Off, with code: EXTRA Back In Stock PrettyLittleThing Abstract Print Chiffon Ruched Drape Midi Dress",22.4,32.0,30,True,48
2026-08-26,Other,"Extra 10% Off, with code: EXTRA Back In Stock PrettyLittleThing Woven Asymmetric Pleated Maxi Dress",35.0,50.0,30,True,48
2026-08-26,Other,"Extra 10% Off, with code: EXTRA Back In Stock PrettyLittleThing Double Layer Slinky Bardot One Shoulder Ruched Maxi Dress",25.2,36.0,30,True,48
2026-08-26,Other,"Extra 10% Off, with code: EXTRA 2 DOUBLE SECOND Chiffon Wrap Dress with Frill Cap Sleeves",60.0,60.0,0,False,48
2026-08-26,Other,FS Collection Floral Wrap Front Flutter Sleeve Midi Dress,36.0,48.0,25,True,48
2026-08-26,Other,FS Collection Polka Dot V-Neck Mini Dress with Shirred Waist,34.5,46.0,25,True,48
2026-08-26,Other,Shop New Season Plus PrettyLittleThing Plus Bandeau Contrast Chiffon Pleated Maxi Dress,45.5,65.0,30,True,48
2026-08-26,Other,"Extra 10% Off, with code: EXTRA Back In Stock PrettyLittleThing Pleated Frill Halterneck Maxi Dress",49.0,70.0,30,True,48
2026-08-26,Other,"Extra 10% Off, with code: EXTRA Back In Stock PrettyLittleThing Double Layer Slinky Halter Neck Tie Back Shift Dress",11.2,16.0,30,True,48
2026-08-26,Other,"Extra 10% Off, with code: EXTRA Shape Back In Stock PrettyLittleThing Shape One Shoulder Ruched Side Maxi Dress",19.6,28.0,30,True,48
2026-08-26,Other,"Extra 10% Off, with code: EXTRA Back In Stock PrettyLittleThing Chiffon Pleated Skirt Panel Bandeau Maxi Dress",15.0,50.0,70,True,48
2026-08-26,Other,"Extra 10% Off, with code: EXTRA Back In Stock PrettyLittleThing Woven Boat Neck Backless Detail Mini Dress",21.0,30.0,30,True,48
2026-08-26,Other,"Extra 10% Off, with code: EXTRA Back In Stock PrettyLittleThing Trim Shift Mini Dress",15.4,22.0,30,True,48
2026-08-26,Other,"Extra 10% Off, with code: EXTRA Petite Back In Stock PrettyLittleThing Petite Stripe V Neck Crochet Strappy Maxi Dress",21.0,30.0,30,True,48
2026-08-26,Other,"Extra 10% Off, with code: EXTRA Back In Stock PrettyLittleThing Seam Detail Mini Dress",21.0,30.0,30,True,48
2026-08-26,Other,"Extra 10% Off, with code: EXTRA PrettyLittleThing Crochet O Ring Mini Beach Dress",21.0,30.0,30,True,48
2026-08-26,Other,"Extra 10% Off, with code: EXTRA Shape PrettyLittleThing Shape Stretch Denim Boat Neck A-line Mini Dress",21.0,30.0,30,True,48
2026-08-26,Other,"Extra 10% Off, with code: EXTRA Back In Stock PrettyLittleThing Floral Jacquard Shift Dress",28.0,40.0,30,True,48
2026-08-26,Other,"Extra 10% Off, with code: EXTRA Back In Stock PrettyLittleThing Printed Bandeau Maxi Dress",16.5,30.0,45,True,48
2026-08-26,Other,"Extra 10% Off, with code: EXTRA PrettyLittleThing Pinstripe Bardot Ruched Shift Dress",9.0,28.0,68,True,48
2026-08-26,Other,"Extra 10% Off, with code: EXTRA STYLEWISE Deep Plunge V-Neckline - Open Back - Mini Dress",28.9,34.0,15,True,48
2026-08-26,Other,Back In Stock PrettyLittleThing Chiffon Trim Detail Mini Dress,14.0,20.0,30,True,48
2026-08-26,Other,"Extra 10% Off, with code: EXTRA PrettyLittleThing Chiffon Oversized Polka Dot Jacquard Cowl Back Maxi Dress",20.0,40.0,50,True,48
2026-08-26,Other,"Extra 10% Off, with code: EXTRA Back In Stock PrettyLittleThing Hip Pleated Shift Dress",18.2,26.0,30,True,48
2026-08-26,Other,"Extra 10% Off, with code: EXTRA Back In Stock PrettyLittleThing Corset Detail Tie Shift Dress",14.0,28.0,50,True,48
2026-08-26,Other,"Extra 10% Off, with code: EXTRA Back In Stock PrettyLittleThing Woven Square Neck Shift Dress",15.0,50.0,70,True,48
2026-08-26,Other,"Extra 10% Off, with code: EXTRA PrettyLittleThing Acetate Slinky Bardot Long Sleeve Maxi Dress",19.6,28.0,30,True,48
2026-08-26,Other,"Extra 10% Off, with code: EXTRA Shape Back In Stock PrettyLittleThing Shape Twist Detail Slinky Maxi Dress",17.5,25.0,30,True,48
2026-08-26,Other,"Extra 10% Off, with code: EXTRA Petite Back In Stock PrettyLittleThing Petite Embroidered Square Neck Fitted Shift Mini Dress",22.4,32.0,30,True,48
2026-08-26,Other,"Extra 10% Off, with code: EXTRA Back In Stock PrettyLittleThing Premium Woven Belt Detail Shift Dress",13.5,45.0,70,True,48
2026-08-26,Other,"Extra 10% Off, with code: EXTRA Back In Stock PrettyLittleThing Sequin Scoop Neck Mini Dress",16.0,32.0,50,True,48
2026-08-26,Other,"Extra 10% Off, with code: EXTRA Back In Stock PrettyLittleThing Scoop Neck Sleeveless Maxi Dress",22.4,32.0,30,True,48
2026-08-26,Other,"Extra 10% Off, with code: EXTRA Plus Yours Ruffle Hem Wrap Dress",30.0,50.0,40,True,48
2026-08-26,Other,5 FS Collection Ditsy Spot Short Sleeve Wrap Midi Dress,36.0,48.0,25,True,48
2026-08-26,Other,Shape PrettyLittleThing Shape Halterneck Plunge V Front Midaxi dress,31.5,45.0,30,True,48
2026-08-26,Other,"Extra 10% Off, with code: EXTRA PrettyLittleThing Floral Print Frill Bandeau Maxi Dress",35.0,50.0,30,True,48
2026-08-26,Other,"Extra 10% Off, with code: EXTRA Hiccup Printed Bodycon Maxi Tulle Dress",27.38,54.41,50,True,48
2026-08-26,Other,Back In Stock PrettyLittleThing Floral Corset A Line Shift Dress,20.5,34.0,40,True,48
2026-08-26,Other,"Extra 10% Off, with code: EXTRA Back In Stock PrettyLittleThing Woven Corset Lace Detail Shift Midi Dress",26.6,38.0,30,True,49
2026-08-26,Other,"Extra 10% Off, with code: EXTRA Back In Stock PrettyLittleThing Stretch Woven Racer Pleated Shift Dress",14.25,26.0,45,True,49
2026-08-26,Other,"Extra 10% Off, with code: EXTRA Back In Stock PrettyLittleThing Plisse High Neck Maxi Dress",20.0,40.0,50,True,49
2026-08-26,Other,"Extra 10% Off, with code: EXTRA Back In Stock PrettyLittleThing Floral Chiffon Frill Plunge Strappy Maxi Dress",10.5,35.0,70,True,49
2026-08-26,Other,"Extra 10% Off, with code: EXTRA FS Collection Smocked Frill Strap Tiered Midi Dress",40.5,54.0,25,True,49
2026-08-26,Other,1 Petite Back In Stock PrettyLittleThing Petite Asymmetric Long Sleeve Bardot Maxi Dress,19.6,28.0,30,True,49
2026-08-26,Other,"Extra 10% Off, with code: EXTRA Shop New Season Petite Back In Stock PrettyLittleThing Petite Scoop Neck Sleeveless Maxi Dress",23.8,34.0,30,True,49
2026-08-26,Other,"Extra 10% Off, with code: EXTRA FS Collection Sparkly V Neck Bridesmaid Maxi Dress",54.0,72.0,25,True,49
2026-08-26,Other,PrettyLittleThing Tailored Peplum Hem Maxi Dress,28.0,40.0,30,True,49
2026-08-26,Other,"Extra 10% Off, with code: EXTRA PrettyLittleThing Satin Cowl Neck Draped Maxi Dress",28.0,40.0,30,True,49
2026-08-26,Other,"Extra 10% Off, with code: EXTRA Plus Back In Stock PrettyLittleThing Plus Satin Off The Shoulder Draped Skirt Midi Dress",26.6,38.0,30,True,49
2026-08-26,Other,"Extra 10% Off, with code: EXTRA Back In Stock PrettyLittleThing Floral Asymmetric Frill Split Maxi Dress",22.0,40.0,45,True,49
2026-08-26,Other,"Extra 10% Off, with code: EXTRA Plus Back In Stock PrettyLittleThing Plus Corset Bardot Draped Midi Dress",25.2,36.0,30,True,49
2026-08-26,Other,"Extra 10% Off, with code: EXTRA Back In Stock PrettyLittleThing Polka Dot Chiffon Halterneck Maxi Dress",31.5,45.0,30,True,49
2026-08-26,Other,"Extra 10% Off, with code: EXTRA Busem Solid Midi Dress with Square Collar",33.21,44.28,25,True,49
2026-08-26,Other,Petite Back In Stock PrettyLittleThing Petite Frill Maxi Dress,45.5,65.0,30,True,49
2026-08-26,Other,"Extra 10% Off, with code: EXTRA Plus PrettyLittleThing Plus Woven Bandeau Ruched Skater Midaxi Dress",38.5,70.0,45,True,49
2026-08-26,Other,"Extra 10% Off, with code: EXTRA Oasis Satin Twist Front Angel Sleeve Midi Bridesmaid Dress",20.0,69.0,71,True,49
2026-08-26,Other,"Extra 15% Off, with code: EXTRA 3 PrettyLittleThing Woven Corset Satin Drape Mini Dress",28.0,40.0,30,True,49
2026-08-26,Other,"Extra 10% Off, with code: EXTRA Bianco Lucci Polka Dot Bodycon Midi Dress",30.69,40.91,25,True,49
2026-08-26,Other,PrettyLittleThing Bandeau Contrast Chiffon Pleated Maxi Dress,45.5,65.0,30,True,49
2026-08-26,Other,"Extra 10% Off, with code: EXTRA Back In Stock PrettyLittleThing Double Layer Plunge Ruched Shoulder Drape Waist Maxi Dress",22.4,32.0,30,True,49
2026-08-26,Other,"Extra 10% Off, with code: EXTRA 2 Back In Stock PrettyLittleThing Chiffon Corset Bandeau Draped Midi Dress",26.6,38.0,30,True,49
2026-08-26,Other,"Extra 10% Off, with code: EXTRA Petite Back In Stock PrettyLittleThing Petite Flower Detail Maxi Dress",31.5,45.0,30,True,49
2026-08-26,Other,"Extra 10% Off, with code: EXTRA Back In Stock PrettyLittleThing Double Layer Slinky Square Halterneck Drape Detail Maxi Dress",22.4,32.0,30,True,49
2026-08-26,Other,"Extra 10% Off, with code: EXTRA FS Collection Polka Dot Jacquard Lace Trim Midi Dress",41.25,55.0,25,True,49
2026-08-26,Other,Back In Stock PrettyLittleThing Tailored Peplum Hem Maxi Dress,28.0,40.0,30,True,49
2026-08-26,Other,"Extra 10% Off, with code: EXTRA Petite Back In Stock PrettyLittleThing Petite Corset Waist Chiffon Drape Sleeve Godet Mini Dress",28.0,40.0,30,True,49
2026-08-26,Other,"Extra 10% Off, with code: EXTRA FS Collection Half Sleeves Jersey Midi Dress with Wrap Neckline",42.0,56.0,25,True,49
2026-08-26,Other,2 Back In Stock PrettyLittleThing Satin Asymmetric Bardot Twist Maxi Dress,18.0,40.0,55,True,49
2026-08-26,Other,"Extra 10% Off, with code: EXTRA Hiccup Patterned Maxi Dress with Heart Collar",30.32,40.42,25,True,49
2026-08-26,Other,Plus Back In Stock PrettyLittleThing Plus Underwire Detail Draped Midi Dress,10.0,38.0,74,True,49
2026-08-26,Other,"Extra 10% Off, with code: EXTRA Plus PrettyLittleThing Plus Satin Frill Layered Maxi Dress",24.5,35.0,30,True,49
2026-08-26,Other,"Extra 10% Off, with code: EXTRA PrettyLittleThing Strappy Linen Look Shirred Detail Maxi Dress",19.6,28.0,30,True,49
2026-08-26,Other,"Extra 10% Off, with code: EXTRA Busem Midi Dress with Square Collar and Button Detail",30.22,40.29,25,True,49
2026-08-26,Other,6 Back In Stock PrettyLittleThing Satin Cowl Neck Drape Maxi Dress,10.5,40.0,74,True,49
2026-08-26,Other,"Extra 10% Off, with code: EXTRA Back In Stock PrettyLittleThing Slinky Off Shoulder Wrap Detail Maxi Dress",15.5,28.0,45,True,49
2026-08-26,Other,"Extra 10% Off, with code: EXTRA DOUBLE SECOND Strappy Frill Wrap Dress",46.0,46.0,0,False,49
2026-08-26,Other,FS Collection V Neck Lace Mini Dress In Ivory White,39.0,52.0,25,True,50
2026-08-26,Other,STYLEWISE Polka Dot Halter Neck Tie Knot Open Back Mini Dress,30.6,36.0,15,True,50
2026-08-26,Other,FS Collection Puff Sleeve Heart Neckline Midi Dress In Black,36.0,48.0,25,True,50
2026-08-26,Other,FS Collection Button-Front Denim Mini Dress with Shirred Waist,41.25,55.0,25,True,50
2026-08-26,Other,DOUBLE SECOND Chiffon Wrap Dress With Tea Sleeve,39.75,53.0,25,True,50
2026-08-26,Other,Back In Stock PrettyLittleThing Textured Tiered Maxi Dress,35.0,50.0,30,True,50
2026-08-26,Other,"Extra 10% Off, with code: EXTRA Petite Oasis Petite Ruffle Jacquard Print Maxi Dress",65.0,75.0,13,True,50
2026-08-26,Other,"Extra 15% Off, with code: EXTRA Shop New Season Goddiva Scuba Crepe Pleated Drop Shoulder Midi Dress",78.0,78.0,0,False,50
2026-08-26,Other,WOVCOR Fringe Hem Sleeveless Bodycon Midi Evening Dress,54.01,112.49,52,True,50
2026-08-26,Other,Back In Stock PrettyLittleThing Floral Embroidered Maxi Dress,28.0,40.0,30,True,50
2026-08-26,Other,"Extra 10% Off, with code: EXTRA FS Collection Puff Sleeve Button-Front Midi Dress",39.0,52.0,25,True,50
2026-08-26,Other,Goddiva Bardot Scuba & Chiffon Cowl Maxi Dress,56.0,70.0,20,True,50
2026-08-26,Other,Back In Stock PrettyLittleThing Halterneck Tie Detail Ruched Midaxi Dress,21.5,70.0,69,True,50
2026-08-26,Other,"Extra 10% Off, with code: EXTRA Busem Belted Midi Dress with Shirt Collar",33.66,44.87,25,True,50
2026-08-26,Other,Back In Stock PrettyLittleThing Mesh Plunge Corset Sleeveless Maxi Dress,42.0,60.0,30,True,50
2026-08-26,Other,"Extra 10% Off, with code: EXTRA Back In Stock PrettyLittleThing Premium Scoop Back Maxi Dress",35.0,50.0,30,True,50
2026-08-26,Other,"Extra 10% Off, with code: EXTRA WOVCOR Woven Maxi Evening Dress With Shawl Detail",34.21,71.24,52,True,50
2026-08-26,Other,1 PrettyLittleThing Shirred Bandeau Bodycon Dress,8.5,28.0,70,True,50
2026-08-26,Other,"Extra 10% Off, with code: EXTRA Back In Stock PrettyLittleThing Printed Mesh Mini Dress",15.4,22.0,30,True,50
2026-08-26,Other,"Extra 10% Off, with code: EXTRA Plus PrettyLittleThing Plus Corset Button Up Bodycon Dress",18.2,26.0,30,True,50
2026-08-26,Other,"Extra 10% Off, with code: EXTRA PrettyLittleThing Twist Shoulder Bodycon Dress",12.0,20.0,40,True,50
2026-08-26,Other,"Extra 10% Off, with code: EXTRA Back In Stock PrettyLittleThing Striped Boat Neck Dress",11.0,22.0,50,True,50
2026-08-26,Other,"Extra 10% Off, with code: EXTRA PrettyLittleThing Satin Asymmetric Lace Mini Dress",8.75,22.0,60,True,50
2026-08-26,Other,"Extra 10% Off, with code: EXTRA Back In Stock PrettyLittleThing Striped Sleeveless Straight Neck Shift Dress",8.0,18.0,56,True,50
2026-08-26,Other,"Extra 10% Off, with code: EXTRA Dorothy Perkins Blue Spot Short Sleeve Keyhole Jersey Midi Dress",12.0,35.0,66,True,50
2026-08-26,Other,"Extra 15% Off, with code: EXTRA Back In Stock PrettyLittleThing Woven Drape Mini Dress",7.5,30.0,75,True,50
2026-08-26,Other,"Extra 10% Off, with code: EXTRA Back In Stock PrettyLittleThing Woven Trim Detail Mini Dress",6.0,24.0,75,True,50
2026-08-26,Other,"Extra 10% Off, with code: EXTRA PrettyLittleThing Soft Touch Jersey Long Sleeve Bodycon Dress",5.5,18.0,69,True,50
2026-08-26,Other,"Extra 10% Off, with code: EXTRA 1 Plus PrettyLittleThing Plus Tie Cinched Detail Shift Maxi Dress",18.0,45.0,60,True,50
2026-08-26,Other,"Extra 10% Off, with code: EXTRA Back In Stock PrettyLittleThing Onion Skin Bandeau Orchid Print Maxi Dress",12.6,18.0,30,True,50
2026-08-26,Other,"Extra 10% Off, with code: EXTRA Back In Stock PrettyLittleThing Broderie Strappy Pleated Shift Dress",12.0,24.0,50,True,50
2026-08-26,Other,"Extra 10% Off, with code: EXTRA PrettyLittleThing Lemon Polka Dot Dropped Waist Midaxi Dress",14.0,45.0,69,True,50
2026-08-26,Other,"Extra 10% Off, with code: EXTRA Petite PrettyLittleThing Petite Polka Dot Chiffon Scarf Detail Ruffle Shift Mini Dress",19.6,28.0,30,True,50
2026-08-26,Other,"Extra 10% Off, with code: EXTRA PrettyLittleThing Sequin Disc Cowl Neck Mini Dress",18.0,36.0,50,True,50
2026-08-26,Other,"Extra 10% Off, with code: EXTRA PrettyLittleThing Printed Bandeau Ruched Detail Maxi Dress",10.5,35.0,70,True,50
2026-08-26,Other,"Extra 10% Off, with code: EXTRA Dorothy Perkins Pink Floral Flutter Sleeve Shirred Waist Midi Dress",18.0,35.0,49,True,50
2026-08-26,Other,"Extra 15% Off, with code: EXTRA Back In Stock PrettyLittleThing Floral Print Chiffon Extreme Cowl Sleeveless Maxi Dress",21.0,30.0,30,True,50
2026-08-26,Other,"Extra 10% Off, with code: EXTRA PrettyLittleThing Floral Printed Satin Shift Dress",9.5,16.0,41,True,50
2026-08-26,Other,"Extra 10% Off, with code: EXTRA Back In Stock PrettyLittleThing Tailored Shirred Frill Shift Dress",6.5,24.0,73,True,50
2026-08-26,boohoo,boohoo Nylon Zip Through Track Top,30.6,34.0,10,True,51
2026-08-26,boohoo,boohoo Double Layer Slinky Square Neck Crop Top,10.2,12.0,15,True,51
2026-08-26,boohoo,boohoo Basic Satin Scoop Neck Cami,11.9,14.0,15,True,51
2026-08-26,boohoo,boohoo Basic Satin Scoop Neck Cami,12.6,14.0,10,True,51
2026-08-26,boohoo,boohoo 3/4 Bengaline Capri Legging,16.2,18.0,10,True,51
2026-08-26,boohoo,boohoo Rib Button Through Long Sleeve Top and Wide Leg Trouser Co-ord,27.9,31.0,10,True,51
2026-08-26,boohoo,boohoo Stripe Rugby Sweatshirt,25.2,28.0,10,True,51
2026-08-26,boohoo,boohoo Tonal Polka Dot Ruched Bodice Maxi Dress,27.0,30.0,10,True,51
2026-08-26,boohoo,Tall boohoo Tall Rib Button Through Long Sleeve Top and Wide Leg Trouser Co-ord,27.0,30.0,10,True,51
