date,brand,product,current_price,original_price,discount_pct,discounted,page
2026-09-25,Other,"Extra 10% Off, with code: EXTRA boohoo Tonal Polka Dot Long Sleeve Mini Dress",14.4,18.0,20,True,1
2026-09-25,Other,"Extra 10% Off, with code: EXTRA boohoo Super Soft Asymmetric Neckline Mini Dress",12.0,15.0,20,True,1
2026-09-25,Other,"Extra 10% Off, with code: EXTRA boohoo Super Soft Long Sleeve Mini Dress",11.2,14.0,20,True,1
2026-09-25,Other,"Extra 10% Off, with code: EXTRA Shop New Season boohoo Basic Supersoft High Neck Ruched Waist Midaxi Dress",20.0,25.0,20,True,1
2026-09-25,Other,"Extra 10% Off, with code: EXTRA boohoo Basic 3/4 Sleeve V Neck Mini Dress",14.4,18.0,20,True,1
2026-09-25,Other,"Extra 10% Off, with code: EXTRA boohoo Tonal Stripe Long Sleeve Maxi Dress",16.0,20.0,20,True,1
2026-09-25,Other,"Extra 10% Off, with code: EXTRA boohoo Basic Asymmetric Neckline Midi Dress",17.6,22.0,20,True,1
2026-09-25,Other,"Extra 10% Off, with code: EXTRA boohoo Super Soft Seam Detail Shoulder Pad Mini Dress",17.6,22.0,20,True,1
2026-09-25,Other,"Extra 10% Off, with code: EXTRA boohoo Basic Supersoft Short Sleeve Skater Dress",16.0,20.0,20,True,1
2026-09-25,Other,"Extra 10% Off, with code: EXTRA boohoo Basic Supersoft Roll Neck Sleeveless Mini Dress",17.6,22.0,20,True,1
2026-09-25,Other,"Extra 10% Off, with code: EXTRA boohoo Basic Supersoft Roll Neck Cap Sleeve Midi Dress",17.6,22.0,20,True,1
2026-09-25,Other,"Extra 10% Off, with code: EXTRA boohoo Corset Detail Mini Dress With Chiffon Cape",32.0,40.0,20,True,1
2026-09-25,Other,"Extra 10% Off, with code: EXTRA boohoo Tonal Animal Long Sleeve Maxi Dress",16.0,20.0,20,True,1
2026-09-25,Other,"Extra 10% Off, with code: EXTRA boohoo Bardot Flared Sleeve Corset Detail Mini Dress",32.0,40.0,20,True,1
2026-09-25,Other,"Extra 10% Off, with code: EXTRA Back In Stock boohoo High Asymmetric Neck Ruched Waist Mini Dress",20.8,26.0,20,True,1
2026-09-25,Other,"Extra 10% Off, with code: EXTRA boohoo Basic Supersoft Square Neck Long Sleeve Maxi Dress",20.0,25.0,20,True,1
2026-09-25,Other,"Extra 10% Off, with code: EXTRA boohoo Super Soft One Shoulder Maxi Dress",20.0,25.0,20,True,1
2026-09-25,Other,"Extra 10% Off, with code: EXTRA boohoo Super Soft 3/4 Sleeve Mini Dress",11.2,14.0,20,True,1
2026-09-25,Other,"Extra 10% Off, with code: EXTRA Sponsored LEMONLUNAR LemonLunar Selena Lace Mini Dress Black",30.0,40.0,25,True,1
2026-09-25,Other,Sponsored LEMONLUNAR The Madison Maxi Dress Brown,71.25,95.0,25,True,1
2026-09-25,Other,Sponsored LEMONLUNAR Celeste Plunge Multiway Maxi Dress Blue,63.75,85.0,25,True,1
2026-09-25,Other,Sponsored LEMONLUNAR The Rosalie Leopard Chainmail Mini Dress,75.0,100.0,25,True,1
2026-09-25,boohoo,boohoo Basic Supersoft Deep V Neck Cap Sleeve Midi Dress,20.0,25.0,20,True,1
2026-09-25,Other,"Extra 10% Off, with code: EXTRA boohoo Bandeau Mini Dress With Satin Drape",30.4,38.0,20,True,1
2026-09-25,Other,"Extra 10% Off, with code: EXTRA boohoo Obi Tie Waist Tailored Blazer Dress",27.2,34.0,20,True,1
2026-09-25,Other,"Extra 10% Off, with code: EXTRA boohoo Tailored High Neck Button Front Mini Dress",32.0,40.0,20,True,1
2026-09-25,Other,"Extra 10% Off, with code: EXTRA boohoo Chiffon Godet Hem Cape Detail Mini Dress",22.4,28.0,20,True,1
2026-09-25,Other,"Extra 10% Off, with code: EXTRA boohoo Floral Asymmetric Ruched Mini Dress",24.0,30.0,20,True,1
2026-09-25,Other,"Extra 10% Off, with code: EXTRA boohoo Long Sleeve Slash Neck Tailored Mini Dress",20.0,25.0,20,True,1
2026-09-25,Other,"Extra 10% Off, with code: EXTRA boohoo Extreme Shoulder Pad Tailored Mini Dress",30.4,38.0,20,True,1
2026-09-25,Other,"Extra 10% Off, with code: EXTRA boohoo Tailored Bandeau Foldover Detail Structured Mini Dress",30.4,38.0,20,True,1
2026-09-25,Other,"Extra 10% Off, with code: EXTRA boohoo Textured Satin Corset Detail Maxi Dress",33.6,42.0,20,True,1
2026-09-25,Other,"Extra 10% Off, with code: EXTRA boohoo Chiffon Ruffle Detail Maxi Dress",36.0,45.0,20,True,1
2026-09-25,Other,"Extra 10% Off, with code: EXTRA boohoo Lace Hem Slip Dress",24.0,30.0,20,True,1
2026-09-25,Other,"Extra 10% Off, with code: EXTRA boohoo Tonal Floral Long Sleeve Maxi Dress",16.0,20.0,20,True,1
2026-09-25,Other,"Extra 10% Off, with code: EXTRA boohoo Chiffon Ruffle Detail Maxi Dress",25.6,32.0,20,True,1
2026-09-25,Other,"Extra 10% Off, with code: EXTRA boohoo Tonal Polka Dot Ruched Bodice Maxi Dress",28.0,35.0,20,True,1
2026-09-25,Other,"Extra 10% Off, with code: EXTRA boohoo Tonal Zebra Corset Detail Mini Dress",25.6,32.0,20,True,1
2026-09-25,Other,"Extra 10% Off, with code: EXTRA boohoo Lace Hem Structured Blazer Dress",36.0,45.0,20,True,1
2026-09-25,Other,"Extra 10% Off, with code: EXTRA boohoo Soft Textured Woven Mini Dress With Cup Detailing",22.4,28.0,20,True,2
2026-09-25,Other,"Extra 10% Off, with code: EXTRA boohoo Premium Bandage Bandeau Mini Dress",32.0,40.0,20,True,2
2026-09-25,Other,"Extra 10% Off, with code: EXTRA boohoo Premium Bandage Lace Trim Mini Dress",32.0,40.0,20,True,2
2026-09-25,Other,"Extra 10% Off, with code: EXTRA Shop New Season boohoo Slash Neck Barell Sleeve Cinched Waist Shift Dress",22.4,28.0,20,True,2
2026-09-25,Other,"Extra 10% Off, with code: EXTRA boohoo Burnout Floral Godet Hem Mini Dress",22.4,28.0,20,True,2
2026-09-25,Other,"Extra 10% Off, with code: EXTRA boohoo Tie Keyhole Shift Dress",17.6,22.0,20,True,2
2026-09-25,Other,"Extra 10% Off, with code: EXTRA boohoo Square Neck Ruched Mesh Midaxi Dress",21.6,27.0,20,True,2
2026-09-25,Other,"Extra 10% Off, with code: EXTRA boohoo Tie Shoulder Square Neck Skater Dress",17.6,22.0,20,True,2
2026-09-25,Other,"Extra 10% Off, with code: EXTRA Plus boohoo Plus lace godet mini skater dress",24.0,30.0,20,True,2
2026-09-25,Other,"Extra 10% Off, with code: EXTRA boohoo Ruched Mesh Bodycon Mini Dress",19.2,24.0,20,True,2
2026-09-25,Other,"Extra 10% Off, with code: EXTRA Petite boohoo Petite Crinkle Skater Shirt Dress",16.0,20.0,20,True,2
2026-09-25,Other,"Extra 10% Off, with code: EXTRA boohoo Cut Out One Shoulder Mesh Midaxi Dress",23.2,29.0,20,True,2
2026-09-25,Other,"Extra 10% Off, with code: EXTRA Back In Stock boohoo Lace Trim Mini Dress",19.2,24.0,20,True,2
2026-09-25,Other,"Extra 10% Off, with code: EXTRA Plus boohoo Plus Textured Tie Detail Maxi Dress",22.4,28.0,20,True,2
2026-09-25,Other,"Extra 10% Off, with code: EXTRA boohoo Ruched High Neck Cap Sleeve Shift Dress",17.6,22.0,20,True,2
2026-09-25,Other,"Extra 10% Off, with code: EXTRA Plus boohoo Plus Cap Sleeve Bengaline Skater Dress",20.0,25.0,20,True,2
2026-09-25,Other,"Extra 10% Off, with code: EXTRA Plus boohoo Plus Long Sleeve Collarless Tailored Mini Dress",28.8,36.0,20,True,2
2026-09-25,Other,"Extra 10% Off, with code: EXTRA Sponsored LEMONLUNAR The Sculpting Mini Dress Black",45.0,60.0,25,True,2
2026-09-25,Other,Sponsored LEMONLUNAR The Nude Lace Corset Dress,48.75,65.0,25,True,2
2026-09-25,Other,Sponsored LEMONLUNAR The Veda Plunge Studded Mesh Mini Dress,60.0,80.0,25,True,2
2026-09-25,Other,Sponsored LEMONLUNAR The Sculpting Mini Dress Burgundy,45.0,60.0,25,True,2
2026-09-25,boohoo,Back In Stock boohoo Polka Dot Trim Detail Halterneck Shift Dress,22.4,28.0,20,True,2
2026-09-25,Other,"Extra 10% Off, with code: EXTRA boohoo Chiffon Flared Sleeve Mini Dress",20.8,26.0,20,True,2
2026-09-25,Other,"Extra 10% Off, with code: EXTRA boohoo Crepe High Neck Pocket Detail Midi Dress",20.0,25.0,20,True,2
2026-09-25,Other,"Extra 10% Off, with code: EXTRA Petite boohoo Petite High Neck Structured Tailored Mini Dress",21.6,27.0,20,True,2
2026-09-25,Other,"Extra 10% Off, with code: EXTRA boohoo Lace High Neck Corset Detail Mini Dress",30.4,38.0,20,True,2
2026-09-25,Other,"Extra 10% Off, with code: EXTRA boohoo Tonal Polka Dot Ruched Bodice Maxi Dress",24.0,30.0,20,True,2
2026-09-25,Other,"Extra 10% Off, with code: EXTRA boohoo Rib Dropped Hem Skater Dress",16.0,20.0,20,True,2
2026-09-25,Other,"Extra 10% Off, with code: EXTRA boohoo Abstract Printed Chiffon Flare Sleeve Mini Dress",20.8,26.0,20,True,2
2026-09-25,Other,"Extra 10% Off, with code: EXTRA boohoo Leopard Mesh Flare Sleeve Mini Dress",20.0,25.0,20,True,2
2026-09-25,Other,"Extra 10% Off, with code: EXTRA Back In Stock boohoo Ruched Twist Detail Mini Dress",24.0,30.0,20,True,2
2026-09-25,Other,"Extra 10% Off, with code: EXTRA boohoo Texture Wrap Tie Front Mini Dress",20.8,26.0,20,True,2
2026-09-25,Other,"Extra 10% Off, with code: EXTRA Back In Stock boohoo Off The Shoulder Mesh Maxi Dress",24.0,30.0,20,True,2
2026-09-25,Other,"Extra 10% Off, with code: EXTRA Back In Stock boohoo Jersey Crepe Pleat Front Belted Midi Dress",17.6,22.0,20,True,2
2026-09-25,Other,"Extra 10% Off, with code: EXTRA boohoo Structured Corset Skater Dress",28.0,35.0,20,True,2
2026-09-25,Other,"Extra 10% Off, with code: EXTRA boohoo Tonal Polka Dot Print Scarf Detail Maxi Dress",22.4,28.0,20,True,2
2026-09-25,Other,"Extra 10% Off, with code: EXTRA boohoo Chiffon Ruffle Strappy Maxi Dress",25.6,32.0,20,True,2
2026-09-25,Other,"Extra 10% Off, with code: EXTRA boohoo Chiffon Layered Ruffle Detail Maxi Dress",24.0,30.0,20,True,2
2026-09-25,Other,"Extra 10% Off, with code: EXTRA boohoo Textured Volume Skirt Midaxi Dress",27.2,34.0,20,True,2
2026-09-25,Other,"Extra 10% Off, with code: EXTRA Plus boohoo Plus Satin Drape Long Sleeve Mini Dress",28.0,35.0,20,True,2
2026-09-25,Other,"Extra 10% Off, with code: EXTRA boohoo Slinky Ruched Wrap Maxi Dress",24.0,30.0,20,True,2
2026-09-25,Other,"Extra 10% Off, with code: EXTRA boohoo Chiffon Ruffle Strappy Maxi Dress",26.4,33.0,20,True,3
2026-09-25,Other,"Extra 10% Off, with code: EXTRA boohoo Bandeau 2 in 1 Maxi Dress",32.0,40.0,20,True,3
2026-09-25,Other,"Extra 10% Off, with code: EXTRA boohoo Square Neck Ruched Mesh Bodycon Dress",16.0,20.0,20,True,3
2026-09-25,Other,"Extra 10% Off, with code: EXTRA Shop New Season Maternity boohoo Maternity Super Soft Short Sleeve Midaxi Dress",12.0,15.0,20,True,3
2026-09-25,Other,"Extra 10% Off, with code: EXTRA Plus Back In Stock boohoo Plus Wrap Front Midi Dress",17.6,22.0,20,True,3
2026-09-25,Other,"Extra 10% Off, with code: EXTRA Plus boohoo Plus Textured Tie Detail Maxi Dress",20.0,25.0,20,True,3
2026-09-25,Other,"Extra 10% Off, with code: EXTRA Petite boohoo Petite Leopard Print Skater Shirt Dress",15.2,19.0,20,True,3
2026-09-25,Other,"Extra 10% Off, with code: EXTRA boohoo Tonal Chiffon Ruffle Detail Backless Maxi Dress",25.6,32.0,20,True,3
2026-09-25,Other,"Extra 10% Off, with code: EXTRA Plus boohoo Plus Lace Sleeve Oversized T-Shirt Dress",16.0,20.0,20,True,3
2026-09-25,Other,"Extra 10% Off, with code: EXTRA boohoo Sheer Hem Sleeveless Maxi Dress",20.0,25.0,20,True,3
2026-09-25,Other,"Extra 10% Off, with code: EXTRA Plus boohoo Plus Polka Dot Chiffon Smock Dress",20.0,25.0,20,True,3
2026-09-25,Other,"Extra 10% Off, with code: EXTRA boohoo Buckle Detail Tie Waist Tailored Blazer Dress",25.6,32.0,20,True,3
2026-09-25,Other,"Extra 10% Off, with code: EXTRA boohoo V Neck Satin Maxi Slip Dress",17.6,22.0,20,True,3
2026-09-25,Other,"Extra 10% Off, with code: EXTRA Petite Back In Stock boohoo Petite Crepe High Neck Pocket Detail Midi Dress",20.0,25.0,20,True,3
2026-09-25,Other,"Extra 10% Off, with code: EXTRA boohoo High Neck Structured Tailored Mini Dress",24.0,30.0,20,True,3
2026-09-25,Other,"Extra 10% Off, with code: EXTRA boohoo Short Sleeve Cinched Waist Denim Dress",25.6,32.0,20,True,3
2026-09-25,Other,"Extra 10% Off, with code: EXTRA Back In Stock boohoo Square Neck Ruched Mesh Midi Bodycon Dress",20.8,26.0,20,True,3
2026-09-25,Other,"Extra 10% Off, with code: EXTRA boohoo Floral Asymmetric Ruched Mini Dress",20.8,26.0,20,True,3
2026-09-25,Other,"Extra 10% Off, with code: EXTRA Sponsored LEMONLUNAR The Salome Sequin Maxi Dress Low Plunge",56.25,75.0,25,True,3
2026-09-25,Other,Sponsored LEMONLUNAR The Sculpting Mini Dress Stretch Seamless Blend Red,45.0,60.0,25,True,3
2026-09-25,Other,Sponsored LEMONLUNAR Shell Mesh Sheer Maxi Dress shell-inspired detailing,56.25,75.0,25,True,3
2026-09-25,Other,Sponsored LEMONLUNAR LemonLunar Ari Sheer Mini Dress Brown,30.0,40.0,25,True,3
2026-09-25,boohoo,Plus boohoo Plus Leopard Floral Ruched Mini Shift Dress,22.4,28.0,20,True,3
2026-09-25,Other,"Extra 10% Off, with code: EXTRA Plus boohoo Plus Abstract Ruched Mini Shift Dress",22.4,28.0,20,True,3
2026-09-25,Other,"Extra 10% Off, with code: EXTRA boohoo Volume Sleeve Fit & Flare Mini Dress",17.6,22.0,20,True,3
2026-09-25,Other,"Extra 10% Off, with code: EXTRA boohoo Basic Slash Neck Super Soft Maxi Dress",14.4,18.0,20,True,3
2026-09-25,Other,"Extra 10% Off, with code: EXTRA boohoo Flare Long Sleeve Mini Dress",28.0,35.0,20,True,3
2026-09-25,Other,"Extra 10% Off, with code: EXTRA Petite boohoo Petite Smudge Print Ruffle Woven Wrap Dress",12.4,15.5,20,True,3
2026-09-25,Other,"Extra 10% Off, with code: EXTRA boohoo Slash Neck Fit & Flare Micro Mini Dress",23.2,29.0,20,True,3
2026-09-25,Other,"Extra 10% Off, with code: EXTRA Plus boohoo Plus Rib Cap Sleeve Ruched Mini Dress",16.0,20.0,20,True,3
2026-09-25,Other,"Extra 10% Off, with code: EXTRA Maternity boohoo Maternity Abstract Ruched Mesh Maxi Dress",22.4,28.0,20,True,3
2026-09-25,Other,"Extra 10% Off, with code: EXTRA boohoo Off The Shoulder Tonal Animal Mesh Maxi Dress",25.6,32.0,20,True,3
2026-09-25,Other,"Extra 10% Off, with code: EXTRA boohoo Tonal Zebra Drape Detail Mini Dress",14.4,18.0,20,True,3
2026-09-25,Other,"Extra 10% Off, with code: EXTRA boohoo Off The Shoulder Wrap Front Mini Dress",20.0,25.0,20,True,3
2026-09-25,Other,"Extra 10% Off, with code: EXTRA Tall boohoo Tall High Neck Structured Tailored Mini Dress",25.6,32.0,20,True,3
2026-09-25,Other,"Extra 10% Off, with code: EXTRA Plus boohoo Plus Wrap Tie Belt Skater Dress",18.4,23.0,20,True,3
2026-09-25,Other,"Extra 10% Off, with code: EXTRA boohoo Asymmetric Drape Tailored Mini Dress",30.4,38.0,20,True,3
2026-09-25,Other,"Extra 10% Off, with code: EXTRA Plus boohoo Plus Short Sleeve Zip Front Denim Dress",25.6,32.0,20,True,3
2026-09-25,Other,"Extra 10% Off, with code: EXTRA boohoo Slash Neck Leopard Super Soft Maxi Dress",14.4,18.0,20,True,3
2026-09-25,Other,"Extra 10% Off, with code: EXTRA Plus boohoo Plus Zebra Print Blouson Sleeve Wrap Dress",24.0,30.0,20,True,3
2026-09-25,Other,"Extra 10% Off, with code: EXTRA Petite boohoo Petite Slinky Ruched Wrap Maxi Dress",24.0,30.0,20,True,3
2026-09-25,Other,"Extra 10% Off, with code: EXTRA Plus boohoo Plus Lace Flared Sleeve Skater Dress",25.6,32.0,20,True,3
2026-09-25,Other,"Extra 10% Off, with code: EXTRA boohoo Long Sleeve Cinched Waist Denim Dress",28.0,35.0,20,True,4
2026-09-25,Other,"Extra 10% Off, with code: EXTRA Plus boohoo Plus Bengaline Corset Long Sleeve Skater Dress",25.6,32.0,20,True,4
2026-09-25,Other,"Extra 10% Off, with code: EXTRA Plus boohoo Plus Floral Chiffon Skater Dress",24.0,30.0,20,True,4
2026-09-25,Other,"Extra 10% Off, with code: EXTRA Shop New Season Plus boohoo Plus Ditsy Balloon Sleeve Milkmaid Maxi Dress",25.6,32.0,20,True,4
2026-09-25,Other,"Extra 10% Off, with code: EXTRA Maternity boohoo Maternity Textured Rib Strappy Side Split Midaxi Dress & Crop Cardigan",22.4,28.0,20,True,4
2026-09-25,Other,"Extra 10% Off, with code: EXTRA Plus boohoo Plus Denim Zip Up Shift Dress",26.4,33.0,20,True,4
2026-09-25,Other,"Extra 10% Off, with code: EXTRA boohoo Leopard Printed Ruched Frill Skirt Mini Dress",24.0,30.0,20,True,4
2026-09-25,Other,"Extra 10% Off, with code: EXTRA Back In Stock boohoo Floral Mesh Wide Cowl Printed Maxi Dress",22.4,28.0,20,True,4
2026-09-25,Other,"Extra 10% Off, with code: EXTRA Plus boohoo Plus Slash Neck Mixed Rose Print Flare Sleeve Mini Dress",22.4,28.0,20,True,4
2026-09-25,Other,"Extra 10% Off, with code: EXTRA boohoo Collared Button Down Oversized Knitted Jumper Dress",17.6,22.0,20,True,4
2026-09-25,Other,"Extra 10% Off, with code: EXTRA Plus boohoo Plus Large Floral Ruched Mini Shift Dress",22.4,28.0,20,True,4
2026-09-25,Other,"Extra 10% Off, with code: EXTRA Plus boohoo Plus Denim Button Pleated Shift Dress",28.8,36.0,20,True,4
2026-09-25,Other,"Extra 10% Off, with code: EXTRA boohoo Bengaline Gold Trim High Neck Mini Dress",20.0,25.0,20,True,4
2026-09-25,Other,"Extra 10% Off, with code: EXTRA Back In Stock boohoo Leopard Print Short Sleeve Denim Dress",28.0,35.0,20,True,4
2026-09-25,Other,"Extra 10% Off, with code: EXTRA boohoo Polka Dot Full Skirt Mini Dress",20.0,25.0,20,True,4
2026-09-25,Other,"Extra 10% Off, with code: EXTRA boohoo Square Neck Ruched Mesh Bodycon Dress",19.2,24.0,20,True,4
2026-09-25,Other,"Extra 10% Off, with code: EXTRA Plus Back In Stock boohoo Plus Zebra Mesh Asymmetric Maxi Dress",28.0,35.0,20,True,4
2026-09-25,Other,"Extra 10% Off, with code: EXTRA Maternity Back In Stock boohoo Maternity Crew Neck Jumper Midi Dress",14.4,18.0,20,True,4
2026-09-25,Other,"Extra 10% Off, with code: EXTRA boohoo Ruffle Chiffon Maxi Dress",35.2,44.0,20,True,4
2026-09-25,Other,"Extra 10% Off, with code: EXTRA Sponsored LEMONLUNAR LemonLunar Sculpt Seamless Mini Dress Light Grey",45.0,60.0,25,True,4
2026-09-25,Other,Sponsored LEMONLUNAR The Melina Lace Maxi Dress,52.5,70.0,25,True,4
2026-09-25,Other,Sponsored LEMONLUNAR LemonLunar Sculpt Seamless Mini Dress Brown,45.0,60.0,25,True,4
2026-09-25,Other,Sponsored LEMONLUNAR The Virelle Plunge Maxi Dress - Butter Yellow,63.75,85.0,25,True,4
2026-09-25,boohoo,Plus boohoo Plus Woven Floral Milkmaid Skater Dress,29.6,37.0,20,True,4
2026-09-25,Other,"Extra 10% Off, with code: EXTRA boohoo Cowl Long Sleeve Mini Dress",26.4,33.0,20,True,4
2026-09-25,Other,"Extra 10% Off, with code: EXTRA boohoo Ruched Mesh Bodycon Mini Dress",17.6,22.0,20,True,4
2026-09-25,Other,"Extra 10% Off, with code: EXTRA boohoo Polka Dot Tailored Blazer Dress",28.8,36.0,20,True,4
2026-09-25,Other,"Extra 10% Off, with code: EXTRA boohoo Tonal Polka Dot Asym Neckline Maxi Dress",24.0,30.0,20,True,4
2026-09-25,Other,"Extra 10% Off, with code: EXTRA boohoo Chiffon Flared Sleeve Mini Dress",19.2,24.0,20,True,4
2026-09-25,Other,"Extra 10% Off, with code: EXTRA boohoo Floral Chiffon Skater Dress",25.6,32.0,20,True,4
2026-09-25,Other,"Extra 10% Off, with code: EXTRA Petite boohoo Petite Slinky Scoop Neck Long Sleeve Maxi Dress",15.2,19.0,20,True,4
2026-09-25,Other,"Extra 10% Off, with code: EXTRA Plus boohoo Plus Crinkle Textured Flippy Skater Dress",22.4,28.0,20,True,4
2026-09-25,Other,"Extra 10% Off, with code: EXTRA boohoo Floral Ruched Sweetheart Pleated Skater Dress",20.0,25.0,20,True,4
2026-09-25,Other,"Extra 10% Off, with code: EXTRA Maternity boohoo Maternity Double Slinky Bardot Ruched Midi Dress",22.4,28.0,20,True,4
2026-09-25,Other,"Extra 10% Off, with code: EXTRA Maternity boohoo Maternity Button Down Knitted Midi Dress",17.6,22.0,20,True,4
2026-09-25,Other,"Extra 10% Off, with code: EXTRA boohoo Long Sleeve Denim Dress",25.6,32.0,20,True,4
2026-09-25,Other,"Extra 10% Off, with code: EXTRA Plus boohoo Plus Burnout Milkmaid Midi Dress",19.2,24.0,20,True,4
2026-09-25,Other,"Extra 10% Off, with code: EXTRA boohoo Bengaline Gold Button Trim Cap sleeve Shift Dress",20.0,25.0,20,True,4
2026-09-25,Other,"Extra 10% Off, with code: EXTRA Maternity boohoo Maternity Slash Neck Midaxi Dress",18.4,23.0,20,True,4
2026-09-25,Other,"Extra 10% Off, with code: EXTRA Petite boohoo Petite Bandeau 2 in 1 Maxi Dress",32.0,40.0,20,True,4
2026-09-25,Other,"Extra 10% Off, with code: EXTRA boohoo Tonal Check Mini Dress",20.8,26.0,20,True,4
2026-09-25,Other,"Extra 10% Off, with code: EXTRA boohoo Large Scale Floral Ruched Bodice Maxi Dress",24.0,30.0,20,True,4
2026-09-25,Other,"Extra 10% Off, with code: EXTRA boohoo Bengaline Bandeau With Polka Dot Printed Mesh Hem",20.0,25.0,20,True,4
2026-09-25,Other,"Extra 10% Off, with code: EXTRA boohoo Square Neck Ruched Mesh Midaxi Dress",20.0,25.0,20,True,5
2026-09-25,Other,"Extra 10% Off, with code: EXTRA boohoo Tonal Floral Square Neck Ruched Mesh Midaxi Dress",20.8,26.0,20,True,5
2026-09-25,Other,"Extra 10% Off, with code: EXTRA Tall boohoo Tall Bengaline Gold Button Trim Cap Sleeve Shift Dress",20.0,25.0,20,True,5
2026-09-25,Other,"Extra 10% Off, with code: EXTRA Shop New Season Maternity boohoo Emily Shak Maternity Slinky Off The Shoulder Long Sleeve Ruched Midaxi Dress",20.8,26.0,20,True,5
2026-09-25,Other,"Extra 10% Off, with code: EXTRA boohoo Tailored Sleeveless Asymmetric Button Down Mini Dress",28.0,35.0,20,True,5
2026-09-25,Other,"Extra 10% Off, with code: EXTRA boohoo Bengaline Halterneck Pleated Skater Dress",17.6,22.0,20,True,5
2026-09-25,Other,"Extra 10% Off, with code: EXTRA boohoo Long Sleeve Wrap Maxi Dress",24.0,30.0,20,True,5
2026-09-25,Other,"Extra 10% Off, with code: EXTRA Plus boohoo Plus Floral Ruched Mesh Maxi Dress",25.6,32.0,20,True,5
2026-09-25,Other,"Extra 10% Off, with code: EXTRA Plus Back In Stock boohoo Plus Textured Tie Detail Maxi Dress",20.8,26.0,20,True,5
2026-09-25,Other,"Extra 10% Off, with code: EXTRA boohoo Bardot Blazer Dress",29.6,37.0,20,True,5
2026-09-25,Other,"Extra 10% Off, with code: EXTRA boohoo Bengaline Square Neck Skater Dress",24.0,30.0,20,True,5
2026-09-25,Other,"Extra 10% Off, with code: EXTRA boohoo Bengaline Ruched Bust Dropped Waist Midi Dress",20.8,26.0,20,True,5
2026-09-25,Other,"Extra 10% Off, with code: EXTRA Plus Back In Stock boohoo Plus Double Layer Ruched Maxi Dress",29.6,37.0,20,True,5
2026-09-25,Other,"Extra 10% Off, with code: EXTRA Plus boohoo Plus Polka Dot Maxi Dress",30.4,38.0,20,True,5
2026-09-25,Other,"Extra 10% Off, with code: EXTRA boohoo Leather Look Mock Croc Bandeau Mini Dress",28.0,35.0,20,True,5
2026-09-25,Other,"Extra 10% Off, with code: EXTRA Plus boohoo Plus Leopard Chiffon Smock Dress",22.4,28.0,20,True,5
2026-09-25,Other,"Extra 10% Off, with code: EXTRA boohoo Burnout Ruffle Strap Slip Dress",22.4,28.0,20,True,5
2026-09-25,Other,"Extra 10% Off, with code: EXTRA boohoo Tonal Polka Dot Chiffon Ruffle Maxi Dress",28.0,35.0,20,True,5
2026-09-25,Other,"Extra 10% Off, with code: EXTRA Plus boohoo Plus Size Button Down Mini Skater Dress",20.0,25.0,20,True,5
2026-09-25,Other,"Extra 10% Off, with code: EXTRA Plus boohoo Plus Pleated Skirt Skater Dress",22.4,28.0,20,True,5
2026-09-25,Other,"Extra 10% Off, with code: EXTRA Plus boohoo Plus Mixed Animal Crinkle Chiffon Milkmaid Maxi Dress",32.0,40.0,20,True,5
2026-09-25,Other,"Extra 10% Off, with code: EXTRA Plus boohoo Plus Textured Chiffon Leopard Godet Hem Mini Dress",22.4,28.0,20,True,5
2026-09-25,Other,"Extra 10% Off, with code: EXTRA Plus boohoo Plus Lace Detail Midaxi T-Shirt Dress",17.6,22.0,20,True,5
2026-09-25,Other,"Extra 10% Off, with code: EXTRA boohoo Ruffle Angel Sleeve Midaxi Dress",24.0,30.0,20,True,5
2026-09-25,Other,"Extra 10% Off, with code: EXTRA Plus Back In Stock boohoo Plus Tailored Pleated Skater Blazer Dress",30.4,38.0,20,True,5
2026-09-25,Other,"Extra 10% Off, with code: EXTRA boohoo Soft Touch Ruched Waist Maxi Dress",24.0,30.0,20,True,5
2026-09-25,Other,"Extra 10% Off, with code: EXTRA boohoo Dropped Waist Pleated Mini Dress",28.0,35.0,20,True,5
2026-09-25,Other,"Extra 10% Off, with code: EXTRA Tall boohoo Tall Bardot Fitted Blazer Dress",30.4,38.0,20,True,5
2026-09-25,Other,"Extra 10% Off, with code: EXTRA Plus boohoo Plus Textured Volume Skirt Midaxi Dress",24.0,30.0,20,True,5
2026-09-25,Other,"Extra 10% Off, with code: EXTRA boohoo Satin Slip Column Maxi Dress",22.4,28.0,20,True,5
2026-09-25,Other,"Extra 10% Off, with code: EXTRA boohoo Bengaline Square Neck Gathered Waist Skater Dress",19.2,24.0,20,True,5
2026-09-25,Other,"Extra 10% Off, with code: EXTRA Plus boohoo Plus Polka Dot Volume Sleeve Satin Midaxi Dress",22.4,28.0,20,True,5
2026-09-25,Other,"Extra 10% Off, with code: EXTRA boohoo Obi Tie Waist Tailored Blazer Dress",30.4,38.0,20,True,5
2026-09-25,Other,"Extra 10% Off, with code: EXTRA boohoo Tonal Floral Textured Chiffon Maxi Dress",24.0,30.0,20,True,5
2026-09-25,Other,"Extra 10% Off, with code: EXTRA Back In Stock boohoo Sheer Hem Sleeveless Maxi Dress",20.0,25.0,20,True,5
2026-09-25,Other,"Extra 10% Off, with code: EXTRA Plus boohoo Plus Ruffle Detail Maxi Dress",28.0,35.0,20,True,5
2026-09-25,Other,"Extra 10% Off, with code: EXTRA Maternity boohoo Maternity Slash Neck Midaxi Dress",20.0,25.0,20,True,5
2026-09-25,Other,"Extra 10% Off, with code: EXTRA boohoo Chiffon Plunge Front Floral Tiered Maxi Dress",30.4,38.0,20,True,6
2026-09-25,Other,"Extra 10% Off, with code: EXTRA boohoo Blurred Floral Printed Mesh Flare Sleeve Mini Dress",25.6,32.0,20,True,6
2026-09-25,Other,"Extra 10% Off, with code: EXTRA boohoo Tonal Floral Mesh Cowl Neck Maxi Dress",22.4,28.0,20,True,6
2026-09-25,Other,"Extra 10% Off, with code: EXTRA Shop New Season Tall boohoo Tall Satin Drape Long Sleeve Mini Dress",32.0,40.0,20,True,6
2026-09-25,Other,"Extra 10% Off, with code: EXTRA boohoo Abstract Mesh Flare Sleeve Mini Dress",20.0,25.0,20,True,6
2026-09-25,Other,"Extra 10% Off, with code: EXTRA Plus boohoo Plus Angel Sleeve Midaxi Dress",24.0,30.0,20,True,6
2026-09-25,Other,"Extra 10% Off, with code: EXTRA Plus Back In Stock boohoo Plus Textured Tie Detail Maxi Dress",20.0,25.0,20,True,6
2026-09-25,Other,"Extra 10% Off, with code: EXTRA boohoo Long Sleeve Slash Neck Tailored Mini Dress",18.4,23.0,20,True,6
2026-09-25,Other,"Extra 10% Off, with code: EXTRA Back In Stock boohoo Lace Baby Doll Flare Sleeve Mini Dress",28.0,35.0,20,True,6
2026-09-25,Other,"Extra 10% Off, with code: EXTRA boohoo Polka Dot Cowl Cami Slip Dress",24.0,30.0,20,True,6
2026-09-25,Other,"Extra 10% Off, with code: EXTRA boohoo Floral Dobby Floral Frill Maxi Dress",28.8,36.0,20,True,6
2026-09-25,Other,"Extra 10% Off, with code: EXTRA boohoo Tonal Floral Chiffon Ruffle Maxi Dress",28.0,35.0,20,True,6
2026-09-25,Other,"Extra 10% Off, with code: EXTRA Petite boohoo Petite Dobby Textured High Neck Shift Dress",17.6,22.0,20,True,6
2026-09-25,Other,"Extra 10% Off, with code: EXTRA Back In Stock boohoo V Neck Satin Maxi Slip Dress",20.0,25.0,20,True,6
2026-09-25,Other,"Extra 10% Off, with code: EXTRA boohoo Mixed Rib and Lace Insert Flare Sleeve Mini Dress",25.6,32.0,20,True,6
2026-09-25,Other,"Extra 10% Off, with code: EXTRA Plus boohoo Plus Double Layer Ruched Plunge Batwing Maxi Dress",26.4,33.0,20,True,6
2026-09-25,Other,"Extra 10% Off, with code: EXTRA Plus boohoo Plus Lace Corset Long Sleeve Drape Mini Dress",30.4,38.0,20,True,6
2026-09-25,Other,"Extra 10% Off, with code: EXTRA Plus boohoo Plus Soft Ruched Long Sleeve Maxi Dress",22.4,28.0,20,True,6
2026-09-25,Other,"Extra 10% Off, with code: EXTRA boohoo Lace Detail Midaxi T-shirt Dress",20.0,25.0,20,True,6
2026-09-25,Other,"Extra 10% Off, with code: EXTRA Back In Stock boohoo Floral Long Sleeve Slip Dress",22.4,28.0,20,True,6
2026-09-25,Other,"Extra 10% Off, with code: EXTRA boohoo Cotton Poplin Ultimate Oversized Shirt Dress",21.6,27.0,20,True,6
2026-09-25,Other,"Extra 10% Off, with code: EXTRA Maternity boohoo Maternity Mesh Maxi Dress",20.8,26.0,20,True,6
2026-09-25,Other,"Extra 10% Off, with code: EXTRA boohoo Floral Chiffon Plunge Ruffle Midaxi Dress",24.0,30.0,20,True,6
2026-09-25,Other,"Extra 10% Off, with code: EXTRA Petite Back In Stock boohoo Petite Lace Detail Midaxi T-Shirt Dress",20.0,25.0,20,True,6
2026-09-25,Other,"Extra 10% Off, with code: EXTRA boohoo Gold Trim Wrap Detail Tailored Mini Dress",32.0,40.0,20,True,6
2026-09-25,Other,"Extra 10% Off, with code: EXTRA Back In Stock boohoo Slinky Twist Detail Maxi Dress",23.2,29.0,20,True,6
2026-09-25,Other,"Extra 10% Off, with code: EXTRA Maternity boohoo Maternity Mesh Ruched Cowl Maxi Dress",20.8,26.0,20,True,6
2026-09-25,Other,"Extra 10% Off, with code: EXTRA boohoo Faux Suede Pleated Hem Mini Dress",25.6,32.0,20,True,6
2026-09-25,Other,"Extra 10% Off, with code: EXTRA boohoo Floral Chiffon Ruffle Maxi Dress",22.4,28.0,20,True,6
2026-09-25,Other,"Extra 10% Off, with code: EXTRA Maternity boohoo Maternity Double Slinky Bardot Long Sleeve Maxi Dress",25.6,32.0,20,True,6
2026-09-25,Other,"Extra 10% Off, with code: EXTRA boohoo Floral Mesh Wide Cowl Printed Maxi Dress",25.6,32.0,20,True,6
2026-09-25,Other,"Extra 10% Off, with code: EXTRA boohoo Textured Volume Skirt Midaxi Dress",22.4,28.0,20,True,6
2026-09-25,Other,"Extra 10% Off, with code: EXTRA boohoo Soft Knit Button Through Midi Knitted Dress",22.4,28.0,20,True,6
2026-09-25,Other,"Extra 10% Off, with code: EXTRA Tall boohoo Tall Textured Volume Skirt Midaxi Dress",25.6,32.0,20,True,6
2026-09-25,Other,"Extra 10% Off, with code: EXTRA Plus boohoo Plus Floral Chiffon Ruched Blouson Sleeve Maxi Dress",28.0,35.0,20,True,6
2026-09-25,Other,"Extra 10% Off, with code: EXTRA Tall boohoo Tall Slinky Ruched Wrap Maxi Dress",24.0,30.0,20,True,6
2026-09-25,Other,"Extra 10% Off, with code: EXTRA boohoo Chiffon Ruffle Polka Dot Strappy Maxi Dress",30.4,38.0,20,True,6
2026-09-25,Other,"Extra 10% Off, with code: EXTRA boohoo Tonal Floral Chiffon Ruffle Detail Maxi Dress",28.0,35.0,20,True,7
2026-09-25,Other,"Extra 10% Off, with code: EXTRA boohoo Bandeau Peplum Chiffon Mix Maxi Dress",33.6,42.0,20,True,7
2026-09-25,Other,"Extra 10% Off, with code: EXTRA Shop New Season Tall boohoo Tall Cape Sleeve Midi Bodycon Dress",25.6,32.0,20,True,7
2026-09-25,Other,"Extra 10% Off, with code: EXTRA Petite boohoo Petite Soft Knit Oversized Knitted Zip Neck Jumper Dress",17.6,22.0,20,True,7
2026-09-25,Other,"Extra 10% Off, with code: EXTRA Plus boohoo Plus Chiffon Puff Sleeve Ruffle Maxi Dress",28.0,35.0,20,True,7
2026-09-25,Other,"Extra 10% Off, with code: EXTRA boohoo Burnout Floral Angel Sleeve Midaxi Dress",30.4,38.0,20,True,7
2026-09-25,Other,"Extra 10% Off, with code: EXTRA boohoo Lace One Shoulder Midaxi Dress",18.4,23.0,20,True,7
2026-09-25,Other,"Extra 10% Off, with code: EXTRA Petite boohoo Petite Bias Cut Angel Sleeve Maxi Dress",28.0,35.0,20,True,7
2026-09-25,Other,"Extra 10% Off, with code: EXTRA boohoo Textured Volume Skirt Midaxi Dress",24.0,30.0,20,True,7
2026-09-25,Other,"Extra 10% Off, with code: EXTRA boohoo Burnout Floral Angel Sleeve Midaxi Dress",28.0,35.0,20,True,7
2026-09-25,Other,"Extra 10% Off, with code: EXTRA boohoo Crepe Asym Neck Drape Midi Dress",22.4,28.0,20,True,7
2026-09-25,Other,"Extra 10% Off, with code: EXTRA Plus boohoo Plus Chiffon Layered Plunge Front Maxi Dress",32.0,40.0,20,True,7
2026-09-25,Other,"Extra 10% Off, with code: EXTRA Back In Stock boohoo Cape Drape Detail Midaxi T-shirt Dress",20.0,25.0,20,True,7
2026-09-25,Other,"Extra 10% Off, with code: EXTRA Maternity boohoo Maternity Bardot Ruched Flare Sleeve Maxi Dress",22.4,28.0,20,True,7
2026-09-25,Other,"Extra 10% Off, with code: EXTRA boohoo Chiffon Ruched Full Skirt Maxi Dress",32.0,40.0,20,True,7
2026-09-25,Other,"Extra 10% Off, with code: EXTRA boohoo Burnout Floral Asym Neck Maxi Dress",30.4,38.0,20,True,7
2026-09-25,Other,"Extra 10% Off, with code: EXTRA boohoo High Neck Button Detail Tailored Blazer Dress",36.0,45.0,20,True,7
2026-09-25,Other,"Extra 10% Off, with code: EXTRA Tall boohoo Tall Floral Chiffon Volume Sleeve Maxi dress",28.0,35.0,20,True,7
2026-09-25,Other,"Extra 10% Off, with code: EXTRA boohoo Chiffon Ruffle Tonal Zebra Strappy Maxi Dress",30.4,38.0,20,True,7
2026-09-25,Other,"Extra 10% Off, with code: EXTRA boohoo Halterneck Backless Chiffon Skirt Maxi Dress",28.0,35.0,20,True,7
2026-09-25,Other,"Extra 10% Off, with code: EXTRA Plus boohoo Plus Ruched Bodice Asym Neck Maxi Dress",28.0,35.0,20,True,7
2026-09-25,Other,"Extra 10% Off, with code: EXTRA Plus boohoo Plus Chiffon Layered Plunge Front Maxi Dress",30.4,38.0,20,True,7
2026-09-25,Other,"Extra 10% Off, with code: EXTRA Plus boohoo Plus Burnout Angel Sleeve Midaxi Dress",28.0,35.0,20,True,7
2026-09-25,Other,"Extra 10% Off, with code: EXTRA Tall boohoo Tall Textured Cut Out Maxi Dress",36.0,45.0,20,True,7
2026-09-25,Other,"Extra 10% Off, with code: EXTRA Petite boohoo Petite Collared Button Down Oversized Knitted Jumper Dress",17.6,22.0,20,True,7
2026-09-25,Other,"Extra 10% Off, with code: EXTRA Tall boohoo Tall Long Sleeve Denim Dress",28.0,35.0,20,True,7
2026-09-25,Other,"Extra 10% Off, with code: EXTRA Tall boohoo Tall Grown On Neck Trim Hem Shift",40.0,50.0,20,True,7
2026-09-25,Other,"Extra 10% Off, with code: EXTRA boohoo Slinky Keyhole Hook And Eye Maxi Dress",20.0,25.0,20,True,7
2026-09-25,Other,"Extra 10% Off, with code: EXTRA boohoo Burnout Floral Angel Sleeve Midaxi Dress",28.8,36.0,20,True,7
2026-09-25,Other,"Extra 10% Off, with code: EXTRA boohoo Chiffon Cape Detail Corset Mini Dress",36.0,45.0,20,True,7
2026-09-25,Other,"Extra 10% Off, with code: EXTRA boohoo Tailored Pleated Hem Structured Mini Dress",32.0,40.0,20,True,7
2026-09-25,Other,"Extra 10% Off, with code: EXTRA Plus Back In Stock boohoo Plus Pearl Embellished Blazer Dress",44.0,55.0,20,True,7
2026-09-25,Other,"Extra 10% Off, with code: EXTRA boohoo Barrell Sleeve Concealed Button Blazer Dress",33.6,42.0,20,True,7
2026-09-25,Other,"Extra 10% Off, with code: EXTRA SALE boohoo Crochet A-Line Maxi Dress",13.0,28.0,54,True,7
2026-09-25,Other,"Extra 10% Off, with code: EXTRA Maternity boohoo Maternity Super Soft Short Sleeve Midaxi Dress",12.0,15.0,20,True,8
2026-09-25,Other,"Extra 10% Off, with code: EXTRA Plus boohoo Plus Zebra Wrap Ruffle Skater Dress",14.4,18.0,20,True,8
2026-09-25,Other,"Extra 10% Off, with code: EXTRA SALE boohoo Tailored Cinched Waist Button Down Blazer Dress",16.0,45.0,64,True,8
2026-09-25,Other,"Extra 10% Off, with code: EXTRA Shop New Season Tall boohoo Tall Mesh Square Neck Ruched Mini Dress",17.6,22.0,20,True,8
2026-09-25,Other,"Extra 10% Off, with code: EXTRA Tall SALE boohoo Tall Stripe Long Sleeve Knitted Mini Dress",9.0,28.0,68,True,8
2026-09-25,Other,"Extra 10% Off, with code: EXTRA boohoo Long Sleeve Square Neck Full Skirt Mini Dress",24.0,30.0,20,True,8
2026-09-25,Other,"Extra 10% Off, with code: EXTRA Plus boohoo Plus Floral Chiffon Godet Skater",20.0,25.0,20,True,8
2026-09-25,Other,"Extra 10% Off, with code: EXTRA boohoo Ruched Tailored A-Line Dress",23.2,29.0,20,True,8
2026-09-25,Other,"Extra 10% Off, with code: EXTRA SALE boohoo Leopard Mesh Square Neck Ruched Mini Dress",14.0,24.0,42,True,8
2026-09-25,Other,"Extra 10% Off, with code: EXTRA Plus SALE boohoo Plus Woven Leopard Wrap Midi Dress",11.0,28.0,61,True,8
2026-09-25,Other,"Extra 10% Off, with code: EXTRA Plus boohoo Plus Woven Stretch Corset Detail Short Sleeve Floaty Mini Dress",19.2,24.0,20,True,8
2026-09-25,Other,"Extra 10% Off, with code: EXTRA SALE boohoo Tailored Structured Cinched Waist Blazer Dress",14.0,45.0,69,True,8
2026-09-25,Other,"Extra 10% Off, with code: EXTRA Plus boohoo Plus Polka Dot Godet Hem Mini Dress",20.0,25.0,20,True,8
2026-09-25,Other,"Extra 10% Off, with code: EXTRA boohoo Hammered Blouson Sleeve Mini Dress",20.8,26.0,20,True,8
2026-09-25,Other,"Extra 10% Off, with code: EXTRA Plus SALE boohoo Plus Textured Satin Collared Dress",14.0,40.0,65,True,8
2026-09-25,Other,"Extra 10% Off, with code: EXTRA boohoo Ruched Mesh Sleeveless Midi Dress",17.6,22.0,20,True,8
2026-09-25,Other,"Extra 10% Off, with code: EXTRA Back In Stock boohoo Tonal Zebra Printed Puddle Hem Maxi Dress",22.4,28.0,20,True,8
2026-09-25,Other,"Extra 10% Off, with code: EXTRA Plus boohoo Plus Wrap Front Shirt Dress",20.8,26.0,20,True,8
2026-09-25,Other,"Extra 10% Off, with code: EXTRA boohoo Ruched Waist Flared Sleeve Mini Dress",20.0,25.0,20,True,8
2026-09-25,Other,"Extra 10% Off, with code: EXTRA Tall SALE boohoo Tall Long Sleeve Collarless Tailored Mini Dress",15.0,42.0,64,True,8
2026-09-25,Other,"Extra 10% Off, with code: EXTRA Plus boohoo Plus Super Soft Floaty Sleeve Skater Dress",17.6,22.0,20,True,8
2026-09-25,Other,"Extra 10% Off, with code: EXTRA SALE boohoo Wrap Drape Front Tailored Blazer Dress",11.0,32.0,66,True,8
2026-09-25,Other,"Extra 10% Off, with code: EXTRA Plus boohoo Plus Mono Print Midi Smock Dress",16.8,21.0,20,True,8
2026-09-25,Other,"Extra 10% Off, with code: EXTRA boohoo Slash Neck Animal Super Soft Maxi Dress",14.4,18.0,20,True,8
2026-09-25,Other,"Extra 10% Off, with code: EXTRA boohoo Marble Print Abstract Super Soft Maxi Dress",14.4,18.0,20,True,8
2026-09-25,Other,"Extra 10% Off, with code: EXTRA boohoo Trim Detail T-Shirt Dress",17.6,22.0,20,True,8
2026-09-25,Other,"Extra 10% Off, with code: EXTRA Maternity boohoo Maternity Blurred Floral Print Mesh Ruched Detail Long Sleeve Midaxi Dress",22.4,28.0,20,True,8
2026-09-25,Other,"Extra 10% Off, with code: EXTRA boohoo Slash Neck Bubble Hem Mini Dress",17.6,22.0,20,True,8
2026-09-25,Other,"Extra 10% Off, with code: EXTRA Tall boohoo Tall Crew Neck Flared Sleeve Knitted Mini Dress",16.0,20.0,20,True,8
2026-09-25,Other,"Extra 10% Off, with code: EXTRA Plus boohoo Plus Hammered Twist Front Shift Dress",16.0,20.0,20,True,8
2026-09-25,Other,"Extra 10% Off, with code: EXTRA boohoo Shoulder Pad Detail Ruched Waist Mini Dress",17.6,22.0,20,True,8
2026-09-25,Other,"Extra 10% Off, with code: EXTRA Plus boohoo Plus Rib Wrap Mini Dress",16.8,21.0,20,True,8
2026-09-25,Other,"Extra 10% Off, with code: EXTRA boohoo Tailored A-line Mini Dress",20.8,26.0,20,True,8
2026-09-25,Other,"Extra 10% Off, with code: EXTRA boohoo Double Layer Slinky Drape Front Cold Shoulder Maxi Dress",22.4,28.0,20,True,8
2026-09-25,Other,"Extra 10% Off, with code: EXTRA boohoo Bengaline Plunge Shift Mini Dress",20.0,25.0,20,True,8
2026-09-25,Other,"Extra 10% Off, with code: EXTRA Tall boohoo Tall Lace Detail Midaxi T-shirt Dress",17.6,22.0,20,True,8
2026-09-25,Other,"Extra 10% Off, with code: EXTRA boohoo Floral Flared Sleeve Mesh Mini Dress",22.4,28.0,20,True,8
2026-09-25,Other,"Extra 10% Off, with code: EXTRA Plus boohoo Plus Chiffon Leopard Print Wrap Midaxi Dress",28.0,35.0,20,True,8
2026-09-25,Other,"Extra 10% Off, with code: EXTRA Back In Stock boohoo Basic Rib Racer Neck Maxi",12.0,15.0,20,True,8
2026-09-25,Other,"Extra 10% Off, with code: EXTRA Tall boohoo Tall Burnout Floral Ruffle Skater Dress",22.4,28.0,20,True,9
2026-09-25,Other,"Extra 10% Off, with code: EXTRA Tall boohoo Tall Burnout Floral Godet Hem Mini Dress",22.4,28.0,20,True,9
2026-09-25,Other,"Extra 10% Off, with code: EXTRA boohoo Polka Dot Printed Mesh Hem T-shirt Dress",20.0,25.0,20,True,9
2026-09-25,Other,"Extra 10% Off, with code: EXTRA Shop New Season Plus boohoo Plus Lace Trim Wrap Blazer Dress",28.0,35.0,20,True,9
2026-09-25,Other,"Extra 10% Off, with code: EXTRA Maternity SALE boohoo Maternity Plisse Batwing Midaxi Dress",13.0,25.0,48,True,9
2026-09-25,Other,"Extra 10% Off, with code: EXTRA Petite boohoo Petite Asymmetric Blurred Floral Ruched Mini Dress",20.8,26.0,20,True,9
2026-09-25,Other,"Extra 10% Off, with code: EXTRA boohoo Bright Floral Ruched Bodice Open Back Maxi Dress",22.4,28.0,20,True,9
2026-09-25,Other,"Extra 10% Off, with code: EXTRA boohoo Asymmetric Ruched Mini Dress",20.0,25.0,20,True,9
2026-09-25,Other,"Extra 10% Off, with code: EXTRA boohoo Bengaline Ruched Bust Bodycon Mini Dress",14.4,18.0,20,True,9
2026-09-25,Other,"Extra 10% Off, with code: EXTRA Plus boohoo Plus Mesh Ruched Wrap Dress",22.4,28.0,20,True,9
2026-09-25,Other,"Extra 10% Off, with code: EXTRA Petite boohoo Petite Floral Cowl Neck Maxi Slip Dress",23.2,29.0,20,True,9
2026-09-25,Other,"Extra 10% Off, with code: EXTRA boohoo Basic Rib Long Sleeve Maxi Dress",12.8,16.0,20,True,9
2026-09-25,Other,"Extra 10% Off, with code: EXTRA boohoo High Neck Bodycon Mini Dress",16.0,20.0,20,True,9
2026-09-25,Other,"Extra 10% Off, with code: EXTRA boohoo Textured Woven Fold Over Slip Midi Dress",17.6,22.0,20,True,9
2026-09-25,Other,"Extra 10% Off, with code: EXTRA boohoo Drape Shoulder Jersey Crepe Mini Dress",20.0,25.0,20,True,9
2026-09-25,Other,"Extra 10% Off, with code: EXTRA boohoo Square Neck Full Skirt Mini Dress",25.6,32.0,20,True,9
2026-09-25,Other,"Extra 10% Off, with code: EXTRA SALE boohoo Crew Neck Mini Jumper Dress",11.0,22.0,50,True,9
2026-09-25,Other,"Extra 10% Off, with code: EXTRA Petite boohoo Petite Crinkle Drop Waist Racer Maxi Dress",20.0,25.0,20,True,9
2026-09-25,Other,"Extra 10% Off, with code: EXTRA Petite boohoo Petite Chiffon Ruffle Maxi Dress",20.0,25.0,20,True,9
2026-09-25,Other,"Extra 10% Off, with code: EXTRA Petite boohoo Petite Ditsy Spot Print Belted Skater Dress",14.4,18.0,20,True,9
2026-09-25,Other,"Extra 10% Off, with code: EXTRA Plus boohoo Plus Buckle Detail Tie Waist Tailored Blazer Dress",25.6,32.0,20,True,9
2026-09-25,Other,"Extra 10% Off, with code: EXTRA Plus Back In Stock boohoo Plus Super Soft Angel Sleeve Ruched Midi Dress",20.0,25.0,20,True,9
2026-09-25,Other,"Extra 10% Off, with code: EXTRA Plus boohoo Plus Long Sleeve Lace Hem T-shirt Dress",17.6,22.0,20,True,9
2026-09-25,Other,"Extra 10% Off, with code: EXTRA Maternity boohoo Maternity Soft Rib Off Shoulder Column Maxi Dress",20.0,25.0,20,True,9
2026-09-25,Other,"Extra 10% Off, with code: EXTRA Tall boohoo Tall Tie Waist Collarless Draped Blazer Dress",25.6,32.0,20,True,9
2026-09-25,Other,"Extra 10% Off, with code: EXTRA Plus boohoo Plus Slinky Bardot Column Maxi Dress",22.4,28.0,20,True,9
2026-09-25,Other,"Extra 10% Off, with code: EXTRA boohoo Stripe Corset Detail Shirt Dress",24.0,30.0,20,True,9
2026-09-25,Other,"Extra 10% Off, with code: EXTRA Plus boohoo Plus Long Sleeve T-Shirt Dress",12.8,16.0,20,True,9
2026-09-25,Other,"Extra 10% Off, with code: EXTRA boohoo Basic Super Soft Short Sleeve Maxi Dress",14.4,18.0,20,True,9
2026-09-25,Other,"Extra 10% Off, with code: EXTRA boohoo Tonal Zebra High Heck Tie Front Maxi Dress",20.0,25.0,20,True,9
2026-09-25,Other,"Extra 10% Off, with code: EXTRA Plus Back In Stock boohoo Plus Soft Rib Tie back Smock Dress",16.0,20.0,20,True,9
2026-09-25,Other,"Extra 10% Off, with code: EXTRA boohoo Leopard Puff Sleeve Midaxi Dress",20.8,26.0,20,True,9
2026-09-25,Other,"Extra 10% Off, with code: EXTRA boohoo Floral Asymmetric Mesh Mini Dress",20.8,26.0,20,True,9
2026-09-25,Other,"Extra 10% Off, with code: EXTRA boohoo Cinched Hem High Neck Knitted Mini Dress",24.0,30.0,20,True,9
2026-09-25,Other,"Extra 10% Off, with code: EXTRA boohoo Halterneck Mesh Ruffle Mini Dress",19.2,24.0,20,True,9
2026-09-25,Other,"Extra 10% Off, with code: EXTRA Plus boohoo Plus Slinky Wrap Detail Maxi Dress",24.0,30.0,20,True,9
2026-09-25,Other,"Extra 10% Off, with code: EXTRA boohoo Contrast Insert Bengaline Midaxi Dress",21.6,27.0,20,True,9
2026-09-25,Other,"Extra 10% Off, with code: EXTRA boohoo Chiffon Multi Layered Maxi Dress",24.0,30.0,20,True,10
2026-09-25,Other,"Extra 10% Off, with code: EXTRA boohoo Strappy Cami Floor Sweeping Maxi Dress",24.0,30.0,20,True,10
2026-09-25,Other,"Extra 10% Off, with code: EXTRA Back In Stock boohoo Tie Knot Waist Long Sleeve Mini Dress",17.6,22.0,20,True,10
2026-09-25,Other,"Extra 10% Off, with code: EXTRA Shop New Season boohoo Leopard Print Ruched Strappy Mini Dress",17.6,22.0,20,True,10
2026-09-25,Other,"Extra 10% Off, with code: EXTRA boohoo Basic Denim Shift Dress",24.0,30.0,20,True,10
2026-09-25,Other,"Extra 10% Off, with code: EXTRA SALE boohoo Denim Bandeau Mini Dress",19.0,30.0,37,True,10
2026-09-25,Other,"Extra 10% Off, with code: EXTRA Plus boohoo Plus Short Sleeve Cinched Waist Denim Dress",25.6,32.0,20,True,10
2026-09-25,Other,"Extra 10% Off, with code: EXTRA Plus boohoo Plus Denim Utility Belt Shift Dress",27.2,34.0,20,True,10
2026-09-25,Other,"Extra 10% Off, with code: EXTRA Petite boohoo Petite Basic Scoop Neck Maxi Dress",12.0,15.0,20,True,10
2026-09-25,Other,"Extra 10% Off, with code: EXTRA Petite boohoo Petite Belted Wrap Trim Detail Shift Dress",20.0,25.0,20,True,10
2026-09-25,Other,"Extra 10% Off, with code: EXTRA SALE boohoo Gold Button Cinched Denim Dress",14.0,35.0,60,True,10
2026-09-25,Other,"Extra 10% Off, with code: EXTRA boohoo Jersey Crepe Crepe Detail Mini Dress",20.8,26.0,20,True,10
2026-09-25,Other,"Extra 10% Off, with code: EXTRA boohoo Animal Printed Square Neck Ruched Mesh Bodycon Dress",20.0,25.0,20,True,10
2026-09-25,Other,"Extra 10% Off, with code: EXTRA Tall boohoo Tall Asymmetric Ruched Mini Dress",20.8,26.0,20,True,10
2026-09-25,Other,"Extra 10% Off, with code: EXTRA Plus boohoo Plus Tie Detail Plunge Corset Skater Dress",18.4,23.0,20,True,10
2026-09-25,Other,"Extra 10% Off, with code: EXTRA Plus boohoo Plus T Shirt Mini Dress",14.4,18.0,20,True,10
2026-09-25,Other,"Extra 10% Off, with code: EXTRA Plus boohoo Plus Bengaline Cap Sleeve Pleated Skater Dress",20.0,25.0,20,True,10
2026-09-25,Other,"Extra 10% Off, with code: EXTRA Plus boohoo Plus O-ring Detail Beach Dress",20.8,26.0,20,True,10
2026-09-25,Other,"Extra 10% Off, with code: EXTRA SALE boohoo 2 in 1 Linen Look Tailored Mini Dress",25.0,38.0,34,True,10
2026-09-25,Other,"Extra 10% Off, with code: EXTRA Plus SALE boohoo Plus Zebra Chiffon Cowl Neck Maxi Dress",20.0,30.0,33,True,10
2026-09-25,Other,"Extra 10% Off, with code: EXTRA Plus boohoo Plus Trim Detail Drape Shoulder Pad Mini Dress",20.8,26.0,20,True,10
2026-09-25,Other,"Extra 10% Off, with code: EXTRA boohoo Super Soft Midaxi Dress",12.0,15.0,20,True,10
2026-09-25,Other,"Extra 10% Off, with code: EXTRA Plus boohoo Plus Asymmetric Ruched Cap Sleeve Shift Dress",19.2,24.0,20,True,10
2026-09-25,Other,"Extra 10% Off, with code: EXTRA boohoo Tailored Waistcoat Mini Dress",22.4,28.0,20,True,10
2026-09-25,Other,"Extra 10% Off, with code: EXTRA Plus SALE boohoo Plus Leopard Print Belted Skater Dress",13.0,22.0,41,True,10
2026-09-25,Other,"Extra 10% Off, with code: EXTRA boohoo Cotton Poplin Shirred Front Tie Mini Dress",17.6,22.0,20,True,10
2026-09-25,Other,"Extra 10% Off, with code: EXTRA Tall boohoo Tall Long Sleeve Slash Neck Tailored Mini Dress",17.6,22.0,20,True,10
2026-09-25,Other,"Extra 10% Off, with code: EXTRA boohoo Bengaline Bust Cup detail Cami strap Midaxi Dress",20.0,25.0,20,True,10
2026-09-25,Other,"Extra 10% Off, with code: EXTRA boohoo Mesh Flare Sleeve Mini Dress",18.4,23.0,20,True,10
2026-09-25,Other,"Extra 10% Off, with code: EXTRA boohoo Square Neck Ruched Mesh Mini Dress",17.6,22.0,20,True,10
2026-09-25,Other,"Extra 10% Off, with code: EXTRA boohoo Textured Crinkle Strappy Mini Dress",16.0,20.0,20,True,10
2026-09-25,Other,"Extra 10% Off, with code: EXTRA boohoo Short Sleeve Zip Front Denim Dress",28.0,35.0,20,True,10
2026-09-25,Other,"Extra 10% Off, with code: EXTRA Plus boohoo Plus Leopard Ruffle Smock Dress",20.0,25.0,20,True,10
2026-09-25,Other,"Extra 10% Off, with code: EXTRA Plus boohoo Plus Polka Dot Scoop Neck Poplin Mini Dress",22.4,28.0,20,True,10
2026-09-25,Other,"Extra 10% Off, with code: EXTRA Tall boohoo Tall Mesh Square Neck Ruched Midi Dress",20.0,25.0,20,True,10
2026-09-25,Other,"Extra 10% Off, with code: EXTRA Plus boohoo Plus One Shoulder Mini Dress",20.8,26.0,20,True,10
2026-09-25,Other,"Extra 10% Off, with code: EXTRA boohoo Bengaline Hook And Eye Mini Dress",14.4,18.0,20,True,10
2026-09-25,Other,"Extra 10% Off, with code: EXTRA Plus boohoo Plus Rib Off Shoulder Tie Waist Mini Dress",17.6,22.0,20,True,10
2026-09-25,Other,"Extra 10% Off, with code: EXTRA Plus boohoo Plus Floral Chiffon Ruffle Mini Dress",28.0,35.0,20,True,11
2026-09-25,Other,"Extra 10% Off, with code: EXTRA Plus boohoo Plus Pleated Skirt Skater Dress",24.0,30.0,20,True,11
2026-09-25,Other,"Extra 10% Off, with code: EXTRA Petite boohoo Petite Ruched Mesh Bodycon Mini Dress",17.6,22.0,20,True,11
2026-09-25,Other,"Extra 10% Off, with code: EXTRA Shop New Season boohoo Ruched High Neck Cap Sleeve Shift Dress",17.6,22.0,20,True,11
2026-09-25,Other,"Extra 10% Off, with code: EXTRA Plus boohoo Plus Ruched Square Neck Skater Dress",17.6,22.0,20,True,11
2026-09-25,Other,"Extra 10% Off, with code: EXTRA SALE boohoo Long Sleeve Collarless Tailored Mini Dress",19.0,40.0,53,True,11
2026-09-25,Other,"Extra 10% Off, with code: EXTRA boohoo Polka Dot Bandeau Pep Hem Midaxi Dress",17.6,22.0,20,True,11
2026-09-25,Other,"Extra 10% Off, with code: EXTRA boohoo Halterneck Full Skirt Mini Dress",28.0,35.0,20,True,11
2026-09-25,Other,"Extra 10% Off, with code: EXTRA boohoo Leopard Print Mesh Bardot Ruched Body Skater Dress",22.4,28.0,20,True,11
2026-09-25,Other,"Extra 10% Off, with code: EXTRA Back In Stock boohoo Mesh Flower Print Bandeau Maxi Dress",20.8,26.0,20,True,11
2026-09-25,Other,"Extra 10% Off, with code: EXTRA Plus boohoo Plus Ruched Wrap Gold Detail Midaxi Dress",28.0,35.0,20,True,11
2026-09-25,Other,"Extra 10% Off, with code: EXTRA boohoo Off The Shoulder Mesh Maxi Dress",24.0,30.0,20,True,11
2026-09-25,Other,"Extra 10% Off, with code: EXTRA Plus boohoo Plus Leopard Wrap Smock Dress",20.8,26.0,20,True,11
2026-09-25,Other,"Extra 10% Off, with code: EXTRA Plus boohoo Plus Wide Plisse Wrap Shirt Dress",20.0,25.0,20,True,11
2026-09-25,Other,"Extra 10% Off, with code: EXTRA Plus boohoo Plus Floral Ruched Mini Shift Dress",22.4,28.0,20,True,11
2026-09-25,Other,"Extra 10% Off, with code: EXTRA Tall boohoo Tall Floral Mesh Square Neck Ruched Midi Dress",22.4,28.0,20,True,11
2026-09-25,Other,"Extra 10% Off, with code: EXTRA Plus boohoo Plus 3/4 Balloon Sleeve Cinch Waist Mini Dress",22.4,28.0,20,True,11
2026-09-25,Other,"Extra 10% Off, with code: EXTRA Plus boohoo Plus Ruched Waist T-shirt Dress",22.4,28.0,20,True,11
2026-09-25,Other,"Extra 10% Off, with code: EXTRA Plus boohoo Plus Puff Sleeve Smock Dress",22.4,28.0,20,True,11
2026-09-25,Other,"Extra 10% Off, with code: EXTRA Petite boohoo Petite Basic Denim Shift Dress",24.0,30.0,20,True,11
2026-09-25,Other,"Extra 10% Off, with code: EXTRA Plus boohoo Plus Pleated Hem Skater Dress",25.6,32.0,20,True,11
2026-09-25,Other,"Extra 10% Off, with code: EXTRA Plus boohoo Plus Puff Sleeve Polka Dot Skater Dress",30.4,38.0,20,True,11
2026-09-25,Other,"Extra 10% Off, with code: EXTRA boohoo Long Sleeve Collarless Tailored Mini Dress",33.6,42.0,20,True,11
2026-09-25,Other,"Extra 10% Off, with code: EXTRA Plus Back In Stock boohoo Plus Tie Waist Tailored Blazer Dress",25.6,32.0,20,True,11
2026-09-25,Other,"Extra 10% Off, with code: EXTRA Petite boohoo Petite Zebra Print Blouson Sleeve Midaxi Dress",17.6,22.0,20,True,11
2026-09-25,Other,"Extra 10% Off, with code: EXTRA Petite boohoo Petite Short Sleeve Zip Front Denim Dress",22.4,28.0,20,True,11
2026-09-25,Other,"Extra 10% Off, with code: EXTRA Plus boohoo Plus Short Sleeve Zip Front Denim Dress",30.4,38.0,20,True,11
2026-09-25,Other,"Extra 10% Off, with code: EXTRA boohoo Sleeveless Flippy Hem Denim Dress",25.6,32.0,20,True,11
2026-09-25,Other,"Extra 10% Off, with code: EXTRA Plus boohoo Plus Ditsy Floral Milkmaid Midaxi Dress",22.4,28.0,20,True,11
2026-09-25,Other,"Extra 10% Off, with code: EXTRA Maternity Back In Stock boohoo Maternity Plisse Batwing Midaxi Dress",20.0,25.0,20,True,11
2026-09-25,Other,"Extra 10% Off, with code: EXTRA Plus boohoo Plus Corset Detail Skater Dress",20.8,26.0,20,True,11
2026-09-25,Other,"Extra 10% Off, with code: EXTRA Plus boohoo Plus Gold Button Down Blazer Dress",22.4,28.0,20,True,11
2026-09-25,Other,"Extra 10% Off, with code: EXTRA boohoo Bengaline Halter Neck V Waist Midaxi Dress",22.4,28.0,20,True,11
2026-09-25,Other,"Extra 10% Off, with code: EXTRA Plus boohoo Plus Tie Detail Plunge Corset Midaxi Dress",23.2,29.0,20,True,11
2026-09-25,Other,"Extra 10% Off, with code: EXTRA boohoo Crochet Stripe Knit Flared Sleeve Mini Dress",20.0,25.0,20,True,11
2026-09-25,Other,"Extra 10% Off, with code: EXTRA Plus boohoo Plus Textured Tie Detail Maxi Dress",20.8,26.0,20,True,11
2026-09-25,Other,"Extra 10% Off, with code: EXTRA SALE boohoo Halterneck Tie Back Puff Ball Mini Dress",13.0,38.0,66,True,12
2026-09-25,Other,"Extra 10% Off, with code: EXTRA boohoo Long Sleeve Skater Mini Dress",18.4,23.0,20,True,12
2026-09-25,Other,"Extra 10% Off, with code: EXTRA Plus boohoo Plus Ruched Waist Gold Trim Midaxi Dress",28.0,35.0,20,True,12
2026-09-25,Other,"Extra 10% Off, with code: EXTRA Shop New Season Petite boohoo Petite Western Denim Short Sleeve Mini Dress",22.4,28.0,20,True,12
2026-09-25,Other,"Extra 10% Off, with code: EXTRA Plus SALE boohoo Plus Skater Skirt Blazer Dress",19.0,54.0,65,True,12
2026-09-25,Other,"Extra 10% Off, with code: EXTRA Petite boohoo Petite Bardot Structured Mini Dress",22.4,28.0,20,True,12
2026-09-25,Other,"Extra 10% Off, with code: EXTRA boohoo Broderie Bardot Structured Skater Dress",22.4,28.0,20,True,12
2026-09-25,Other,"Extra 10% Off, with code: EXTRA Plus boohoo Plus Woven Puff Sleeve Tie Back Smock Dress",20.8,26.0,20,True,12
2026-09-25,Other,"Extra 10% Off, with code: EXTRA Plus boohoo Plus Shoulder Pad Pleated Skirt Shirt Dress",22.4,28.0,20,True,12
2026-09-25,Other,"Extra 10% Off, with code: EXTRA Maternity boohoo Maternity Double Slinky Racker Neck Maxi Dress",22.4,28.0,20,True,12
2026-09-25,Other,"Extra 10% Off, with code: EXTRA Tall boohoo Tall Tulle Halterneck Mini Dress",22.4,28.0,20,True,12
2026-09-25,Other,"Extra 10% Off, with code: EXTRA Plus boohoo Plus Soft Rib Ruffle Hem Smock Dress",12.0,15.0,20,True,12
2026-09-25,Other,"Extra 10% Off, with code: EXTRA Plus boohoo Plus Bengaline Pleated Long Sleeve Skater Dress",22.4,28.0,20,True,12
2026-09-25,Other,"Extra 10% Off, with code: EXTRA boohoo Textured Ruched Frill Skirt Mini Dress",22.4,28.0,20,True,12
2026-09-25,Other,"Extra 10% Off, with code: EXTRA boohoo SLINKY COWL BACK RUCHED FRONT MAXI DRESS",30.4,38.0,20,True,12
2026-09-25,Other,"Extra 10% Off, with code: EXTRA Tall boohoo Tall Roll Neck Godet Hem Rib Skater Dress",14.4,18.0,20,True,12
2026-09-25,Other,"Extra 10% Off, with code: EXTRA Petite boohoo Petite Strappy Poplin Midaxi Dress",20.8,26.0,20,True,12
2026-09-25,Other,"Extra 10% Off, with code: EXTRA boohoo Tailored Plunge Halterneck Structured Skater Dress",20.0,25.0,20,True,12
2026-09-25,Other,"Extra 10% Off, with code: EXTRA boohoo Bengaline High Neck Mini Dress",17.6,22.0,20,True,12
2026-09-25,Other,"Extra 10% Off, with code: EXTRA Back In Stock boohoo Crepe High Neck Pocket Detail Mini Dress",18.4,23.0,20,True,12
2026-09-25,Other,"Extra 10% Off, with code: EXTRA boohoo Large Floral Bandeau Scarf Detail Midaxi Dress",22.4,28.0,20,True,12
2026-09-25,Other,"Extra 10% Off, with code: EXTRA boohoo High Asymmetric Neck Ruched Waist Mini Dress",20.8,26.0,20,True,12
2026-09-25,Other,"Extra 10% Off, with code: EXTRA boohoo Boat Neck Ruched Side Lace Hem Dress",20.8,26.0,20,True,12
2026-09-25,Other,"Extra 10% Off, with code: EXTRA boohoo Bengaline Ruched Bust Strappy Skater Dress",19.2,24.0,20,True,12
2026-09-25,Other,"Extra 10% Off, with code: EXTRA Plus boohoo Plus Rib Button Down Mini Skater Dress",17.6,22.0,20,True,12
2026-09-25,Other,"Extra 10% Off, with code: EXTRA Petite boohoo Petite Tie Shoulder Square Neck A-line Dress",17.6,22.0,20,True,12
2026-09-25,Other,"Extra 10% Off, with code: EXTRA Petite boohoo Petite Chiffon Ruffle Polka Dot Strappy Maxi Dress",30.4,38.0,20,True,12
2026-09-25,Other,"Extra 10% Off, with code: EXTRA Plus SALE boohoo Plus Chiffon Ruffle Smock Dress",15.0,35.0,57,True,12
2026-09-25,Other,"Extra 10% Off, with code: EXTRA Tall boohoo Tall Short Sleeve Zip Front Denim Dress",22.4,28.0,20,True,12
2026-09-25,Other,"Extra 10% Off, with code: EXTRA Plus boohoo Plus Double Bengaline Structured Panelled Mini Skater Dress",22.4,28.0,20,True,12
2026-09-25,Other,"Extra 10% Off, with code: EXTRA Plus boohoo Plus Woven Wrap Tie Midaxi Dress",20.0,25.0,20,True,12
2026-09-25,Other,"Extra 10% Off, with code: EXTRA boohoo Bengaline Plunge A-line Mini Dress",16.8,21.0,20,True,12
2026-09-25,Other,"Extra 10% Off, with code: EXTRA Plus boohoo Plus Long Sleeve Corset Detail Plunge Pleated Hem Dress",24.0,30.0,20,True,12
2026-09-25,Other,"Extra 10% Off, with code: EXTRA Maternity boohoo Maternity Double Slinky One Shoulder Ruched Maxi Dress",24.0,30.0,20,True,12
2026-09-25,Other,"Extra 10% Off, with code: EXTRA boohoo Soft Knit Oversized Knitted Zip Neck Jumper Dress",17.6,22.0,20,True,12
2026-09-25,Other,"Extra 10% Off, with code: EXTRA Plus boohoo Plus Crepe Asymmetric Neck Skater Midi Dress",22.4,28.0,20,True,12
2026-09-25,Other,"Extra 10% Off, with code: EXTRA boohoo Gold Button Tailored Sleeveless Shirt Mini Dress",25.6,32.0,20,True,12
2026-09-25,Other,"Extra 10% Off, with code: EXTRA Maternity boohoo Maternity Trim Detail Ruched Maxi Dress",22.4,28.0,20,True,13
2026-09-25,Other,"Extra 10% Off, with code: EXTRA Back In Stock boohoo Satin Drape Jacquard Detail Square Neck Mini Dress",30.4,38.0,20,True,13
2026-09-25,Other,"Extra 10% Off, with code: EXTRA Back In Stock boohoo Off the Shoulder Long Sleeve Bodycon Mini Dress",18.4,23.0,20,True,13
2026-09-25,Other,"Extra 10% Off, with code: EXTRA Shop New Season Plus boohoo Plus Satin Drape Slash Neck Mini Dress",28.8,36.0,20,True,13
2026-09-25,Other,"Extra 10% Off, with code: EXTRA Petite boohoo Petite Long Sleeve Cinched Waist Denim Dress",23.2,29.0,20,True,13
2026-09-25,Other,"Extra 10% Off, with code: EXTRA boohoo Mesh Tonal Animal Flared Sleeve Mini Dress",20.8,26.0,20,True,13
2026-09-25,Other,"Extra 10% Off, with code: EXTRA Plus boohoo Plus Ruched Bust Skater Dress",22.4,28.0,20,True,13
2026-09-25,Other,"Extra 10% Off, with code: EXTRA boohoo Mixed Animal Print Ruched Body Maxi Dress",22.4,28.0,20,True,13
2026-09-25,Other,"Extra 10% Off, with code: EXTRA Plus boohoo Plus Mesh Ruched Midi Dress",20.8,26.0,20,True,13
2026-09-25,Other,"Extra 10% Off, with code: EXTRA boohoo Mesh Large Floral One Shoulder Mini Dress",20.8,26.0,20,True,13
2026-09-25,Other,"Extra 10% Off, with code: EXTRA Plus boohoo Plus Polka Dot Print Chiffon Ruffle Maxi Dress",32.0,40.0,20,True,13
2026-09-25,Other,"Extra 10% Off, with code: EXTRA boohoo Leopard Chiffon Ruffle Maxi Dress",28.8,36.0,20,True,13
2026-09-25,Other,"Extra 10% Off, with code: EXTRA Maternity boohoo Maternity Soft Knit Tie Waist Jumper Dress",15.2,19.0,20,True,13
2026-09-25,Other,"Extra 10% Off, with code: EXTRA boohoo Floral Ruched Mesh Maxi Dress",22.4,28.0,20,True,13
2026-09-25,Other,"Extra 10% Off, with code: EXTRA Plus boohoo Plus Denim Utility Belt Shift Dress",28.0,35.0,20,True,13
2026-09-25,Other,"Extra 10% Off, with code: EXTRA boohoo Tiered Linen Strappy Maxi Dress",22.4,28.0,20,True,13
2026-09-25,Other,"Extra 10% Off, with code: EXTRA boohoo Western Denim Short Sleeve Mini Dress",25.6,32.0,20,True,13
2026-09-25,Other,"Extra 10% Off, with code: EXTRA boohoo Long Sleeve Ruched High Neck Shift Dress",18.4,23.0,20,True,13
2026-09-25,Other,"Extra 10% Off, with code: EXTRA Plus boohoo Plus Mesh Ruched Drop Hem Maxi Dress",23.2,29.0,20,True,13
2026-09-25,Other,"Extra 10% Off, with code: EXTRA Petite boohoo Petite Slinky Twist Detail Maxi Dress",23.2,29.0,20,True,13
2026-09-25,Other,"Extra 10% Off, with code: EXTRA Plus boohoo Plus Long Sleeve Bardot Structured Skater Dress",28.0,35.0,20,True,13
2026-09-25,Other,"Extra 10% Off, with code: EXTRA boohoo Lace Hem Oversized Woven T-Shirt Dress",20.0,25.0,20,True,13
2026-09-25,Other,"Extra 10% Off, with code: EXTRA Plus boohoo Plus Western Denim Short Sleeve Mini Dress",24.0,30.0,20,True,13
2026-09-25,Other,"Extra 10% Off, with code: EXTRA Tall boohoo Tall Long Sleeve Tailored Shift Dress",22.4,28.0,20,True,13
2026-09-25,Other,"Extra 10% Off, with code: EXTRA boohoo Tailored Asymmetric Tie Shoulder Skater Dress",25.6,32.0,20,True,13
2026-09-25,Other,"Extra 10% Off, with code: EXTRA boohoo Floral Ruched Mesh Maxi Dress",25.6,32.0,20,True,13
2026-09-25,Other,"Extra 10% Off, with code: EXTRA Plus boohoo Plus Woven Puff Sleeve Ruffle Hem Shift Dress",22.4,28.0,20,True,13
2026-09-25,Other,"Extra 10% Off, with code: EXTRA Plus boohoo Plus Cotton Cinched Waist Cap Sleeve Midi Dress",20.0,25.0,20,True,13
2026-09-25,Other,"Extra 10% Off, with code: EXTRA Plus boohoo Plus Zebra Asymmetric Skater Dress",25.6,32.0,20,True,13
2026-09-25,Other,"Extra 10% Off, with code: EXTRA Maternity boohoo Maternity Textured Button Detail Maxi Dress",16.8,21.0,20,True,13
2026-09-25,Other,"Extra 10% Off, with code: EXTRA boohoo Beach Crochet Stripe Knit Flared Sleeve Mini Dress",20.0,25.0,20,True,13
2026-09-25,Other,"Extra 10% Off, with code: EXTRA Plus boohoo Plus Soft Touch Ruched Waist Maxi Dress",25.6,32.0,20,True,13
2026-09-25,Other,"Extra 10% Off, with code: EXTRA boohoo Tailored Sweetheart Bardot Skater Dress",25.6,32.0,20,True,13
2026-09-25,Other,"Extra 10% Off, with code: EXTRA boohoo Slash Neck Floral Super Soft Maxi Dress",14.4,18.0,20,True,13
2026-09-25,Other,"Extra 10% Off, with code: EXTRA boohoo Mesh Slash Neck Angel Sleeve Skater Dress",16.8,21.0,20,True,14
2026-09-25,Other,"Extra 10% Off, with code: EXTRA boohoo Faux Suede Boxy Tshirt Dress",27.2,34.0,20,True,14
2026-09-25,Other,"Extra 10% Off, with code: EXTRA Plus boohoo Plus Blurred Floral Flared Sleeve Shift Dress",24.0,30.0,20,True,14
2026-09-25,Other,"Extra 10% Off, with code: EXTRA Shop New Season boohoo Long Sleeve Bardot Structured Skater Dress",28.0,35.0,20,True,14
2026-09-25,Other,"Extra 10% Off, with code: EXTRA boohoo Satin Ruched Bardot Drape Detail Mini Dress",30.4,38.0,20,True,14
2026-09-25,Other,"Extra 10% Off, with code: EXTRA boohoo Halter Neck Dropped Wrap Waist Maxi Dress",22.4,28.0,20,True,14
2026-09-25,Other,"Extra 10% Off, with code: EXTRA Plus boohoo Plus Sleeveless Seam Detail Denim Mini Dress",28.0,35.0,20,True,14
2026-09-25,Other,"Extra 10% Off, with code: EXTRA Plus boohoo Plus Puff Sleeve Skater Dress",28.0,35.0,20,True,14
2026-09-25,Other,"Extra 10% Off, with code: EXTRA Plus boohoo Plus Chiffon Ruffle Plunge Maxi Dress",25.6,32.0,20,True,14
2026-09-25,Other,"Extra 10% Off, with code: EXTRA boohoo Bengaline Square Neck Skater Dress",23.2,29.0,20,True,14
2026-09-25,Other,"Extra 10% Off, with code: EXTRA boohoo Floral Halterneck Chiffon Ruffle Detail Maxi Dress",28.0,35.0,20,True,14
2026-09-25,Other,"Extra 10% Off, with code: EXTRA boohoo Abstract Print High Neck Pleated Maxi Dress",22.4,28.0,20,True,14
2026-09-25,Other,"Extra 10% Off, with code: EXTRA boohoo Basic Super Soft Long Sleeve Maxi Dress",16.0,20.0,20,True,14
2026-09-25,Other,"Extra 10% Off, with code: EXTRA Plus boohoo Plus Bengaline Ruched Bubble Hem Mini Dress",20.0,25.0,20,True,14
2026-09-25,Other,"Extra 10% Off, with code: EXTRA Plus boohoo Plus Animal Print Chiffon Smock Dress",20.0,25.0,20,True,14
2026-09-25,Other,"Extra 10% Off, with code: EXTRA Maternity boohoo Maternity Rib Round Neck Flared Sleeve Column Maxi Dress",19.2,24.0,20,True,14
2026-09-25,Other,"Extra 10% Off, with code: EXTRA Maternity boohoo Maternity Knitted Split Midaxi Dress",16.8,21.0,20,True,14
2026-09-25,Other,"Extra 10% Off, with code: EXTRA boohoo Knitted Stripe Long Sleeve Mini Dress",22.4,28.0,20,True,14
2026-09-25,Other,"Extra 10% Off, with code: EXTRA Plus SALE boohoo Plus Premium Structured Lace Maxi Dress",25.0,42.0,40,True,14
2026-09-25,Other,"Extra 10% Off, with code: EXTRA boohoo Structured A Line Mini Dress",30.4,38.0,20,True,14
2026-09-25,Other,"Extra 10% Off, with code: EXTRA boohoo Blurred Animal Print Mesh Bell Sleeve Mini Dress",20.8,26.0,20,True,14
2026-09-25,Other,"Extra 10% Off, with code: EXTRA boohoo Square Neck Full Skirt Mini Dress",24.0,30.0,20,True,14
2026-09-25,Other,"Extra 10% Off, with code: EXTRA Plus boohoo Plus Crew Neck Jumper Dress",14.4,18.0,20,True,14
2026-09-25,Other,"Extra 10% Off, with code: EXTRA boohoo 2 in 1 Barrel Sleeve Blazer Dress",22.4,28.0,20,True,14
2026-09-25,Other,"Extra 10% Off, with code: EXTRA Plus boohoo Plus Lace Drop Hem Ruched Maxi Dress",22.4,28.0,20,True,14
2026-09-25,Other,"Extra 10% Off, with code: EXTRA SALE boohoo Tailored Structured Cinched Waist Pleated Blazer Dress",25.0,48.0,48,True,14
2026-09-25,Other,"Extra 10% Off, with code: EXTRA boohoo Wrap Long Sleeve Blazer Dress",24.8,31.0,20,True,14
2026-09-25,Other,"Extra 10% Off, with code: EXTRA Plus Back In Stock boohoo Plus Faux Suede Short Sleeve Pleated Mini Dress",33.6,42.0,20,True,14
2026-09-25,Other,"Extra 10% Off, with code: EXTRA Plus boohoo Plus Bengaline Lace Trim Midaxi Skater Dress",22.4,28.0,20,True,14
2026-09-25,Other,"Extra 10% Off, with code: EXTRA boohoo Animal Print Asymmetric Shoulder Tie Front Mini Dress",24.0,30.0,20,True,14
2026-09-25,Other,"Extra 10% Off, with code: EXTRA boohoo Chiffon Polka Dot Bandeau Midaxi Dress",28.0,35.0,20,True,14
2026-09-25,Other,"Extra 10% Off, with code: EXTRA Plus boohoo Plus Cord Milkmaid Skater Dress",28.0,35.0,20,True,14
2026-09-25,Other,"Extra 10% Off, with code: EXTRA Plus boohoo Plus Leopard Angel Sleeve Midaxi Dress",25.6,32.0,20,True,14
2026-09-25,Other,"Extra 10% Off, with code: EXTRA Back In Stock boohoo Chiffon Ruffle Smock Dress",24.0,30.0,20,True,14
2026-09-25,Other,"Extra 10% Off, with code: EXTRA SALE boohoo Buckle Detail Tie Waist Tailored Blazer Dress",19.0,32.0,41,True,14
2026-09-25,Other,"Extra 10% Off, with code: EXTRA boohoo Textured Chiffon Floral Godet Hem Mini Dress",22.4,28.0,20,True,14
2026-09-25,Other,"Extra 10% Off, with code: EXTRA Plus boohoo Plus Mesh Ruffle Lace Up Skater Dress",21.6,27.0,20,True,14
2026-09-25,Other,"Extra 10% Off, with code: EXTRA Tall boohoo Tall Halter Jaquard Square Neck Skater Dress",28.0,35.0,20,True,15
2026-09-25,Other,"Extra 10% Off, with code: EXTRA Tall boohoo Tall Chiffon Ruffle Detail Mini Dress",22.4,28.0,20,True,15
2026-09-25,Other,"Extra 10% Off, with code: EXTRA Plus boohoo Plus Milkmaid Woven Leopard Bubble Hem Skater Dress",28.0,35.0,20,True,15
2026-09-25,Other,"Extra 10% Off, with code: EXTRA Shop New Season Plus boohoo Plus Angel Sleeve Midaxi Dress",24.0,30.0,20,True,15
2026-09-25,Other,"Extra 10% Off, with code: EXTRA boohoo Slinky Grown On Neck Maxi Dress With Lace Inserts",20.8,26.0,20,True,15
2026-09-25,Other,"Extra 10% Off, with code: EXTRA boohoo Racer Neck Volume Mini Dress",20.0,25.0,20,True,15
2026-09-25,Other,"Extra 10% Off, with code: EXTRA boohoo Soft Touch Ruched Wrap Maxi Dress",24.0,30.0,20,True,15
2026-09-25,Other,"Extra 10% Off, with code: EXTRA boohoo Chiffon Ruffle Detail Maxi Dress",27.2,34.0,20,True,15
2026-09-25,Other,"Extra 10% Off, with code: EXTRA boohoo Tailored Foldover Detail Structured Mini Dress",32.0,40.0,20,True,15
2026-09-25,Other,"Extra 10% Off, with code: EXTRA Plus boohoo Plus Woven Jacquard V Front Frill Mini Dress",22.4,28.0,20,True,15
2026-09-25,Other,"Extra 10% Off, with code: EXTRA Petite boohoo Petite Flared Sleeve Lace Trim Mini Dress",17.6,22.0,20,True,15
2026-09-25,Other,"Extra 10% Off, with code: EXTRA Plus boohoo Plus Cheesecloth Ruffle Strappy Sun Dress",20.8,26.0,20,True,15
2026-09-25,Other,"Extra 10% Off, with code: EXTRA Plus Back In Stock boohoo Plus Tie Waist Tailored Blazer Dress",23.2,29.0,20,True,15
2026-09-25,Other,"Extra 10% Off, with code: EXTRA Plus boohoo Plus Leopard Ruffle Mini Skirt Shirt Dress",25.6,32.0,20,True,15
2026-09-25,Other,"Extra 10% Off, with code: EXTRA boohoo Abstract Print Sheer Mesh Plunge Maxi Beach Dress",16.0,20.0,20,True,15
2026-09-25,Other,"Extra 10% Off, with code: EXTRA Plus boohoo Plus Floral Long Sleeve Chiffon Mini Skater Dress",22.4,28.0,20,True,15
2026-09-25,Other,"Extra 10% Off, with code: EXTRA Maternity boohoo Maternity Bengaline Puff Sleeve Porcelain Print Milkmaid Midi Dress",24.0,30.0,20,True,15
2026-09-25,Other,"Extra 10% Off, with code: EXTRA Plus boohoo Plus Textured Chiffon Godet Hem Mini Dress",20.8,26.0,20,True,15
2026-09-25,Other,"Extra 10% Off, with code: EXTRA boohoo Premium Bandage Plunge Front Mini Dress",32.0,40.0,20,True,15
2026-09-25,Other,"Extra 10% Off, with code: EXTRA boohoo Chiffon Ruffle Floral Polka Dot Maxi Dress",28.0,35.0,20,True,15
2026-09-25,Other,"Extra 10% Off, with code: EXTRA Plus boohoo Plus Bardot Ruched Body Midaxi Dress",28.0,35.0,20,True,15
2026-09-25,Other,"Extra 10% Off, with code: EXTRA boohoo Oversized Mini Dress With Studded Belt",28.0,35.0,20,True,15
2026-09-25,Other,"Extra 10% Off, with code: EXTRA Back In Stock boohoo Lace Hem Maxi Dress",36.0,45.0,20,True,15
2026-09-25,Other,"Extra 10% Off, with code: EXTRA Maternity boohoo Maternity Ruched Side Detail Maxi Dress",22.4,28.0,20,True,15
2026-09-25,Other,"Extra 10% Off, with code: EXTRA boohoo Mesh Blurred Floral Cowl Neck Maxi Dress",25.6,32.0,20,True,15
2026-09-25,Other,"Extra 10% Off, with code: EXTRA Plus Back In Stock boohoo Plus Chiffon Long Sleeve Skater Dress",28.0,35.0,20,True,15
2026-09-25,Other,"Extra 10% Off, with code: EXTRA boohoo Leopard Rose Print Flared Sleeve Mini Dress",20.0,25.0,20,True,15
2026-09-25,Other,"Extra 10% Off, with code: EXTRA boohoo Chiffon Mix Panelled Smock dress",24.0,30.0,20,True,15
2026-09-25,Other,"Extra 10% Off, with code: EXTRA boohoo High Neck Structured Tailored Mini Dress",24.8,31.0,20,True,15
2026-09-25,Other,"Extra 10% Off, with code: EXTRA boohoo Bengaline Plunge Neck Sleeveless Shift Dress",16.0,20.0,20,True,15
2026-09-25,Other,"Extra 10% Off, with code: EXTRA Plus boohoo Plus Chiffon Cowl Mini Dress",24.0,30.0,20,True,15
2026-09-25,Other,"Extra 10% Off, with code: EXTRA boohoo Strappy Cami Floor Sweeping Maxi Dress",25.6,32.0,20,True,15
2026-09-25,Other,"Extra 10% Off, with code: EXTRA Tall boohoo Tall Western Denim Short Sleeve Mini Dress",22.4,28.0,20,True,15
2026-09-25,Other,"Extra 10% Off, with code: EXTRA Tall boohoo Tall Cape Sleeve Midi Bodycon Dress",24.0,30.0,20,True,15
2026-09-25,Other,"Extra 10% Off, with code: EXTRA Plus boohoo Plus Zebra Printed Mesh Asym Neck Mini Dress",25.6,32.0,20,True,15
2026-09-25,Other,"Extra 10% Off, with code: EXTRA Petite boohoo Petite Hourglass Bandeau Mini Dress",28.0,35.0,20,True,16
2026-09-25,Other,"Extra 10% Off, with code: EXTRA boohoo Floral Crinkle Chiffon Ruffle Maxi Dress",22.4,28.0,20,True,16
2026-09-25,Other,"Extra 10% Off, with code: EXTRA Plus boohoo plus mesh twist detail maxi dress",19.2,24.0,20,True,16
2026-09-25,Other,"Extra 10% Off, with code: EXTRA Shop New Season Petite boohoo Petite Long Sleeve Denim Dress",28.0,35.0,20,True,16
2026-09-25,Other,"Extra 10% Off, with code: EXTRA boohoo Floral Chiffon Layered Ruffle Detail Maxi Dress",28.0,35.0,20,True,16
2026-09-25,Other,"Extra 10% Off, with code: EXTRA Tall boohoo Tall Mixed Animal Mesh Flared Sleeve Mini Dress",22.4,28.0,20,True,16
2026-09-25,Other,"Extra 10% Off, with code: EXTRA Maternity boohoo Maternity Cape Sleeve Midi Bodycon Dress",25.6,32.0,20,True,16
2026-09-25,Other,"Extra 10% Off, with code: EXTRA SALE boohoo Tailored Wrap Front Structured Blazer Dress",25.0,45.0,44,True,16
2026-09-25,Other,"Extra 10% Off, with code: EXTRA Petite boohoo Petite Halterneck Gold Trim Tiered Mini Dress",20.8,26.0,20,True,16
2026-09-25,Other,"Extra 10% Off, with code: EXTRA Petite boohoo Petite Leopard Shirred Detail Maxi Dress",16.0,20.0,20,True,16
2026-09-25,Other,"Extra 10% Off, with code: EXTRA boohoo Floral Burnout Wrap Mini Dress",20.0,25.0,20,True,16
2026-09-25,Other,"Extra 10% Off, with code: EXTRA boohoo Satin Corset Detail Maxi Dress With Neck Scarf",28.0,35.0,20,True,16
2026-09-25,Other,"Extra 10% Off, with code: EXTRA boohoo Chiffon Ruffle Detail Halterneck Maxi Dress",25.6,32.0,20,True,16
2026-09-25,Other,"Extra 10% Off, with code: EXTRA boohoo Floral Textured Chiffon Lace Up Front Mini Dress",24.0,30.0,20,True,16
2026-09-25,Other,"Extra 10% Off, with code: EXTRA boohoo Scarf Detail Trapeze Floor Sweeping Maxi Dress",24.0,30.0,20,True,16
2026-09-25,Other,"Extra 10% Off, with code: EXTRA boohoo Chiffon Ruffle Floral Zebra Polka Dot Maxi Dress",28.0,35.0,20,True,16
2026-09-25,Other,"Extra 10% Off, with code: EXTRA Plus boohoo Plus Asymmetric Floral Mesh Maxi Dress",28.0,35.0,20,True,16
2026-09-25,Other,"Extra 10% Off, with code: EXTRA boohoo Chiffon Ruffle Detail Asymmetric Midi Dress",22.4,28.0,20,True,16
2026-09-25,Other,"Extra 10% Off, with code: EXTRA boohoo Double Layer Ruched Halterneck Maxi Dress",24.0,30.0,20,True,16
2026-09-25,Other,"Extra 10% Off, with code: EXTRA Plus boohoo Plus Pleated Skirt Long Sleeve Skater Dress",24.0,30.0,20,True,16
2026-09-25,Other,"Extra 10% Off, with code: EXTRA Tall boohoo Tall Buckle Detail Tie Waist Blazer Dress",24.0,30.0,20,True,16
2026-09-25,Other,"Extra 10% Off, with code: EXTRA boohoo Buckle Detail Tie Waist Tailored Blazer Dress",23.2,29.0,20,True,16
2026-09-25,Other,"Extra 10% Off, with code: EXTRA Plus boohoo Plus Floral Chiffon Asymmetric Maxi Dress",28.0,35.0,20,True,16
2026-09-25,Other,"Extra 10% Off, with code: EXTRA Maternity boohoo Maternity Sleeveless Crochet Maxi Beach Dress",24.0,30.0,20,True,16
2026-09-25,Other,"Extra 10% Off, with code: EXTRA boohoo Premium Power Mesh Flare Sleeve Dress",28.8,36.0,20,True,16
2026-09-25,Other,"Extra 10% Off, with code: EXTRA boohoo Tropical Print Column Maxi Dress",25.6,32.0,20,True,16
2026-09-25,Other,"Extra 10% Off, with code: EXTRA boohoo Corded Lace Flared Sleeve Maxi Dress",32.0,40.0,20,True,16
2026-09-25,Other,"Extra 10% Off, with code: EXTRA Plus boohoo Plus Polka Dot Scarf Maxi Column Dress",28.0,35.0,20,True,16
2026-09-25,Other,"Extra 10% Off, with code: EXTRA Plus boohoo Plus Printed Mesh Low Back Maxi Dress",22.4,28.0,20,True,16
2026-09-25,Other,"Extra 10% Off, with code: EXTRA Tall boohoo Tall Floral Mesh Flared Sleeve Mini Dress",22.4,28.0,20,True,16
2026-09-25,Other,"Extra 10% Off, with code: EXTRA boohoo Premium Structured Lace Maxi Dress",33.6,42.0,20,True,16
2026-09-25,Other,"Extra 10% Off, with code: EXTRA boohoo Long Sleeve Cinched Waist Denim Dress",25.6,32.0,20,True,16
2026-09-25,Other,"Extra 10% Off, with code: EXTRA Tall boohoo Tall Pleated Chiffon High Neck Flare Sleeve Mini Dress",25.6,32.0,20,True,16
2026-09-25,Other,"Extra 10% Off, with code: EXTRA Maternity boohoo Maternity Plisse Belted Midi Dress",22.4,28.0,20,True,16
2026-09-25,Other,"Extra 10% Off, with code: EXTRA boohoo Halterneck Jersey Crepe Midi Dress",22.4,28.0,20,True,16
2026-09-25,Other,"Extra 10% Off, with code: EXTRA boohoo Leopard Floral Ruched Bodice Maxi Dress",28.0,35.0,20,True,17
2026-09-25,Other,"Extra 10% Off, with code: EXTRA Plus boohoo Plus Dobby Chiffon Floral Frill Detail Maxi Dress",33.6,42.0,20,True,17
2026-09-25,Other,"Extra 10% Off, with code: EXTRA Tall SALE boohoo Tall Satin Structured Bardot Mini Dress",25.0,40.0,38,True,17
2026-09-25,Other,"Extra 10% Off, with code: EXTRA Shop New Season Maternity boohoo Maternity Ruched Waist Trim Detail Cap Sleeve Maxi Dress",20.8,26.0,20,True,17
2026-09-25,Other,"Extra 10% Off, with code: EXTRA Plus boohoo Plus Polka Dot Ruched Drop Waist Maxi Dress",25.6,32.0,20,True,17
2026-09-25,Other,"Extra 10% Off, with code: EXTRA Plus boohoo Plus Skater Skirt Blazer Dress",43.2,54.0,20,True,17
2026-09-25,Other,"Extra 10% Off, with code: EXTRA boohoo Polka Dot Ruched Sweetheart Pleated Skater Dress",22.4,28.0,20,True,17
2026-09-25,Other,"Extra 10% Off, with code: EXTRA Maternity boohoo Maternity Mesh Ditsy Midaxi Dress",20.0,25.0,20,True,17
2026-09-25,Other,"Extra 10% Off, with code: EXTRA boohoo Ruched Bodice Asym Neck Maxi Dress",28.0,35.0,20,True,17
2026-09-25,Other,"Extra 10% Off, with code: EXTRA boohoo Textured Chiffon Godet Hem Mini Dress",20.8,26.0,20,True,17
2026-09-25,Other,"Extra 10% Off, with code: EXTRA Plus boohoo Plus Bardot Off The Shoulder Maxi Dress",27.2,34.0,20,True,17
2026-09-25,Other,"Extra 10% Off, with code: EXTRA Tall boohoo Tall Slinky Twist Detail Maxi Dress",23.2,29.0,20,True,17
2026-09-25,Other,"Extra 10% Off, with code: EXTRA Plus boohoo Plus Super Soft Floaty Sleeve Midaxi Dress",20.8,26.0,20,True,17
2026-09-25,Other,"Extra 10% Off, with code: EXTRA Plus boohoo Plus Printed Button Detail Ruffle Sleeve Maxi Dress",32.0,40.0,20,True,17
2026-09-25,Other,"Extra 10% Off, with code: EXTRA Plus Back In Stock boohoo Plus Mesh Bardot Ruched Maxi Dress",20.8,26.0,20,True,17
2026-09-25,Other,"Extra 10% Off, with code: EXTRA boohoo Sequin Blouson Sleeve Shift Party Dress",30.4,38.0,20,True,17
2026-09-25,Other,"Extra 10% Off, with code: EXTRA Plus boohoo Plus Chiffon Cowl Neck Maxi Dress",22.4,28.0,20,True,17
2026-09-25,Other,"Extra 10% Off, with code: EXTRA Plus boohoo Plus Tonal Floral Long Sleeve Maxi Dress",17.6,22.0,20,True,17
2026-09-25,Other,"Extra 10% Off, with code: EXTRA Plus boohoo Plus Floral Chiffon Plunge Maxi Dress",25.6,32.0,20,True,17
2026-09-25,Other,"Extra 10% Off, with code: EXTRA Tall boohoo Tall Basic Long Sleeve Maxi Dress",16.0,20.0,20,True,17
2026-09-25,Other,"Extra 10% Off, with code: EXTRA Plus boohoo Plus V Neck Puff Sleeve Smock Dress",22.4,28.0,20,True,17
2026-09-25,Other,"Extra 10% Off, with code: EXTRA boohoo Off The Shoulder Wrap Front Midi Dress",22.4,28.0,20,True,17
2026-09-25,Other,"Extra 10% Off, with code: EXTRA Petite boohoo Petite Asymmetric Ruched Mini Dress",20.0,25.0,20,True,17
2026-09-25,Other,"Extra 10% Off, with code: EXTRA boohoo Jersey Crepe Drape Shoulder Midaxi Dress",20.0,25.0,20,True,17
2026-09-25,Other,"Extra 10% Off, with code: EXTRA boohoo Flared Sleeve Off the Shoulder Ruched Mini Dress",20.0,25.0,20,True,17
2026-09-25,Other,"Extra 10% Off, with code: EXTRA Tall boohoo Tall Blurred Floral Tiered Ruffle Crochet Smock Dress",32.0,40.0,20,True,17
2026-09-25,Other,"Extra 10% Off, with code: EXTRA boohoo Chiffon Long Sleeve Skater Dress",25.6,32.0,20,True,17
2026-09-25,Other,"Extra 10% Off, with code: EXTRA Plus Back In Stock boohoo Plus Asymmetric Plunge Midi Dress",20.0,25.0,20,True,17
2026-09-25,Other,"Extra 10% Off, with code: EXTRA Plus boohoo Plus Chiffon Tie Front Shift Dress",22.4,28.0,20,True,17
2026-09-25,Other,"Extra 10% Off, with code: EXTRA boohoo High Neck Seam Detail Knitted Mini Jumper Dress",20.0,25.0,20,True,17
2026-09-25,Other,"Extra 10% Off, with code: EXTRA Maternity boohoo Maternity Under Bump Tie Drop Hem Maxi",22.4,28.0,20,True,17
2026-09-25,Other,"Extra 10% Off, with code: EXTRA boohoo Soft Touch Drape One Shoulder Midaxi Dress",25.6,32.0,20,True,17
2026-09-25,Other,"Extra 10% Off, with code: EXTRA Plus boohoo Plus Leopard Chiffon Puff Sleeve Ruffle Maxi Dress",28.8,36.0,20,True,17
2026-09-25,Other,"Extra 10% Off, with code: EXTRA boohoo Bengaline Seam Detail Strappy Mini Dress",16.0,20.0,20,True,18
2026-09-25,Other,"Extra 10% Off, with code: EXTRA Plus boohoo Plus Denim Zip Up Shift Dress",22.4,28.0,20,True,18
2026-09-25,Other,"Extra 10% Off, with code: EXTRA Maternity boohoo Maternity Mesh Bardot Maxi Dress",25.6,32.0,20,True,18
2026-09-25,Other,"Extra 10% Off, with code: EXTRA Shop New Season Plus boohoo Plus Chiffon Ruffle Maxi Dress",30.4,38.0,20,True,18
2026-09-25,Other,"Extra 10% Off, with code: EXTRA boohoo Sleeveless Shoulder Pad Buckle Detail Blazer Dress",22.4,28.0,20,True,18
2026-09-25,Other,"Extra 10% Off, with code: EXTRA boohoo Tonal Floral Chiffon Flared Sleeve Maxi Dress",22.4,28.0,20,True,18
2026-09-25,Other,"Extra 10% Off, with code: EXTRA boohoo Large Floral Bust Detail Fitted Maxi Dress",28.0,35.0,20,True,18
2026-09-25,Other,"Extra 10% Off, with code: EXTRA Plus boohoo Plus Slinky Ruched Wrap Maxi Dress",24.0,30.0,20,True,18
2026-09-25,Other,"Extra 10% Off, with code: EXTRA boohoo Cowl Neck Mesh Column Maxi Dress",19.2,24.0,20,True,18
2026-09-25,Other,"Extra 10% Off, with code: EXTRA Plus boohoo Plus Textured Chiffon Godet Hem Midi Dress",24.0,30.0,20,True,18
2026-09-25,Other,"Extra 10% Off, with code: EXTRA Plus boohoo Plus Polka Dot Ruffle Maxi Dress",28.0,35.0,20,True,18
2026-09-25,Other,"Extra 10% Off, with code: EXTRA Back In Stock boohoo Cowl Neck Flare Sleeve Mini Dress",24.0,30.0,20,True,18
2026-09-25,Other,"Extra 10% Off, with code: EXTRA boohoo Cinched Waist Fitted Shirt Dress",28.8,36.0,20,True,18
2026-09-25,Other,"Extra 10% Off, with code: EXTRA boohoo Premium Bandage Underbust Detail Mini Dress",32.0,40.0,20,True,18
2026-09-25,Other,"Extra 10% Off, with code: EXTRA boohoo Jacquard Floral Twist Strap Maxi Dress",25.6,32.0,20,True,18
2026-09-25,Other,"Extra 10% Off, with code: EXTRA Plus boohoo Plus Mesh Ruched Maxi Dress",27.2,34.0,20,True,18
2026-09-25,Other,"Extra 10% Off, with code: EXTRA boohoo Chiffon Ruffle Detail Backless Maxi Dress",25.6,32.0,20,True,18
2026-09-25,Other,"Extra 10% Off, with code: EXTRA Plus boohoo Plus Chiffon Asymmetric Maxi Dress",28.0,35.0,20,True,18
2026-09-25,Other,"Extra 10% Off, with code: EXTRA Plus boohoo Plus Floral Ruffle Maxi Dress",28.8,36.0,20,True,18
2026-09-25,Other,"Extra 10% Off, with code: EXTRA boohoo Tailored Pocket Detail Mini Dress",30.4,38.0,20,True,18
2026-09-25,Other,"Extra 10% Off, with code: EXTRA Plus boohoo Plus Velvet Sequin Long Sleeve Skater Dress",28.0,35.0,20,True,18
2026-09-25,Other,"Extra 10% Off, with code: EXTRA boohoo Chiffon Ruffle Detail Floral Maxi Dress",30.4,38.0,20,True,18
2026-09-25,Other,"Extra 10% Off, with code: EXTRA Plus boohoo Plus Chiffon Ruched Blouson Sleeve Maxi Dress",32.0,40.0,20,True,18
2026-09-25,Other,"Extra 10% Off, with code: EXTRA boohoo Bengaline Corset Skater Midaxi Dress",25.6,32.0,20,True,18
2026-09-25,Other,"Extra 10% Off, with code: EXTRA Back In Stock boohoo Textured Volume Skirt Midaxi Dress",24.0,30.0,20,True,18
2026-09-25,Other,"Extra 10% Off, with code: EXTRA Plus boohoo Plus Chiffon Sleeve Skater Dress",25.6,32.0,20,True,18
2026-09-25,Other,"Extra 10% Off, with code: EXTRA Plus boohoo Plus Floral Godet Hem Maxi Dress",27.2,34.0,20,True,18
2026-09-25,Other,"Extra 10% Off, with code: EXTRA boohoo Button Detail Knitted Mini Dress",25.6,32.0,20,True,18
2026-09-25,Other,"Extra 10% Off, with code: EXTRA Plus boohoo Plus Lace Hem Blazer Dress",44.0,55.0,20,True,18
2026-09-25,Other,"Extra 10% Off, with code: EXTRA boohoo Off The Shoulder Wrap Front Midaxi Dress",22.4,28.0,20,True,18
2026-09-25,Other,"Extra 10% Off, with code: EXTRA boohoo Leopard Print Milkmaid Maxi Dress",25.6,32.0,20,True,18
2026-09-25,Other,"Extra 10% Off, with code: EXTRA Plus boohoo Plus Ruched Waist Detail Poplin Maxi Dress",22.4,28.0,20,True,18
2026-09-25,Other,"Extra 10% Off, with code: EXTRA boohoo Slinky Plunge Front Sleeveless Lace Hem Maxi Dress",24.0,30.0,20,True,18
2026-09-25,Other,"Extra 10% Off, with code: EXTRA Plus boohoo Plus Burnout Floral Ruffle Smock Dress",24.0,30.0,20,True,19
2026-09-25,Other,"Extra 10% Off, with code: EXTRA boohoo Halterneck Seam Detail Fluid Maxi Dress",22.4,28.0,20,True,19
2026-09-25,Other,"Extra 10% Off, with code: EXTRA Shop New Season Plus boohoo Plus Chiffon Tiered Long Sleeve Maxi Dress",28.8,36.0,20,True,19
2026-09-25,Other,"Extra 10% Off, with code: EXTRA boohoo Lace Corset Drape Mini Dress",28.0,35.0,20,True,19
2026-09-25,Other,"Extra 10% Off, with code: EXTRA Plus boohoo Plus Satin Drape Slash Neck Mini Dress",28.8,36.0,20,True,19
2026-09-25,Other,"Extra 10% Off, with code: EXTRA boohoo Long Sleeve Collared Tailored Skater Mini Dress",36.0,45.0,20,True,19
2026-09-25,Other,"Extra 10% Off, with code: EXTRA boohoo Flared Sleeve Lace Trim Mini Dress",20.0,25.0,20,True,19
2026-09-25,Other,"Extra 10% Off, with code: EXTRA Petite boohoo Petite Floral Chiffon Volume Sleeve Maxi dress",28.0,35.0,20,True,19
2026-09-25,Other,"Extra 10% Off, with code: EXTRA Plus boohoo Plus Mesh Bardot Drape Detail Maxi Dress",28.0,35.0,20,True,19
2026-09-25,Other,"Extra 10% Off, with code: EXTRA boohoo Leopard Print Bodycon Dress With Lace Cup Detail",24.0,30.0,20,True,19
2026-09-25,Other,"Extra 10% Off, with code: EXTRA Tall boohoo Tall Animal Jacquard Drape Detail Maxi Dress",24.0,30.0,20,True,19
2026-09-25,Other,"Extra 10% Off, with code: EXTRA boohoo Shoulder Pad Backless Drop Waist Maxi Dress",24.0,30.0,20,True,19
2026-09-25,Other,"Extra 10% Off, with code: EXTRA boohoo Structured Skater Maxi Dress",30.4,38.0,20,True,19
2026-09-25,Other,"Extra 10% Off, with code: EXTRA boohoo Crepe Asym Neck Skater Midi Dress",24.0,30.0,20,True,19
2026-09-25,Other,"Extra 10% Off, with code: EXTRA Plus boohoo Plus Gold Trim Detail Blazer Dress",36.0,45.0,20,True,19
2026-09-25,Other,"Extra 10% Off, with code: EXTRA Plus boohoo Plus Pearl Embellished Blazer Dress",44.0,55.0,20,True,19
2026-09-25,Other,"Extra 10% Off, with code: EXTRA Plus boohoo Plus Chiffon Ruffle Cold Shoulder Maxi Dress",28.0,35.0,20,True,19
2026-09-25,Other,"Extra 10% Off, with code: EXTRA Plus boohoo Plus Floral Mesh Ruffle Ruched Maxi Dress",28.8,36.0,20,True,19
2026-09-25,Other,"Extra 10% Off, with code: EXTRA Petite boohoo Petite Bow Detail Open Back Mini Dress",22.4,28.0,20,True,19
2026-09-25,Other,"Extra 10% Off, with code: EXTRA Tall Back In Stock boohoo Tall Lace Strappy Maxi Dress",28.0,35.0,20,True,19
2026-09-25,Other,"Extra 10% Off, with code: EXTRA boohoo Textured Flare Sleeve Mini Dress",20.0,25.0,20,True,19
2026-09-25,Other,"Extra 10% Off, with code: EXTRA Plus boohoo Plus Textured Flare Sleeve Maxi Dress",40.0,50.0,20,True,19
2026-09-25,Other,"Extra 10% Off, with code: EXTRA boohoo Plunge Front Open Back Satin Maxi Dress",28.0,35.0,20,True,19
2026-09-25,Other,"Extra 10% Off, with code: EXTRA Plus boohoo Plus Chiffon Frill Maxi Dress",30.4,38.0,20,True,19
2026-09-25,Other,"Extra 10% Off, with code: EXTRA Petite boohoo Petite Cape Sleeve Midi Bodycon Dress",28.0,35.0,20,True,19
2026-09-25,Other,"Extra 10% Off, with code: EXTRA boohoo Slash Neck Long Sleeve Knitted Maxi Dress",24.0,30.0,20,True,19
2026-09-25,Other,"Extra 10% Off, with code: EXTRA boohoo Satin Bow Detail Bardot Mini Dress",25.6,32.0,20,True,19
2026-09-25,Other,"Extra 10% Off, with code: EXTRA Tall boohoo Tall Placement Floral Bardot Maxi Dress",25.6,32.0,20,True,19
2026-09-25,Other,"Extra 10% Off, with code: EXTRA Tall boohoo Tall High Neck Volume Sleeve Chiffon Smock Dress",24.0,30.0,20,True,19
2026-09-25,Other,"Extra 10% Off, with code: EXTRA boohoo Polka Dot Satin & Lace Contour Panel Maxi Dress",32.0,40.0,20,True,19
2026-09-25,Other,"Extra 10% Off, with code: EXTRA Plus boohoo Plus Polka Dot Satin Lace Panel Angel Sleeve Maxi Dress",33.6,42.0,20,True,19
2026-09-25,Other,"Extra 10% Off, with code: EXTRA boohoo Ditsy Crinkle Chiffon Milkmaid Maxi Dress",25.6,32.0,20,True,19
2026-09-25,Other,"Extra 10% Off, with code: EXTRA boohoo Lace Tailored Blazer Dress",37.6,47.0,20,True,20
2026-09-25,Other,"Extra 10% Off, with code: EXTRA boohoo Premium Bandage Trim Detail Halter Mini Dress",32.0,40.0,20,True,20
2026-09-25,Other,"Extra 10% Off, with code: EXTRA Plus boohoo Plus Taffeta Bow Back Puff Sleeve Skater Dress",28.0,35.0,20,True,20
2026-09-25,Other,"Extra 10% Off, with code: EXTRA Shop New Season boohoo Soft Knit Button Through Midi Knitted Dress",22.4,28.0,20,True,20
2026-09-25,Other,"Extra 10% Off, with code: EXTRA boohoo Premium Plisse Wrap Front Maxi Dress",28.0,35.0,20,True,20
2026-09-25,Other,"Extra 10% Off, with code: EXTRA boohoo V Neck Long Sleeve Knitted Maxi Dress",22.4,28.0,20,True,20
2026-09-25,Other,"Extra 10% Off, with code: EXTRA boohoo Chiffon Plunge Front Tiered Maxi Dress",28.0,35.0,20,True,20
2026-09-25,Other,"Extra 10% Off, with code: EXTRA Tall boohoo Tall V Neck Long Sleeve Knitted Maxi Dress",22.4,28.0,20,True,20
2026-09-25,Other,"Extra 10% Off, with code: EXTRA boohoo Premium Bandage Scoop Neck Midaxi Dress",36.0,45.0,20,True,20
2026-09-25,Other,"Extra 10% Off, with code: EXTRA Plus boohoo Plus Chiffon Ruffle Smock Dress",25.6,32.0,20,True,20
2026-09-25,Other,"Extra 10% Off, with code: EXTRA boohoo Lace Cape Detail Mini Dress",25.6,32.0,20,True,20
2026-09-25,Other,"Extra 10% Off, with code: EXTRA Plus Back In Stock boohoo Plus Asymmetric Bardot Ruched Maxi Dress",27.2,34.0,20,True,20
2026-09-25,Other,"Extra 10% Off, with code: EXTRA Plus boohoo Plus Chiffon Long Sleeve Ruffle Maxi Dress",32.0,40.0,20,True,20
2026-09-25,Other,"Extra 10% Off, with code: EXTRA boohoo Double Layer Asym Slinky Drape Front Asym Neck Maxi Dress",28.0,35.0,20,True,20
2026-09-25,Other,"Extra 10% Off, with code: EXTRA SALE boohoo Lace Hem Structured Blazer Dress",25.0,45.0,44,True,20
2026-09-25,Other,"Extra 10% Off, with code: EXTRA boohoo Crinkle Chiffon Ruffle Maxi Dress",30.4,38.0,20,True,20
2026-09-25,Other,"Extra 10% Off, with code: EXTRA Plus boohoo Plus Ruffle V Neck Maxi Dress",30.4,38.0,20,True,20
2026-09-25,Other,"Extra 10% Off, with code: EXTRA boohoo Lace Hem Blazer Dress",40.0,50.0,20,True,20
2026-09-25,Other,"Extra 10% Off, with code: EXTRA boohoo Textured Chiffon Godet Hem Midi Dress",24.0,30.0,20,True,20
2026-09-25,Other,"Extra 10% Off, with code: EXTRA Petite boohoo Petite V Neck Long Sleeve Knitted Maxi Dress",22.4,28.0,20,True,20
2026-09-25,Other,"Extra 10% Off, with code: EXTRA boohoo Crinkle Textured Satin & Lace Maxi Dress",28.8,36.0,20,True,20
2026-09-25,Other,"Extra 10% Off, with code: EXTRA boohoo Collarless Tailored Mini Dress",30.4,38.0,20,True,20
2026-09-25,Other,"Extra 10% Off, with code: EXTRA Plus boohoo Plus Pleated Hem Blazer Dress",40.0,50.0,20,True,20
2026-09-25,Other,"Extra 10% Off, with code: EXTRA boohoo Tailored Sleeveless Structured Cinched Waist Pleated Blazer Dress",36.0,45.0,20,True,20
2026-09-25,Other,"Extra 10% Off, with code: EXTRA boohoo Lace Corset Drape Mini Dress",30.4,38.0,20,True,20
2026-09-25,Other,"Extra 10% Off, with code: EXTRA boohoo Tailored Hook & Eye Detail Cinched Waist Blazer Dress",40.0,50.0,20,True,20
2026-09-25,Other,"Extra 10% Off, with code: EXTRA boohoo Strappy Chiffon Flower Detail Midaxi Dress",30.4,38.0,20,True,20
2026-09-25,Other,"Extra 10% Off, with code: EXTRA boohoo Mono Godet Hem Maxi Dress",40.0,50.0,20,True,20
2026-09-25,Other,"Extra 10% Off, with code: EXTRA boohoo X Abby Baffoe boohoo Grown On Neck Trim Hem Shift",40.0,50.0,20,True,20
2026-09-25,Other,"Extra 10% Off, with code: EXTRA Plus SALE boohoo Plus High Neck Lace Satin Structured Mini Dress",10.0,38.0,74,True,20
2026-09-25,Other,"Extra 10% Off, with code: EXTRA SALE boohoo Beachwear Essentials Polka Dot Maxi Dress",8.0,20.0,60,True,20
2026-09-25,Other,"Extra 10% Off, with code: EXTRA Petite SALE boohoo Petite Spot High Neck Shirred Ruffle Dress",6.0,22.0,73,True,20
2026-09-25,Other,"Extra 10% Off, with code: EXTRA SALE boohoo Mesh Cowl Mini Dress",9.0,22.0,59,True,20
2026-09-25,Other,"Extra 10% Off, with code: EXTRA SALE boohoo Linen Look Puff Sleeve Shirred Mini Dress",10.0,25.0,60,True,20
2026-09-25,Other,"Extra 10% Off, with code: EXTRA Maternity SALE boohoo Maternity O-ring Detail Beach Dress",8.0,28.0,71,True,21
2026-09-25,Other,"Extra 10% Off, with code: EXTRA SALE boohoo Ombre Sheer Mesh Mini Dress",8.0,18.0,56,True,21
2026-09-25,Other,"Extra 10% Off, with code: EXTRA SALE boohoo Sheer Mesh Asym Cowl Back Mini Beach Dress",9.0,18.0,50,True,21
2026-09-25,Other,"Extra 10% Off, with code: EXTRA Shop New Season Maternity SALE boohoo Maternity O-ring Detail Beach Dress",9.0,28.0,68,True,21
2026-09-25,Other,"Extra 10% Off, with code: EXTRA SALE boohoo Beachwear Essentials Polka Dot Maxi Dress",10.0,20.0,50,True,21
2026-09-25,Other,"Extra 10% Off, with code: EXTRA Plus SALE boohoo Plus Tailored Sleeveless Asymmetric Button Down Mini Dress",14.0,40.0,65,True,21
2026-09-25,Other,"Extra 10% Off, with code: EXTRA SALE boohoo Sheer Mesh Cape Beach Dress",11.0,18.0,39,True,21
2026-09-25,Other,"Extra 10% Off, with code: EXTRA Plus SALE boohoo Plus Denim Wrap Dres",10.0,35.0,71,True,21
2026-09-25,Other,"Extra 10% Off, with code: EXTRA Plus SALE boohoo Plus O-ring Detail Beach Dress",16.0,26.0,38,True,21
2026-09-25,Other,"Extra 10% Off, with code: EXTRA Plus SALE boohoo Plus Shoulder Pad Mini Dress",8.0,26.0,69,True,21
2026-09-25,Other,"Extra 10% Off, with code: EXTRA SALE boohoo Animal Mesh Printed Cowl Mini Dress",10.0,25.0,60,True,21
2026-09-25,Other,"Extra 10% Off, with code: EXTRA Plus SALE boohoo Plus Ruffle Wrap Skater Dress",9.0,30.0,70,True,21
2026-09-25,Other,"Extra 10% Off, with code: EXTRA SALE boohoo Beach Crochet Stripe Knit Mini Dress",12.0,26.0,54,True,21
2026-09-25,Other,"Extra 10% Off, with code: EXTRA Plus SALE boohoo Plus Mixed Animal Strappy Ruffle Chiffon Mini Dress",9.0,28.0,68,True,21
2026-09-25,Other,"Extra 10% Off, with code: EXTRA Plus SALE boohoo Plus Denim Shift Dress",9.0,32.0,72,True,21
2026-09-25,Other,"Extra 10% Off, with code: EXTRA SALE boohoo Utility Belted Waistcoat Sleeveless Blazer Dress",12.0,35.0,66,True,21
2026-09-25,Other,"Extra 10% Off, with code: EXTRA boohoo Tailored Slash Neck Cap Sleeve Mini Dress",24.0,30.0,20,True,21
2026-09-25,Other,"Extra 10% Off, with code: EXTRA Plus SALE boohoo Plus Leopard Chiffon Ruffle Mini Dress",9.0,28.0,68,True,21
2026-09-25,Other,"Extra 10% Off, with code: EXTRA Petite SALE boohoo Petite Linen Stripe Beaded Mini Swing Dress",12.0,18.0,33,True,21
2026-09-25,Other,"Extra 10% Off, with code: EXTRA Plus SALE boohoo Plus Denim Wrap Dress",10.0,35.0,71,True,21
2026-09-25,Other,"Extra 10% Off, with code: EXTRA boohoo Broderie Button Down Mini Dress",12.4,15.5,20,True,21
2026-09-25,Other,"Extra 10% Off, with code: EXTRA SALE boohoo Polka Dot Lace Trim Asymmetric Cami Dress",9.0,28.0,68,True,21
2026-09-25,Other,"Extra 10% Off, with code: EXTRA SALE boohoo Shoulder Pad Ruched Waist Mini Dress",9.0,28.0,68,True,21
2026-09-25,Other,"Extra 10% Off, with code: EXTRA SALE boohoo Textured Chiffon High Neck Drop Hem Mini Dress",13.0,32.0,59,True,21
2026-09-25,Other,"Extra 10% Off, with code: EXTRA Plus SALE boohoo Plus Denim Zip Up Shift Dress",11.0,28.0,61,True,21
2026-09-25,Other,"Extra 10% Off, with code: EXTRA SALE boohoo Linen Look Shirred Drop Hem Mini Dress",9.0,22.0,59,True,21
2026-09-25,Other,"Extra 10% Off, with code: EXTRA Plus SALE boohoo Plus V Neck Blouson Sleeve Volume Smock Dress",11.0,28.0,61,True,21
2026-09-25,Other,"Extra 10% Off, with code: EXTRA SALE boohoo Linen Bandeau Shirred Back Midaxi Dress",17.0,25.0,32,True,21
2026-09-25,Other,"Extra 10% Off, with code: EXTRA Plus SALE boohoo Plus Frill Hem T-Shirt Dress",6.0,20.0,70,True,21
2026-09-25,Other,"Extra 10% Off, with code: EXTRA SALE boohoo Bandeau Ruched Bubble Hem Mini Dress",10.0,25.0,60,True,21
2026-09-25,Other,"Extra 10% Off, with code: EXTRA SALE boohoo Tie Waist Collarless Draped Blazer Dress",9.0,32.0,72,True,21
2026-09-25,Other,"Extra 10% Off, with code: EXTRA SALE boohoo Halterneck Patterned Beach Crochet Mini Dress",13.0,26.0,50,True,21
2026-09-25,Other,"Extra 10% Off, with code: EXTRA Plus SALE boohoo Plus Linen Look Puff Sleeve Shirred Waist Skater Dress",9.0,28.0,68,True,21
2026-09-25,Other,"Extra 10% Off, with code: EXTRA boohoo Polka Dot One Shoulder Mini Dress",16.0,20.0,20,True,21
2026-09-25,Other,"Extra 10% Off, with code: EXTRA SALE boohoo Rib Dropped Hem Skater Dress",6.0,20.0,70,True,21
2026-09-25,Other,"Extra 10% Off, with code: EXTRA SALE boohoo Ladder Stitch Detail Halterneck Mini Dress",10.0,20.0,50,True,21
2026-09-25,Other,"Extra 10% Off, with code: EXTRA Plus SALE boohoo Plus Floral Ruffle Smock Dress",9.0,28.0,68,True,21
2026-09-25,Other,"Extra 10% Off, with code: EXTRA SALE boohoo Sheer Leopard Flare Cuff Shirt Dress",8.0,28.0,71,True,21
2026-09-25,Other,"Extra 10% Off, with code: EXTRA SALE boohoo Buckle Detail Flared Sleeve Blazer Dress",11.0,32.0,66,True,21
2026-09-25,Other,"Extra 10% Off, with code: EXTRA boohoo Western Denim Mini Dress",22.4,28.0,20,True,22
2026-09-25,Other,"Extra 10% Off, with code: EXTRA Petite SALE boohoo Petite Tie Shoulder Milkmaid Skater Dress",13.0,32.0,59,True,22
2026-09-25,Other,"Extra 10% Off, with code: EXTRA SALE boohoo Tailored Strappy Foldover Ruffle Mini Dress",11.0,32.0,66,True,22
2026-09-25,Other,"Extra 10% Off, with code: EXTRA Shop New Season Plus SALE boohoo Plus Floral Burnout Volume Sleeve Ruffle Hem Skater Dress",10.0,32.0,69,True,22
2026-09-25,Other,"Extra 10% Off, with code: EXTRA boohoo Floral Mesh Flare Sleeve Mini Dress",16.0,20.0,20,True,22
2026-09-25,Other,"Extra 10% Off, with code: EXTRA SALE boohoo Wrap Drape Front Tailored Blazer Dress",12.0,35.0,66,True,22
2026-09-25,Other,"Extra 10% Off, with code: EXTRA Tall SALE boohoo Tall Velvet Cap Sleeve Mini Dress",11.0,24.0,54,True,22
2026-09-25,Other,"Extra 10% Off, with code: EXTRA SALE boohoo Obi Tie Waist Tailored Blazer Dress",10.0,38.0,74,True,22
2026-09-25,Other,"Extra 10% Off, with code: EXTRA SALE boohoo Western Denim Mini Dress",10.0,32.0,69,True,22
2026-09-25,Other,"Extra 10% Off, with code: EXTRA Plus SALE boohoo Plus Ruffle Mini Skirt Shirt Dress",13.0,28.0,54,True,22
2026-09-25,Other,"Extra 10% Off, with code: EXTRA Plus boohoo Plus O-ring Detail Beach Dress",16.0,20.0,20,True,22
2026-09-25,Other,"Extra 10% Off, with code: EXTRA SALE boohoo Crochet Floral Corsage Halter Mini Dress",14.0,34.0,59,True,22
2026-09-25,Other,"Extra 10% Off, with code: EXTRA SALE boohoo Tailored Tie Shoulder Skater Dress",14.0,35.0,60,True,22
2026-09-25,Other,"Extra 10% Off, with code: EXTRA SALE boohoo Long Sleeve Grown On Neck Blouson Mini Dress",9.0,28.0,68,True,22
2026-09-25,Other,"Extra 10% Off, with code: EXTRA SALE boohoo Cowl Pleat Detail Mini Dress",9.0,26.0,65,True,22
2026-09-25,Other,"Extra 10% Off, with code: EXTRA SALE boohoo Cord Blouson Shirt Mini Dress",10.0,35.0,71,True,22
2026-09-25,Other,"Extra 10% Off, with code: EXTRA SALE boohoo Plisse Halterneck Mini Dress",12.0,35.0,66,True,22
2026-09-25,Other,"Extra 10% Off, with code: EXTRA Plus SALE boohoo Plus Textured Volume Sleeve Mini Dress",13.0,25.0,48,True,22
2026-09-25,Other,"Extra 10% Off, with code: EXTRA Tall SALE boohoo Tall Crinkle Chiffon & Lace Layered Mini Dress",11.0,32.0,66,True,22
2026-09-25,Other,"Extra 10% Off, with code: EXTRA Plus boohoo Plus Soft Rib High Neck Skater Dress",16.0,20.0,20,True,22
2026-09-25,Other,"Extra 10% Off, with code: EXTRA boohoo Tailored Long Sleeve Mini Dress",19.2,24.0,20,True,22
2026-09-25,Other,"Extra 10% Off, with code: EXTRA SALE boohoo Bandeau Scarf Detail Mini Dress",13.0,25.0,48,True,22
2026-09-25,Other,"Extra 10% Off, with code: EXTRA SALE boohoo Satin Wrap Waist Long Sleeve Mini Dress",8.0,28.0,71,True,22
2026-09-25,Other,"Extra 10% Off, with code: EXTRA Plus SALE boohoo Plus Gold Button Shift Shirt Dress",11.0,32.0,66,True,22
2026-09-25,Other,"Extra 10% Off, with code: EXTRA boohoo Floral Print Sheer Mesh Mini Beach Dress",14.4,18.0,20,True,22
2026-09-25,Other,"Extra 10% Off, with code: EXTRA SALE boohoo Shirred Racer Neck Smock Dress",9.0,24.0,63,True,22
2026-09-25,Other,"Extra 10% Off, with code: EXTRA Plus boohoo Plus Asymmetric Ruched Cap Sleeve Shift Dress",17.6,22.0,20,True,22
2026-09-25,Other,"Extra 10% Off, with code: EXTRA Petite SALE boohoo Petite Leopard Chiffon Ruffle Mini Dress",11.0,30.0,63,True,22
2026-09-25,Other,"Extra 10% Off, with code: EXTRA SALE boohoo Tonal Animal Print Maxi Dress With Scarf Detail",9.0,28.0,68,True,22
2026-09-25,Other,"Extra 10% Off, with code: EXTRA Plus boohoo Plus T-Shirt Maxi Dress",14.4,18.0,20,True,22
2026-09-25,Other,"Extra 10% Off, with code: EXTRA SALE boohoo Textured Ruched Frill Skirt Mini Dress",10.0,30.0,67,True,22
2026-09-25,Other,"Extra 10% Off, with code: EXTRA SALE boohoo Textured Chiffon Long Sleeve Mini Dress",11.0,28.0,61,True,22
2026-09-25,Other,"Extra 10% Off, with code: EXTRA SALE boohoo Double Layer Slinky Ruched Drape Front Maxi Dress",9.0,28.0,68,True,22
2026-09-25,Other,"Extra 10% Off, with code: EXTRA boohoo Polka Dot Angel Sleeve Mini Dress",20.0,25.0,20,True,22
2026-09-25,Other,"Extra 10% Off, with code: EXTRA boohoo Floral Flared Sleeve Mini Dress",20.0,25.0,20,True,22
2026-09-25,Other,"Extra 10% Off, with code: EXTRA Back In Stock boohoo Hammered Ruched Waist Shirt Dress",19.2,24.0,20,True,22
2026-09-25,Other,"Extra 10% Off, with code: EXTRA SALE boohoo Cotton Ruched Wrap Shirt Dress",12.0,30.0,60,True,22
2026-09-25,Other,"Extra 10% Off, with code: EXTRA Petite SALE boohoo Petite Textured Sheer Floral Lace Corset Drape Mini Dress",12.0,32.0,63,True,22
2026-09-25,Other,"Extra 10% Off, with code: EXTRA SALE boohoo Bengaline Halterneck Cut Out Corset Mini Dress",11.0,22.0,50,True,22
2026-09-25,Other,"Extra 10% Off, with code: EXTRA SALE boohoo Ruched Drape Long Sleeve Blazer Dress",9.0,30.0,70,True,23
2026-09-25,Other,"Extra 10% Off, with code: EXTRA SALE boohoo Tonal Animal Print Cowl Neck Satin Maxi Dress",11.0,28.0,61,True,23
2026-09-25,Other,"Extra 10% Off, with code: EXTRA SALE boohoo GOLD TRIM DETAIL BLAZER DRESS",10.0,40.0,75,True,23
2026-09-25,Other,"Extra 10% Off, with code: EXTRA Shop New Season SALE boohoo Ruched Drape Long Sleeve Blazer Dress",9.0,30.0,70,True,23
2026-09-25,Other,"Extra 10% Off, with code: EXTRA boohoo Super Soft Knot Waist Mini Dress",16.0,20.0,20,True,23
2026-09-25,Other,"Extra 10% Off, with code: EXTRA Plus SALE boohoo Plus Denim Seam Detail Skater Dress",11.0,32.0,66,True,23
2026-09-25,Other,"Extra 10% Off, with code: EXTRA SALE boohoo Collarless Drape Detail Blazer Dress",13.0,40.0,68,True,23
2026-09-25,Other,"Extra 10% Off, with code: EXTRA Plus boohoo Plus Cinched Detail Balloon Sleeve Shift Dress",22.4,28.0,20,True,23
2026-09-25,Other,"Extra 10% Off, with code: EXTRA Petite SALE boohoo Petite Tailored Pleated Hem Structured Mini Dress",12.0,40.0,70,True,23
2026-09-25,Other,"Extra 10% Off, with code: EXTRA Plus boohoo Plus Rib T-Shirt Smock Dress",16.8,21.0,20,True,23
2026-09-25,Other,"Extra 10% Off, with code: EXTRA SALE boohoo Satin & Lace Asymmetric Slip Dress",9.0,30.0,70,True,23
2026-09-25,Other,"Extra 10% Off, with code: EXTRA Plus SALE boohoo Plus Zebra Ruched Mini Shift Dress",9.0,28.0,68,True,23
2026-09-25,Other,"Extra 10% Off, with code: EXTRA SALE boohoo Abstract Mesh Ruched Mini Dress",8.0,25.0,68,True,23
2026-09-25,Other,"Extra 10% Off, with code: EXTRA Plus SALE boohoo Plus Jacquard Corset Detail Skater",10.0,30.0,67,True,23
2026-09-25,Other,"Extra 10% Off, with code: EXTRA SALE boohoo Floral Burnout Ruffle Strap Slip Dress",9.0,28.0,68,True,23
2026-09-25,Other,"Extra 10% Off, with code: EXTRA Plus SALE boohoo Plus Halterneck Poplin Maxi Dress",15.0,30.0,50,True,23
2026-09-25,Other,"Extra 10% Off, with code: EXTRA boohoo Short Sleeve Denim Dress",25.6,32.0,20,True,23
2026-09-25,Other,"Extra 10% Off, with code: EXTRA Tall boohoo Tall Textured Frill Smock Dress",11.2,14.0,20,True,23
2026-09-25,Other,"Extra 10% Off, with code: EXTRA boohoo Drape Shoulder Long Sleeve Mini Dress",20.0,25.0,20,True,23
2026-09-25,Other,"Extra 10% Off, with code: EXTRA SALE boohoo Tailored Puff Sleeve Shift Dress",12.0,26.0,54,True,23
2026-09-25,Other,"Extra 10% Off, with code: EXTRA SALE boohoo Abstract Print Sheer Mesh Plunge Maxi Beach Dress",9.0,26.0,65,True,23
2026-09-25,Other,"Extra 10% Off, with code: EXTRA Plus SALE boohoo Plus Drape Front Shirt Dress",9.0,28.0,68,True,23
2026-09-25,Other,"Extra 10% Off, with code: EXTRA Plus SALE boohoo Plus Sequin Batwing Shift Dress",10.0,55.0,82,True,23
2026-09-25,Other,"Extra 10% Off, with code: EXTRA Petite boohoo Petite Scoop Neck Strappy Maxi Dress",12.0,15.0,20,True,23
2026-09-25,Other,"Extra 10% Off, with code: EXTRA SALE boohoo Volume Sleeve Fit & Flare Mini Dress",10.0,22.0,55,True,23
2026-09-25,Other,"Extra 10% Off, with code: EXTRA boohoo Textured Ruched Waist Asymmetric Neck Mini Dress",13.6,17.0,20,True,23
2026-09-25,Other,"Extra 10% Off, with code: EXTRA SALE boohoo Double Layer Ruched Bodice Front Split Maxi Dress",10.0,30.0,67,True,23
2026-09-25,Other,"Extra 10% Off, with code: EXTRA Plus SALE boohoo Plus Bardot Full Skirt Mini Dress",9.0,25.0,64,True,23
2026-09-25,Other,"Extra 10% Off, with code: EXTRA Maternity boohoo Maternity Ruched Side Midi Dress",17.6,22.0,20,True,23
2026-09-25,Other,"Extra 10% Off, with code: EXTRA Plus boohoo plus bengaline mini shift dress",17.6,22.0,20,True,23
2026-09-25,Other,"Extra 10% Off, with code: EXTRA Plus SALE boohoo Plus Shirred Tied Waist Maxi Dress",10.0,30.0,67,True,23
2026-09-25,Other,"Extra 10% Off, with code: EXTRA Petite boohoo Petite Tailored A-line Mini Dress",20.8,26.0,20,True,23
2026-09-25,Other,"Extra 10% Off, with code: EXTRA SALE boohoo Floral Mesh Ruched Mini Dress",14.0,24.0,42,True,23
2026-09-25,Other,"Extra 10% Off, with code: EXTRA Plus SALE boohoo Plus Woven Shoulder Pad Blazer Dress",13.0,40.0,68,True,23
2026-09-25,Other,"Extra 10% Off, with code: EXTRA boohoo Ruched Side Shift Dress",20.8,26.0,20,True,23
2026-09-25,Other,"Extra 10% Off, with code: EXTRA SALE boohoo Floral Polka Dot Ruched Body Maxi Dress",18.0,30.0,40,True,23
2026-09-25,Other,"Extra 10% Off, with code: EXTRA boohoo Ladder Insert High Neck Mini Dress",16.0,20.0,20,True,23
2026-09-25,Other,"Extra 10% Off, with code: EXTRA boohoo Textured Satin & Lace Wrap Front Mini Dress",24.0,30.0,20,True,23
2026-09-25,Other,"Extra 10% Off, with code: EXTRA SALE boohoo Gold Trim Wrap Detail Tailored Mini Dress",12.0,40.0,70,True,24
2026-09-25,Other,"Extra 10% Off, with code: EXTRA boohoo Bandeau Poplin Mini Skater Dress",17.6,22.0,20,True,24
2026-09-25,Other,"Extra 10% Off, with code: EXTRA Maternity SALE boohoo Maternity Bardot Ruched Flare Sleeve Maxi Dress",8.0,28.0,71,True,24
2026-09-25,Other,"Extra 10% Off, with code: EXTRA Shop New Season Plus SALE boohoo Plus Tailored Puff Sleeve Shift Dress",9.0,28.0,68,True,24
2026-09-25,Other,"Extra 10% Off, with code: EXTRA Plus boohoo Plus Polka Dot Chiffon Godet Skater",24.0,30.0,20,True,24
2026-09-25,Other,"Extra 10% Off, with code: EXTRA Plus SALE boohoo Plus Tailored Pleated Skater Sleeveless Blazer Dress",14.0,36.0,61,True,24
2026-09-25,Other,"Extra 10% Off, with code: EXTRA SALE boohoo Linen Look Gold Trim Tie Side Blazer Dress",13.0,32.0,59,True,24
2026-09-25,Other,"Extra 10% Off, with code: EXTRA SALE boohoo Burnout Floral Godet Hem Mini Dress",9.0,28.0,68,True,24
2026-09-25,Other,"Extra 10% Off, with code: EXTRA SALE boohoo Pinstripe Ruched High Neck Cap Sleeve Shift Dress",7.0,24.0,71,True,24
2026-09-25,Other,"Extra 10% Off, with code: EXTRA Plus SALE boohoo Plus Burnout Chiffon Ruffle Smock Dress",11.0,28.0,61,True,24
2026-09-25,Other,"Extra 10% Off, with code: EXTRA Plus SALE boohoo Plus V plunge Tassel With Scarf Detail Mini Dress",11.0,32.0,66,True,24
2026-09-25,Other,"Extra 10% Off, with code: EXTRA Petite SALE boohoo Petite Lace Up Front Denim Dress",11.0,35.0,69,True,24
2026-09-25,Other,"Extra 10% Off, with code: EXTRA Plus SALE boohoo Plus Rib Dropped Hem Skater Dress",7.0,22.0,68,True,24
2026-09-25,Other,"Extra 10% Off, with code: EXTRA SALE boohoo Floral Mesh Flare Sleeve Mini Dress",9.0,32.0,72,True,24
2026-09-25,Other,"Extra 10% Off, with code: EXTRA Plus SALE boohoo Plus Lace Godet Mini Skater Dress",11.0,28.0,61,True,24
2026-09-25,Other,"Extra 10% Off, with code: EXTRA SALE boohoo Bengaline Keyhole Skater Dress",15.0,22.0,32,True,24
2026-09-25,Other,"Extra 10% Off, with code: EXTRA SALE boohoo Western Denim Mini Dress",9.0,32.0,72,True,24
2026-09-25,Other,"Extra 10% Off, with code: EXTRA boohoo Chiffon Strap Detail Cowl Mini Dress",20.8,26.0,20,True,24
2026-09-25,Other,"Extra 10% Off, with code: EXTRA SALE boohoo Tonal Polka Dot Ruched Waist Maxi Dress",15.0,30.0,50,True,24
2026-09-25,Other,"Extra 10% Off, with code: EXTRA Tall SALE boohoo Tall Textured Volume Sleeve Mini Dress",15.0,25.0,40,True,24
2026-09-25,Other,"Extra 10% Off, with code: EXTRA SALE boohoo Buckle Detail Tie Waist Tailored Blazer Dress",11.0,32.0,66,True,24
2026-09-25,Other,"Extra 10% Off, with code: EXTRA SALE boohoo Chiffon Cami Overlay Blouson Skater Dress",9.0,28.0,68,True,24
2026-09-25,Other,"Extra 10% Off, with code: EXTRA SALE boohoo Textured Flare Sleeve Maxi Dress",8.0,28.0,71,True,24
2026-09-25,Other,"Extra 10% Off, with code: EXTRA boohoo Knitted Scoop Back Mini Dress",20.0,25.0,20,True,24
2026-09-25,Other,"Extra 10% Off, with code: EXTRA Plus boohoo Plus Denim Flippy Sleeveless Dress",25.6,32.0,20,True,24
2026-09-25,Other,"Extra 10% Off, with code: EXTRA SALE boohoo Linen Look Shirred Skater Dress",8.0,22.0,64,True,24
2026-09-25,Other,"Extra 10% Off, with code: EXTRA boohoo Soft Knit Seam Detail Knitted Mini Dress",16.0,20.0,20,True,24
2026-09-25,Other,"Extra 10% Off, with code: EXTRA Plus boohoo Plus Large Floral Racer Neck Maxi Dress",12.8,16.0,20,True,24
2026-09-25,Other,"Extra 10% Off, with code: EXTRA SALE boohoo Wrap Drape Front Tailored Blazer Dress",16.0,32.0,50,True,24
2026-09-25,Other,"Extra 10% Off, with code: EXTRA boohoo Tailored Underbust Seam Detail Shift Dress",20.0,25.0,20,True,24
2026-09-25,Other,"Extra 10% Off, with code: EXTRA Plus boohoo Plus Floral Chiffon Ruffle Mini Dress",24.0,30.0,20,True,24
2026-09-25,Other,"Extra 10% Off, with code: EXTRA Plus boohoo Plus Rib Bow Detail Skater Dress",14.4,18.0,20,True,24
2026-09-25,Other,"Extra 10% Off, with code: EXTRA Maternity boohoo Maternity Tie Side Wrap Midaxi Dress",17.6,22.0,20,True,24
2026-09-25,Other,"Extra 10% Off, with code: EXTRA Plus SALE boohoo Plus Asymmetric Skater Dress",18.0,35.0,49,True,24
2026-09-25,Other,"Extra 10% Off, with code: EXTRA SALE boohoo Drape Detail Button Through Shirt Dress",14.0,35.0,60,True,24
2026-09-25,Other,"Extra 10% Off, with code: EXTRA boohoo Bow Detail Tailored Mini Dress",17.6,22.0,20,True,24
2026-09-25,Other,"Extra 10% Off, with code: EXTRA Plus SALE boohoo Plus Gold Trim Plisse Skater Dress",9.0,28.0,68,True,25
2026-09-25,Other,"Extra 10% Off, with code: EXTRA boohoo Super Soft Strappy Cami Maxi Dress",12.0,15.0,20,True,25
2026-09-25,Other,"Extra 10% Off, with code: EXTRA boohoo Textured Ruched Frill Skirt Mini Dress",23.2,29.0,20,True,25
2026-09-25,Other,"Extra 10% Off, with code: EXTRA Shop New Season SALE boohoo Drop Hem Fitted Midaxi Dress",21.0,32.0,34,True,25
2026-09-25,Other,"Extra 10% Off, with code: EXTRA boohoo Lace Trim Ruched Bust Mini Dress",15.2,19.0,20,True,25
2026-09-25,Other,"Extra 10% Off, with code: EXTRA SALE boohoo Cowl Neck Shell Printed Mesh Maxi Dress",9.0,26.0,65,True,25
2026-09-25,Other,"Extra 10% Off, with code: EXTRA boohoo Broderie Scalloped Neck Corset Mini Dress",22.4,28.0,20,True,25
2026-09-25,Other,"Extra 10% Off, with code: EXTRA Petite boohoo Petite Textured Crinkle Strappy Tiered Maxi Dress",24.0,30.0,20,True,25
2026-09-25,Other,"Extra 10% Off, with code: EXTRA Back In Stock boohoo Super Soft V Neck Knitted Mini Dress",16.0,20.0,20,True,25
2026-09-25,Other,"Extra 10% Off, with code: EXTRA Tall boohoo Tall Super Soft Long Sleeve Mini Dress",12.0,15.0,20,True,25
2026-09-25,Other,"Extra 10% Off, with code: EXTRA Plus SALE boohoo Plus Mixed Animal Scarf Detail Chiffon Maxi Dress",9.0,28.0,68,True,25
2026-09-25,Other,"Extra 10% Off, with code: EXTRA boohoo Tailored A Line Mini Dress",22.4,28.0,20,True,25
2026-09-25,Other,"Extra 10% Off, with code: EXTRA Petite boohoo Petite Sleeveless Flippy Hem Denim Dress",24.0,30.0,20,True,25
2026-09-25,Other,"Extra 10% Off, with code: EXTRA SALE boohoo Suede Box Pleat Mini Dress",18.0,45.0,60,True,25
2026-09-25,Other,"Extra 10% Off, with code: EXTRA Plus boohoo Plus Rib Short Sleeve Maxi Dress",17.6,22.0,20,True,25
2026-09-25,Other,"Extra 10% Off, with code: EXTRA Petite SALE boohoo Petite Bardot Foldover Skater Dress",19.0,30.0,37,True,25
2026-09-25,Other,"Extra 10% Off, with code: EXTRA boohoo Drape Front Low Back Maxi Dress",22.4,28.0,20,True,25
2026-09-25,Other,"Extra 10% Off, with code: EXTRA Petite boohoo Petite Dobby Belted Skater Dress",16.0,20.0,20,True,25
2026-09-25,Other,"Extra 10% Off, with code: EXTRA Plus boohoo Plus Strappy Leopard Mini Dress",20.8,26.0,20,True,25
2026-09-25,Other,"Extra 10% Off, with code: EXTRA Petite SALE boohoo Petite Acetate Slinky Twist Neck Maxi Dress",12.0,34.0,65,True,25
2026-09-25,Other,"Extra 10% Off, with code: EXTRA boohoo Bengaline T-Shirt Dress",18.4,23.0,20,True,25
2026-09-25,Other,"Extra 10% Off, with code: EXTRA boohoo Mixed Leopard Printed Mesh Flare Sleeve Mini Dress",25.6,32.0,20,True,25
2026-09-25,Other,"Extra 10% Off, with code: EXTRA SALE boohoo Tailored Wrap Front Structured Blazer Dress",19.0,45.0,58,True,25
2026-09-25,Other,"Extra 10% Off, with code: EXTRA Petite boohoo Petite Soft Touch Scoop Neck Long Sleeve Maxi Dress",14.4,18.0,20,True,25
2026-09-25,Other,"Extra 10% Off, with code: EXTRA Maternity boohoo Maternity Frill Sleeve Smock Dress",15.2,19.0,20,True,25
2026-09-25,Other,"Extra 10% Off, with code: EXTRA Petite boohoo Petite Smudge Print Skater Shirt Dress",15.2,19.0,20,True,25
2026-09-25,Other,"Extra 10% Off, with code: EXTRA boohoo Floral Chiffon Maxi Slip Dress",17.6,22.0,20,True,25
2026-09-25,Other,"Extra 10% Off, with code: EXTRA SALE boohoo Tailored Halterneck A-line Dress",12.0,26.0,54,True,25
2026-09-25,Other,"Extra 10% Off, with code: EXTRA SALE boohoo Linen Look Buckle Detail Tie Waist Tailored Blazer Dress",13.0,32.0,59,True,25
2026-09-25,Other,"Extra 10% Off, with code: EXTRA Plus SALE boohoo Plus Mixed Animal Volume Sleeve Satin Midaxi Dress",9.0,28.0,68,True,25
2026-09-25,Other,"Extra 10% Off, with code: EXTRA boohoo Slinky Boat Neck Lace Hem Midi Dress",20.8,26.0,20,True,25
2026-09-25,Other,"Extra 10% Off, with code: EXTRA SALE boohoo Twill Cinched Waist Shirt Dress",9.0,28.0,68,True,25
2026-09-25,Other,"Extra 10% Off, with code: EXTRA boohoo Super Soft Long Sleeve Ruched Mini Dress",16.0,20.0,20,True,25
2026-09-25,Other,"Extra 10% Off, with code: EXTRA Maternity SALE boohoo Maternity Rib Tie Detail Maxi Dress",13.0,21.0,38,True,25
2026-09-25,Other,"Extra 10% Off, with code: EXTRA Tall boohoo Tall High Neck Super Soft Knitted Mini Dress",14.4,18.0,20,True,25
2026-09-25,Other,"Extra 10% Off, with code: EXTRA boohoo Floral Mesh Drape Waist Detail Mini Dress",20.8,26.0,20,True,25
2026-09-25,Other,"Extra 10% Off, with code: EXTRA SALE boohoo Floral Chiffon Layered Ruffle Detail Maxi Dress",24.0,35.0,31,True,25
2026-09-25,Other,"Extra 10% Off, with code: EXTRA Petite SALE boohoo Petite Chiffon Ruched Waist Ruffle Detail Maxi Dress",13.0,32.0,59,True,25
2026-09-25,Other,"Extra 10% Off, with code: EXTRA SALE boohoo Beach Crochet Stripe Knit Mini Dress",18.0,26.0,31,True,26
2026-09-25,Other,"Extra 10% Off, with code: EXTRA boohoo Mesh Zebra Print Cowl Maxi Dress",22.4,28.0,20,True,26
2026-09-25,Other,"Extra 10% Off, with code: EXTRA Plus SALE boohoo Plus Seam Detail Balloon Sleeve Mini Dress",17.0,48.0,65,True,26
2026-09-25,Other,"Extra 10% Off, with code: EXTRA Shop New Season Plus SALE boohoo plus mesh ruffle skater dress",17.0,25.0,32,True,26
2026-09-25,Other,"Extra 10% Off, with code: EXTRA boohoo Cotton Poplin Shirred Mini Dress",17.6,22.0,20,True,26
2026-09-25,Other,"Extra 10% Off, with code: EXTRA Plus SALE boohoo Plus Chiffon Volume Sleeve Tie Waist Mini Skater Dress",12.0,30.0,60,True,26
2026-09-25,Other,"Extra 10% Off, with code: EXTRA SALE boohoo Ribbed Collared Button Down Shirt Midaxi Dress",9.0,28.0,68,True,26
2026-09-25,Other,"Extra 10% Off, with code: EXTRA Plus boohoo Plus Woven Animal Print Wrap Midi Dress",17.6,22.0,20,True,26
2026-09-25,Other,"Extra 10% Off, with code: EXTRA Plus boohoo Plus Long Sleeve Ruched Mini Dress",14.4,18.0,20,True,26
2026-09-25,Other,"Extra 10% Off, with code: EXTRA SALE boohoo Tailored Scarf Detail Shoulder Pad Blazer Dress",16.0,48.0,67,True,26
2026-09-25,Other,"Extra 10% Off, with code: EXTRA Plus boohoo Plus Slash Neck Drape Side Dress",22.4,28.0,20,True,26
2026-09-25,Other,"Extra 10% Off, with code: EXTRA boohoo Polka Dot Mono Split Cowl Back Maxi Dress",22.4,28.0,20,True,26
2026-09-25,Other,"Extra 10% Off, with code: EXTRA boohoo Bengaline Halterneck Cut Out Corset Mini Dress",17.6,22.0,20,True,26
2026-09-25,Other,"Extra 10% Off, with code: EXTRA boohoo Premium Jersey Tie Front T Shirt Dress",20.8,26.0,20,True,26
2026-09-25,Other,"Extra 10% Off, with code: EXTRA Plus boohoo Plus Large Floral Slash neck Maxi Dress",16.0,20.0,20,True,26
2026-09-25,Other,"Extra 10% Off, with code: EXTRA Plus SALE boohoo Plus Bengaline Corset Long Sleeve Skater Dress",20.0,30.0,33,True,26
2026-09-25,Other,"Extra 10% Off, with code: EXTRA Plus SALE boohoo Plus Square Neck Long Sleeve Dress",14.0,48.0,71,True,26
2026-09-25,Other,"Extra 10% Off, with code: EXTRA Back In Stock boohoo Crew Neck Flared Sleeve Knitted Mini Dress",17.6,22.0,20,True,26
2026-09-25,Other,"Extra 10% Off, with code: EXTRA boohoo Linen Look Structured Off Shoulder Mini Dress",24.0,30.0,20,True,26
2026-09-25,Other,"Extra 10% Off, with code: EXTRA Maternity boohoo Maternity Floral Milkmaid Midi Dress",20.0,25.0,20,True,26
2026-09-25,Other,"Extra 10% Off, with code: EXTRA Plus SALE boohoo Plus Leopard Ruched Mesh Maxi Dress",22.0,32.0,31,True,26
2026-09-25,Other,"Extra 10% Off, with code: EXTRA Plus boohoo Plus Lace Godet Skater Mini Dress",24.0,30.0,20,True,26
2026-09-25,Other,"Extra 10% Off, with code: EXTRA Plus boohoo Plus Blouson Sleeve Wrap Dress",18.4,23.0,20,True,26
2026-09-25,Other,"Extra 10% Off, with code: EXTRA Plus boohoo Plus Shirred Waist V Neck Midaxi Dress",22.4,28.0,20,True,26
2026-09-25,Other,"Extra 10% Off, with code: EXTRA boohoo Structured Seam Detail Mini Dress",22.4,28.0,20,True,26
2026-09-25,Other,"Extra 10% Off, with code: EXTRA Plus boohoo Plus Burnout Milkmaid Midi Dress",23.2,29.0,20,True,26
2026-09-25,Other,"Extra 10% Off, with code: EXTRA Maternity boohoo Maternity Double Slinky Twist Deatil Ruched Midi Dress",22.4,28.0,20,True,26
2026-09-25,Other,"Extra 10% Off, with code: EXTRA boohoo Tailored Cap Sleeve Button Through Mini Shift Dress",22.4,28.0,20,True,26
2026-09-25,Other,"Extra 10% Off, with code: EXTRA Tall boohoo Tall Buckle Detail Tie Waist Blazer Dress",19.2,24.0,20,True,26
2026-09-25,Other,"Extra 10% Off, with code: EXTRA boohoo Broderie Ruched Bust Mini Dress",22.4,28.0,20,True,26
2026-09-25,Other,"Extra 10% Off, with code: EXTRA boohoo Volume Puff Sleeve Midaxi Dress",22.4,28.0,20,True,26
2026-09-25,Other,"Extra 10% Off, with code: EXTRA boohoo Floral Chiffon Halterneck Layered Hem Mini Dress",16.0,20.0,20,True,26
2026-09-25,Other,"Extra 10% Off, with code: EXTRA Tall boohoo Tall Basic Scoop Neck Maxi Dress",12.0,15.0,20,True,26
2026-09-25,Other,"Extra 10% Off, with code: EXTRA boohoo Sleeveless Obi Tie Waist Tailored Blazer Dress",27.2,34.0,20,True,26
2026-09-25,Other,"Extra 10% Off, with code: EXTRA Plus boohoo Plus Dobby Twist Front Midi Dress",27.2,34.0,20,True,26
2026-09-25,Other,"Extra 10% Off, with code: EXTRA boohoo Puff Sleeve Cotton Rouched Milkmaid Mini Dress",20.8,26.0,20,True,26
2026-09-25,Other,"Extra 10% Off, with code: EXTRA boohoo Abstract Printed Ruched One Shoulder Mini Dress",19.2,24.0,20,True,26
2026-09-25,Other,"Extra 10% Off, with code: EXTRA boohoo Cotton Tie Cuff Tshirt Dress",16.0,20.0,20,True,27
2026-09-25,Other,"Extra 10% Off, with code: EXTRA Plus boohoo Plus Chiffon floral smock dress",20.0,25.0,20,True,27
2026-09-25,Other,"Extra 10% Off, with code: EXTRA boohoo Textured Open Back Flared Sleeve Maxi Dress",22.4,28.0,20,True,27
2026-09-25,Other,"Extra 10% Off, with code: EXTRA Shop New Season Plus SALE boohoo Plus Halter Neck Scarf Detail Flared Skirt Maxi Dress",24.0,35.0,31,True,27
2026-09-25,Other,"Extra 10% Off, with code: EXTRA Plus boohoo Plus Chiffon High Neck Ruffle Detail Maxi Dress",32.0,40.0,20,True,27
2026-09-25,Other,"Extra 10% Off, with code: EXTRA SALE boohoo Burnout Floral Angel Sleeve Midaxi Dress",25.0,36.0,31,True,27
2026-09-25,Other,"Extra 10% Off, with code: EXTRA boohoo Crochet Maxi Beach Dress",28.0,35.0,20,True,27
2026-09-25,Other,"Extra 10% Off, with code: EXTRA Petite boohoo Petite Shirred Poplin Midaxi Dress",22.4,28.0,20,True,27
2026-09-25,Other,"Extra 10% Off, with code: EXTRA boohoo Lace Bardot Satin Midaxi Dress",24.0,30.0,20,True,27
2026-09-25,Other,"Extra 10% Off, with code: EXTRA SALE boohoo Burnout Draped Detail Maxi Dress",25.0,38.0,34,True,27
2026-09-25,Other,"Extra 10% Off, with code: EXTRA boohoo Chiffon Bardot Ruched Mini Dress",24.0,30.0,20,True,27
2026-09-25,Other,"Extra 10% Off, with code: EXTRA boohoo Chiffon Tiered Halterneck Maxi Dress",25.6,32.0,20,True,27
2026-09-25,Other,"Extra 10% Off, with code: EXTRA Plus boohoo Plus Dobby Chiffon Frill Detail Maxi Dress",32.0,40.0,20,True,27
2026-09-25,Other,"Extra 10% Off, with code: EXTRA boohoo Double Layer Asym Slinky Drape Front Maxi Dress",28.0,35.0,20,True,27
2026-09-25,Other,"Extra 10% Off, with code: EXTRA Plus boohoo Plus Chiffon Ruffle Cold Shoulder Maxi Dress",28.8,36.0,20,True,27
2026-09-25,Other,"Extra 10% Off, with code: EXTRA boohoo Ruched Asymmetric Drape Detail Midaxi Dress",28.0,35.0,20,True,27
2026-09-25,Other,"Extra 10% Off, with code: EXTRA boohoo Cotton Ruched Bust Shoulder Tie Midi Dress",30.4,38.0,20,True,27
2026-09-25,Other,"Extra 10% Off, with code: EXTRA SALE boohoo Chiffon Cowl Neck Maxi Dress",9.0,28.0,68,True,27
2026-09-25,Other,"Extra 10% Off, with code: EXTRA boohoo Deep V Front Tie Mini Skater Dress",13.6,17.0,20,True,27
2026-09-25,Other,"Extra 10% Off, with code: EXTRA SALE boohoo Linen Look Volume Sleeve Tiered Midaxi Dress",13.0,26.0,50,True,27
2026-09-25,Other,"Extra 10% Off, with code: EXTRA Plus SALE boohoo Plus Peached Collared Wrap Shirt Dress",9.0,28.0,68,True,27
2026-09-25,Other,"Extra 10% Off, with code: EXTRA SALE boohoo Burnout Floral Tie Front Smock Dress",10.0,30.0,67,True,27
2026-09-25,Other,"Extra 10% Off, with code: EXTRA SALE boohoo Polka Dot Crinkle Midaxi Dress",11.0,27.0,59,True,27
2026-09-25,Other,"Extra 10% Off, with code: EXTRA SALE boohoo Halterneck Asymmetric Hem Mini Dress",8.0,22.0,64,True,27
2026-09-25,Other,"Extra 10% Off, with code: EXTRA boohoo Square Halter Neck Skater Dress",14.4,18.0,20,True,27
2026-09-25,Other,"Extra 10% Off, with code: EXTRA SALE boohoo Embroidered Ruffle Cotton Mini Dress",15.0,22.0,32,True,27
2026-09-25,Other,"Extra 10% Off, with code: EXTRA Plus boohoo Plus Tiered Linen Look Strappy Maxi Dress",16.0,20.0,20,True,27
2026-09-25,Other,"Extra 10% Off, with code: EXTRA Plus SALE boohoo Plus Floral Burnout Volume Sleeve Midi Dress",16.0,32.0,50,True,27
2026-09-25,Other,"Extra 10% Off, with code: EXTRA boohoo Plunge Front Short Sleeve Mini Dress",16.0,20.0,20,True,27
2026-09-25,Other,"Extra 10% Off, with code: EXTRA SALE boohoo Ruched Bust Drape Front Satin Maxi Dress",14.0,35.0,60,True,27
2026-09-25,Other,"Extra 10% Off, with code: EXTRA boohoo Floral Print Ruched Mini Dress",20.0,25.0,20,True,27
2026-09-25,Other,"Extra 10% Off, with code: EXTRA boohoo Chiffon Scarf Detail Cold Shoulder Mini Dress",19.2,24.0,20,True,27
2026-09-25,Other,"Extra 10% Off, with code: EXTRA Plus boohoo Plus Benglaine Scoop Neck Midaxi",27.2,34.0,20,True,27
2026-09-25,Other,"Extra 10% Off, with code: EXTRA Maternity boohoo Maternity Ruched Drop Hem Mesh Dress",17.6,22.0,20,True,27
2026-09-25,Other,"Extra 10% Off, with code: EXTRA Plus boohoo Plus Crochet Knit Scoop Back Beach Maxi Dress",24.0,30.0,20,True,27
2026-09-25,Other,"Extra 10% Off, with code: EXTRA Plus boohoo Plus Lace Insert Tiered Smock Dress",20.8,26.0,20,True,27
2026-09-25,Other,"Extra 10% Off, with code: EXTRA Petite boohoo Petite Linen Full Pocket Detail Maxi Dress",20.0,25.0,20,True,28
2026-09-25,Other,"Extra 10% Off, with code: EXTRA Plus boohoo Plus Floral Chiffon Ruffle Slip Dress",27.2,34.0,20,True,28
2026-09-25,Other,"Extra 10% Off, with code: EXTRA boohoo Seersucker Ruffle Detail Midaxi Dress",22.4,28.0,20,True,28
2026-09-25,Other,"Extra 10% Off, with code: EXTRA Shop New Season boohoo Tie Strap Shirred Poplin Maxi Dress",22.4,28.0,20,True,28
2026-09-25,Other,"Extra 10% Off, with code: EXTRA Plus boohoo Plus Square Neck Skater Dress",20.0,25.0,20,True,28
2026-09-25,Other,"Extra 10% Off, with code: EXTRA boohoo Polka Dot Structured Seam Detail Mini Dress",25.6,32.0,20,True,28
2026-09-25,Other,"Extra 10% Off, with code: EXTRA boohoo Cotton Poplin Halter Neck Front Gathered Seam Skater Maxi Dress",20.0,25.0,20,True,28
2026-09-25,Other,"Extra 10% Off, with code: EXTRA Petite boohoo Petite Linen Look Cami Swing Mini Dress",18.4,23.0,20,True,28
2026-09-25,Other,"Extra 10% Off, with code: EXTRA Tall boohoo Tall Cotton Poplin Halterneck Midi Dress",22.4,28.0,20,True,28
2026-09-25,Other,"Extra 10% Off, with code: EXTRA boohoo Long Sleeve Ruched High Neck Shift Dress",20.8,26.0,20,True,28
2026-09-25,Other,"Extra 10% Off, with code: EXTRA boohoo Extreme Puff Sleeve Shirred Maxi Smock Dress",20.0,25.0,20,True,28
2026-09-25,Other,"Extra 10% Off, with code: EXTRA boohoo Crinkle Chiffon & Lace Layered Mini Dress",28.0,35.0,20,True,28
2026-09-25,Other,"Extra 10% Off, with code: EXTRA boohoo Linen Full Pocket Detail Maxi Dress",20.0,25.0,20,True,28
2026-09-25,Other,"Extra 10% Off, with code: EXTRA Plus boohoo Plus Polka Dot Lace Trim Midaxi Dress",22.4,28.0,20,True,28
2026-09-25,Other,"Extra 10% Off, with code: EXTRA boohoo Poplin Blouson Sleeve Trapeze Maxi Dress",20.8,26.0,20,True,28
2026-09-25,Other,"Extra 10% Off, with code: EXTRA boohoo Slinky Asym Neck Ruched Detail Maxi Dress",28.0,35.0,20,True,28
2026-09-25,Other,"Extra 10% Off, with code: EXTRA boohoo Super Soft Ruched Drop Waist Maxi Dress",17.6,22.0,20,True,28
2026-09-25,Other,"Extra 10% Off, with code: EXTRA boohoo Burnout Floral Angel Sleeve Midaxi Dress",25.6,32.0,20,True,28
2026-09-25,Other,"Extra 10% Off, with code: EXTRA boohoo Satin & Lace Maxi Slip Dress",28.0,35.0,20,True,28
2026-09-25,Other,"Extra 10% Off, with code: EXTRA Plus SALE boohoo Plus Chambray Short Sleeve Skater Dress",17.0,25.0,32,True,28
2026-09-25,Other,"Extra 10% Off, with code: EXTRA boohoo Stripe Contrast Collar Rugby Polo Dress",17.6,22.0,20,True,28
2026-09-25,Other,"Extra 10% Off, with code: EXTRA SALE boohoo Satin Plunge Maxi Dress With Neck Tie",10.0,30.0,67,True,28
2026-09-25,Other,"Extra 10% Off, with code: EXTRA boohoo Cotton Poplin Halter Neck Pleated Midi Dress",22.4,28.0,20,True,28
2026-09-25,Other,"Extra 10% Off, with code: EXTRA SALE boohoo Off The Shoulder Mesh Maxi Dress",19.0,28.0,32,True,28
2026-09-25,Other,"Extra 10% Off, with code: EXTRA boohoo Large Floral Slash Neck Maxi Dress",16.0,20.0,20,True,28
2026-09-25,Other,"Extra 10% Off, with code: EXTRA boohoo Linen Trapeze Maxi Dress",18.4,23.0,20,True,28
2026-09-25,Other,"Extra 10% Off, with code: EXTRA boohoo Cotton Poplin Ruched Tie Waist Detail Maxi Dress",20.0,25.0,20,True,28
2026-09-25,Other,"Extra 10% Off, with code: EXTRA Plus SALE boohoo Plus Cotton Ruched Bust Shoulder Tie Midi Dress",25.0,38.0,34,True,28
2026-09-25,Other,"Extra 10% Off, with code: EXTRA boohoo Mixed Animal Print Off The Shoulder Mesh Maxi Dress",22.4,28.0,20,True,28
2026-09-25,Other,"Extra 10% Off, with code: EXTRA boohoo Bandeau Twist Detail Floral Mesh Maxi Dress",20.0,25.0,20,True,28
2026-09-25,Other,"Extra 10% Off, with code: EXTRA boohoo Large Floral Print Ruched Maxi Dress",22.4,28.0,20,True,28
2026-09-25,Other,"Extra 10% Off, with code: EXTRA Plus boohoo Plus Cotton Poplin Pleated Volume Maxi Dress",20.0,25.0,20,True,28
2026-09-25,Other,"Extra 10% Off, with code: EXTRA Plus boohoo Plus Ruched Drop Waist Maxi Dress",24.0,30.0,20,True,28
2026-09-25,Other,"Extra 10% Off, with code: EXTRA Tall boohoo Tall Chiffon Ruched Drape Smock Dress",22.4,28.0,20,True,28
2026-09-25,Other,"Extra 10% Off, with code: EXTRA Plus SALE boohoo Plus Cotton Poplin Ruched Tie Waist Detail Maxi Dress",18.0,30.0,40,True,28
2026-09-25,Other,"Extra 10% Off, with code: EXTRA Tall boohoo Tall Chiffon Ruched Drop Waist Halter Neck Maxi Dress",22.4,28.0,20,True,28
2026-09-25,Other,"Extra 10% Off, with code: EXTRA Petite boohoo Petite Polka Dot Cotton Poplin Tie Shoulder Mini Dress",17.6,22.0,20,True,28
2026-09-25,Other,"Extra 10% Off, with code: EXTRA boohoo Chiffon Tie Detail Bandeau Smock Mini Dress",16.0,20.0,20,True,28
2026-09-25,Other,"Extra 10% Off, with code: EXTRA Maternity SALE boohoo Materntiy Cotton Poplin Shirred Strappy Maxi Dress",17.0,28.0,39,True,29
2026-09-25,Other,"Extra 10% Off, with code: EXTRA boohoo Beaded Linen Halter Beach Dress",14.4,18.0,20,True,29
2026-09-25,Other,"Extra 10% Off, with code: EXTRA boohoo Chiffon Cowl Neck Sleeveless Scarf Neck Mini Dress",20.0,25.0,20,True,29
2026-09-25,Other,"Extra 10% Off, with code: EXTRA Shop New Season Maternity boohoo Maternity Cotton Poplin Puff Sleeve Maxi Dress",20.0,25.0,20,True,29
2026-09-25,Other,"Extra 10% Off, with code: EXTRA Petite SALE boohoo Petite Chiffon Plunge Ruffle Maxi Dress",15.0,25.0,40,True,29
2026-09-25,Other,"Extra 10% Off, with code: EXTRA boohoo Basic Slash Neck Super Soft Maxi Dress",12.8,16.0,20,True,29
2026-09-25,Other,"Extra 10% Off, with code: EXTRA boohoo Crochet Stripe Stitch Maxi Dress",28.0,35.0,20,True,29
2026-09-25,Other,"Extra 10% Off, with code: EXTRA boohoo One Shoulder Printed Mesh Maxi Dress",22.4,28.0,20,True,29
2026-09-25,Other,"Extra 10% Off, with code: EXTRA Tall boohoo Tall High Neck Scarf Wrap Waist Maxi Column Dress",24.0,30.0,20,True,29
2026-09-25,Other,"Extra 10% Off, with code: EXTRA SALE boohoo Acetate Slinky Twist Neck Maxi Dress",11.0,35.0,69,True,29
2026-09-25,Other,"Extra 10% Off, with code: EXTRA SALE boohoo Flared Sleeve Ruched Bodice Mini Dress",8.0,25.0,68,True,29
2026-09-25,Other,"Extra 10% Off, with code: EXTRA boohoo Mixed Fabric Drop Hem Mini Dress",24.0,30.0,20,True,29
2026-09-25,Other,"Extra 10% Off, with code: EXTRA boohoo Asymmetric Gold Trim Mesh Maxi Dress",22.4,28.0,20,True,29
2026-09-25,Other,"Extra 10% Off, with code: EXTRA boohoo Cotton Strappy A-Line Mini Dress",11.2,14.0,20,True,29
2026-09-25,Other,"Extra 10% Off, with code: EXTRA boohoo Leopard Print Sheer Mesh Mini Beach Dress",14.4,18.0,20,True,29
2026-09-25,Other,"Extra 10% Off, with code: EXTRA SALE boohoo Satin Frill Sleeve Split Maxi Dress",10.0,32.0,69,True,29
2026-09-25,Other,"Extra 10% Off, with code: EXTRA Petite SALE boohoo Petite Floral Dobby Cut Out Maxi Dress",8.0,25.0,68,True,29
2026-09-25,Other,"Extra 10% Off, with code: EXTRA Plus boohoo Plus Asymmetric Waist Ruffle Maxi Dress",28.0,35.0,20,True,29
2026-09-25,Other,"Extra 10% Off, with code: EXTRA Plus SALE boohoo Plus Cotton Poplin Ruched Tie Waist Detail Maxi Dress",17.0,30.0,43,True,29
2026-09-25,Other,"Extra 10% Off, with code: EXTRA Plus SALE boohoo Plus Chiffon Ruffle Bardot Maxi Dress",11.0,38.0,71,True,29
2026-09-25,Other,"Extra 10% Off, with code: EXTRA Plus SALE boohoo Plus Long Sleeve Ruched Mesh Hem Maxi Dress",13.0,32.0,59,True,29
2026-09-25,Other,"Extra 10% Off, with code: EXTRA Plus SALE boohoo Plus Textured Stripe Bandeau Maxi Dress",15.0,30.0,50,True,29
2026-09-25,Other,"Extra 10% Off, with code: EXTRA Plus SALE boohoo Plus Cotton Milkmaid Midaxi Skater Dress",17.0,28.0,39,True,29
2026-09-25,Other,"Extra 10% Off, with code: EXTRA boohoo Twist Detail Off Shoulder Drape Maxi Dress",22.4,28.0,20,True,29
2026-09-25,Other,"Extra 10% Off, with code: EXTRA Plus SALE boohoo Plus Knitted Scoop Back Mini Dress",13.0,22.0,41,True,29
2026-09-25,Other,"Extra 10% Off, with code: EXTRA Plus boohoo Plus T-Shirt Midi Dress",15.2,19.0,20,True,29
2026-09-25,Other,"Extra 10% Off, with code: EXTRA Plus boohoo Plus Super Soft Knot Waist Short Sleeve Maxi Dress",16.0,20.0,20,True,29
2026-09-25,Other,"Extra 10% Off, with code: EXTRA boohoo Chunky Knit Collared V Neck Jumper Dress",20.0,25.0,20,True,29
2026-09-25,Other,"Extra 10% Off, with code: EXTRA SALE boohoo Leopard Halterneck Mesh Ruffle Mini Dress",11.0,28.0,61,True,29
2026-09-25,Other,"Extra 10% Off, with code: EXTRA Maternity boohoo Maternity Crew Neck Jumper Midi Dress",16.0,20.0,20,True,29
2026-09-25,Other,"Extra 10% Off, with code: EXTRA boohoo Bengaline Slash Neck Fit & Flare Mini Dress",14.4,18.0,20,True,29
2026-09-25,Other,"Extra 10% Off, with code: EXTRA boohoo Tailored Sweetheart Neckline Skater Dress",25.6,32.0,20,True,29
2026-09-25,Other,"Extra 10% Off, with code: EXTRA boohoo Tonal Mixed Animal Mesh Flared Sleeve Maxi Dress",20.0,25.0,20,True,29
2026-09-25,Other,"Extra 10% Off, with code: EXTRA boohoo Animal Printed Mesh Wide Cowl Printed Maxi Dress",17.6,22.0,20,True,29
2026-09-25,Other,"Extra 10% Off, with code: EXTRA SALE boohoo Premium Super Soft Rib Scoop Neck Mini Dress",13.0,25.0,48,True,29
2026-09-25,Other,"Extra 10% Off, with code: EXTRA Plus boohoo Plus Satin Asymmetric Neckline Ruched Shift Dress",20.8,26.0,20,True,29
2026-09-25,Other,"Extra 10% Off, with code: EXTRA Plus boohoo Plus Soft Rib Tie Front Smock Dress",18.4,23.0,20,True,30
2026-09-25,Other,"Extra 10% Off, with code: EXTRA boohoo Basic Rib 3/4 Sleeve Maxi Dress",12.8,16.0,20,True,30
2026-09-25,Other,"Extra 10% Off, with code: EXTRA Shop New Season Petite SALE boohoo Petite Burnout Frill Mini Dress",15.0,28.0,46,True,30
2026-09-25,Other,"Extra 10% Off, with code: EXTRA boohoo Polka Dot Square Neck Mini Dress",19.2,24.0,20,True,30
2026-09-25,Other,"Extra 10% Off, with code: EXTRA boohoo Slash Neck Fit & Flare Micro Mini Dress",22.4,28.0,20,True,30
2026-09-25,Other,"Extra 10% Off, with code: EXTRA Plus boohoo Plus Floral Chiffon Tie Back Flare Mini Dress",20.0,25.0,20,True,30
2026-09-25,Other,"Extra 10% Off, with code: EXTRA boohoo Slash Neck Abstract Super Soft Maxi Dress",14.4,18.0,20,True,30
2026-09-25,Other,"Extra 10% Off, with code: EXTRA boohoo Halloween Skeleton Print T-shirt Dress",12.0,15.0,20,True,30
2026-09-25,Other,"Extra 10% Off, with code: EXTRA boohoo Bengaline Hook And Eye Skater Dress",19.2,24.0,20,True,30
2026-09-25,Other,"Extra 10% Off, with code: EXTRA Plus boohoo Plus Slinky Shoulder Pad Drape Ruched Dress",22.4,28.0,20,True,30
2026-09-25,Other,"Extra 10% Off, with code: EXTRA Tall boohoo Tall Basic Short Sleeve Maxi Dress",14.4,18.0,20,True,30
2026-09-25,Other,"Extra 10% Off, with code: EXTRA SALE boohoo Double Layer Slinky Beaded Cut Out Detail Ruched Midaxi Dress",10.0,24.0,58,True,30
2026-09-25,Other,"Extra 10% Off, with code: EXTRA Plus boohoo Plus Drape Front Blazer Dress",25.6,32.0,20,True,30
2026-09-25,Other,"Extra 10% Off, with code: EXTRA boohoo Animal Printed Mesh Flare Sleeve Mini Dress",18.4,23.0,20,True,30
2026-09-25,Other,"Extra 10% Off, with code: EXTRA boohoo Off The Shoulder Mesh Mini Dress",13.6,17.0,20,True,30
2026-09-25,Other,"Extra 10% Off, with code: EXTRA Tall boohoo Tall Mesh Leopard Floral Cowl Neck Maxi Dress",20.0,25.0,20,True,30
2026-09-25,Other,"Extra 10% Off, with code: EXTRA boohoo Printed Chiffon Asymmetric Hem Midi Dress",20.0,25.0,20,True,30
2026-09-25,Other,"Extra 10% Off, with code: EXTRA Tall boohoo Tall High Neck Seam Detail Knitted Mini Jumper Dress",20.0,25.0,20,True,30
2026-09-25,Other,"Extra 10% Off, with code: EXTRA boohoo Floral Godet Hem Maxi Dress",25.6,32.0,20,True,30
2026-09-25,Other,"Extra 10% Off, with code: EXTRA SALE boohoo Tailored Structured Shoulder Pad Hook and Eye Blazer Dress",15.0,45.0,67,True,30
2026-09-25,Other,"Extra 10% Off, with code: EXTRA Plus boohoo The Plus Printed Midi Skater Dress",17.6,22.0,20,True,30
2026-09-25,Other,"Extra 10% Off, with code: EXTRA boohoo Floral Print Halter Cut Out Sheer Mesh Maxi Beach Dress",19.2,24.0,20,True,30
2026-09-25,Other,"Extra 10% Off, with code: EXTRA Maternity SALE boohoo Maternity Chiffon Long Sleeve Pleated Waist Maxi Dress",15.0,28.0,46,True,30
2026-09-25,Other,"Extra 10% Off, with code: EXTRA Maternity SALE boohoo Maternity Floral Milkmaid Midi Dress",17.0,25.0,32,True,30
2026-09-25,Other,"Extra 10% Off, with code: EXTRA SALE boohoo Double Layer Slinky Grown On Neck Drape Front Maxi Dress",17.0,35.0,51,True,30
2026-09-25,Other,"Extra 10% Off, with code: EXTRA boohoo Asymmetric Ruched Mini Dress",15.2,19.0,20,True,30
2026-09-25,Other,"Extra 10% Off, with code: EXTRA boohoo Textured Volume Sleeve Shift Dress",17.6,22.0,20,True,30
2026-09-25,Other,"Extra 10% Off, with code: EXTRA boohoo Check Herringbone Square Neck Tailored Buckle Detail Mini Dress",25.6,32.0,20,True,30
2026-09-25,Other,"Extra 10% Off, with code: EXTRA boohoo Roll Neck Chunky Knit Mini Dress",20.8,26.0,20,True,30
2026-09-25,Other,"Extra 10% Off, with code: EXTRA Petite boohoo Petite Crew Neck Flared Sleeve Knitted Mini Dress",16.0,20.0,20,True,30
2026-09-25,Other,"Extra 10% Off, with code: EXTRA boohoo Tonal Chiffon Cowl Front & Back Maxi Slip Dress",22.4,28.0,20,True,30
2026-09-25,Other,"Extra 10% Off, with code: EXTRA SALE boohoo Textured Deep Bardot Maxi Dress",10.0,36.0,72,True,30
2026-09-25,Other,"Extra 10% Off, with code: EXTRA Maternity boohoo Maternity Drape Detail Maxi Dress",22.4,28.0,20,True,30
2026-09-25,Other,"Extra 10% Off, with code: EXTRA Plus boohoo Plus Angel Sleeve Gathered Side Column Maxi Dress",19.2,24.0,20,True,31
2026-09-25,Other,"Extra 10% Off, with code: EXTRA boohoo Square Neck Tailored Mini Dress",22.4,28.0,20,True,31
2026-09-25,Other,"Extra 10% Off, with code: EXTRA Plus boohoo Plus High neck Tie Front Keyhole Mini Dress",20.0,25.0,20,True,31
2026-09-25,Other,"Extra 10% Off, with code: EXTRA Shop New Season boohoo Check Chiffon Godet Mini Dress",17.6,22.0,20,True,31
2026-09-25,Other,"Extra 10% Off, with code: EXTRA boohoo Ruched Drop Waist Sleeveless Midaxi Dress",20.0,25.0,20,True,31
2026-09-25,Other,"Extra 10% Off, with code: EXTRA Plus boohoo Plus Drape Ruched Body Maxi Dress",24.0,30.0,20,True,31
2026-09-25,Other,"Extra 10% Off, with code: EXTRA boohoo Halterneck Chiffon Ruffle Detail Maxi Dress",25.6,32.0,20,True,31
2026-09-25,Other,"Extra 10% Off, with code: EXTRA Coast Coast Honoured Bow One Shoulder Maxi Bridesmaid Dress",77.4,129.0,40,True,31
2026-09-25,Other,"Extra 15% Off, with code: EXTRA Coast Bardot Long Sleeve Wrap Skirt Embellished Mini Dress",107.4,179.0,40,True,31
2026-09-25,Other,"Extra 15% Off, with code: EXTRA Coast Bardot Ponte Column Midi Dress",20.0,89.0,78,True,31
2026-09-25,Other,"Extra 15% Off, with code: EXTRA Coast Satin Midi Dress With Twist Waist",50.0,119.0,58,True,31
2026-09-25,Other,"Extra 15% Off, with code: EXTRA Coast High Neck Short Sleeve Mini Dress",71.2,89.0,20,True,31
2026-09-25,Other,"Extra 15% Off, with code: EXTRA Coast Lisa Tan Bow Shoulder Crepe Full Skirt Midi Dress",119.0,119.0,0,False,31
2026-09-25,Other,"Extra 15% Off, with code: EXTRA Coast Long Sleeve Lace and Pleated Midi Shirt Dress",60.0,139.0,57,True,31
2026-09-25,Other,"Extra 15% Off, with code: EXTRA Coast Skater Bridal Midi Dress With Bow Straps",119.0,119.0,0,False,31
2026-09-25,Other,"Extra 15% Off, with code: EXTRA MissPap Premium Satin Cowl Neck Fishtail Maxi Bridesmaid Dress",38.5,55.0,30,True,31
2026-09-25,Other,"Extra 15% Off, with code: EXTRA Coast Coast Honoured Chiffon Cowl Back Detail Wedding Dress",89.4,149.0,40,True,31
2026-09-25,Other,"Extra 15% Off, with code: EXTRA Coast Strappy Cowl Maxi with Floral Detail Bridesmaid Dress",28.0,119.0,76,True,31
2026-09-25,Other,"Extra 15% Off, with code: EXTRA Coast High Neck Corsage Detail Midi Dress",35.0,129.0,73,True,31
2026-09-25,Other,"Extra 15% Off, with code: EXTRA Coast Ruched Waist Detail Satin Bridesmaid Dress",25.0,99.0,75,True,31
2026-09-25,Other,"Extra 15% Off, with code: EXTRA Coast Satin Cowl Neck Ruched Detail Midi Dress",99.0,99.0,0,False,31
2026-09-25,Other,"Extra 15% Off, with code: EXTRA Coast Cap Sleeve Pleated Skirt Midi Wedding Guest Dress",90.3,129.0,30,True,31
2026-09-25,Other,"Extra 15% Off, with code: EXTRA Coast Contour Collective Corset Detail Maxi Dress",103.2,129.0,20,True,31
2026-09-25,Other,"Extra 15% Off, with code: EXTRA Coast Lisa Tan Organza Printed Shirt Dress",55.0,139.0,60,True,31
2026-09-25,Other,Petite Coast Petite Lace Hem Structured Satin Maxi Dress,104.3,149.0,30,True,31
2026-09-25,Other,"Extra 15% Off, with code: EXTRA Coast Satin Pleated Midi Wrap Dress",50.0,129.0,61,True,31
2026-09-25,Other,"Extra 15% Off, with code: EXTRA Coast Belted Crepe Dress",40.0,119.0,66,True,31
2026-09-25,Other,"Extra 15% Off, with code: EXTRA 4 Coast Scuba Maxi Dress",99.0,99.0,0,False,31
2026-09-25,Other,"Extra 15% Off, with code: EXTRA MissPap Premium Bonded Satin Corset Midaxi Dress",35.0,85.0,59,True,31
2026-09-25,Other,"Extra 15% Off, with code: EXTRA Coast Pleated Wrap Front Dress",28.0,119.0,76,True,31
2026-09-25,Other,"Extra 15% Off, with code: EXTRA Warehouse Metallic Jacquard Babydoll Dress",18.0,69.0,74,True,31
2026-09-25,Other,"Extra 15% Off, with code: EXTRA Coast Satin Lace Boat Neck Midi Dress With Fluted Sleeve",104.3,149.0,30,True,31
2026-09-25,Other,"Extra 15% Off, with code: EXTRA Coast Coast Honoured Premium Crepe Plunge Neck Fishtail Wedding Dress",104.3,149.0,30,True,31
2026-09-25,Other,"Extra 15% Off, with code: EXTRA Petite Coast Petite Crepe colour Block Midi Dress",70.0,139.0,50,True,31
2026-09-25,Other,"Extra 15% Off, with code: EXTRA Coast Coast Muse Sequin Long Sleeve Midi Dress",199.0,199.0,0,False,31
2026-09-25,Other,"Extra 15% Off, with code: EXTRA Coast Bandeau Ruffle Stretch Crepe Maxi Dress",90.3,129.0,30,True,31
2026-09-25,Other,"Extra 15% Off, with code: EXTRA Warehouse Embroidered and Pintuck Detail Midi Dress With Fringing",47.0,89.0,47,True,31
2026-09-25,Other,"Extra 15% Off, with code: EXTRA Coast Satin Lace Pleated Midi Dress",50.0,129.0,61,True,31
2026-09-25,Other,"Extra 15% Off, with code: EXTRA Coast Crochet Maxi Dress With Satin Trim",30.0,89.0,66,True,31
2026-09-25,Other,"Extra 15% Off, with code: EXTRA Petite Coast Petite Bow Front Short Sleeve Bandage Midi Dress",119.0,119.0,0,False,32
2026-09-25,Other,"Extra 15% Off, with code: EXTRA Coast Printed Floral Mesh Midi Dress",129.0,129.0,0,False,32
2026-09-25,Other,"Extra 15% Off, with code: EXTRA Coast Lace Panelled Long Sleeve Midi Dress",60.0,149.0,60,True,32
2026-09-25,Other,"Extra 15% Off, with code: EXTRA Shop New Season LEMONLUNAR The Serafina Mesh Cover Up Mini Dress",45.0,60.0,25,True,32
2026-09-25,Other,Coast Crepe Bardot Ruched Maxi Bridesmaid Dress,35.0,99.0,65,True,32
2026-09-25,Other,"Extra 15% Off, with code: EXTRA Petite Coast Petite Cross Over Neck Pleated Midi Dress",129.0,129.0,0,False,32
2026-09-25,Other,"Extra 15% Off, with code: EXTRA Coast Jacquard Short Sleeve Tie Back Mini Dress",99.0,99.0,0,False,32
2026-09-25,Other,"Extra 15% Off, with code: EXTRA Coast V Neck Embellished Maxi Dress",100.0,229.0,56,True,32
2026-09-25,Other,"Extra 15% Off, with code: EXTRA Back In Stock PrettyLittleThing Double Layer Slinky Bardot One Shoulder Ruched Maxi Dress",18.0,36.0,50,True,32
2026-09-25,Other,"Extra 10% Off, with code: EXTRA 2 Back In Stock PrettyLittleThing Straight Neck Maxi Dress",25.5,34.0,25,True,32
2026-09-25,Other,"Extra 10% Off, with code: EXTRA Back In Stock PrettyLittleThing Woven Bandeau Ruched Skater Midaxi Dress",15.5,70.0,78,True,32
2026-09-25,Other,"Extra 10% Off, with code: EXTRA 1 Plus Back In Stock PrettyLittleThing Plus Underwire Detail Draped Midi Dress",11.5,38.0,70,True,32
2026-09-25,Other,"Extra 10% Off, with code: EXTRA 1 Back In Stock PrettyLittleThing Tailored Peplum Hem Maxi Dress",30.0,40.0,25,True,32
2026-09-25,Other,"Extra 10% Off, with code: EXTRA Back In Stock PrettyLittleThing Double Layer Slinky Halter Neck Tie Back Shift Dress",9.0,18.0,50,True,32
2026-09-25,Other,"Extra 10% Off, with code: EXTRA Back In Stock PrettyLittleThing Satin Lace Cup Detail Midi Dress",18.0,24.0,25,True,32
2026-09-25,Other,"Extra 10% Off, with code: EXTRA Shape Back In Stock PrettyLittleThing Shape One Shoulder Ruched Side Maxi Dress",21.0,28.0,25,True,32
2026-09-25,Other,"Extra 10% Off, with code: EXTRA Back In Stock PrettyLittleThing Linen Look O-ring Flute Sleeve Beach Dress",15.0,20.0,25,True,32
2026-09-25,Other,"Extra 10% Off, with code: EXTRA Shape Back In Stock PrettyLittleThing Shape Lace Ruched Long Sleeve Mini Dress",26.25,35.0,25,True,32
2026-09-25,Other,"Extra 10% Off, with code: EXTRA Back In Stock PrettyLittleThing Hip Pleated Shift Dress",19.5,26.0,25,True,32
2026-09-25,Other,"Extra 10% Off, with code: EXTRA Petite Back In Stock PrettyLittleThing Petite Denim Long Sleeve Fitted Mini Dress",28.5,38.0,25,True,32
2026-09-25,Other,"Extra 10% Off, with code: EXTRA Back In Stock PrettyLittleThing Premium Woven Belt Detail Shift Dress",13.5,45.0,70,True,32
2026-09-25,Other,"Extra 10% Off, with code: EXTRA 1 Back In Stock PrettyLittleThing Chiffon Corset Bandeau Draped Midi Dress",28.5,38.0,25,True,32
2026-09-25,Other,"Extra 10% Off, with code: EXTRA Back In Stock PrettyLittleThing Scoop Neck Sleeveless Maxi Dress",24.0,32.0,25,True,32
2026-09-25,Other,"Extra 10% Off, with code: EXTRA Plus Back In Stock PrettyLittleThing Plus Floral Printed Plisse Cowl Neck Maxi Dress",12.0,32.0,63,True,32
2026-09-25,Other,"Extra 10% Off, with code: EXTRA Back In Stock PrettyLittleThing Devore V-neck Maxi Dress",21.0,28.0,25,True,32
2026-09-25,Other,"Extra 10% Off, with code: EXTRA Back In Stock PrettyLittleThing Woven Asymmetric Pleated Maxi Dress",25.0,50.0,50,True,32
2026-09-25,Other,"Extra 10% Off, with code: EXTRA Back In Stock PrettyLittleThing Slinky Off Shoulder Wrap Detail Maxi Dress",19.5,26.0,25,True,32
2026-09-25,Other,"Extra 10% Off, with code: EXTRA 1 Plus Back In Stock PrettyLittleThing Plus Double Layer Slinky Bardot Ruched Maxi Dress",27.0,36.0,25,True,32
2026-09-25,Other,"Extra 10% Off, with code: EXTRA Back In Stock PrettyLittleThing Double Layer Plunge Ruched Shoulder Drape Waist Maxi Dress",16.0,32.0,50,True,32
2026-09-25,Other,"Extra 10% Off, with code: EXTRA 2 Back In Stock PrettyLittleThing Premium Scoop Back Maxi Dress",25.0,50.0,50,True,32
2026-09-25,Other,"Extra 10% Off, with code: EXTRA Bianco Lucci Polka Dot Bodycon Midi Dress",22.88,54.2,58,True,32
2026-09-25,Other,Petite Back In Stock PrettyLittleThing Petite Flower Detail Maxi Dress,33.75,45.0,25,True,32
2026-09-25,Other,"Extra 10% Off, with code: EXTRA Back In Stock PrettyLittleThing Pleated Frill Halterneck Maxi Dress",52.5,70.0,25,True,32
2026-09-25,Other,"Extra 10% Off, with code: EXTRA Oasis Floral Corset Detail Midi Dress",55.0,69.0,20,True,32
2026-09-25,Other,"Extra 15% Off, with code: EXTRA Back In Stock PrettyLittleThing Polka Dot Halterneck Tie Detail Ruched Midaxi Dress",33.0,70.0,53,True,32
2026-09-25,Other,"Extra 10% Off, with code: EXTRA Adrianna Papell One Shoulder Satin Crepe Dress",199.0,199.0,0,False,32
2026-09-25,Other,Back In Stock PrettyLittleThing Bandeau Ruched Mini Dress,5.0,26.0,81,True,32
2026-09-25,Other,"Extra 10% Off, with code: EXTRA Back In Stock PrettyLittleThing Trim Shift Mini Dress",16.5,22.0,25,True,32
2026-09-25,Other,"Extra 10% Off, with code: EXTRA PrettyLittleThing Sequin Halter Neck Mini Dress",14.0,28.0,50,True,32
2026-09-25,Other,"Extra 10% Off, with code: EXTRA PrettyLittleThing Satin Twist Plunge Halterneck Maxi Dress",11.0,65.0,83,True,33
2026-09-25,Other,"Extra 10% Off, with code: EXTRA Hiccup Cotton Textured Midi Cover-Up Dress",14.33,31.3,54,True,33
2026-09-25,Other,Back In Stock PrettyLittleThing Satin Cowl Neck Drape Maxi Dress,15.5,40.0,61,True,33
2026-09-25,Other,"Extra 10% Off, with code: EXTRA Shop New Season Femme Luxe Black Velvet Square Neck Long Sleeve Padded Shoulder Bodycon Mini Dress",28.99,40.99,29,True,33
2026-09-25,Other,Back In Stock PrettyLittleThing Tapestry Halterneck Shift Dress,21.0,28.0,25,True,33
2026-09-25,Other,"Extra 10% Off, with code: EXTRA Petite Oasis Petite Floral Satin Burnout Cold Shoulder Dress",20.0,69.0,71,True,33
2026-09-25,Other,"Extra 15% Off, with code: EXTRA PrettyLittleThing Slinky Halterneck Ruched Detail Maxi Dress",15.0,30.0,50,True,33
2026-09-25,Other,"Extra 10% Off, with code: EXTRA Hiccup Printed Long Sleeve Maxi Dress with Belt",18.83,48.2,61,True,33
2026-09-25,Other,Back In Stock PrettyLittleThing Satin Cowl Drape Mini Dress,25.5,34.0,25,True,33
2026-09-25,Other,"Extra 10% Off, with code: EXTRA Gini London Brown Satin Floral Lace Midi Dress",48.0,48.0,0,False,33
2026-09-25,Other,Back In Stock PrettyLittleThing Tie Waist Utility Style Denim Dress,17.0,34.0,50,True,33
2026-09-25,Other,"Extra 10% Off, with code: EXTRA Petite Back In Stock PrettyLittleThing Petite Black and Cream Printed Bandeau Maxi Dress",28.5,38.0,25,True,33
2026-09-25,Other,"Extra 10% Off, with code: EXTRA Back In Stock PrettyLittleThing Woven Square Neck Shift Dress",18.0,50.0,64,True,33
2026-09-25,Other,"Extra 10% Off, with code: EXTRA Back In Stock PrettyLittleThing Rib Scoop Neck Contrast Lace Hem Mini Dress",22.5,30.0,25,True,33
2026-09-25,Other,"Extra 10% Off, with code: EXTRA PrettyLittleThing Acetate Slinky Bardot Long Sleeve Maxi Dress",21.0,28.0,25,True,33
2026-09-25,Other,"Extra 10% Off, with code: EXTRA Back In Stock PrettyLittleThing Satin One Shoulder Drape Bodycon Dress",14.0,26.0,46,True,33
2026-09-25,Other,"Extra 10% Off, with code: EXTRA Hiccup Strapless Maxi Dress Detail",20.7,45.1,54,True,33
2026-09-25,Other,Back In Stock PrettyLittleThing Slinky Knot Drape Midaxi Dress,10.5,22.0,52,True,33
2026-09-25,Other,"Extra 10% Off, with code: EXTRA Shape PrettyLittleThing Shape Satin Off Shoulder Contrast Sheer Hem Maxi Dress",22.5,30.0,25,True,33
2026-09-25,Other,"Extra 10% Off, with code: EXTRA Back In Stock PrettyLittleThing Floral Corset A Line Shift Dress",20.5,34.0,40,True,33
2026-09-25,Other,"Extra 10% Off, with code: EXTRA PrettyLittleThing Cape Detail Mini Dress",28.5,38.0,25,True,33
2026-09-25,Other,"Extra 10% Off, with code: EXTRA PrettyLittleThing Premium Tulle Floral Ruffle A-line Dress",25.5,55.0,54,True,33
2026-09-25,Other,"Extra 10% Off, with code: EXTRA Back In Stock PrettyLittleThing Dropped Waist Midaxi Dress",9.0,45.0,80,True,33
2026-09-25,Other,"Extra 10% Off, with code: EXTRA Back In Stock PrettyLittleThing Woven Boat Neck Backless Detail Mini Dress",22.5,30.0,25,True,33
2026-09-25,Other,"Extra 10% Off, with code: EXTRA Plus PrettyLittleThing Plus Frill Detail Maxi Dress",31.5,42.0,25,True,33
2026-09-25,Other,"Extra 10% Off, with code: EXTRA Back In Stock PrettyLittleThing Double Layer Slinky Off Shoulder Drape Maxi Dress",17.0,38.0,55,True,33
2026-09-25,Other,"Extra 10% Off, with code: EXTRA PrettyLittleThing Chiffon One Shoulder Scarf Detail Maxi Dress",27.0,36.0,25,True,33
2026-09-25,Other,"Extra 10% Off, with code: EXTRA Back In Stock PrettyLittleThing High Neck Tie Detail Satin Maxi Dress",25.5,34.0,25,True,33
2026-09-25,Other,"Extra 10% Off, with code: EXTRA Petite Back In Stock PrettyLittleThing Petite Floral Frill Maxi Dress",32.5,65.0,50,True,33
2026-09-25,Other,"Extra 10% Off, with code: EXTRA Petite Back In Stock PrettyLittleThing Petite Corset Waist Chiffon Drape Sleeve Godet Mini Dress",30.0,40.0,25,True,33
2026-09-25,Other,"Extra 10% Off, with code: EXTRA PrettyLittleThing Satin Ruched Maxi Dress",37.5,50.0,25,True,33
2026-09-25,Other,"Extra 10% Off, with code: EXTRA Back In Stock PrettyLittleThing Mesh Plunge Corset Sleeveless Maxi Dress",45.0,60.0,25,True,33
2026-09-25,Other,"Extra 10% Off, with code: EXTRA Back In Stock PrettyLittleThing Satin Asymmetric Bardot Twist Maxi Dress",8.5,40.0,79,True,33
2026-09-25,Other,"Extra 10% Off, with code: EXTRA Goddiva Lace Cowl One Shoulder Scuba Crepe Maxi Dress",98.0,98.0,0,False,33
2026-09-25,Other,Jolie Moi Long Sleeve V Neck Mesh Maxi Dress,58.5,78.0,25,True,33
2026-09-25,Other,PrettyLittleThing High Neck Bandage Fringe Hem Maxi Dress,48.75,65.0,25,True,33
2026-09-25,Other,"Extra 10% Off, with code: EXTRA PrettyLittleThing Mesh Scoop Fringe Hem Mini Dress",31.5,42.0,25,True,33
2026-09-25,Other,"Extra 10% Off, with code: EXTRA Goddiva Cross Front Scarf Back Chiffon Mermaid Maxi Dress",125.0,125.0,0,False,33
2026-09-25,Other,PrettyLittleThing Light Pleated Frill Halterneck Maxi Dress,35.0,70.0,50,True,33
2026-09-25,Other,Goddiva Bardot Plunge Neck Bow Sleeve A Line Midi Dress,85.0,85.0,0,False,34
2026-09-25,Other,Back In Stock PrettyLittleThing PLT Label Mesh Fringe Skirt Maxi Dress,45.0,60.0,25,True,34
2026-09-25,Other,"Extra 10% Off, with code: EXTRA Goddiva One Shoulder Pleated Fan Midi Dress",125.0,125.0,0,False,34
2026-09-25,Other,Shop New Season PrettyLittleThing Extreme Pleated High Neck Sleeveless Maxi Dress,9.5,50.0,81,True,34
2026-09-25,Other,"Extra 10% Off, with code: EXTRA PrettyLittleThing Stripe Collar Long Sleeve Shift Dress",8.0,24.0,67,True,34
2026-09-25,Other,"Extra 10% Off, with code: EXTRA PrettyLittleThing Satin Textured Asymmetric Mini Dress",10.5,30.0,65,True,34
2026-09-25,Other,"Extra 10% Off, with code: EXTRA PrettyLittleThing Floral Print Woven Halterneck Sweetheart Mini Shift Dress",18.75,25.0,25,True,34
2026-09-25,Other,"Extra 10% Off, with code: EXTRA PrettyLittleThing Mesh Long Sleeve Beach Dress",18.75,25.0,25,True,34
2026-09-25,Other,"Extra 10% Off, with code: EXTRA Shape PrettyLittleThing Shape Corseted Ruched Mesh Insert Side Mini Dress",14.0,35.0,60,True,34
2026-09-25,Other,"Extra 10% Off, with code: EXTRA Tall PrettyLittleThing Tall Textured Beaded Strappy Maxi Dress",19.5,26.0,25,True,34
2026-09-25,Other,"Extra 10% Off, with code: EXTRA Dorothy Perkins Pink Ditsy Long Sleeve Mini Dress",24.5,35.0,30,True,34
2026-09-25,Other,"Extra 15% Off, with code: EXTRA PrettyLittleThing Ribbed Asymmetric Sleeveless Maxi Bodycon Dress",11.5,24.0,52,True,34
2026-09-25,Other,"Extra 10% Off, with code: EXTRA Back In Stock PrettyLittleThing Abstract Animal Print Mesh Halterneck Drape Mini Dress",18.0,24.0,25,True,34
2026-09-25,Other,"Extra 10% Off, with code: EXTRA Back In Stock PrettyLittleThing Corset Detail Tie Shift Dress",12.5,28.0,55,True,34
2026-09-25,Other,"Extra 10% Off, with code: EXTRA Back In Stock PrettyLittleThing Satin Scarf Detail Bodycon Dress",8.5,20.0,58,True,34
2026-09-25,Other,"Extra 10% Off, with code: EXTRA PrettyLittleThing Tailored Wrap Belt Detail Blazer Dress",14.0,45.0,69,True,34
2026-09-25,Other,"Extra 10% Off, with code: EXTRA Hiccup Strapless Maxi Bodycon Dress",16.65,34.8,52,True,34
2026-09-25,Other,Back In Stock PrettyLittleThing Zebra Print Cowl Ruched Detail Maxi Dress,9.5,32.0,70,True,34
2026-09-25,Other,"Extra 10% Off, with code: EXTRA PrettyLittleThing Chiffon Bandeau Draped Scarf Maxi Dress",22.5,30.0,25,True,34
2026-09-25,Other,"Extra 10% Off, with code: EXTRA Femme Luxe Blue Satin Printed Tie Dye Side Slit Maxi Dress",24.99,24.99,0,False,34
2026-09-25,Other,Femme Luxe Sequin Puff Sleeve Bodycon Mini Dress,26.99,68.98,61,True,34
2026-09-25,Other,Goddiva Printed Crossover Maxi,49.0,49.0,0,False,34
2026-09-25,Other,Principles Stripe Tie Front Blouson Sleeve Maxi Dress,24.5,49.0,50,True,34
2026-09-25,Other,PrettyLittleThing Check Keyhole Detail Rara Skirt Shift Dress,27.0,36.0,25,True,34
2026-09-25,Other,"Extra 10% Off, with code: EXTRA Busem A-Line Leopard Print Mini Dress",28.65,38.2,25,True,34
2026-09-25,Other,Plus PrettyLittleThing Plus Crochet Boat Neck Tassel Mini Dress,9.75,28.0,65,True,34
2026-09-25,Other,"Extra 10% Off, with code: EXTRA MSN Collection Women’s Maxi Dress",33.68,44.9,25,True,34
2026-09-25,Other,PrettyLittleThing Abstract Chiffon Halter Neck Frill Detail Shift Dress,22.5,30.0,25,True,34
2026-09-25,Other,"Extra 10% Off, with code: EXTRA PrettyLittleThing Burnout Mesh Short Sleeve Button Detail Maxi Dress",22.5,30.0,25,True,34
2026-09-25,Other,"Extra 10% Off, with code: EXTRA Wallis Lace Fit And Flare Midi Dress",24.0,80.0,70,True,34
2026-09-25,Other,Dorothy Perkins DP Luxe Puff Sleeve Bow Back Mini Dress,22.0,49.0,55,True,34
2026-09-25,Other,"Extra 15% Off, with code: EXTRA Back In Stock PrettyLittleThing PLT Label Double Layer Bandage Mesh Asymmetrical Bodycon Dress",16.5,22.0,25,True,34
2026-09-25,Other,"Extra 10% Off, with code: EXTRA Femme Luxe Long Sleeve Cut Out Midi Dress",24.99,52.99,53,True,34
2026-09-25,Other,Petite PrettyLittleThing Petite Polka Dot Chiffon Scarf Detail Ruffle Shift Mini Dress,21.0,28.0,25,True,34
2026-09-25,Other,"Extra 10% Off, with code: EXTRA Back In Stock PrettyLittleThing Floral Devore Skirt Strappy Maxi Dress",16.0,32.0,50,True,34
2026-09-25,Other,"Extra 10% Off, with code: EXTRA PrettyLittleThing Double Layer Slinky Plunge Ruched Asymmetric Hem Midaxi Dress",22.5,30.0,25,True,34
2026-09-25,Other,"Extra 10% Off, with code: EXTRA Petite Oasis Petite Lace Cowl Back Chiffon Printed Maxi Dress",42.0,85.0,51,True,34
2026-09-25,Other,"Extra 15% Off, with code: EXTRA Jolie Moi Plain Wrap Mesh Maxi Dress",59.0,79.0,25,True,34
2026-09-25,Other,PrettyLittleThing Tailored Keyhole Floaty Sleeve Bodycon Dress,20.25,27.0,25,True,34
2026-09-25,Other,"Extra 10% Off, with code: EXTRA Oasis Ruffle Denim Midi Dress",32.0,65.0,51,True,35
2026-09-25,Other,"Extra 15% Off, with code: EXTRA PrettyLittleThing Lace Keyhole Long Flared Sleeve Maxi Dress",21.0,45.0,53,True,35
2026-09-25,Other,"Extra 10% Off, with code: EXTRA Femme Luxe Slinky Plunge Shoulder Drape Waist Double Layer Maxi Dress",29.99,43.99,32,True,35
2026-09-25,Other,Shop New Season Back In Stock PrettyLittleThing Woven Drape Mini Dress,19.6,28.0,30,True,35
2026-09-25,Other,"Extra 10% Off, with code: EXTRA Hiccup Floral Maxi Dress with Heart Collar",15.15,31.2,51,True,35
2026-09-25,Other,Jolie Moi Long Sleeve Soft Jersey Maxi Dress,71.25,95.0,25,True,35
2026-09-25,Other,Ann Summers Halloween Sexy Air Hostess 2 Piece Costume with Hat,36.0,36.0,0,False,35
2026-09-25,Other,Hiccup Printed V-Neck Maxi Dress with Buttons,21.75,38.1,43,True,35
2026-09-25,Other,Wallis Occasion Satin And Mesh Overlay Fit And Flare Dress,59.5,85.0,30,True,35
2026-09-25,Other,Femme Luxe One Shoulder Ruched Double Layer Maxi Dress,36.99,52.99,30,True,35
2026-09-25,Other,Love Sunshine Black Tonal Floral Print Midi Shirt Dress,28.5,38.0,25,True,35
2026-09-25,Other,Back In Stock PrettyLittleThing Abstract Printed Halterneck Puffball Mini Dress,14.0,32.0,56,True,35
2026-09-25,Other,"Extra 10% Off, with code: EXTRA Back In Stock PrettyLittleThing Bandage Plunge Neck Mini Dress",37.5,50.0,25,True,35
2026-09-25,Other,"Extra 10% Off, with code: EXTRA Femme Luxe Double Layer Slinky Ruched Cami Bodycon Mini Dress",13.99,31.99,56,True,35
2026-09-25,Other,Shape PrettyLittleThing Shape Ruched Front Dropped Hem Maxi Dress,30.0,40.0,25,True,35
2026-09-25,Other,"Extra 10% Off, with code: EXTRA PrettyLittleThing Twill Cut Out Bow Shift Dress",15.0,30.0,50,True,35
2026-09-25,Other,"Extra 10% Off, with code: EXTRA Back In Stock PrettyLittleThing Mesh Halter Neck Satin Drape Skirt Mini Dress",25.5,34.0,25,True,35
2026-09-25,Other,"Extra 10% Off, with code: EXTRA Oasis Satin Scarf Detail Strappy Maxi Bridesmaid Dress",20.0,79.0,75,True,35
2026-09-25,Other,"Extra 15% Off, with code: EXTRA Petite PrettyLittleThing Petite Plisse Drape Neck Layered Frill Hem Mini Dress",28.5,38.0,25,True,35
2026-09-25,Other,"Extra 10% Off, with code: EXTRA PrettyLittleThing Mesh Scoop Fringe Hem Mini Dress",30.0,40.0,25,True,35
2026-09-25,Other,"Extra 10% Off, with code: EXTRA Wallis Lace Fit And Flare Midi Dress",40.0,80.0,50,True,35
2026-09-25,Other,PrettyLittleThing Chiffon Ruched Balloon Sleeve Floaty Mini Dress,33.0,44.0,25,True,35
2026-09-25,Other,"Extra 10% Off, with code: EXTRA PrettyLittleThing Low Back Sleeveless Maxi Dress",15.0,30.0,50,True,35
2026-09-25,Other,"Extra 10% Off, with code: EXTRA PrettyLittleThing Satin Knot Detail Maxi Dress",22.5,45.0,50,True,35
2026-09-25,Other,"Extra 10% Off, with code: EXTRA PrettyLittleThing Chiffon Ruched Balloon Sleeve Floaty Mini Dress",33.0,44.0,25,True,35
2026-09-25,Other,"Extra 10% Off, with code: EXTRA PrettyLittleThing Slinky High Neck Trim Detail Open Back Maxi Dress",22.5,30.0,25,True,35
2026-09-25,Other,"Extra 10% Off, with code: EXTRA Goddiva Sequin Starburst Cape Sleeve Midi Dress",95.0,95.0,0,False,35
2026-09-25,Other,Back In Stock PrettyLittleThing PLT Label Hammered Satin Long Sleeve Plunge Mini Dress,30.0,40.0,25,True,35
2026-09-25,Other,"Extra 10% Off, with code: EXTRA Back In Stock PrettyLittleThing Textured Satin Sleeve Detail Maxi Dress",37.5,50.0,25,True,35
2026-09-25,Other,"Extra 10% Off, with code: EXTRA Back In Stock PrettyLittleThing Lace Sweetheart Corset Maxi Dress",28.5,38.0,25,True,35
2026-09-25,Other,"Extra 10% Off, with code: EXTRA Petite PrettyLittleThing Petite Satin Halterneck Maxi Dress",27.0,36.0,25,True,35
2026-09-25,Other,"Extra 10% Off, with code: EXTRA KarenMillen Cluster Sequin & Crystal Embellished Bandeau Tailored Mini Dress",64.0,259.0,75,True,35
2026-09-25,Other,Petite Oasis Petite Light Blue Double Strap Cowl Neck Satin Jacquard Bridesmaid Midi Dress,71.2,89.0,20,True,35
2026-09-25,Other,"Extra 15% Off, with code: EXTRA Petite PrettyLittleThing Petite Pleated Tie Front Cut Out Waist Bandeau Maxi Dress",20.0,40.0,50,True,35
2026-09-25,Other,"Extra 10% Off, with code: EXTRA Jolie Moi Rashelle Jersey Long Sleeve Maxi Dress",78.0,95.0,18,True,35
2026-09-25,Other,Jaded Rose Rosie White Sweetheart Bow Detail Box Pleat Mini Dress From,55.0,55.0,0,False,35
2026-09-25,Other,Up to 21% off Back In Stock PrettyLittleThing Floral Embroidered Maxi Dress,20.0,40.0,50,True,35
2026-09-25,Other,"Extra 10% Off, with code: EXTRA PrettyLittleThing Sequin Detail Shift Dress",22.5,60.0,63,True,35
2026-09-25,Other,"Extra 10% Off, with code: EXTRA Wallis Satin And Mesh Overlay Fit And Flare Dress",85.0,85.0,0,False,35
2026-09-25,Other,Shop New Season KarenMillen Compact Stretch Asymmetric Neckline Draped Midi Dress,70.0,199.0,65,True,36
2026-09-25,Other,PrettyLittleThing Soft Touch Batwing Drape Detail Maxi Dress,34.5,46.0,25,True,36
2026-09-25,Other,"Extra 10% Off, with code: EXTRA PrettyLittleThing Lace High Neck Sleeveless Contrast Maxi Dress",30.0,40.0,25,True,36
2026-09-25,Other,"Extra 10% Off, with code: EXTRA Oasis Printed Textured Maxi Dress",25.0,85.0,71,True,36
2026-09-25,Other,"Extra 15% Off, with code: EXTRA Back In Stock PrettyLittleThing Plum Chiffon Cap Sleeve Boat Neck Maxi Dress",28.5,38.0,25,True,36
2026-09-25,Other,"Extra 10% Off, with code: EXTRA PrettyLittleThing Slinky Extreme Ruched Halterneck Maxi Dress",28.5,38.0,25,True,36
2026-09-25,Other,"Extra 10% Off, with code: EXTRA Femme Luxe Stone Ribbed V Neck Ruched Long Sleeve Bodycon Midi Dress- Karen",24.99,31.99,22,True,36
2026-09-25,Other,PrettyLittleThing Sheer Sequin Sheer Maxi Dress,30.0,40.0,25,True,36
2026-09-25,Other,"Extra 10% Off, with code: EXTRA KarenMillen Satin Back Crepe Twist Detail Woven Midaxi Dress",45.0,129.0,65,True,36
2026-09-25,Other,Oasis Mono Spot Contrast Piping Midi Dress,30.0,59.0,49,True,36
2026-09-25,Other,"Extra 15% Off, with code: EXTRA Back In Stock PrettyLittleThing Bandage Plunge Neck Mini Dress",37.5,50.0,25,True,36
2026-09-25,Other,"Extra 10% Off, with code: EXTRA Petite Oasis Petite Occasion Floral Lace Trim Dobby Chiffon Tiered Midaxi Dress",35.0,69.0,49,True,36
2026-09-25,Other,"Extra 15% Off, with code: EXTRA PrettyLittleThing Satin Cowl Back Lace Detail Maxi Dress",28.5,38.0,25,True,36
2026-09-25,Other,"Extra 10% Off, with code: EXTRA Back In Stock PrettyLittleThing Chiffon Tiered Frill Maxi Dress",24.0,95.0,75,True,36
2026-09-25,Other,"Extra 10% Off, with code: EXTRA Back In Stock PrettyLittleThing Lace Sheer Skirt Panel Bandeau Midaxi Dress",13.5,60.0,78,True,36
2026-09-25,Other,"Extra 10% Off, with code: EXTRA KarenMillen Ombre Crinkle Georgette Embellished Pleat Detail Midi Dress",105.0,299.0,65,True,36
2026-09-25,Other,KarenMillen Embroidered Organdie Balloon Sleeve Woven Maxi Dress,119.0,339.0,65,True,36
2026-09-25,Other,Back In Stock PrettyLittleThing Premium Woven Structured Hip Detail Blazer Dress,37.5,50.0,25,True,36
2026-09-25,Other,"Extra 10% Off, with code: EXTRA Oasis Satin Tie Shoulder Midi Bridesmaid Dress",18.0,69.0,74,True,36
2026-09-25,Other,"Extra 15% Off, with code: EXTRA 2 Jolie Moi Sequin Angel Sleeve Ruffle Hem Maxi Dress",55.0,95.0,42,True,36
2026-09-25,Other,4 LuvForever Fashion Black Flared Sleeve Sequin & Mesh Maxi Dress,112.5,169.99,34,True,36
2026-09-25,Other,Femme Luxe Black Square Neck Sleeveless Skater Midi Dress – Cino,34.99,53.99,35,True,36
2026-09-25,Other,PrettyLittleThing Hot Pink Embellished Strappy Cowl Neck Mini Dress,48.75,65.0,25,True,36
2026-09-25,Other,"Extra 10% Off, with code: EXTRA Wallis Occasion Satin And Mesh Overlay Fit And Flare Dress",51.0,85.0,40,True,36
2026-09-25,Other,Goddiva Cowl Neck Glitter Lurex Mini Dress,95.0,95.0,0,False,36
2026-09-25,Other,MyFashion Striped Lyocell Midi Dress,24.9,39.3,37,True,36
2026-09-25,Other,Blue Vanilla Blue High Neck Puff Sleeve Dress,32.0,32.0,0,False,36
2026-09-25,Other,MSN Collection Tropical Floral Print Maxi Dress,31.65,42.2,25,True,36
2026-09-25,Other,Petite Dorothy Perkins Petite Tie Front Frill Sleeve Printed Poplin Midi Dress,15.0,45.0,67,True,36
2026-09-25,Other,"Extra 15% Off, with code: EXTRA Plus FASHION-SZN Chic Chocolate Asymmetrical Ruffle Hem Maxi Dress for Effortless Style From",19.0,19.0,0,False,36
2026-09-25,Other,Up to 56% off Femme Luxe Wine Satin Ruched One Shoulder Sweetheart Neckline Bodycon Mini Dress,30.99,40.99,24,True,36
2026-09-25,Other,Femme Luxe Satin Strappy Bodycon Mini Dress,19.99,49.99,60,True,36
2026-09-25,Other,Hiccup Square Collar Printed Midi Dress,11.85,31.2,62,True,36
2026-09-25,Other,Femme Luxe Strappy Halter Neck Cut Out Maxi Dress,21.99,39.99,45,True,36
2026-09-25,Other,MyFashion Back Detailed Midi Dress,27.6,36.8,25,True,36
2026-09-25,Other,PrettyLittleThing Sequin Asymmetric Bagged Over Mini Dress,10.25,34.0,70,True,36
2026-09-25,Other,Hiccup Double Breasted Mini Dress,15.23,32.5,53,True,37
2026-09-25,Other,Hiccup Mini Vücuda Oturan Halter Yaka Bengalin Elbise,17.93,37.3,52,True,37
2026-09-25,Other,Gini London Multi Floral Jacquard Chiffon Midi Dress,36.0,48.0,25,True,37
2026-09-25,Other,Shop New Season Femme Luxe Strappy Silk Bodycon Mini Dress,17.99,49.99,64,True,37
2026-09-25,Other,Bianco Lucci Polka Dot Midi Dress with Halter Collar,48.15,64.2,25,True,37
2026-09-25,Other,Oasis Contrast Tiered Mini Dress,15.0,55.0,73,True,37
2026-09-25,Other,"Extra 15% Off, with code: EXTRA Femme Luxe Satin Strapless Bodycon Corset Mini Dress",23.99,36.99,35,True,37
2026-09-25,Other,Hiccup Floral Halter Neck Maxi Dress,14.63,36.2,60,True,37
2026-09-25,Other,Hiccup V-Neck Printed Bodycon Maxi Dress with Lace Detail,12.68,33.7,62,True,37
2026-09-25,Other,Plus Yours Wrap Pointelle Dress,15.0,34.99,57,True,37
2026-09-25,Other,Wallis Summer Floral Belted Midi Dress,12.5,50.0,75,True,37
2026-09-25,Other,Urban Bliss Cable V Neck Midaxi Dress From,16.0,40.0,60,True,37
2026-09-25,Other,EGO Body Contouring Short Sleeve Mini Dress,19.2,24.0,20,True,37
2026-09-25,Other,PrettyLittleThing Satin Polka Dot Scarf Detail Mini Dress,19.5,26.0,25,True,37
2026-09-25,Other,"Extra 10% Off, with code: EXTRA Femme Luxe Velvet Shoulder Pad Dress",24.99,40.99,39,True,37
2026-09-25,Other,PrettyLittleThing Abstract Print Chiffon Plunge Frill Detail Maxi Dress,15.0,32.0,53,True,37
2026-09-25,Other,"Extra 10% Off, with code: EXTRA MSN Collection Women's Midi Dress",34.43,45.9,25,True,37
2026-09-25,Other,PrettyLittleThing Woven Halterneck Plunge Detail Mini Dress,21.0,28.0,25,True,37
2026-09-25,Other,"Extra 10% Off, with code: EXTRA Pink Vanilla Dark Green Cowl Neck Sequin Mini Dress",10.5,35.0,70,True,37
2026-09-25,Other,Femme Luxe Black Corset Detail Strappy Midaxi Dress,34.99,53.99,35,True,37
2026-09-25,Other,PrettyLittleThing Pinstripe Long Sleeve Bodycon Dress,12.5,36.0,65,True,37
2026-09-25,Other,"Extra 10% Off, with code: EXTRA Yumi Gold Sequin Tunic Dress",45.0,60.0,25,True,37
2026-09-25,Other,Femme Luxe Ruched Cup Detail Strappy Bodycon Mini Dress,19.99,38.99,49,True,37
2026-09-25,Other,Dorothy Perkins Patchwork Floral Puff Sleeve Dropped Waist Shirt Mini Dress,20.0,39.0,49,True,37
2026-09-25,Other,"Extra 15% Off, with code: EXTRA EGO Strappy Mini Dress",26.4,33.0,20,True,37
2026-09-25,Other,PrettyLittleThing Nylon Puffball Dress,45.0,60.0,25,True,37
2026-09-25,Other,"Extra 10% Off, with code: EXTRA Hiccup Lace Detailed Polka Dot Sandy Midi Dress",12.45,31.6,61,True,37
2026-09-25,Other,Femme Luxe Ruched Strappy Bodycon Midi Dress,22.99,49.99,54,True,37
2026-09-25,Other,Petite PrettyLittleThing Petite Polka Dot Rosette Halterneck Ruched Mesh Mini Dress,14.0,28.0,50,True,37
2026-09-25,Other,"Extra 10% Off, with code: EXTRA Gini London Plain Ruched Jersey Midi Dress",26.6,38.0,30,True,37
2026-09-25,Other,Femme Luxe Double Layer Slinky Ruched Cami Bodycon Mini Dress,16.99,31.99,47,True,37
2026-09-25,Other,Femme Luxe White Lace Strappy Bodycon Elegant Layered Midi Dress - Rosantha,24.99,52.99,53,True,37
2026-09-25,Other,Busem Women's A-line Midi Shirt Dress,29.4,45.2,35,True,37
2026-09-25,Other,Femme Luxe Side Split Bodycon Maxi Dress,16.99,32.99,48,True,37
2026-09-25,Other,PrettyLittleThing Polka Dot High Neck Floaty Mini Dress,11.0,22.0,50,True,37
2026-09-25,Other,"Extra 10% Off, with code: EXTRA Wallis Abstract Trapeze Midi Dress",22.75,65.0,65,True,37
2026-09-25,Other,Bianco Lucci Ribbed Midi Dress,27.6,36.8,25,True,37
2026-09-25,Other,Hiccup Strapless Maxi Dress with Slit,31.58,55.4,43,True,37
2026-09-25,Other,PrettyLittleThing Lace Short Sleeve Playsuit,20.25,27.0,25,True,38
2026-09-25,Other,"Extra 10% Off, with code: EXTRA PrettyLittleThing Off The Shoulder Asymmetric Shirt Dress",11.5,34.0,66,True,38
2026-09-25,Other,"Extra 10% Off, with code: EXTRA KarenMillen Viscose Satin Drape Midi Dress",45.0,129.0,65,True,38
2026-09-25,Other,Shop New Season Petite Wallis Petite Floral Burn Out Ruffle Midi Dress,37.5,75.0,50,True,38
2026-09-25,Other,PrettyLittleThing Double Layer Slinky Ruched Bodycon Dress,12.0,22.0,45,True,38
2026-09-25,Other,"Extra 10% Off, with code: EXTRA Hiccup Crew Neck Maxi Dress with Cape Accessory",31.5,42.5,26,True,38
2026-09-25,Other,Petite Wallis Petite Polka Dot Cotton Cutwork Detail Shirt Dress,28.0,70.0,60,True,38
2026-09-25,Other,Wallis Floral Twill Belted Midi Dress,18.75,75.0,75,True,38
2026-09-25,Other,PrettyLittleThing Boucle Floral Button A Line Dress,29.0,60.0,52,True,38
2026-09-25,Other,"Extra 10% Off, with code: EXTRA Petite Oasis Petite Dobby Lace Detail Midaxi Dress",32.0,65.0,51,True,38
2026-09-25,Other,"Extra 15% Off, with code: EXTRA Shape Back In Stock PrettyLittleThing Shape Stretch Seamless Strappy Maxi Dress",16.5,22.0,25,True,38
2026-09-25,Other,"Extra 10% Off, with code: EXTRA PrettyLittleThing Chiffon Drape Cut Out Midaxi Dress",10.5,30.0,65,True,38
2026-09-25,Other,"Extra 10% Off, with code: EXTRA PrettyLittleThing Sheer Lace Long Sleeve Floral Print Satin Mini Dress",22.5,30.0,25,True,38
2026-09-25,Other,"Extra 10% Off, with code: EXTRA Dorothy Perkins Patchwork Floral Wrap Front Puff Sleeve Tiered Maxi Dress",22.0,45.0,51,True,38
2026-09-25,Other,"Extra 15% Off, with code: EXTRA Femme Luxe Ruched Strappy Bodycon Midi Dress",22.99,49.99,54,True,38
2026-09-25,Other,PrettyLittleThing Chiffon Ruched Bandeau Drape Mini Dress,17.5,35.0,50,True,38
2026-09-25,Other,"Extra 10% Off, with code: EXTRA Femme Luxe Sequin Feather Off Shoulder Mini Dress",29.99,43.99,32,True,38
2026-09-25,Other,Shape PrettyLittleThing Shape Mesh Corset Bandeau Maxi Dress,11.0,35.0,69,True,38
2026-09-25,Other,"Extra 10% Off, with code: EXTRA PrettyLittleThing Woven Plunge Button Detail Volume Shift Midaxi Dress",52.5,70.0,25,True,38
2026-09-25,Other,"Extra 10% Off, with code: EXTRA Wallis Jacquard Seam Detail Midi Dress",30.0,75.0,60,True,38
2026-09-25,Other,Oasis Fringed Lace Long Sleeve Wedding dress,40.0,89.0,55,True,38
2026-09-25,Other,"Extra 15% Off, with code: EXTRA Wallis Chiffon Pleated Sleeve Midi Dress",32.5,65.0,50,True,38
2026-09-25,Other,Principles Structured Fit And Flare Midi Dress,19.5,65.0,70,True,38
2026-09-25,Other,PrettyLittleThing Satin Lace Cup Maxi Slip Dress,15.0,34.0,56,True,38
2026-09-25,Other,"Extra 10% Off, with code: EXTRA Back In Stock PrettyLittleThing Double Layer Slinky Scoop Neck Open Back Dress",13.0,26.0,50,True,38
2026-09-25,Other,"Extra 10% Off, with code: EXTRA PrettyLittleThing Linen Look Boat Neck Ruched Bodycon Dress",12.0,24.0,50,True,38
2026-09-25,Other,"Extra 10% Off, with code: EXTRA Principles Flutter Sleeve Pleat Detail Satin Midi Dress",44.1,49.0,10,True,38
2026-09-25,Other,PrettyLittleThing Mesh Long Sleeve Drape Maxi Dress,33.0,44.0,25,True,38
2026-09-25,Other,"Extra 10% Off, with code: EXTRA Plus PrettyLittleThing Plus Satin Plunge Midi Dress",17.5,35.0,50,True,38
2026-09-25,Other,"Extra 10% Off, with code: EXTRA Back In Stock PrettyLittleThing Chiffon Drape Bodycon Dress",24.0,32.0,25,True,38
2026-09-25,Other,"Extra 10% Off, with code: EXTRA Back In Stock PrettyLittleThing Bandage Straight Neck Bodycon Mini Dress",37.5,50.0,25,True,38
2026-09-25,Other,"Extra 10% Off, with code: EXTRA Back In Stock PrettyLittleThing Textured Fold Over Bardot Maxi Dress",21.0,28.0,25,True,38
2026-09-25,Other,"Extra 10% Off, with code: EXTRA Back In Stock PrettyLittleThing PLT Label Mesh Drape Bandeau Maxi Dress",41.25,55.0,25,True,38
2026-09-25,Other,"Extra 10% Off, with code: EXTRA Hiccup Strapless Midi Dress",14.03,33.4,58,True,38
2026-09-25,Other,Pink Vanilla Scoop Neck Long Sleeve Shoulder Pad Dress,7.5,18.0,58,True,38
2026-09-25,Other,Hiccup V-Neck Maxi Dress with Slit,14.48,37.7,62,True,38
2026-09-25,Other,Femme Luxe Marble Print Long Sleeve Bodycon Midi Dress,11.99,29.99,60,True,38
2026-09-25,Other,Wallis Burn Out Ruffle Sleeve Midi Dress,16.25,65.0,75,True,38
2026-09-25,Other,PrettyLittleThing Sequin Halter Neck Mini Dress,14.0,28.0,50,True,38
2026-09-25,Other,"Extra 10% Off, with code: EXTRA Hiccup Bodycon Basic Midi Dress",16.5,22.0,25,True,39
2026-09-25,Other,PrettyLittleThing Satin Cowl Back Lace Panel Detail Maxi Dress,9.5,40.0,76,True,39
2026-09-25,Other,"Extra 10% Off, with code: EXTRA Plus PrettyLittleThing Plus Floral Puff Sleeve Ruched Split Side Midi Dress",13.5,34.0,60,True,39
2026-09-25,Other,"Extra 10% Off, with code: EXTRA Shop New Season PrettyLittleThing Floaty Woven Flared Sleeve Maxi Dress",9.0,36.0,75,True,39
2026-09-25,Other,"Extra 10% Off, with code: EXTRA KarenMillen Bonded Lace Shirt Dress",229.0,229.0,0,False,39
2026-09-25,Other,Happiness Istanbul Modal Cotton Maxi Dress,22.88,30.5,25,True,39
2026-09-25,Other,Plus Yours Velvet Mini Tea Dress,34.99,34.99,0,False,39
2026-09-25,Other,Plus Yours Floral Midi Dress,39.99,39.99,0,False,39
2026-09-25,Other,Plus Yours Crushed Velvet Lace Dress,34.99,34.99,0,False,39
2026-09-25,Other,Plus Yours V-Neck Mini Dress,32.99,32.99,0,False,39
2026-09-25,Other,Plus Yours Keyhole Tea Dress,27.99,27.99,0,False,39
2026-09-25,Other,Petite PixieGirl Petite Satin Lace Cape Maxi Dress,39.99,39.99,0,False,39
2026-09-25,Other,Petite PixieGirl Petite Floral Tie Neck Midi Dress,39.99,39.99,0,False,39
2026-09-25,Other,FS Collection Paisley Print Belted Jersey Midi Shirt Dress,52.0,52.0,0,False,39
2026-09-25,Other,STYLEWISE Lace Detail High Neck Split Sleeve - Bodycon Dress,30.6,36.0,15,True,39
2026-09-25,Other,Pink Vanilla Olive Slinky Cowl Neck Midi Dress,15.0,24.0,38,True,39
2026-09-25,Other,Goddiva Cowl Neck Glitter Draped Maxi Dress,145.0,145.0,0,False,39
2026-09-25,Other,KarenMillen Jersey Crepe Asymmetric Neckline Maxi Dress,30.0,99.0,70,True,39
2026-09-25,Other,Goddiva Organza Bow One Shoulder Scuba Crepe Maxi Dress,125.0,125.0,0,False,39
2026-09-25,Other,Goddiva Scoop Neck Velvet Satin Cape Sleeve Maxi Dress,115.0,115.0,0,False,39
2026-09-25,Other,LuvForever Fashion Ember - Champagne Mesh Sequin Maxi Dress,105.0,159.99,34,True,39
2026-09-25,Other,Petite PrettyLittleThing Petite Bodycon Seam Detail Denim Maxi Dress,27.0,36.0,25,True,39
2026-09-25,Other,"Extra 10% Off, with code: EXTRA Goddiva Corset Fit And Flare Halter Neck Midi Dress",85.0,85.0,0,False,39
2026-09-25,Other,LuvForever Fashion Champagne Jewelled Sleeve Sequin Maxi Dress,112.5,169.99,34,True,39
2026-09-25,Other,Goddiva Bardot Plunge Neck Bow Sleeve Skater Mini Dress,52.5,75.0,30,True,39
2026-09-25,Other,Goddiva Glitter Sparkling Long Sleeve Wrap Maxi Dress,145.0,145.0,0,False,39
2026-09-25,Other,Back In Stock PrettyLittleThing Braided V Waist Midaxi Dress,11.25,28.0,60,True,39
2026-09-25,Other,"Extra 10% Off, with code: EXTRA KarenMillen Corsage Detail Cotton Poplin Midi Dress",48.0,159.0,70,True,39
2026-09-25,Other,Goddiva Wrap Front Maxi Slip Dress With Waist Tie,38.0,48.0,21,True,39
2026-09-25,Other,KarenMillen Cotton Poplin 3D Pleat Detail Woven Midi Dress,51.0,169.0,70,True,39
2026-09-25,Other,KarenMillen Placement Orchid Print Cold Shoulder Maxi Dress,113.4,189.0,40,True,39
2026-09-25,Other,KarenMillen Tailored Pinstripe Collared Maxi Dress,155.4,259.0,40,True,39
2026-09-25,Other,Goddiva Liquid Sequin Boobtube Midaxi With Corsage,59.0,59.0,0,False,39
2026-09-25,Other,Wallis Lace Puff Sleeve Midi Dress,59.5,85.0,30,True,39
2026-09-25,Other,Hiccup Ruched Detail Bodycon Maxi Dress From,23.18,23.18,0,False,39
2026-09-25,Other,Up to 28% off KarenMillen Pleated Slub Organdie Ombre Woven Maxi Dress,119.4,199.0,40,True,39
2026-09-25,Other,Goddiva One Shoulder Organza Frill Pleated Mermaid Maxi Dress,125.0,125.0,0,False,39
2026-09-25,Other,Petite KarenMillen Petite Viscose Drape Satin Midi Dress,127.2,159.0,20,True,39
2026-09-25,Other,Goddiva Off The Shoulder Maxi Dress With Split,85.0,85.0,0,False,39
2026-09-25,Other,KarenMillen Compact Stretch Trim Detail Tailored Maxi Dress,80.0,229.0,65,True,40
2026-09-25,Other,PrettyLittleThing Woven Halterneck Godet Shift Mini Dress,11.0,22.0,50,True,40
2026-09-25,Other,"Extra 10% Off, with code: EXTRA Goddiva Dobby Mesh Insert Long Sleeve A",125.0,125.0,0,False,40
2026-09-25,Other,Shop New Season PrettyLittleThing Chocolate Woven Funnel Neck Button Detail Bodycon Dress,27.0,36.0,25,True,40
2026-09-25,Other,"Extra 10% Off, with code: EXTRA Petite Oasis Petite Bow Detail Halter Neck Bardot Dress",20.0,65.0,69,True,40
2026-09-25,Other,"Extra 15% Off, with code: EXTRA Goddiva Off Shoulder Velvet Satin Wing Cape Maxi Dress",115.0,115.0,0,False,40
2026-09-25,Other,Petite PrettyLittleThing Petite Scalloped Edging Knitted Maxi Dress,26.25,35.0,25,True,40
2026-09-25,Other,"Extra 10% Off, with code: EXTRA KarenMillen Stripe Jacquard Halter Neck Woven Maxi Dress",66.0,189.0,65,True,40
2026-09-25,Other,Goddiva Asymmetrical Neck Ruched Midi Dress,55.0,55.0,0,False,40
2026-09-25,Other,Goddiva One Shoulder Puffed Satin Sleeve Evening Maxi Dress,87.5,125.0,30,True,40
2026-09-25,Other,PrettyLittleThing Satin High Neck Midaxi Dress,26.6,38.0,30,True,40
2026-09-25,Other,"Extra 10% Off, with code: EXTRA KarenMillen Devoure One Shoulder Woven Maxi Dress With Trim Detail",47.0,189.0,75,True,40
2026-09-25,Other,Goddiva One Shoulder Velvet Satin Bow Cape Maxi Dress,98.0,98.0,0,False,40
2026-09-25,Other,KarenMillen Tencel Cotton Contrast Stitch Zip Front Woven Midi Dress,45.0,129.0,65,True,40
2026-09-25,Other,Goddiva Sparkle Lurex Cowl Neck Off The Shoulder Maxi Dress,95.0,95.0,0,False,40
2026-09-25,Other,Petite Dorothy Perkins Dp Luxe Petite Sequin Wrap Mini Dress,76.5,85.0,10,True,40
2026-09-25,Other,"Extra 15% Off, with code: EXTRA Goddiva Ribbed Criss Cross Halter Neck Maxi Dress With Thigh Split",48.0,48.0,0,False,40
2026-09-25,Other,DOUBLE SECOND Midi Satin Wrap Dress with Split Skirt,58.4,73.0,20,True,40
2026-09-25,Other,KarenMillen Crinkle Floral Print Beaded Cold Shoulder Maxi Dress,87.0,249.0,65,True,40
2026-09-25,Other,Femme Luxe Mesh Puff Sleeves Bodycon Mini Dress,16.99,24.99,32,True,40
2026-09-25,Other,Oasis Light Blue Ruched Side Detail One Shoulder Satin Maxi Bridesmaid Dress,71.1,79.0,10,True,40
2026-09-25,Other,"Extra 15% Off, with code: EXTRA KarenMillen Crystal Applique Woven Maxi Dress",206.0,589.0,65,True,40
2026-09-25,Other,Goddiva Off The Shoulder Corset Waist Mesh Wrap Skirt Soft Touch Maxi Dress,98.0,98.0,0,False,40
2026-09-25,Other,PrettyLittleThing Mid Blue Utility Style Tie Waist Cap Sleeve Denim Mini Dress,18.0,36.0,50,True,40
2026-09-25,Other,"Extra 10% Off, with code: EXTRA Gini London Cream Cotton Spot Print Lace Trim Midi Dress",35.0,50.0,30,True,40
2026-09-25,Other,Femme Luxe White Shirred Bodice Sleeveless Maxi Dress,66.99,89.99,26,True,40
2026-09-25,Other,PrettyLittleThing Monochrome Polka Dot Scarf Detail Shift Dress,12.0,24.0,50,True,40
2026-09-25,Other,"Extra 10% Off, with code: EXTRA PrettyLittleThing Mesh Ruched Corset Cut Out Maxi Dress",20.25,27.0,25,True,40
2026-09-25,Other,"Extra 10% Off, with code: EXTRA PrettyLittleThing Hot Fix Mesh Cowl Neck Frill Hem Mini Dress",18.0,36.0,50,True,40
2026-09-25,Other,"Extra 10% Off, with code: EXTRA KarenMillen Tailored Linen Darted Waist Midi Dress",87.0,249.0,65,True,40
2026-09-25,Other,Dorothy Perkins Short Sleeve Multi Floral Keyhole Jersey Midi Dress,20.0,39.0,49,True,40
2026-09-25,Other,"Extra 15% Off, with code: EXTRA Wallis Polka Dot Ruched Midi Dress",19.5,65.0,70,True,40
2026-09-25,Other,Hiccup Elegant Turtleneck Mini Dress with Ruffle Detail,23.63,31.5,25,True,40
2026-09-25,Other,PrettyLittleThing Extreme Tiered V Neck Maxi Dress,15.5,50.0,69,True,40
2026-09-25,Other,"Extra 10% Off, with code: EXTRA Plus Goddiva Plain Lurex Chiffon Tiered Midi Dress",38.0,38.0,0,False,40
2026-09-25,Other,Dorothy Perkins Bengaline Button Down Midi Dress,18.0,45.0,60,True,40
2026-09-25,Other,"Extra 15% Off, with code: EXTRA Petite PrettyLittleThing Petite Mesh Cut Out Slinky Shoulder Overlay Mini Dress",12.0,24.0,50,True,40
2026-09-25,Other,"Extra 10% Off, with code: EXTRA PrettyLittleThing Mesh Drape Bandeau Maxi Dress",27.5,55.0,50,True,40
2026-09-25,Other,"Extra 10% Off, with code: EXTRA PrettyLittleThing Textured Sheer Lace Long Sleeve High Neck Floaty Mini Dress",30.0,40.0,25,True,40
2026-09-25,Other,Hiccup Cowl Neck Patterned Maxi Dress,19.88,43.8,55,True,41
2026-09-25,Other,Plus Yours Broderie Anglaise Trim Dress,20.0,31.99,37,True,41
2026-09-25,Other,ELAINA FASHION Corduroy V Neck Smock Mini Dress From,22.1,22.1,0,False,41
2026-09-25,Other,Up to 63% off Shop New Season Goddiva Capped Sleeve V Neck Pleated Fit & Flare Maxi Dress,115.0,115.0,0,False,41
2026-09-25,Other,Hiccup Printed V-neck Maxi Dress with Button Detail,20.03,35.1,43,True,41
2026-09-25,Other,MSN Collection Embroidered Midi Wrap Dress,36.38,48.5,25,True,41
2026-09-25,Other,Hiccup Boat Neck Floral Jacquard Maxi Dress,47.63,97.8,51,True,41
2026-09-25,Other,MSN Collection Floral Print Maxi A-Line Dress,31.95,66.3,52,True,41
2026-09-25,Other,Goddiva Liquid Sequin Midi With Corsage,48.0,75.0,36,True,41
2026-09-25,Other,KarenMillen Crinkle Georgette Cape Blur Print Woven Maxi Dress,48.0,159.0,70,True,41
2026-09-25,Other,KarenMillen Contrast Stripe Viscose Strappy Dress,51.0,169.0,70,True,41
2026-09-25,Other,Goddiva One Shoulder Pleated Bardot Lace Maxi Dress,95.0,95.0,0,False,41
2026-09-25,Other,MSN Collection Leopard Print Maxi Shirt Dress,35.7,47.6,25,True,41
2026-09-25,Other,KarenMillen Plunge Neckline Viscose Crepe Ruched Front Dress,83.4,139.0,40,True,41
2026-09-25,Other,Goddiva Dobby Mesh Halter Neck Mesh Ombre Maxi Dress,85.0,85.0,0,False,41
2026-09-25,Other,Goddiva Gathered One Sleeve Angel Wing Mermaid Maxi Dress,115.0,115.0,0,False,41
2026-09-25,Other,Femme Luxe Black Mesh Long Sleeve Lace Up Bodycon Mini Dress - Mila,23.99,52.99,55,True,41
2026-09-25,Other,Goddiva One Shoulder Organza Fan Detail Lace Bodice Midi Dress,69.0,69.0,0,False,41
2026-09-25,Other,Dilvin Women’s Sleeveless Bodycon Midi Dress,34.28,45.7,25,True,41
2026-09-25,Other,MSN Collection Floral Belted Midi Shirt Dress,30.53,40.7,25,True,41
2026-09-25,Other,Femme Luxe Black Satin Bardot Off The Shoulder Bodycon Mini Dress - Alisa,29.99,50.99,41,True,41
2026-09-25,Other,MixRay Midi Muslin Dress with Ruffle Detail,26.18,34.9,25,True,41
2026-09-25,Other,1 KarenMillen Cotton Poplin Contrast Stitch Belted Mini Dress,35.0,99.0,65,True,41
2026-09-25,Other,Busem Sleeveless midi slip dress,25.88,34.5,25,True,41
2026-09-25,Other,MixRay Belted Short-Sleeve Midi Dress,30.0,40.0,25,True,41
2026-09-25,Other,Goddiva Glitter Polka Dot Velvet One Shoulder Maxi Dress,115.0,115.0,0,False,41
2026-09-25,Other,MSN Collection Floral Tie Detail Midi Dress,31.5,42.0,25,True,41
2026-09-25,Other,Adrianna Papell Knit Crepe Tiered Sleeve Dress From,97.3,139.0,30,True,41
2026-09-25,Other,KarenMillen Bead Detail Floral Printed Cotton Poplin Midi Dress,42.0,119.0,65,True,41
2026-09-25,Other,Dorothy Perkins Frill Neckline Lace Detail Midi Dress,15.0,39.0,62,True,41
2026-09-25,Other,"Extra 15% Off, with code: EXTRA Femme Luxe Slinky Strapless Ruched Bandeau Maxi Dress",39.99,52.99,25,True,41
2026-09-25,Other,Femme Luxe Long Sleeve Cut Out Midi Dress,24.99,52.99,53,True,41
2026-09-25,Other,Goddiva Scalloped Lace & Chiffon Winged Corset Bodice Maxi Dress,95.0,95.0,0,False,41
2026-09-25,Other,Femme Luxe Slinky Plunge Shoulder Drape Waist Double Layer Maxi Dress,29.99,43.99,32,True,41
2026-09-25,Other,Bianco Lucci Buttoned A-Form Fit Midi Dress with Binding Detail,32.18,42.9,25,True,41
2026-09-25,Other,Jolie Moi Ruched Sleeve Mesh Maxi Dress,59.25,79.0,25,True,41
2026-09-25,Other,LuvForever Fashion Alexandra - White Cape Sleeve Sequin Midi Dress,135.0,179.99,25,True,41
2026-09-25,Other,LuvForever Fashion Meraki - Sky Blue Cape Sleeve Sequin Midi Dress,135.0,179.99,25,True,41
2026-09-25,Other,Petite Oasis Petite Angel Sleeve Statement Embellished Maxi Dress,45.0,139.0,68,True,42
2026-09-25,Other,"Extra 15% Off, with code: EXTRA Petite PrettyLittleThing Petite Shell Trim Linen Sleeveless Mini Dress",15.0,30.0,50,True,42
2026-09-25,Other,"Extra 10% Off, with code: EXTRA Femme Luxe Strapless Cut Out Bodycon Midi Dress",24.99,49.99,50,True,42
2026-09-25,Other,Shop New Season MSN Collection Embroidered Sleeveless Mini Dress,26.55,35.4,25,True,42
2026-09-25,Other,AVINCI Sky Blue Mermaid Ruched Waist Sleeveless Flared Hi-Low Hem Dress,24.99,49.99,50,True,42
2026-09-25,Other,Jaded Rose Kimber Black Tassel Sequin Tunic Mini Dress From,45.0,45.0,0,False,42
2026-09-25,Other,Up to 30% off Femme Luxe Satin Strapless Bodycon Corset Mini Dress,23.99,36.99,35,True,42
2026-09-25,Other,Femme Luxe Black Cut Out Bodycon Mini Dress - Cristal,22.99,31.99,28,True,42
2026-09-25,Other,Goddiva Scuba & Velvet Satin Halterneck Midi Dress With Back Sash,85.0,85.0,0,False,42
2026-09-25,Other,Adrianna Papell Vneck Crepe Short Dress From,111.2,139.0,20,True,42
2026-09-25,Other,Adrianna Papell Bead Blouson Long Dress From,124.5,249.0,50,True,42
2026-09-25,Other,Petite Wallis Petite Floral Ottoman Twill Midi Dress,37.5,75.0,50,True,42
2026-09-25,Other,Back In Stock PrettyLittleThing Striped Button Detail Flippy Hem Bodycon Dress,10.25,25.0,59,True,42
2026-09-25,Other,"Extra 10% Off, with code: EXTRA Adrianna Papell Mini Bow Front Sheath Dress From",103.2,129.0,20,True,42
2026-09-25,Other,Plus FASHION-SZN Curve Floral Print Cowl Neck Buttermilk Midi Dress From,20.0,20.0,0,False,42
2026-09-25,Other,Up to 49% off KarenMillen Viscose Linen Woven Halter Neck Midi Dress,52.0,129.0,60,True,42
2026-09-25,Other,Adrianna Papell Boat Neck Jacquard Midi Dress From,159.2,199.0,20,True,42
2026-09-25,Other,PrettyLittleThing Linen Look Bardot Frill Hem Shift Dress,10.0,20.0,50,True,42
2026-09-25,Other,"Extra 10% Off, with code: EXTRA Hiccup Off Shoulder Boat Neck Mini Dress From",17.55,17.55,0,False,42
2026-09-25,Other,Up to 54% off PrettyLittleThing Poplin Bardot Contrast Scarf Detail Shift Dress,27.0,36.0,25,True,42
2026-09-25,Other,"Extra 10% Off, with code: EXTRA IKRUSH Elidi Short Sleeve Pleated Midi Dress With Waist Belt From",11.49,11.49,0,False,42
2026-09-25,Other,Up to 77% off Adrianna Papell Lace Tiered Midi Dress From,84.5,169.0,50,True,42
2026-09-25,Other,MSN Collection Floral Belted Maxi Shirt Dress,35.7,47.6,25,True,42
2026-09-25,Other,Adrianna Papell Jacquard Midi Dress,199.2,249.0,20,True,42
2026-09-25,Other,Adrianna Papell Printed Mikado Gown From,199.2,249.0,20,True,42
2026-09-25,Other,MixRay Textured A-Line Midi Shirt Dress with Belt,45.9,61.2,25,True,42
2026-09-25,Other,Femme Luxe Wash Denim Bandeau Skater Mini Dress,29.99,52.99,43,True,42
2026-09-25,Other,Wallis Floral Ottoman Twill Belted Midi Dress,22.5,75.0,70,True,42
2026-09-25,Other,MixRay Embroidered A-Line Midi Slip Dress,27.0,36.0,25,True,42
2026-09-25,Other,Femme Luxe Pink Floral Halterneck Midaxi Skater Dress- Canal,48.99,80.99,40,True,42
2026-09-25,Other,Petite KarenMillen Petite Premium Stretch Crepe Jersey Maxi Dress,42.0,169.0,75,True,42
2026-09-25,Other,Femme Luxe Cream Lace Strappy Bodycon Elegant Layered Midi Dress - Rosantha,24.99,52.99,53,True,42
2026-09-25,Other,Petite Wallis Petite Floral Button Midi Tea Dress,16.5,55.0,70,True,42
2026-09-25,Other,Hiccup Knit Maxi Bardot Neck Beach Dress,15.23,32.9,54,True,42
2026-09-25,Other,PrettyLittleThing Sweetheart Puffball Dress,6.0,28.0,79,True,42
2026-09-25,Other,"Extra 10% Off, with code: EXTRA Hiccup Waist Sitting Ribbed Mini Knit Dress with Zipper Collar",21.98,29.3,25,True,42
2026-09-25,Other,Petite Dorothy Perkins Petite Ivory Poplin Floral Print Shirt Dress,30.0,45.0,33,True,42
2026-09-25,Other,Femme Luxe Pink Printed Mesh Sleeveless Elegant Bodycon Backless Maxi Dress,32.99,32.99,0,False,43
2026-09-25,Other,Femme Luxe Marble Print Long Sleeve Bodycon Midi Dress,14.99,29.99,50,True,43
2026-09-25,Other,KarenMillen Lace High Neck Woven Midi Dress,59.0,169.0,65,True,43
2026-09-25,Other,Shop New Season Happiness Istanbul Floral Ribbed Bodycon Midi Dress with Slit,18.45,24.6,25,True,43
2026-09-25,Other,Hiccup Knitted High-Neck Mini Dress,17.55,23.4,25,True,43
2026-09-25,Other,Hiccup Floral Square Neck Puff Sleeves Midi Dress with a Side Slit,14.33,37.7,62,True,43
2026-09-25,Other,PrettyLittleThing Polka Dot Stretch Woven Contrast Tiered Shift Dress,11.0,22.0,50,True,43
2026-09-25,Other,"Extra 10% Off, with code: EXTRA MixRay Crew Neck Mini T-Shirt Dress with Stone Accessory",24.15,32.2,25,True,43
2026-09-25,Other,KarenMillen Linen Woven Strappy Maxi Dress,51.0,169.0,70,True,43
2026-09-25,Other,Femme Luxe Velvet Shoulder Pad Dress,24.99,40.99,39,True,43
2026-09-25,Other,Petite PrettyLittleThing Petite Bandeau Chiffon Flower Detail Drape Maxi Dress,30.0,40.0,25,True,43
2026-09-25,Other,"Extra 10% Off, with code: EXTRA Femme Luxe Sleeveless Ruched Bodycon Mini Dress - Avayna",16.99,29.99,43,True,43
2026-09-25,Other,Dorothy Perkins Tie Front Flutter Sleeve Printed Jersey Midi Dress,10.0,32.0,69,True,43
2026-09-25,Other,"Extra 15% Off, with code: EXTRA Femme Luxe Sequin Feather Off Shoulder Mini Dress",29.99,43.99,32,True,43
2026-09-25,Other,PrettyLittleThing Brushed Rib Trim Detail Bodycon Dress,9.5,28.0,66,True,43
2026-09-25,Other,"Extra 10% Off, with code: EXTRA Hiccup V-Neck Bodycon Maxi Dress",17.18,44.1,61,True,43
2026-09-25,Other,Happiness Istanbul Modal-Blend Maxi Dress,32.7,43.6,25,True,43
2026-09-25,Other,MSN Collection Belted Striped Maxi Dress,33.68,44.9,25,True,43
2026-09-25,Other,Liquorish Geometric Floral Print Midi Wrap Dress In Mustard And Burgundy,32.41,85.0,62,True,43
2026-09-25,Other,Femme Luxe Satin Strapless Bodycon Corset Mini Dress,23.99,36.99,35,True,43
2026-09-25,Other,Goddiva Sweetheart Floral Midi Dress,39.0,69.0,43,True,43
2026-09-25,Other,Bianco Lucci V-Neck Ruched Midi Dress,29.25,39.0,25,True,43
2026-09-25,Other,Goddiva Diamante Embellished Neck Bodycon Maxi Dress,75.0,75.0,0,False,43
2026-09-25,Other,Blue Vanilla Shirred Waist Navy Short Sleeve Slip On V-neck Maxi Dress,15.0,30.0,50,True,43
2026-09-25,Other,MSN Collection V-Neck Paisley Maxi Dress with Slit,33.68,44.9,25,True,43
2026-09-25,Other,Bianco Lucci Sleeveless Ribbed Bodycon Maxi Dress,31.13,41.5,25,True,43
2026-09-25,Other,ELAINA FASHION Black Dress Cotton Mini Smocked,15.3,50.99,70,True,43
2026-09-25,Other,Femme Luxe Cross Over Halter Neck Cut Out Bodycon Mini Dress,22.99,39.99,43,True,43
2026-09-25,Other,MixRay Buttoned Tippet Collar Maxi Dress,32.63,43.5,25,True,43
2026-09-25,Other,Bianco Lucci Plaid Shirt Dress with Belt,37.5,50.0,25,True,43
2026-09-25,Other,LuvForever Fashion Erinna - Black Cape Sleeve Sequin Midi Dress,135.0,179.99,25,True,43
2026-09-25,Other,LuvForever Fashion Phoenix - Red Black Cape Sleeve Sequin Midi Dress,135.0,179.99,25,True,43
2026-09-25,Other,LuvForever Fashion Selene - White Bandeau Sequin Midi Dress,127.5,169.99,25,True,43
2026-09-25,Other,Adrianna Papell Sleeveless Tea Length Dress,127.2,159.0,20,True,43
2026-09-25,Other,Adrianna Papell Print Smocked Midi Dress From,79.5,159.0,50,True,43
2026-09-25,Other,LuvForever Fashion Aurelia Rose - Ivory Mini Dress,247.5,329.99,25,True,43
2026-09-25,Other,LuvForever Fashion Flora Midi Dress,75.0,99.99,25,True,43
2026-09-25,Other,Busem Straight Midi Jersey T-Shirt Dress,28.58,38.1,25,True,44
2026-09-25,Other,Adrianna Papell Halter Blouson Bead Dress,199.0,199.0,0,False,44
2026-09-25,Other,Shop New Season Adrianna Papell Print Smocked Maxi Dress From,119.2,149.0,20,True,44
2026-09-25,Other,MSN Collection Belted Mini Dress with V-Neck in Paisley,34.5,47.2,27,True,44
2026-09-25,Other,Femme Luxe Sleeveless Ruched Bodycon Mini Dress - Avayna,15.99,29.99,47,True,44
2026-09-25,Other,Femme Luxe Wine Satin Bardot Off The Shoulder Bodycon Mini Dress - Alisa,24.99,50.99,51,True,44
2026-09-25,Other,Femme Luxe Velvet Cut Out Flared Sleeve Mini Dress,16.99,29.99,43,True,44
2026-09-25,Other,Plus Yours Cherry Gingham Bardot Dress,15.0,34.99,57,True,44
2026-09-25,Other,EGO Sleeveless Ruched Mini Dress,24.8,31.0,20,True,44
2026-09-25,Other,Femme Luxe Brown Leopard Ribbed Marble Print Cut Out Detail Mini Dress - Amarisse,16.99,26.99,37,True,44
2026-09-25,Other,Hiccup Embroidered Heart Collar Maxi Dress,97.2,171.9,43,True,44
2026-09-25,Other,Femme Luxe Khaki Plunge Neck Cut Out Bodycon Maxi Dress - Carol,22.99,40.99,44,True,44
2026-09-25,Other,Everyday The Label White Blue Fill Your Heart Lace Maxi Dress,51.75,137.0,62,True,44
2026-09-25,Other,Hiccup Printed Long Sleeve Viscose Maxi Dress,21.0,43.4,52,True,44
2026-09-25,Other,Hiccup Knitted Striped V Neck Midi Dress with a Back Cut Out,14.03,31.2,55,True,44
2026-09-25,Other,Hiccup Cotton V-Neck Cut-Out Buttoned Detail Mini Dress,15.23,32.2,53,True,44
2026-09-25,Other,LuvForever Fashion Sky Blue Bandeau Sequin Maxi Dress,82.5,169.99,51,True,44
2026-09-25,Other,Wallis Summer Cotton Palm Shirt Dress,20.0,50.0,60,True,44
2026-09-25,Other,Hiccup Spaghetti Strap Tiered Midi Dress,15.68,31.0,49,True,44
2026-09-25,Other,Hiccup Lace High Neck Mesh Maxi Dress with a Side Slit,12.6,28.0,55,True,44
2026-09-25,Other,Hiccup Lace Crochet Round Neck Midi Dress,13.43,42.5,68,True,44
2026-09-25,Other,Hiccup V-Neck Paneled Mini Skater Tulle Dress,15.23,34.9,56,True,44
2026-09-25,Other,Femme Luxe Puff Sleeve Bodycon Mini Dress,27.99,43.99,36,True,44
2026-09-25,Other,MixRay Strapless Polka Dot Bodycon Midi Dress,39.23,52.3,25,True,44
2026-09-25,Other,Bianco Lucci Button Closure Midi Dress with Shirt Collar,25.43,33.9,25,True,44
2026-09-25,Other,LuvForever Fashion Emerald Jewel Shoulder Hi-Lo Sequin Dress,67.5,119.99,44,True,44
2026-09-25,Other,Busem Floral Maxi Dress with Tie Detail,33.0,44.0,25,True,44
2026-09-25,Other,Femme Luxe White Broderie Tie Strap Corset Mini Dress - Xyara,29.99,59.99,50,True,44
2026-09-25,Other,Femme Luxe Kasia White Plunge Halter Tie Front Broderie Mini Dress,26.99,26.99,0,False,44
2026-09-25,Other,Hiccup Asymmetrical Collar Bodycon Midi Dress,14.03,30.3,54,True,44
2026-09-25,Other,MSN Collection V-neck Color Blocked Mini Dress,29.55,39.4,25,True,44
2026-09-25,Other,MSN Collection Patterned A-line mini dress From,31.43,31.43,0,False,44
2026-09-25,Other,Up to 29% off MyFashion Loose Mini Dress in Textured Lyocell,28.65,38.2,25,True,44
2026-09-25,Other,MSN Collection Floral Chiffon Mini Dress,27.68,36.9,25,True,44
2026-09-25,Other,Blue Vanilla Navy Shirred Waist Hanky Hem Dress,15.0,32.0,53,True,44
2026-09-25,Other,Penti Towel Dress,20.03,38.5,48,True,45
2026-09-25,Other,Bianco Lucci Crepe Midi Dress with Button Closure,26.03,34.7,25,True,45
2026-09-25,Other,DOUBLE SECOND Triangle Keyhole Printed Satin Dress,51.2,64.0,20,True,45
2026-09-25,Other,Shop New Season LuvForever Fashion Skye Midi Dress,90.0,119.99,25,True,45
2026-09-25,Other,Happiness Istanbul Frilly Abstract Print A-Line Midi Dress with Square Collar,20.78,27.7,25,True,45
2026-09-25,Other,Femme Luxe Rib High Neck Long Sleeve Bodycon Mini Dress,15.99,24.99,36,True,45
2026-09-25,Other,Dilvin Sleeveless Bodycon Midi Dress,35.03,46.7,25,True,45
2026-09-25,Other,Bianco Lucci Fitted Midi Dress with Ruffle Detail,24.45,32.6,25,True,45
2026-09-25,Other,Dilvin Sleeveless Bodycon Midi Dress With Cut-Out Detail,28.5,38.0,25,True,45
2026-09-25,Other,LuvForever Fashion Orange Bowed Mini Dress,67.5,139.99,52,True,45
2026-09-25,Other,Bianco Lucci Fitted Midi Dress with Heart Collar,94.72,154.6,39,True,45
2026-09-25,Other,Hiccup Square Neck Short Sleeve Mini Dress,17.55,38.7,55,True,45
2026-09-25,Other,Bianco Lucci Knit Midi Dress with Crew Neck,29.78,39.7,25,True,45
2026-09-25,Other,Urban Bliss Elasticated Waist Maxi Dress,18.0,45.0,60,True,45
2026-09-25,Other,Femme Luxe Zig Zag Strappy Bodycon Mini Dress,17.99,29.99,40,True,45
2026-09-25,Other,Everyday The Label Tiered Maxi Dress,46.5,123.0,62,True,45
2026-09-25,Other,Happiness Istanbul Fitted Lace Mini Dress,30.3,40.4,25,True,45
2026-09-25,Other,Bianco Lucci Textured Cotton Midi Dress With Square Neck,21.45,28.6,25,True,45
2026-09-25,Other,LuvForever Fashion Pink Sequin Asymmetric Long Dress,67.5,99.99,32,True,45
2026-09-25,Other,Hiccup Combined Mini Shirt Dress,33.75,45.0,25,True,45
2026-09-25,Other,Bianco Lucci Abstract Print Boat Neck Midi Dress,32.1,42.8,25,True,45
2026-09-25,Other,Azura Exchange Navy Blue Hydrangea Floral Print Bishop Sleeve V Neck Shift Dress,38.0,80.0,53,True,45
2026-09-25,Other,Femme Luxe Chocolate Satin Lace Up Back Strappy Bodycon Mini Dress,16.99,16.99,0,False,45
2026-09-25,Other,Hiccup Side-Slit Midi Dress,14.03,28.5,51,True,45
2026-09-25,Other,Hiccup Abstract Polo Neck Long Sleeve Mini A-line Dress with a Button Detail,15.23,39.3,61,True,45
2026-09-25,Other,Hiccup Off Shoulder A Line Midi Dress,50.7,91.4,45,True,45
2026-09-25,Other,Petite PixieGirl Petite Satin Asymmetric Dress,34.99,34.99,0,False,45
2026-09-25,Other,MSN Collection Belted Wrap Midi Dress,32.93,43.9,25,True,45
2026-09-25,Other,LuvForever Fashion Raya Midi Dress,75.0,99.99,25,True,45
2026-09-25,Other,Bianco Lucci Textured Floral Mini Dress with Square Collar,24.53,32.7,25,True,45
2026-09-25,Other,ELAINA FASHION Satin Sleeveless Midi Dress with Mermaid Wrap Style From,16.15,16.15,0,False,45
2026-09-25,Other,Up to 64% off Femme Luxe Brown Print Off Shoulder Padded Bust Mesh Mini Dress,24.99,24.99,0,False,45
2026-09-25,Other,Femme Luxe Marble Print Cut Out Detail Mini Dress,16.99,26.99,37,True,45
2026-09-25,Other,Hiccup Ribbed Ruffled Square Neck Mini Dress with Balloon Sleeves,15.23,29.9,49,True,45
2026-09-25,Other,MSN Collection Patterned A-Line Mini Dress,31.43,41.9,25,True,45
2026-09-25,Other,LuvForever Fashion Frilled One Shoulder Maxi Dress,67.5,99.99,32,True,45
2026-09-25,Other,LuvForever Fashion Nude Sequin Asymmetric Long Dress,67.5,99.99,32,True,45
2026-09-25,Other,Happiness Istanbul A-line Midi Dress With V-neck,23.4,31.2,25,True,46
2026-09-25,Other,Bianco Lucci Floral V-Neck Midi Dress with Split,23.18,30.9,25,True,46
2026-09-25,Other,Adrianna Papell Ponte Shift Dress,109.0,109.0,0,False,46
2026-09-25,Other,Shop New Season Goddiva Ombre Cross Front Pleated Maxi Dress,85.0,85.0,0,False,46
2026-09-25,Other,Urban Bliss Brushed Jersey Ruched Midaxi Dress,26.0,26.0,0,False,46
2026-09-25,Other,Plus FASHION-SZN Curve Khaki Zebra Ruched Front Flutter Sleeve Midi Dress,55.0,55.0,0,False,46
2026-09-25,Other,LuvForever Fashion Oriental Print Ruffle Midi Dress,60.0,99.99,40,True,46
2026-09-25,Other,Everyday The Label Navy Blue Hydrangea Floral Print Bishop Sleeve V Neck Shift Dress,38.25,103.0,63,True,46
2026-09-25,Other,LuvForever Fashion Rose Gold Jewel Shoulder Sequin Mini Dress,90.0,139.99,36,True,46
2026-09-25,Other,Petite Wallis Petite Ponte Piping Detail Midi Dress,44.0,55.0,20,True,46
2026-09-25,Other,Plus PrettyLittleThing Plus Stripped Rugby Dress,8.5,24.0,65,True,46
2026-09-25,Other,"Extra 10% Off, with code: EXTRA Petite PrettyLittleThing Petite Shell Embellished Sleeveless Knitted Maxi Dress",17.0,32.0,47,True,46
2026-09-25,Other,"Extra 10% Off, with code: EXTRA PrettyLittleThing Mixed Animal Print Flare Sleeve Mini Beach Dress",22.5,30.0,25,True,46
2026-09-25,Other,"Extra 10% Off, with code: EXTRA Hiccup Maxi A-Line Dress with Boat Neck",28.05,37.6,25,True,46
2026-09-25,Other,EGO Sleeveless Lace Trim Maxi Dress,26.4,38.0,31,True,46
2026-09-25,Other,Principles Faux Leather Fit & Flare Workwear Dress,9.8,49.0,80,True,46
2026-09-25,Other,Dorothy Perkins Flutter Sleeve Wrap Midi Dress,28.0,39.0,28,True,46
2026-09-25,Other,"Extra 15% Off, with code: EXTRA KarenMillen Ruffled Midi Dress",52.0,149.0,65,True,46
2026-09-25,Other,KarenMillen Embellished Ombre Floral Pleated Woven Bandeau Maxi Dress,105.0,299.0,65,True,46
2026-09-25,Other,Petite PrettyLittleThing Petite Lace Overlay Strappy Flowy Maxi Dress,21.0,28.0,25,True,46
2026-09-25,Other,"Extra 10% Off, with code: EXTRA PrettyLittleThing Broderie Bardot Tiered Shift Dress",14.0,28.0,50,True,46
2026-09-25,Other,"Extra 10% Off, with code: EXTRA PrettyLittleThing PLT Label Soft Mesh Extreme Frill Cowl Mini Dress",33.75,45.0,25,True,46
2026-09-25,Other,"Extra 10% Off, with code: EXTRA PrettyLittleThing PLT Label Satin Embroidered Cowl Back Bodycon Dress",17.5,35.0,50,True,46
2026-09-25,Other,"Extra 10% Off, with code: EXTRA Petite Wallis Petite Geo Organza Shirt Midi Dress",22.5,75.0,70,True,46
2026-09-25,Other,Petite Dorothy Perkins Petite Floral Button Up Embroidered Midi Dress,32.0,45.0,29,True,46
2026-09-25,Other,"Extra 15% Off, with code: EXTRA Petite Oasis Petite Premium Trailing Floral Embellished Bandeau Midi Dress",60.0,130.0,54,True,46
2026-09-25,Other,"Extra 15% Off, with code: EXTRA Shape PrettyLittleThing Shape Bandage Scoop Neck Mini Dress",33.75,45.0,25,True,46
2026-09-25,Other,"Extra 10% Off, with code: EXTRA Wallis Animal Viscose Tie Front Midi Dress",12.5,50.0,75,True,46
2026-09-25,Other,Adrianna Papell Ankle Length Lace Dress,199.0,199.0,0,False,46
2026-09-25,Other,Shape PrettyLittleThing Shape Bandeau Twist Front Ruched Drape Waist Detail Maxi Dress,13.0,26.0,50,True,46
2026-09-25,Other,"Extra 10% Off, with code: EXTRA Back In Stock PrettyLittleThing Cap Sleeve Shift Dress",7.75,26.0,70,True,46
2026-09-25,Other,"Extra 10% Off, with code: EXTRA Back In Stock PrettyLittleThing Sequin Scoop Neck Mini Dress",15.0,32.0,53,True,46
2026-09-25,Other,"Extra 10% Off, with code: EXTRA Plus Back In Stock PrettyLittleThing Plus Button Down Drop Waist Maxi Dress",18.75,25.0,25,True,46
2026-09-25,Other,"Extra 10% Off, with code: EXTRA Petite Back In Stock PrettyLittleThing Petite Slinky Ruched One Shoulder Midi Dress",18.0,24.0,25,True,46
2026-09-25,Other,"Extra 10% Off, with code: EXTRA Back In Stock PrettyLittleThing Ribbed Boat Neck Long Sleeve Bodycon Dress",12.0,16.0,25,True,46
2026-09-25,Other,"Extra 10% Off, with code: EXTRA PrettyLittleThing Satin Draped Bandeau Corset Midaxi Dress",25.5,34.0,25,True,46
2026-09-25,Other,"Extra 10% Off, with code: EXTRA PrettyLittleThing Contrast Mesh Drape Detail Slinky Maxi Dress",25.5,34.0,25,True,46
2026-09-25,Other,"Extra 10% Off, with code: EXTRA Petite PrettyLittleThing Petite Animal Printed Chiffon Gathered Flowy Halterneck Mini Dress",11.25,24.0,53,True,46
2026-09-25,Other,"Extra 15% Off, with code: EXTRA Back In Stock PrettyLittleThing Woven Scarf Detail Bandeau Shift Dress",5.5,28.0,80,True,47
2026-09-25,Other,"Extra 10% Off, with code: EXTRA Back In Stock PrettyLittleThing Frill Lace Up Puff Sleeve Shift Dress",12.5,26.0,52,True,47
2026-09-25,Other,"Extra 10% Off, with code: EXTRA Dorothy Perkins Zip Front Pocket Detail Long Sleeve Denim Mini Dress",18.0,35.0,49,True,47
2026-09-25,Other,"Extra 15% Off, with code: EXTRA Shop New Season PrettyLittleThing Twist Shoulder Bodycon Dress",9.0,20.0,55,True,47
2026-09-25,Other,"Extra 10% Off, with code: EXTRA Back In Stock PrettyLittleThing Chiffon Trim Detail Mini Dress",10.0,20.0,50,True,47
2026-09-25,Other,"Extra 10% Off, with code: EXTRA Petite Back In Stock PrettyLittleThing Petite Contour Jersey Cowl Neck Slit Detail Maxi Dress",18.0,24.0,25,True,47
2026-09-25,Other,"Extra 10% Off, with code: EXTRA Petite Back In Stock PrettyLittleThing Petite Ribbed Short Sleeve Crew Neck Midi Dress",9.0,12.0,25,True,47
2026-09-25,Other,"Extra 10% Off, with code: EXTRA Back In Stock PrettyLittleThing Soft Touch Jersey Cap Sleeve Bodycon Dress",7.5,15.0,50,True,47
2026-09-25,Other,"Extra 10% Off, with code: EXTRA PrettyLittleThing Soft Touch Jersey Long Sleeve Bodycon Dress",8.25,18.0,54,True,47
2026-09-25,Other,"Extra 10% Off, with code: EXTRA Back In Stock PrettyLittleThing Basic Maxi Dress",9.0,12.0,25,True,47
2026-09-25,Other,"Extra 10% Off, with code: EXTRA PrettyLittleThing Pinstripe Bardot Ruched Shift Dress",11.5,28.0,59,True,47
2026-09-25,Other,"Extra 10% Off, with code: EXTRA Dorothy Perkins Leopard Zip Front Denim Mini Dress",12.0,39.0,69,True,47
2026-09-25,Other,"Extra 15% Off, with code: EXTRA Back In Stock PrettyLittleThing Chiffon Halterneck Maxi Dress",22.5,45.0,50,True,47
2026-09-25,Other,"Extra 10% Off, with code: EXTRA Back In Stock PrettyLittleThing Polka Dot Chiffon Scarf Detail Mini Dress",13.0,26.0,50,True,47
2026-09-25,Other,"Extra 10% Off, with code: EXTRA PrettyLittleThing Contrast Stitch Denim Shirt Dress",21.0,28.0,25,True,47
2026-09-25,Other,"Extra 10% Off, with code: EXTRA Back In Stock PrettyLittleThing Satin Boat Mini Dress",6.0,26.0,77,True,47
2026-09-25,Other,"Extra 10% Off, with code: EXTRA Goddiva Scalloped Neck Embroidered Lace High Low Midi Dress",75.0,135.0,44,True,47
2026-09-25,Other,DOUBLE SECOND Fixed Wrap Lace Pleated Dress,90.0,90.0,0,False,47
2026-09-25,Other,WOVCOR Princess Sleeve Boat Neck Maxi Dress,72.97,151.99,52,True,47
2026-09-25,Other,Goddiva Off Shoulder Back Satin Bow Scuba Maxi Dress,125.0,125.0,0,False,47
2026-09-25,Other,Goddiva Dobby Mesh Off The Shoulder Princess Maxi Dress,75.0,75.0,0,False,47
2026-09-25,Other,Petite Back In Stock PrettyLittleThing Petite Embroidered Square Neck Fitted Shift Mini Dress,24.0,32.0,25,True,47
2026-09-25,Other,"Extra 10% Off, with code: EXTRA PrettyLittleThing Sequin Scoop Neck Feather Hem Shift Dress",45.0,60.0,25,True,47
2026-09-25,Other,"Extra 10% Off, with code: EXTRA NastyGal Sequin Lace Trim Mini Slip Dress",41.3,59.0,30,True,47
2026-09-25,Other,"Extra 30% Off, with code: EXTRA Goddiva Scuba Crepe Pleated Drop Shoulder Midi Dress",78.0,78.0,0,False,47
2026-09-25,Other,Plus PrettyLittleThing Plus Woven Bandeau Ruched Skater Midaxi Dress,52.5,70.0,25,True,47
2026-09-25,Other,"Extra 10% Off, with code: EXTRA Oasis Wine Satin Twist Front Angel Sleeve Midi Bridesmaid Dress",62.1,69.0,10,True,47
2026-09-25,Other,"Extra 15% Off, with code: EXTRA Back In Stock PrettyLittleThing Premium Sequin Embroidered Cowl Neck Shift Dress",52.5,70.0,25,True,47
2026-09-25,Other,"Extra 10% Off, with code: EXTRA Back In Stock PrettyLittleThing Floral Asymmetric Frill Split Maxi Dress",20.0,40.0,50,True,47
2026-09-25,Other,"Extra 10% Off, with code: EXTRA DOUBLE SECOND Chiffon Wrap Dress With Tea Sleeve",39.75,53.0,25,True,47
2026-09-25,Other,FS Collection Sequin Leaf Detailed V Neck Bridesmaid Maxi Dress In Black,54.0,72.0,25,True,47
2026-09-25,Other,FS Collection Ditsy Spot Short Sleeve Wrap Midi Dress,36.0,48.0,25,True,47
2026-09-25,Other,PrettyLittleThing Satin High Neck Maxi Dress,25.5,34.0,25,True,47
2026-09-25,Other,"Extra 10% Off, with code: EXTRA DOUBLE SECOND Lace Top Frill Hem True Wrap Dress",88.0,88.0,0,False,47
2026-09-25,Other,Jaded Rose Edith Bandeau Corset Maxi Dress in Deep Blue,79.0,79.0,0,False,47
2026-09-25,Other,Jolie Moi Long Sleeve Slash Neck Maxi Dress From,56.25,75.0,25,True,47
2026-09-25,Other,DOUBLE SECOND Cross Over Halterneck Midi Dress,64.0,64.0,0,False,47
2026-09-25,Other,Hiccup Printed Bodycon Maxi Tulle Dress,16.65,39.4,58,True,47
2026-09-25,Other,Back In Stock PrettyLittleThing Floral Chiffon Frill Plunge Strappy Maxi Dress,8.5,35.0,76,True,47
2026-09-25,Other,Back In Stock PrettyLittleThing Floral Jacquard Shift Dress,20.0,40.0,50,True,48
2026-09-25,Other,"Extra 10% Off, with code: EXTRA Back In Stock NastyGal Eyelash Lace Trim Faux Leather Halter Dress",34.3,49.0,30,True,48
2026-09-25,Other,"Extra 30% Off, with code: EXTRA STYLEWISE Sequin Embellished - Cowl Neck - Mini Dress",28.9,34.0,15,True,48
2026-09-25,Other,Shop New Season Plus PrettyLittleThing Plus Bandeau Chiffon Pleated Maxi Dress,48.75,65.0,25,True,48
2026-09-25,Other,"Extra 10% Off, with code: EXTRA Hiccup Patterned Maxi Dress with Heart Collar",12.98,32.6,60,True,48
2026-09-25,Other,FS Collection Sparkly V Neck Bridesmaid Maxi Dress,54.0,72.0,25,True,48
2026-09-25,Other,Busem Textured Paneled Midi Dress,24.23,39.5,39,True,48
2026-09-25,Other,Back In Stock PrettyLittleThing Double Layer Slinky Square Halterneck Drape Detail Maxi Dress,24.0,32.0,25,True,48
2026-09-25,Other,"Extra 10% Off, with code: EXTRA Femme Luxe Ribbed V Neck Midi Jumper Dress",24.99,49.99,50,True,48
2026-09-25,Other,PrettyLittleThing Bandeau Contrast Chiffon Pleated Maxi Dress,48.75,65.0,25,True,48
2026-09-25,Other,"Extra 10% Off, with code: EXTRA Back In Stock PrettyLittleThing Abstract Print Chiffon Ruched Drape Midi Dress",16.0,32.0,50,True,48
2026-09-25,Other,"Extra 10% Off, with code: EXTRA Back In Stock PrettyLittleThing Satin Tie Back Maxi Dress",12.5,28.0,55,True,48
2026-09-25,Other,"Extra 10% Off, with code: EXTRA Petite Back In Stock PrettyLittleThing Petite Asymmetric Long Sleeve Bardot Maxi Dress",21.0,28.0,25,True,48
2026-09-25,Other,"Extra 10% Off, with code: EXTRA Shape PrettyLittleThing Shape Lace Mini Corset Dress",30.0,40.0,25,True,48
2026-09-25,Other,"Extra 10% Off, with code: EXTRA Busem Casual V-Neck Midi Shirt Dress",20.93,43.9,52,True,48
2026-09-25,Other,Back In Stock PrettyLittleThing Bandeau Pleated Chiffon Skirt Panel Maxi Dress,23.5,50.0,53,True,48
2026-09-25,Other,"Extra 10% Off, with code: EXTRA Back In Stock NastyGal Polka Dot Button Down Extreme Flared Sleeve Mini Dress",34.3,49.0,30,True,48
2026-09-25,Other,"Extra 30% Off, with code: EXTRA EGO Short Sleeve Ruched Slinky Maxi Dress",29.6,37.0,20,True,48
2026-09-25,Other,1 Petite Back In Stock PrettyLittleThing Petite Scoop Neck Sleeveless Maxi Dress,25.5,34.0,25,True,48
2026-09-25,Other,"Extra 10% Off, with code: EXTRA Busem Sleeveless Fitted Midi Dress With Tie Detail",23.55,31.4,25,True,48
2026-09-25,Other,Petite Dorothy Perkins Petite Berry Ditsy Frill Neck Midi Dress,39.0,39.0,0,False,48
2026-09-25,Other,"Extra 15% Off, with code: EXTRA Busem Belted Midi Dress with Shirt Collar",22.58,47.1,52,True,48
2026-09-25,Other,Plus Back In Stock PrettyLittleThing Plus Satin Frill Layered Maxi Dress,26.25,35.0,25,True,48
2026-09-25,Other,"Extra 10% Off, with code: EXTRA PrettyLittleThing Premium Woven Square Neck Lace Back Corset Dress",41.25,55.0,25,True,48
2026-09-25,Other,"Extra 10% Off, with code: EXTRA FS Collection Half Sleeves Jersey Midi Dress with Wrap Neckline",42.0,56.0,25,True,48
2026-09-25,Other,2 Plus Back In Stock PrettyLittleThing Plus Satin Off The Shoulder Draped Skirt Midi Dress,28.5,38.0,25,True,48
2026-09-25,Other,"Extra 10% Off, with code: EXTRA Back In Stock PrettyLittleThing Corset Bardot Draped Midi Dress",27.0,36.0,25,True,48
2026-09-25,Other,"Extra 10% Off, with code: EXTRA Femme Luxe Belted Bodycon Midi Dress",25.99,34.98,26,True,48
2026-09-25,Other,2 Plus Back In Stock PrettyLittleThing Plus Corset Bardot Draped Midi Dress,27.0,36.0,25,True,48
2026-09-25,Other,"Extra 10% Off, with code: EXTRA Back In Stock PrettyLittleThing Corset Detail Bardot Bridesmaid Dress",37.5,50.0,25,True,48
2026-09-25,Other,"Extra 10% Off, with code: EXTRA PrettyLittleThing Satin Cowl Neck Draped Maxi Dress",30.0,40.0,25,True,48
2026-09-25,Other,"Extra 10% Off, with code: EXTRA Plus PrettyLittleThing Plus Ruffle Wrap Front Midi Dress",22.5,30.0,25,True,48
2026-09-25,Other,"Extra 10% Off, with code: EXTRA NastyGal The Denim Halterneck Waistcoat Dress",27.3,39.0,30,True,48
2026-09-25,Other,"Extra 30% Off, with code: EXTRA Back In Stock PrettyLittleThing Woven Corset Detail Maxi Dress",25.5,34.0,25,True,48
2026-09-25,Other,"Extra 10% Off, with code: EXTRA Back In Stock PrettyLittleThing Textured One Shoulder Ruched Maxi Dress",9.25,26.0,64,True,48
2026-09-25,Other,"Extra 10% Off, with code: EXTRA STYLEWISE Sequin Embellished - Cowl Neck - Mini Dress",28.9,34.0,15,True,48
2026-09-25,Other,Shape Back In Stock PrettyLittleThing Shape Twist Detail Slinky Maxi Dress,18.75,25.0,25,True,48
2026-09-25,Other,"Extra 10% Off, with code: EXTRA Back In Stock NastyGal Plunging V-Neckline Split Midi Dress",27.3,39.0,30,True,48
2026-09-25,Other,"Extra 30% Off, with code: EXTRA Back In Stock PrettyLittleThing Slinky Ruched Wrap Maxi Dress",19.5,26.0,25,True,48
2026-09-25,Other,"Extra 10% Off, with code: EXTRA Back In Stock PrettyLittleThing Floral Embroidered Frill Maxi Dress",17.5,35.0,50,True,49
2026-09-25,Other,"Extra 10% Off, with code: EXTRA STYLEWISE Cape Sleeve Ruched Cowl Neck - Slinky Fit - Mini Dress",28.9,34.0,15,True,49
2026-09-25,Other,STYLEWISE Sequin Embellished - Cowl Neck - Mini Dress,28.9,34.0,15,True,49
2026-09-25,Other,Shop New Season Petite Back In Stock PrettyLittleThing Petite Scoop Neck Sleeveless Maxi Dress,16.0,32.0,50,True,49
2026-09-25,Other,"Extra 10% Off, with code: EXTRA Oasis Satin Twist Front Angel Sleeve Midi Bridesmaid Dress",18.0,69.0,74,True,49
2026-09-25,Other,"Extra 15% Off, with code: EXTRA 3 Petite Back In Stock PrettyLittleThing Petite Satin Cross Over Back Maxi Dress",21.0,28.0,25,True,49
2026-09-25,Other,"Extra 10% Off, with code: EXTRA Back In Stock PrettyLittleThing Stretch Woven Racer Pleated Shift Dress",14.25,26.0,45,True,49
2026-09-25,Other,"Extra 10% Off, with code: EXTRA PrettyLittleThing Watercolour Plisse Strappy Maxi Dress",17.5,35.0,50,True,49
2026-09-25,Other,"Extra 10% Off, with code: EXTRA PrettyLittleThing Button Down Bodycon Dress",13.0,28.0,54,True,49
2026-09-25,Other,"Extra 10% Off, with code: EXTRA PrettyLittleThing Polka Dot Cowl Ruched Detail Maxi Dress",24.0,32.0,25,True,49
2026-09-25,Other,"Extra 10% Off, with code: EXTRA DOUBLE SECOND Chiffon Wrap Dress with Frill Cap Sleeves",64.0,64.0,0,False,49
2026-09-25,Other,Tall Back In Stock PrettyLittleThing Tall Square Neck Midaxi Dress,30.0,40.0,25,True,49
2026-09-25,Other,"Extra 10% Off, with code: EXTRA Petite Back In Stock PrettyLittleThing Petite Devore Strappy Maxi Dress",34.5,46.0,25,True,49
2026-09-25,Other,"Extra 10% Off, with code: EXTRA Back In Stock PrettyLittleThing Floral Printed Floral Chiffon Ruched Maxi Dress",22.5,30.0,25,True,49
2026-09-25,Other,"Extra 10% Off, with code: EXTRA PrettyLittleThing Mid Blue Seam Detail Peplum Denim Dress",25.5,34.0,25,True,49
2026-09-25,Other,"Extra 10% Off, with code: EXTRA Shape PrettyLittleThing Shape Stretch Denim Boat Neck A-line Mini Dress",22.5,30.0,25,True,49
2026-09-25,Other,"Extra 10% Off, with code: EXTRA Shape PrettyLittleThing Shape Soft Blue Shoulder Pad Slinky Mini Dress",19.5,26.0,25,True,49
2026-09-25,Other,"Extra 10% Off, with code: EXTRA Back In Stock PrettyLittleThing Crochet O Ring Mini Beach Dress",22.5,30.0,25,True,49
2026-09-25,Other,"Extra 10% Off, with code: EXTRA Back In Stock PrettyLittleThing Ribbed Short Sleeve Crew Neck Midi Dress",7.5,10.0,25,True,49
2026-09-25,Other,"Extra 10% Off, with code: EXTRA EGO Sleeveless Drape Maxi Dress",32.8,41.0,20,True,49
2026-09-25,Other,Back In Stock PrettyLittleThing Twill Cut Out Bow Shift Dress,6.5,32.0,80,True,49
2026-09-25,Other,"Extra 10% Off, with code: EXTRA FS Collection Gold Stripe Foil V-Neckline Long Sleeve Maxi Dress In Green",39.75,53.0,25,True,49
2026-09-25,Other,FS Collection Polka Dot Jacquard Lace Trim Midi Dress,41.25,55.0,25,True,49
2026-09-25,Other,Femme Luxe Bardot Cowl Neck Ruched Midi Dress,26.99,34.98,23,True,49
2026-09-25,Other,4 DOUBLE SECOND Chiffon Wrap Dress With Cape Sleeves,64.0,64.0,0,False,49
2026-09-25,Other,Plus Back In Stock PrettyLittleThing Plus Cold Shoulder Ruffle Detail Strappy Maxi Dress,33.75,45.0,25,True,49
2026-09-25,Other,"Extra 10% Off, with code: EXTRA Back In Stock PrettyLittleThing Floral Twill Bodycon Dress",22.5,30.0,25,True,49
2026-09-25,Other,"Extra 10% Off, with code: EXTRA Petite Coast Coast Honoured Petite Plunge Floral Vintage Embellished Wedding Dress",199.0,199.0,0,False,49
2026-09-25,Other,"Extra 15% Off, with code: EXTRA Dorothy Perkins Shirred Waist Short Sleeve Midi Dress",20.0,39.0,49,True,49
2026-09-25,Other,"Extra 15% Off, with code: EXTRA Coast Linear Sequin Embellished Long Sleeve Maxi Dress",229.0,229.0,0,False,49
2026-09-25,Other,"Extra 15% Off, with code: EXTRA Coast Long Sleeve Floral Sequin Maxi Dress",149.0,149.0,0,False,49
2026-09-25,Other,"Extra 15% Off, with code: EXTRA EGO Strappy Maxi Dress",24.8,31.0,20,True,49
2026-09-25,Other,Coast Corset Bodice Full Skirt Maxi Dress,179.0,179.0,0,False,49
2026-09-25,Other,"Extra 15% Off, with code: EXTRA Coast Pearl Embellished Drape Sleeve Wedding Dress",249.0,249.0,0,False,49
2026-09-25,Other,"Extra 15% Off, with code: EXTRA Coast Printed Floral Mesh Midaxi Dress",129.0,129.0,0,False,49
2026-09-25,Other,"Extra 15% Off, with code: EXTRA Coast Feather Shoulder Detail V Neck Satin Black Maxi Dress",149.0,149.0,0,False,49
2026-09-25,Other,"Extra 15% Off, with code: EXTRA Coast Plunge Floral Vintage Embellished Wedding Dress With Sleeve",199.0,199.0,0,False,49
2026-09-25,Other,"Extra 15% Off, with code: EXTRA Coast One Shoulder Ruffle Crepe Pencil Midi Dress",80.0,119.0,33,True,49
2026-09-25,Other,"Extra 15% Off, with code: EXTRA Coast Drape High Neck Pleated Skirt Maxi Dress",139.0,139.0,0,False,49
2026-09-25,Other,"Extra 15% Off, with code: EXTRA Coast Velvet Floral Embellished Maxi Pencil Dress",229.0,229.0,0,False,50
2026-09-25,Other,"Extra 15% Off, with code: EXTRA Coast Bardot Origami Satin Maxi Dress",149.0,149.0,0,False,50
2026-09-25,Other,"Extra 15% Off, with code: EXTRA Coast Lace Trim Detail Embroidered Mesh Midi Dress",159.0,159.0,0,False,50
2026-09-25,Other,"Extra 15% Off, with code: EXTRA Shop New Season Back In Stock PrettyLittleThing Soft Touch Jersey Long Sleeve Maxi Dress",10.25,22.0,53,True,50
2026-09-25,Other,"Extra 10% Off, with code: EXTRA Coast Satin Trim Lace Shirt Midi Dress",149.0,149.0,0,False,50
2026-09-25,Other,"Extra 15% Off, with code: EXTRA Coast Cape Sleeve Maxi Dress",50.0,149.0,66,True,50
2026-09-25,Other,"Extra 15% Off, with code: EXTRA Coast Satin Ruched Detail Off The Shoulder Maxi Bridesmaid Dress",30.0,99.0,70,True,50
2026-09-25,Other,"Extra 15% Off, with code: EXTRA Petite Coast Coast Honoured Petite Drape One Shoulder Satin Maxi Bridesmaid Dress",83.3,119.0,30,True,50
2026-09-25,Other,"Extra 15% Off, with code: EXTRA Coast Lace Insert Midi Dress",50.0,119.0,58,True,50
2026-09-25,Other,"Extra 15% Off, with code: EXTRA AX Paris Navy One Shoulder Knot Waist Midi Dress",55.0,55.0,0,False,50
2026-09-25,Other,AX Paris Forest Square Neck A-line Midi Dress,53.0,53.0,0,False,50
2026-09-25,Other,AX Paris Lime Marble Print Off The Shoulder Midi Dress,55.0,55.0,0,False,50
2026-09-25,Other,Petite Coast Petite Square Neck Midi Dress,129.0,129.0,0,False,50
2026-09-25,Other,"Extra 15% Off, with code: EXTRA Petite Coast Petite Long Sleeve Bardot Full Skirted Midi Dress",119.0,119.0,0,False,50
2026-09-25,Other,"Extra 15% Off, with code: EXTRA Warehouse Chiffon High Neck Trapeze Maxi Dress",41.0,69.0,41,True,50
2026-09-25,Other,"Extra 15% Off, with code: EXTRA Warehouse Premium Burnout Chiffon Animal Maxi Dress",85.0,85.0,0,False,50
2026-09-25,Other,"Extra 15% Off, with code: EXTRA Coast Bow Shoulder Embellished Midi Dress",70.0,159.0,56,True,50
2026-09-25,Other,"Extra 15% Off, with code: EXTRA Coast Beaded Mini Bridal Dress",149.0,149.0,0,False,50
2026-09-25,Other,"Extra 15% Off, with code: EXTRA Coast Bow Back Scallop Neck Mini Hen Dress",119.0,119.0,0,False,50
2026-09-25,Other,"Extra 15% Off, with code: EXTRA Coast Strapless Satin Mini Wedding Dress with Hem Pearl Trim",107.1,119.0,10,True,50
2026-09-25,Other,"Extra 15% Off, with code: EXTRA Coast Off The Shoulder Wrap Skirt Crepe Midi Dress",119.0,119.0,0,False,50
2026-09-25,Other,"Extra 15% Off, with code: EXTRA Coast Short Sleeve Crepe Midi Dress With Lace Pleated Skirt",149.0,149.0,0,False,50
2026-09-25,Other,"Extra 15% Off, with code: EXTRA Coast Printed Bardot Twill Midi Dress With Lace Insert",90.3,129.0,30,True,50
2026-09-25,Other,"Extra 15% Off, with code: EXTRA AX Paris Duck Egg Marble Print Flutter Sleeve Wrap Midi Dress",53.0,53.0,0,False,50
2026-09-25,Other,Coast Crepe Bodice Long Sleeve Pleated Midi Dress,129.0,129.0,0,False,50
2026-09-25,Other,"Extra 15% Off, with code: EXTRA Coast Coast Honoured Ruched Waist Detail Satin Bridesmaid Dress",60.0,99.0,39,True,50
2026-09-25,Other,"Extra 15% Off, with code: EXTRA Coast Coast Honoured Twist Halterneck Satin Maxi Bridesmaid Dress",59.4,99.0,40,True,50
2026-09-25,Other,"Extra 15% Off, with code: EXTRA PrettyLittleThing Strappy Linen Look Shirred Detail Maxi Dress",14.0,28.0,50,True,50
2026-09-25,Other,"Extra 10% Off, with code: EXTRA AX Paris Dark Plum Off The Shoulder Draped Top Midi Dress",53.0,53.0,0,False,50
2026-09-25,Other,Coast Floral Mini Prom Hen Dress,90.3,129.0,30,True,50
2026-09-25,Other,"Extra 15% Off, with code: EXTRA Coast Draped Bardot Corset Satin Black Maxi Dress",79.2,99.0,20,True,50
2026-09-25,Other,"Extra 15% Off, with code: EXTRA Coast Georgette and Lace Detail Wrap Effect Maxi Bridesmaid Dress",83.3,119.0,30,True,50
2026-09-25,Other,"Extra 15% Off, with code: EXTRA Warehouse Bandeau Bodice Pleated Chiffon Midi Dress",47.0,79.0,41,True,50
2026-09-25,Other,"Extra 15% Off, with code: EXTRA Back In Stock MissPap Square Neck A Line Midi Dress",42.0,60.0,30,True,50
2026-09-25,Other,"Extra 15% Off, with code: EXTRA boohoo Knot Detail Long Sleeve Maxi Dress",24.0,30.0,20,True,50
2026-09-25,Other,"Extra 10% Off, with code: EXTRA Tall boohoo Tall Lace One Shoulder Midaxi Dress",18.4,23.0,20,True,50
2026-09-25,Other,"Extra 10% Off, with code: EXTRA Maternity boohoo Maternity Tie Waist Midi Dress",17.6,22.0,20,True,50
2026-09-25,Other,"Extra 10% Off, with code: EXTRA Plus boohoo plus oversized midi t-shirt dress",12.8,16.0,20,True,50
2026-09-25,Other,"Extra 10% Off, with code: EXTRA Petite boohoo Petite Super Soft V Neck Knitted Mini Dress",16.0,20.0,20,True,50
2026-09-25,boohoo,boohoo Double Layer Slinky Square Neck Crop Top,9.6,12.0,20,True,51
2026-09-25,boohoo,boohoo Basic Satin Scoop Neck Cami,11.2,14.0,20,True,51
2026-09-25,boohoo,Plus boohoo Plus Crew Neck Long Sleeve T Shirt,9.6,12.0,20,True,51
2026-09-25,boohoo,boohoo Ruched Waist Wide Leg Jumpsuit,24.0,30.0,20,True,51
2026-09-25,Other,Plus DSGN Studio DSGN Studio Applique Oversized T-shirt,12.75,15.0,15,True,51
2026-09-25,boohoo,boohoo Square Toe Block Heel Two Part Heels,16.0,20.0,20,True,51
2026-09-25,boohoo,boohoo Low Block Barely There Heels,16.0,20.0,20,True,51
2026-09-25,boohoo,Plus boohoo Plus Abstract Asymmetric Ruched Top,16.0,20.0,20,True,51
2026-09-25,Other,DSGN Studio DSGN Studio Zip Through Cropped Track Jacket,28.0,35.0,20,True,51
