date,brand,product,current_price,original_price,discount_pct,discounted,page
2026-10-05,PLT,with code 10PLT POLYAMIDE HALTERNECK SCULPT MAXI DRESS,34.5,46.0,25,True,1
2026-10-05,PLT,with code 10PLT ABSTRACT PRINT DOUBLE LAYER SLINKY COWL DRAPE DETAIL MINI DRESS,20.25,27.0,25,True,1
2026-10-05,PLT,with code 10PLT POLYAMIDE SCULPT PLUNGE MINI DRESS,23.25,31.0,25,True,1
2026-10-05,PLT,with code 10PLT POLYAMIDE SCULPT MINI DRESS,27.0,36.0,25,True,1
2026-10-05,PLT,with code 10PLT POLYAMIDE SCULPT MAXI DRESS,33.0,44.0,25,True,1
2026-10-05,PLT,with code 10PLT PLT label SOFT FAUX SUEDE SQUARE NECK MAXI DRESS,23.25,31.0,25,True,1
2026-10-05,PLT,with code 10PLT TIGER PRINTED MESH MAXI DRESS,25.5,34.0,25,True,1
2026-10-05,PLT,with code 10PLT CHIFFON SHOULDER PAD LONG SLEEVE RUCHED MINI DRESS,34.5,46.0,25,True,1
2026-10-05,PLT,with code 10PLT MESH SLEEVELESS PLUNGE RUCHED LEG SPLIT MAXI DRESS,20.25,27.0,25,True,1
2026-10-05,PLT,with code 10PLT FLORAL PRINT SATIN HIGH COLLAR LACE UP CORSET MINI DRESS,34.5,46.0,25,True,1
2026-10-05,PLT,with code 10PLT FLORAL PRINT SLINKY SHOULDER PAD LONG SLEEVE DRAPE DETAIL MAXI DRESS,28.5,38.0,25,True,1
2026-10-05,PLT,with code 10PLT SHEER LACE DRAPE LONG SLEEVE BODYCON DRESS,34.5,46.0,25,True,1
2026-10-05,PLT,with code 10PLT MESH LONG SLEEVE SHOULDER PAD BACKLESS MAXI DRESS,28.5,38.0,25,True,1
2026-10-05,PLT,with code 10PLT TAILORED MILITARY DETAIL SHORT SLEEVE BODYCON DRESS,30.0,40.0,25,True,1
2026-10-05,PLT,with code 10PLT JERSEY STRIPE CONTRAST SHIFT DRESS,18.75,25.0,25,True,1
2026-10-05,PLT,with code 10PLT HIGH NECK MILITARY STRAP DETAIL BODYCON DRESS,28.5,38.0,25,True,1
2026-10-05,PLT,with code 10PLT EYELASH KNIT HALTERNECK MINI DRESS,20.1,30.0,33,True,1
2026-10-05,PLT,with code 10PLT MANDARIN STYLE BUTTON DETAIL KNITTED MAXI DRESS,23.45,35.0,33,True,1
2026-10-05,PLT,with code 10PLT MANDARIN STYLE STRETCH WOVEN KEYHOLE FROG TRIM MIDAXI DRESS,25.5,34.0,25,True,1
2026-10-05,PLT,with code 10PLT DEVORE VELVET CUT OUT DETAIL SHOULDER PAD BODYCON DRESS,27.0,36.0,25,True,1
2026-10-05,PLT,with code 10PLT MANDARIN STYLE BUTTON DETAIL KNITTED MINI DRESS,21.44,32.0,33,True,1
2026-10-05,PLT,with code 10PLT SATIN HIGH COLLAR LACE UP CORSET MINI DRESS,34.5,46.0,25,True,1
2026-10-05,PLT,with code 10PLT MANDARIN STYLE SATIN HIGH COLLAR CONTRAST FROG BUTTON DETAIL MINI DRESS,22.5,30.0,25,True,1
2026-10-05,PLT,with code 10PLT KEYHOLE FRONT KNITTED MINI DRESS,21.44,32.0,33,True,1
2026-10-05,PLT,with code 10PLT BANDAGE KEY HOLE HOOK & EYE MIDAXI DRESS,41.25,55.0,25,True,1
2026-10-05,PLT,with code 10PLT SOFT TOUCH CROSSOVER V NECK CROPPED SLEEVE BODYCON DRESS,16.5,22.0,25,True,1
2026-10-05,PLT,with code 10PLT SHEER LACE LONG SLEEVE FLORAL PRINT SATIN MINI DRESS,22.5,30.0,25,True,1
2026-10-05,PLT,with code 10PLT FLORAL PRINTED SATIN CUT OUT MINI DRESS,27.9,31.0,10,True,1
2026-10-05,PLT,with code 10PLT FLORAL PRINTED CHIFFON CUT OUT MAXI DRESS,41.4,46.0,10,True,1
2026-10-05,PLT,with code 10PLT STRUCTU SATIN BODICE LACE NECK CORSET DRESS,32.4,36.0,10,True,1
2026-10-05,PLT,with code 10PLT SHEER LACE SHORT SLEEVE BUTTON UP DRAPE MAXI DRESS,52.2,58.0,10,True,1
2026-10-05,PLT,with code 10PLT DEVORE VELVET CUT OUT DETAIL SHOULDER PAD BODYCON DRESS,32.4,36.0,10,True,1
2026-10-05,PLT,with code 10PLT DEVORE VELVET CUT OUT NECK TASSEL DETAIL DRESS,37.8,42.0,10,True,1
2026-10-05,PLT,with code 10PLT SATIN JACQUARD CUT OUT DRESS,27.9,31.0,10,True,1
2026-10-05,PLT,with code 10PLT BRUSHED JERSEY SCOOP NECK MAXI DRESS,23.25,31.0,25,True,1
2026-10-05,PLT,with code 10PLT SHEER KNIT HIGH NECK MAXI DRESS,20.1,30.0,33,True,1
2026-10-05,PLT,with code 10PLT SATIN TWIST DETAIL LACE HEM MAXI DRESS,36.0,40.0,10,True,1
2026-10-05,PLT,with code 10PLT DOUBLE LAYER SLINKY PLUNGE SLEEVELESS MAXI DRESS,27.0,36.0,25,True,1
2026-10-05,PLT,with code 10PLT PLEATED FRILL HALTERNECK MAXI DRESS,52.5,70.0,25,True,1
2026-10-05,PLT,with code 10PLT CAPE DETAIL MINI DRESS,30.0,40.0,25,True,1
2026-10-05,PLT,with code 10PLT PETITE PETITE BONING SEAM DETAIL V NECK BANDAGE MINI DRESS,34.5,46.0,25,True,1
2026-10-05,PLT,with code 10PLT PREMIUM WOVEN TIE HALTER NECK DRESS,34.5,46.0,25,True,1
2026-10-05,PLT,with code 10PLT DOUBLE LAYER SLINKY RUCHED MAXI,25.5,34.0,25,True,1
2026-10-05,PLT,with code 10PLT FLORAL TAPESTRY HIGH NECK KEYHOLE A LINE DRESS,37.8,42.0,10,True,1
2026-10-05,PLT,with code 10PLT FLORAL TWILL BODYCON DRESS,22.5,30.0,25,True,1
2026-10-05,PLT,with code 10PLT PETITE PETITE DENIM LONG SLEEVE FITTED MINI DRESS,30.0,40.0,25,True,1
2026-10-05,PLT,with code 10PLT CHOCOLATE SLINKY PLUNGE CONTRAST SATIN RUCHED FRONT MAXI DRESS,23.25,31.0,25,True,1
2026-10-05,PLT,with code 10PLT DOUBLE LAYER SLINKY BARDOT ONE SHOULDER RUCHED MAXI DRESS,28.5,38.0,25,True,1
2026-10-05,PLT,with code 10PLT 2 PLEATED FRILL HALTERNECK MAXI DRESS,52.5,70.0,25,True,1
2026-10-05,PLT,with code 10PLT MONOCHROME LACE DETAIL SHORT SLEEVE SATIN MINI DRESS,22.5,30.0,25,True,1
2026-10-05,PLT,with code 10PLT DOUBLE LAYER SLINKY KEYHOLE DRAPE MINI DRESS,18.75,25.0,25,True,1
2026-10-05,PLT,with code 10PLT STRUCTURED SATIN BODICE LACE NECK CORSET DRESS,32.4,36.0,10,True,1
2026-10-05,PLT,with code 10PLT SHAPE SHAPE SATIN OFF SHOULDER CONTRAST SHEER HEM MAXI DRESS,22.5,30.0,25,True,1
2026-10-05,PLT,with code 10PLT PETITE PETITE KNITTED FOLDOVER ASYMMETRIC BODYCON MINI DRESS,16.75,25.0,33,True,1
2026-10-05,PLT,with code 10PLT PETITE PETITE FLOWER DETAIL MAXI DRESS,34.5,46.0,25,True,1
2026-10-05,PLT,with code 10PLT PREMIUM WOVEN BELT DETAIL SHIFT DRESS,34.5,46.0,25,True,1
2026-10-05,PLT,with code 10PLT 1 FLORAL PRINTED SATIN MINI DRESS,18.75,25.0,25,True,1
2026-10-05,PLT,with code 10PLT PETITE PETITE CORSET WAIST CHIFFON DRAPE SLEEVE GODET MINI DRESS,31.5,42.0,25,True,1
2026-10-05,PLT,with code 10PLT PETITE PETITE ASYMMETRIC LONG SLEEVE BARDOT MAXI DRESS,21.0,28.0,25,True,1
2026-10-05,PLT,with code 10PLT SHAPE SHAPE SCULPT BOAT NECK WRAP WAIST MAXI DRESS,20.25,27.0,25,True,1
2026-10-05,PLT,with code 10PLT SCOOP NECK SLEEVELESS MAXI DRESS,25.5,34.0,25,True,1
2026-10-05,PLT,with code 10PLT PETITE PETITE CONTRAST DOT LACE DETAIL MAXI DRESS,20.25,27.0,25,True,1
2026-10-05,PLT,with code 10PLT BANDEAU CONTRAST CHIFFON PLEATED MAXI DRESS,48.75,65.0,25,True,1
2026-10-05,PLT,with code 10PLT CONTRAST SATIN LACE TRIM DETAIL ASYMMETRIC HALTERNECK DRESS,16.5,22.0,25,True,1
2026-10-05,PLT,with code 10PLT PLT LABEL PLT LABEL MESH FRINGE SKIRT MAXI DRESS,45.0,60.0,25,True,1
2026-10-05,PLT,with code 10PLT PETITE PETITE RUFFLE STUD DETAIL HALTERNECK DRESS,22.5,30.0,25,True,1
2026-10-05,PLT,with code 10PLT PREMIUM WOVEN HIGH NECK FEATHER TRIM CHIFFON SKIRT MAXI DRESS,56.25,75.0,25,True,1
2026-10-05,PLT,with code 10PLT PREMIUM WOVEN FEATHER BARDOT TULIP MINI DRESS,75.0,100.0,25,True,1
2026-10-05,PLT,with code 10PLT TAILORED PEPLUM HEM MAXI DRESS,31.5,42.0,25,True,1
2026-10-05,PLT,with code 10PLT SHAPE SHAPE V BAR RUCHED MAXI DRESS,22.5,30.0,25,True,1
2026-10-05,PLT,with code 10PLT WOVEN CORSET DETAIL MINI BODYCON DRESS,20.25,27.0,25,True,1
2026-10-05,PLT,with code 10PLT BANDAGE PLUNGE NECK MINI DRESS,37.5,50.0,25,True,1
2026-10-05,PLT,with code 10PLT PREMIUM WOVEN STRUCTURED HIP DETAIL BLAZER DRESS,37.5,50.0,25,True,1
2026-10-05,PLT,with code 10PLT PETITE PETITE TWIST DETAIL HALTERNECK SLINKY MINI DRESS,21.0,28.0,25,True,2
2026-10-05,PLT,with code 10PLT SATIN COWL NECK DRAPED MAXI DRESS,31.5,42.0,25,True,2
2026-10-05,PLT,with code 10PLT PETITE PETITE SATIN CROSS OVER BACK MAXI DRESS,21.0,28.0,25,True,2
2026-10-05,PLT,with code 10PLT DEVORE V-NECK MAXI DRESS,22.5,30.0,25,True,2
2026-10-05,PLT,with code 10PLT PETITE PETITE SCOOP NECK SLEEVELESS MAXI DRESS,25.5,34.0,25,True,2
2026-10-05,PLT,with code 10PLT SEQUIN WRAP DETAIL STRAPPY MAXI DRESS,52.5,70.0,25,True,2
2026-10-05,PLT,with code 10PLT PETITE PETITE LACE CUT OUT SATIN MAXI DRESS,23.25,31.0,25,True,2
2026-10-05,PLT,with code 10PLT PLT label CHIFFON RUCHED RUFFLE MAXI DRESS,45.0,60.0,25,True,2
2026-10-05,PLT,with code 10PLT MESH HIGH NECK CUT OUT MINI DRESS,18.0,24.0,25,True,2
2026-10-05,PLT,with code 10PLT STRAIGHT NECK MAXI DRESS,25.5,34.0,25,True,2
2026-10-05,PLT,with code 10PLT DOUBLE LAYER PLUNGE RUCHED SHOULDER DRAPE WAIST MAXI DRESS,24.0,32.0,25,True,2
2026-10-05,PLT,with code 10PLT SATIN LACE CUP DETAIL MIDI DRESS,18.75,25.0,25,True,2
2026-10-05,PLT,with code 10PLT DOUBLE LAYER SLINKY BARDOT ONE SHOULDER RUCHED MAXI DRESS,27.0,36.0,25,True,2
2026-10-05,PLT,with code 10PLT 2 PETITE PETITE DEVORE STRAPPY MAXI DRESS,34.5,46.0,25,True,2
2026-10-05,PLT,with code 10PLT LACE PLUNGE HALTER SCARF DETAIL MAXI DRESS,39.0,52.0,25,True,2
2026-10-05,PLT,with code 10PLT SHAPE SHAPE METALLIC BANDAGE MAXI DRESS,52.5,70.0,25,True,2
2026-10-05,PLT,with code 10PLT PETITE PETITE BANDAGE STRAPPY SQUARE NECK MINI DRESS,33.0,44.0,25,True,2
2026-10-05,PLT,with code 10PLT PETITE PETITE RUFFLE ASYMMETRIC BANDEAU DRESS,25.5,34.0,25,True,2
2026-10-05,PLT,with code 10PLT PETITE PETITE CONTOUR SCULPT LONG SLEEVE MAXI DRESS,21.0,28.0,25,True,2
2026-10-05,PLT,with code 10PLT CHIFFON CORSET STRAPPY MAXI DRESS,33.75,45.0,25,True,2
2026-10-05,PLT,with code 10PLT WOVEN ASYMMETRIC PLEATED MAXI DRESS,37.5,50.0,25,True,2
2026-10-05,PLT,with code 10PLT PETITE PETITE DRAPE DETAIL BANDEAU MAXI DRESS,21.0,28.0,25,True,2
2026-10-05,PLT,with code 10PLT SLINKY RUCHED WRAP MAXI DRESS,19.5,26.0,25,True,2
2026-10-05,PLT,with code 10PLT STRETCH WOVEN CONTRAST TIERED SHIFT DRESS,18.0,24.0,25,True,2
2026-10-05,PLT,with code 10PLT SHAPE SHAPE METALLIC BANDAGE SCOOP MINI DRESS,41.25,55.0,25,True,2
2026-10-05,PLT,with code 10PLT DOUBLE LAYER PLUNGE RUCHED SHOULDER DRAPE WAIST MAXI DRESS,25.5,34.0,25,True,2
2026-10-05,PLT,with code 10PLT 2 PREMIUM WOVEN BELT DETAIL SHIFT DRESS,33.75,45.0,25,True,2
2026-10-05,PLT,with code 10PLT 1 LACE WRAP ONE SLEEVE MINI DRESS,33.75,45.0,25,True,2
2026-10-05,PLT,with code 10PLT V NECK STRAPPY BANDAGE MIDI DRESS,45.0,60.0,25,True,2
2026-10-05,PLT,with code 10PLT SHAPE SHAPE LACE MINI CORSET DRESS,30.0,40.0,25,True,2
2026-10-05,PLT,with code 10PLT SEQUIN SCOOP NECK MINI DRESS,16.0,32.0,50,True,2
2026-10-05,PLT,with code 10PLT PETITE PETITE WOVEN OPEN BACK MINI DRESS,22.5,30.0,25,True,2
2026-10-05,PLT,with code 10PLT BANDAGE CUP DETAIL HALTERNECK MINI DRESS,37.5,50.0,25,True,2
2026-10-05,PLT,with code 10PLT STRAPPY MAXI DRESS,48.75,65.0,25,True,2
2026-10-05,PLT,with code 10PLT SATIN TIE BACK MAXI DRESS,22.5,30.0,25,True,2
2026-10-05,PLT,with code 10PLT TRIM SHIFT MINI DRESS,18.0,24.0,25,True,2
2026-10-05,PLT,with code 10PLT PREMIUM DOUBLE LAYER MESH TWIST DETAIL BODYCON DRESS,19.5,26.0,25,True,2
2026-10-05,PLT,with code 10PLT PLT LABEL PLT LABEL OMBRE BANDAGE FISHTAIL MESH HEM MAXI DRESS,45.0,60.0,25,True,2
2026-10-05,PLT,with code 10PLT SATIN POKA DOT SCARF MINI DRESS,22.5,30.0,25,True,2
2026-10-05,PLT,with code 10PLT LEOPARD PRINT WOVEN HALTERNECK FRILL HEM BODYCON DRESS,25.5,34.0,25,True,2
2026-10-05,PLT,with code 10PLT CAPE DETAIL MAXI DRESS,37.5,50.0,25,True,2
2026-10-05,PLT,with code 10PLT PRINTED BANDEAU MAXI DRESS,22.5,30.0,25,True,2
2026-10-05,PLT,with code 10PLT SATIN LACE TRIM DETAIL MINI DRESS,30.0,40.0,25,True,2
2026-10-05,PLT,with code 10PLT FAUX LEATHER HIGH NECK SLEEVELESS RUCHED MINI DRESS,15.0,20.0,25,True,2
2026-10-05,PLT,with code 10PLT PLT LABEL PLT LABEL SATIN LONG SLEEVE PLUNGE MAXI DRESS,33.75,45.0,25,True,2
2026-10-05,PLT,with code 10PLT CROCHET O RING MINI BEACH DRESS,24.0,32.0,25,True,2
2026-10-05,PLT,with code 10PLT SATIN LACE CUP DETAIL MIDI DRESS,18.0,24.0,25,True,2
2026-10-05,PLT,with code 10PLT 2 PETITE PETITE DENIM LONG SLEEVE FITTED MINI DRESS,30.0,40.0,25,True,2
2026-10-05,PLT,with code 10PLT BANDAGE STRAIGHT NECK MINI DRESS,37.5,50.0,25,True,2
2026-10-05,PLT,with code 10PLT SHEER LACE DRAPE CAP SLEEVE MINI DRESS,33.75,45.0,25,True,2
2026-10-05,PLT,with code 10PLT PETITE PETITE WOVEN HIGH NECK MINI DRESS,22.5,30.0,25,True,2
2026-10-05,PLT,with code 10PLT CHIFFON COWL NECK RUCHED SCARF DETAIL SHIFT MINI DRESS,22.5,30.0,25,True,2
2026-10-05,PLT,with code 10PLT SATIN COWL NECK DRAPE MAXI DRESS,31.5,42.0,25,True,2
2026-10-05,PLT,with code 10PLT DOUBLE LAYER SLINKY BARDOT ONE SHOULDER RUCHED MAXI DRESS,18.0,36.0,50,True,2
2026-10-05,PLT,with code 10PLT 2 WOVEN WRAP TIE BLAZER DRESS,26.25,35.0,25,True,2
2026-10-05,PLT,with code 10PLT EXTREME FEATHER CUFF RUCHED BODYCON DRESS,52.5,70.0,25,True,2
2026-10-05,PLT,with code 10PLT WOVEN CORSET SATIN DRAPE MINI DRESS,30.0,40.0,25,True,2
2026-10-05,PLT,with code 10PLT DOUBLE LAYER SLINKY CAP SLEEVE DROP WAIST MAXI DRESS,25.5,34.0,25,True,2
2026-10-05,PLT,with code 10PLT PLT LABEL MESH FRINGE SKIRT MAXI DRESS,45.0,60.0,25,True,2
2026-10-05,PLT,with code 10PLT PLT LABEL PLT LABEL MESH ASYMMETRICAL DRAPE GODET FISHTAIL HIGH NECK MAXI DRESS,37.5,50.0,25,True,2
2026-10-05,PLT,with code 10PLT POLKA DOT CHIFFON SCARF DETAIL MINI DRESS,16.5,22.0,25,True,2
2026-10-05,PLT,with code 10PLT PLT LABEL FAUX SHEARLING CUFF TAILORED BLAZER DRESS,45.0,60.0,25,True,2
2026-10-05,PLT,with code 10PLT CHIFFON HIGH NECK MAXI DRESS,37.5,50.0,25,True,2
2026-10-05,PLT,with code 10PLT CHIFFON HALTERNECK MAXI DRESS,22.5,45.0,50,True,2
2026-10-05,PLT,with code 10PLT MESH SCARF DETAIL MAXI DRESS,33.75,45.0,25,True,2
2026-10-05,PLT,with code 10PLT PREMIUM WOVEN SQUARE NECK LACE BACK CORSET DRESS,41.25,55.0,25,True,2
2026-10-05,PLT,with code 10PLT WOVEN ASYMMETRIC PLEATED MAXI DRESS,25.0,50.0,50,True,2
2026-10-05,PLT,with code 10PLT SLINKY RUCHED SHOULDER RACER NECK BODYCON DRESS,16.5,22.0,25,True,2
2026-10-05,PLT,with code 10PLT PLT LABEL PLT LABEL BANDAGE BODICE LACE CUP FRILL HEM BODYCON DRESS,37.5,50.0,25,True,2
2026-10-05,PLT,with code 10PLT DOUBLE LAYER SLINKY COWL DRAPE DETAIL MINI DRESS,19.5,26.0,25,True,2
2026-10-05,PLT,with code 10PLT PETITE PETITE BLACK AND CREAM PRINTED BANDEAU MAXI DRESS,28.5,38.0,25,True,2
2026-10-05,PLT,with code 10PLT PETITE PETITE KNITTED SHIFT MINI DRESS,16.75,25.0,33,True,2
2026-10-05,PLT,with code 10PLT WOVEN BOAT NECK LONG SLEEVE RUCHED MINI DRESS,25.5,34.0,25,True,2
2026-10-05,PLT,with code 10PLT PETITE PETITE OFF SHOULDER PLEATED MAXI DRESS,33.75,45.0,25,True,2
2026-10-05,PLT,with code 10PLT STRETCH WOVEN STRAPPY RUCHED MAXI DRESS,23.25,31.0,25,True,3
2026-10-05,PLT,with code 10PLT WOVEN WRAP HALTERNECK MINI DRESS,27.0,36.0,25,True,3
2026-10-05,PLT,with code 10PLT MESH LONG SLEEVE DRAPED MAXI DRESS,28.5,38.0,25,True,3
2026-10-05,PLT,with code 10PLT STRETCH WOVEN RACER PLEATED SHIFT DRESS,19.5,26.0,25,True,3
2026-10-05,PLT,with code 10PLT PETITE PETITE EMBELLISHED VELOUR MINI DRESS,22.5,30.0,25,True,3
2026-10-05,PLT,with code 10PLT SLINKY OFF SHOULDER WRAP DETAIL MAXI DRESS,21.0,28.0,25,True,3
2026-10-05,PLT,with code 10PLT 1 WOVEN BANDEAU RUCHED SKATER MIDAXI DRESS,32.5,70.0,54,True,3
2026-10-05,PLT,with code 10PLT 1 PLT label STRETCH WOVEN BOAT NECK LONG SLEEVE PLEATED SHIFT DRESS,22.5,30.0,25,True,3
2026-10-05,PLT,with code 10PLT LACE HIGH NECK FRILL DETAIL MINI DRESS,33.75,45.0,25,True,3
2026-10-05,PLT,with code 10PLT BANDAGE KEYHOLE SLEEVELESS MINI DRESS,37.5,50.0,25,True,3
2026-10-05,PLT,with code 10PLT BANDAGE STRAIGHT NECK BODYCON MINI DRESS,37.5,50.0,25,True,3
2026-10-05,PLT,with code 10PLT SHAPE SHAPE SOFT TOUCH OFF SHOULDER DRESS,19.5,26.0,25,True,3
2026-10-05,PLT,with code 10PLT SHAPE SHAPE BANDAGE SCOOP NECK MINI DRESS,33.75,45.0,25,True,3
2026-10-05,PLT,with code 10PLT PETITE PETITE FAUX LEATHER HIGH NECK RUCHED MINI DRESS,16.25,35.0,54,True,3
2026-10-05,PLT,with code 10PLT CHIFFON FLORAL DETAIL MIDAXI DRESS,27.0,36.0,25,True,3
2026-10-05,PLT,with code 10PLT SHAPE SHAPE STRETCH SEAMLESS STRAPPY MAXI DRESS,16.5,22.0,25,True,3
2026-10-05,PLT,with code 10PLT TEXTURED BARDOT FLARE LONG SLEEVE MINI DRESS,22.5,30.0,25,True,3
2026-10-05,PLT,with code 10PLT SHAPE SHAPE TWIST DETAIL SLINKY MAXI DRESS,23.25,31.0,25,True,3
2026-10-05,PLT,with code 10PLT PETITE PETITE CORSET WAIST CHIFFON DRAPE SLEEVE GODET MINI DRESS,30.0,40.0,25,True,3
2026-10-05,PLT,with code 10PLT SHORT SLEEVE WOVEN MAXI DRESS,28.5,38.0,25,True,3
2026-10-05,PLT,with code 10PLT PETITE PETITE LACE & SATIN MINI DRESS,18.0,24.0,25,True,3
2026-10-05,PLT,with code 10PLT LACE CORSET DETAIL MINI DRESS,30.0,40.0,25,True,3
2026-10-05,PLT,with code 10PLT LINEN LOOK O-RING FLUTE SLEEVE BEACH DRESS,15.0,20.0,25,True,3
2026-10-05,PLT,with code 10PLT PRINT COWL BACK MINI DRESS,15.0,20.0,25,True,3
2026-10-05,PLT,with code 10PLT SLINKY LACE TRIM SPLIT DETAIL MAXI DRESS,16.5,22.0,25,True,3
2026-10-05,PLT,with code 10PLT CHIFFON SHEER DRAPE BODYCON DRESS,24.0,32.0,25,True,3
2026-10-05,PLT,with code 10PLT PLT LABEL PLT LABEL ASYMMETRIC BATWING SLEEVED CINCHED WAIST MAXI DRESS,45.0,60.0,25,True,3
2026-10-05,PLT,with code 10PLT PREMIUM SCOOP BACK MAXI DRESS,39.0,52.0,25,True,3
2026-10-05,PLT,with code 10PLT PLT LABEL PLT LABEL TAILORED BAND COLLAR LACE UP A-LINE DRESS,37.5,50.0,25,True,3
2026-10-05,PLT,with code 10PLT SEQUIN SCOOP NECK SLEEVELESS MAXI DRESS,45.0,60.0,25,True,3
2026-10-05,PLT,ICONIC PRICES LEOPARD PRINT MESH CORSET MINI DRESS,18.75,25.0,25,True,3
2026-10-05,PLT,with code 10PLT VELVET SEQUIN EMBELLISHED SCOOP BACK MAXI DESS,33.75,45.0,25,True,3
2026-10-05,PLT,with code 10PLT SHAPE SHAPE PLUNGE NECK CINCHED WAIST BLAZER DRESS,30.0,40.0,25,True,3
2026-10-05,PLT,with code 10PLT SHAPE SHAPE LACE DETAIL PLUNGE CAPRI JUMPSUIT,19.5,26.0,25,True,3
2026-10-05,PLT,with code 10PLT LACE TIERED STRAPPY SHIFT DRESS,37.5,50.0,25,True,3
2026-10-05,PLT,with code 10PLT FLORAL CORSET A LINE SHIFT DRESS,27.0,36.0,25,True,3
2026-10-05,PLT,with code 10PLT SHAPE SHAPE ONE SHOULDER RUCHED SIDE MAXI DRESS,21.0,28.0,25,True,3
2026-10-05,PLT,with code 10PLT 2 PLT LABEL HIGH NECK PUFF SLEEVE BODYCON DRESS,37.5,50.0,25,True,3
2026-10-05,PLT,with code 10PLT CHUNKY CABLE KNIT ROLL NECK MAXI JUMPER DRESS,8.71,28.0,69,True,3
2026-10-05,PLT,with code 10PLT SEQUIN HIGH NECK OPEN BACK MINI DRESS,30.0,40.0,25,True,3
2026-10-05,PLT,with code 10PLT PLT LABEL PLT LABEL SEQUIN SLEEVELESS DRAPE DETAIL BODYCON DRESS,33.75,45.0,25,True,3
2026-10-05,PLT,with code 10PLT PLT LABEL PLT LABEL METALLIC STRETCH BUST DETAIL MAXI DRESS,33.75,45.0,25,True,3
2026-10-05,PLT,with code 10PLT PETITE PETITE BUTTON UP LAPEL DETAIL DENIM MINI DRESS,21.0,28.0,25,True,3
2026-10-05,PLT,with code 10PLT LIGHT PLEATED FRILL HALTERNECK MAXI DRESS,35.0,70.0,50,True,3
2026-10-05,PLT,with code 10PLT SATIN LACE CUP DETAIL MINI DRESS,18.0,24.0,25,True,3
2026-10-05,PLT,with code 10PLT SHAPE SHAPE LACE DETAIL PLUNGE MINI DRESS,13.5,18.0,25,True,3
2026-10-05,PLT,with code 10PLT CORSET DETAIL SATIN RUCHED MINI DRESS,25.5,34.0,25,True,3
2026-10-05,PLT,with code 10PLT SCOOP NECK SLEEVELESS MAXI DRESS,24.0,32.0,25,True,3
2026-10-05,PLT,with code 10PLT CORSET DETAIL SATIN RUCHED MAXI DRESS,25.5,34.0,25,True,3
2026-10-05,PLT,with code 10PLT SHAPE SHAPE SOFT BLUE SHOULDER PAD SLINKY MINI DRESS,19.5,26.0,25,True,3
2026-10-05,PLT,with code 10PLT SHAPE SHAPE BANDAGE HALTER NECK MAXI DRESS,48.75,65.0,25,True,3
2026-10-05,PLT,with code 10PLT PETITE PETITE PREMIUM WOVEN TIE HALTER NECK DRESS,33.75,45.0,25,True,3
2026-10-05,PLT,with code 10PLT PETITE PETITE CONTOUR JERSEY COWL NECK SLIT DETAIL MAXI DRESS,18.0,24.0,25,True,3
2026-10-05,PLT,with code 10PLT ASYMMETRIC PANELLED FLOATY MAXI DRESS,18.0,24.0,25,True,3
2026-10-05,PLT,with code 10PLT TEXTURED FLARED LONG SLEEVE SHIFT DRESS,11.25,15.0,25,True,3
2026-10-05,PLT,with code 10PLT TWILL CUT OUT BOW SHIFT DRESS,23.25,31.0,25,True,3
2026-10-05,PLT,with code 10PLT PETITE PETITE UTILITY POCKET TIE WAIST DENIM DRESS,25.5,34.0,25,True,3
2026-10-05,PLT,with code 10PLT FLORAL PRINT MESH BINDING DETAIL MIDAXI DRESS,25.5,34.0,25,True,3
2026-10-05,PLT,with code 10PLT 1 PLT LABEL BANDAGE BODICE LACE CUP FRILL HEM BODYCON DRESS,37.5,50.0,25,True,3
2026-10-05,PLT,with code 10PLT LACE FRILL HEM PLUNGE BLAZER DRESS,48.75,65.0,25,True,3
2026-10-05,PLT,with code 10PLT SLINKY HALTERNECK RUCHED DETAIL MAXI DRESS,15.0,30.0,50,True,3
2026-10-05,PLT,with code 10PLT SATIN CUP DETAIL BODYCON MINI DRESS,24.0,32.0,25,True,3
2026-10-05,PLT,with code 10PLT PETITE PETITE RUCHED FRONT V NECK SLINKY MAXI DRESS,18.75,25.0,25,True,3
2026-10-05,PLT,with code 10PLT V NECK STRAPPY BANDAGE MAXI DRESS,45.0,60.0,25,True,3
2026-10-05,PLT,with code 10PLT WOVEN PLEATED HEM DETAIL SPAGHETTI MAXI DRESS,20.0,40.0,50,True,3
2026-10-05,PLT,with code 10PLT DOUBLE LAYER SOFT TOUCH SCOOP NECK MAXI DRESS,25.5,34.0,25,True,3
2026-10-05,PLT,with code 10PLT PREMIUM SCOOP BACK MAXI DRESS,25.0,50.0,50,True,3
2026-10-05,PLT,with code 10PLT WOVEN BANDEAU RUCHED SKATER MIDAXI DRESS,32.5,70.0,54,True,3
2026-10-05,PLT,with code 10PLT 1 SEQUIN PLUNGE MIDAXI DRESS,41.25,55.0,25,True,3
2026-10-05,PLT,with code 10PLT PLT LABEL PLT LABEL HAMMERED SATIN LONG SLEEVE PLUNGE MINI DRESS,30.0,40.0,25,True,4
2026-10-05,PLT,with code 10PLT PETITE PETITE CUT OUT SIDE RUCHED CHIFFON MAXI DRESS,21.0,28.0,25,True,4
2026-10-05,PLT,with code 10PLT FLORAL BANDEAU A LINE SHIFT DRESS,37.5,50.0,25,True,4
2026-10-05,PLT,with code 10PLT PETITE PETITE PLISSE BANDEAU COLUMN MAXI DRESS,24.0,32.0,25,True,4
2026-10-05,PLT,with code 10PLT PLT LABEL PLT LABEL SATIN PANEL LACE BODICE STRAPPY MAXI DRESS,33.75,45.0,25,True,4
2026-10-05,PLT,with code 10PLT DOUBLE LAYER SLINKY RUCHED MAXI,24.0,32.0,25,True,4
2026-10-05,PLT,with code 10PLT PETITE PETITE CONTOUR SCULPT STRAPPY MAXI DRESS,20.25,27.0,25,True,4
2026-10-05,PLT,with code 10PLT PLT label LACE FOLD OVER BANDEAU MAXI DRESS,30.0,40.0,25,True,4
2026-10-05,PLT,with code 10PLT WOVEN SQUARE NECK SHIFT DRESS,30.0,40.0,25,True,4
2026-10-05,PLT,with code 10PLT TEXTURED LACE UP BACK MAXI DRESS,21.0,42.0,50,True,4
2026-10-05,PLT,with code 10PLT SHEER CHIFFON COWL NECK FLUTE SLEEVE SHIFT DRESS,25.5,34.0,25,True,4
2026-10-05,PLT,with code 10PLT VELVET BANDEAU A-LINE MINI DRESS,26.25,35.0,25,True,4
2026-10-05,PLT,with code 10PLT SATIN COWL BACK LACE DETAIL MAXI DRESS,30.0,40.0,25,True,4
2026-10-05,PLT,with code 10PLT PETITE PETITE CONTRAST DEVORE STRAPPY MAXI DRESS,34.5,46.0,25,True,4
2026-10-05,PLT,with code 10PLT BANDAGE KEY HOLE HOOK & EYE MINI DRESS,37.5,50.0,25,True,4
2026-10-05,PLT,with code 10PLT WOVEN BOAT NECK BACKLESS DETAIL MINI DRESS,23.25,31.0,25,True,4
2026-10-05,PLT,with code 10PLT CORSET BARDOT DRAPED MIDI DRESS,27.0,36.0,25,True,4
2026-10-05,PLT,with code 10PLT WOVEN SHORT SLEEVE MIDAXI DRESS,25.5,34.0,25,True,4
2026-10-05,PLT,with code 10PLT SHAPE SHAPE BROWN PRINT SLINKY COWL NECK MAXI DRESS,20.25,27.0,25,True,4
2026-10-05,PLT,with code 10PLT MESH RACER SATIN SKIRT MAXI DRESS,33.75,45.0,25,True,4
2026-10-05,PLT,with code 10PLT CHIFFON OVERSIZED POLKA DOT JACQUARD COWL BACK MAXI DRESS,17.5,40.0,56,True,4
2026-10-05,PLT,with code 10PLT RIBBED SHORT SLEEVE CREW NECK MIDI DRESS,9.0,12.0,25,True,4
2026-10-05,PLT,with code 10PLT DOUBLE LAYER PLUNGE RUCHED SHOULDER DRAPE WAIST MAXI DRESS,16.0,32.0,50,True,4
2026-10-05,PLT,with code 10PLT 2 PETITE PETITE BANDAGE STRAPPY SQUARE MINI DRESS,33.0,44.0,25,True,4
2026-10-05,PLT,with code 10PLT LACE LONG SLEEVE KEYHOLE MINI DRESS,28.5,38.0,25,True,4
2026-10-05,PLT,with code 10PLT FRINGE DETAIL HIGH SPLIT KNITTED MAXI DRESS,22.78,34.0,33,True,4
2026-10-05,PLT,with code 10PLT SOFT TOUCH CROSS FRONT SHORT SLEEVE MINI DRESS,18.75,25.0,25,True,4
2026-10-05,PLT,with code 10PLT PETITE PETITE SCALLOPED EDGING KNITTED MAXI DRESS,22.78,34.0,33,True,4
2026-10-05,PLT,with code 10PLT DOUBLE LAYER SLINKY RUCHED DRAPE DETAIL MINI DRESS,18.75,25.0,25,True,4
2026-10-05,PLT,with code 10PLT PETITE PETITE DRAPE DETAIL SLINKY MINI DRESS,16.5,22.0,25,True,4
2026-10-05,PLT,with code 10PLT WOVEN V NECK BLAZER DRESS,33.75,45.0,25,True,4
2026-10-05,PLT,with code 10PLT CHUNKY CABLE KNIT ROLL NECK MAXI JUMPER DRESS,18.76,28.0,33,True,4
2026-10-05,PLT,with code 10PLT PETITE PETITE SHEER LACE SHORT SLEEVE BUTTON UP DRAPE MAXI DRESS,43.5,58.0,25,True,4
2026-10-05,PLT,with code 10PLT PLUM CHIFFON CAP SLEEVE BOAT NECK MAXI DRESS,28.5,38.0,25,True,4
2026-10-05,PLT,with code 10PLT DEEP OLIVE CHIFFON LACE CORSET GODET DETAIL MAXI DRESS,52.5,70.0,25,True,4
2026-10-05,PLT,with code 10PLT SHEER SEQUIN BANDEAU BODYCON DRESS,18.75,25.0,25,True,4
2026-10-05,PLT,with code 10PLT CHIFFON SCARF DETAIL RUCHED MAXI DRESS,33.75,45.0,25,True,4
2026-10-05,PLT,with code 10PLT PETITE PETITE SEQUIN STRAPPY ASYMMETRIC MINI DRESS,22.5,30.0,25,True,4
2026-10-05,PLT,with code 10PLT FLORAL JACQUARD SHIFT DRESS,30.0,40.0,25,True,4
2026-10-05,PLT,with code 10PLT SATIN LACE PANEL SLIP DRESS,16.5,22.0,25,True,4
2026-10-05,PLT,with code 10PLT PETITE PETITE SHEER LACE LONG SLEEVE MAXI DRESS,21.0,28.0,25,True,4
2026-10-05,PLT,with code 10PLT CHIFFON CORSET BANDEAU DRAPED MIDI DRESS,28.5,38.0,25,True,4
2026-10-05,PLT,with code 10PLT SLINKY ACETATE WRAP MAXI DRESS,21.0,28.0,25,True,4
2026-10-05,PLT,with code 10PLT WOVEN CORSET DRAPED LACE BANDEAU MINI DRESS,27.0,36.0,25,True,4
2026-10-05,PLT,with code 10PLT TAILORED PEPLUM HEM MAXI DRESS,30.0,40.0,25,True,4
2026-10-05,PLT,with code 10PLT PREMIUM WOVEN CAPE SLEEVE PUFFBALL MINI DRESS,48.75,65.0,25,True,4
2026-10-05,PLT,with code 10PLT WOVEN KEY HOLE LACE TRIM MINI DRESS,27.0,36.0,25,True,4
2026-10-05,PLT,with code 10PLT SHEER LACE LONG FLUTED SLEEVE MINI DRESS,30.0,40.0,25,True,4
2026-10-05,PLT,with code 10PLT SATIN FLARED SLEEVE MAXI DRESS,28.5,38.0,25,True,4
2026-10-05,PLT,with code 10PLT DOUBLE LAYER SLINKY SQUARE HALTERNECK DRAPE DETAIL MAXI DRESS,25.5,34.0,25,True,4
2026-10-05,PLT,with code 10PLT STRAPPY SATIN COWL MIDI DRESS,18.0,24.0,25,True,4
2026-10-05,PLT,with code 10PLT LEOPARD PRINTED CHIFFON FRILL BODYCON DRESS,23.25,31.0,25,True,4
2026-10-05,PLT,with code 10PLT PLUS PLUS BOAT NECK WRAP WAIST DETAIL MAXI DRESS,22.5,30.0,25,True,4
2026-10-05,PLT,with code 10PLT WOVEN BANDEAU RUCHED SKATER MIDAXI DRESS,52.5,70.0,25,True,4
2026-10-05,PLT,with code 10PLT 1 CAPE DETAIL MINI DRESS,28.5,38.0,25,True,4
2026-10-05,PLT,with code 10PLT WOVEN WRAP HALTERNECK MINI DRESS,28.5,38.0,25,True,4
2026-10-05,PLT,with code 10PLT DOUBLE LAYER SLINKY OFF SHOULDER DRAPE MAXI DRESS,30.0,40.0,25,True,4
2026-10-05,PLT,with code 10PLT CORSET WAIST LACE DRAPE SLEEVE MINI DRESS,34.5,46.0,25,True,4
2026-10-05,PLT,with code 10PLT WOVEN KEY HOLE LACE TRIM MINI DRESS,28.5,38.0,25,True,4
2026-10-05,PLT,with code 10PLT FLORAL DEVORE LONG SLEEVE MAXI DRESS,28.5,38.0,25,True,4
2026-10-05,PLT,with code 10PLT CAP SLEEVE MINI CURVED SHIFT DRESS,24.0,32.0,25,True,4
2026-10-05,PLT,with code 10PLT PLUS PLUS PLISSE BOAT NECK TRIM DETAIL MAXI DRESS,22.5,30.0,25,True,4
2026-10-05,PLT,with code 10PLT FLORAL PRINTED TEXTURED COWL NECK MAXI DRESS,20.5,45.0,54,True,4
2026-10-05,PLT,with code 10PLT WOVEN HIGH NECK SATIN DRAPE MINI DRESS,25.5,34.0,25,True,4
2026-10-05,PLT,with code 10PLT MANDARIN STYLE SATIN JACQUARD COLLAR CAP SLEEVE FRILL HEM MINI DRESS,23.25,31.0,25,True,4
2026-10-05,PLT,with code 10PLT SHAPE SHAPE TWIST DETAIL SLINKY MAXI DRESS,18.75,25.0,25,True,4
2026-10-05,PLT,with code 10PLT PETITE PETITE SHEER LACE LONG SLEEVE MAXI DRESS,13.0,28.0,54,True,4
2026-10-05,PLT,with code 10PLT PLEATED FRILL HALTERNECK MAXI DRESS,35.0,70.0,50,True,4
2026-10-05,PLT,with code 10PLT PLT LABEL LACE BODICE MESH DRAPED BODYCON DRESS,48.75,65.0,25,True,4
2026-10-05,PLT,with code 10PLT OPEN BACK BARDOT MAXI DRESS,18.0,24.0,25,True,5
2026-10-05,PLT,with code 10PLT SHAPE SHAPE HALTER NECK STRAIGHT NECK MINI DRESS,15.0,20.0,25,True,5
2026-10-05,PLT,with code 10PLT WATERCOLOUR PLISSE STRAPPY MAXI DRESS,17.5,35.0,50,True,5
2026-10-05,PLT,with code 10PLT STRETCH WOVEN ROSETTE BANDEAU MAXI DRESS,21.0,28.0,25,True,5
2026-10-05,PLT,with code 10PLT PLT label PLEATED FRILL HALTERNECK MAXI DRESS,52.5,70.0,25,True,5
2026-10-05,PLT,with code 10PLT BASIC RIBBED LONG SLEEVE DRESS,9.0,12.0,25,True,5
2026-10-05,PLT,with code 10PLT SUEDE ZIP UP BLAZER DRESS,48.75,65.0,25,True,5
2026-10-05,PLT,with code 10PLT CHEVRON KNIT DETAIL SCOOP BACK MINI DRESS,20.1,30.0,33,True,5
2026-10-05,PLT,with code 10PLT SATIN PLISSE FRILL DETAIL MAXI DRESS,25.0,50.0,50,True,5
2026-10-05,PLT,with code 10PLT PREMIUM WOVEN BONED BANDEAU DETAIL SHIFT DRESS,33.75,45.0,25,True,5
2026-10-05,PLT,with code 10PLT WOVEN V NECK DETAIL BARDOT MAXI DRESS,25.5,34.0,25,True,5
2026-10-05,PLT,with code 10PLT SATIN COWL DRAPE MINI DRESS,25.5,34.0,25,True,5
2026-10-05,PLT,with code 10PLT MESH EYELET CUP DETAIL LONG SLEEVE CORSET DRESS,23.25,31.0,25,True,5
2026-10-05,PLT,with code 10PLT RIB SCOOP NECK CONTRAST LACE HEM MINI DRESS,22.5,30.0,25,True,5
2026-10-05,PLT,with code 10PLT SHAPE SHAPE ASYMMETRICAL DRAPE DETAIL DRESS,26.25,35.0,25,True,5
2026-10-05,PLT,with code 10PLT SCOOP NECK CAMI STRAP OMBRE CHEVRON PATTERN MAXI DRESS,15.75,34.0,54,True,5
2026-10-05,PLT,with code 10PLT DOUBLE LAYER SLINKY SQUARE HALTERNECK DRAPE DETAIL MAXI DRESS,24.0,32.0,25,True,5
2026-10-05,PLT,with code 10PLT SATIN WOVEN CORSET OVERLAY DETAIL MAXI DRESS,34.5,46.0,25,True,5
2026-10-05,PLT,with code 10PLT FLORAL PRINTED FLORAL CHIFFON RUCHED MAXI DRESS,22.5,30.0,25,True,5
2026-10-05,PLT,with code 10PLT WOVEN SHEER PANEL BANDEAU MINI DRESS,18.0,24.0,25,True,5
2026-10-05,PLT,with code 10PLT SHAPE SHAPE RUCHED SCARF DROPPED WAIST MAXI DRESS,26.25,35.0,25,True,5
2026-10-05,PLT,with code 10PLT PETITE PETITE HALTERNECK PLISSE RUFFLE DETAIL MAXI DRESS,48.75,65.0,25,True,5
2026-10-05,PLT,with code 10PLT SATIN ASYMMETRIC BARDOT TWIST MAXI DRESS,30.0,40.0,25,True,5
2026-10-05,PLT,with code 10PLT PETITE PETITE LACE OVERLAY STRAPPY FLOWY MAXI DRESS,21.0,28.0,25,True,5
2026-10-05,PLT,with code 10PLT CHIFFON POLKA DOT HALTERNECK SHIFT DRESS,23.25,31.0,25,True,5
2026-10-05,PLT,with code 10PLT MESH RUCHED TIE FRONT LONG SLEEVE CORSET MINI DRESS,26.25,35.0,25,True,5
2026-10-05,PLT,with code 10PLT FAUX LEATHER LACE UP BACK MIDI DRESS,18.75,25.0,25,True,5
2026-10-05,PLT,with code 10PLT WOVEN HALTERNECK PLUNGE MIDAXI DRESS,28.5,38.0,25,True,5
2026-10-05,PLT,with code 10PLT FLORAL EMBROIDERED FRILL MAXI DRESS,27.0,36.0,25,True,5
2026-10-05,PLT,with code 10PLT PLT LABEL PLT LABEL MESH DRAPE BANDEAU MAXI DRESS,41.25,55.0,25,True,5
2026-10-05,PLT,with code 10PLT WOVEN KEY HOLE LACE TRIM MINI DRESS,19.5,26.0,25,True,5
2026-10-05,PLT,with code 10PLT PETITE PETITE DENIM LONG SLEEVE FITTED MINI DRESS,28.5,38.0,25,True,5
2026-10-05,PLT,with code 10PLT SATIN RUCHED MAXI DRESS,25.0,50.0,50,True,5
2026-10-05,PLT,with code 10PLT SLINKY BAGGED OUT MINI DRESS,16.5,22.0,25,True,5
2026-10-05,PLT,with code 10PLT SHAPE SHAPE TAILORED SQUARE NECK HAMMERED BUTTON MINI DRESS,33.75,45.0,25,True,5
2026-10-05,PLT,with code 10PLT MINT GREEN WOVEN SCOOP NECK MAXI DRESS,37.5,50.0,25,True,5
2026-10-05,PLT,with code 10PLT RIB KNIT PIQUET HEM MAXI DRESS,21.44,32.0,33,True,5
2026-10-05,PLT,with code 10PLT PLT LABEL PLT LABEL BANDAGE MESH PANEL RUCHED ASYMMETRICAL BODYCON DRESS,26.25,35.0,25,True,5
2026-10-05,PLT,with code 10PLT SHAPE SHAPE MICRO RIB LONG SLEEVE BOAT NECK MINI DRESS,13.5,18.0,25,True,5
2026-10-05,PLT,with code 10PLT PETITE PETITE CONTRAST BANDAGE MAXI DRESS,31.5,42.0,25,True,5
2026-10-05,PLT,with code 10PLT EMBROIDERED COTTON HALTERNECK MIDAXI DRESS,19.0,40.0,53,True,5
2026-10-05,PLT,with code 10PLT CHIFFON ONE SHOULDER SCARF DETAIL MAXI DRESS,27.0,36.0,25,True,5
2026-10-05,PLT,with code 10PLT BOAT NECK PUFFBALL DRESS,18.75,25.0,25,True,5
2026-10-05,PLT,with code 10PLT CORSET DETAIL BARDOT BRIDESMAID DRESS,37.5,50.0,25,True,5
2026-10-05,PLT,with code 10PLT CROCHET O RING MINI BEACH DRESS,22.5,30.0,25,True,5
2026-10-05,PLT,with code 10PLT SHAPE SHAPE MESH LACE INSERT CORSETED MAXI DRESS,30.0,40.0,25,True,5
2026-10-05,PLT,with code 10PLT PLT LABEL PLT LABEL LACE EXTREME SHOULDER RUCHED SLINKY BODYCON DRESS,48.75,65.0,25,True,5
2026-10-05,PLT,with code 10PLT SHAPE SHAPE BANDAGE CONTRAST LACE LONG SLEEVE MINI DRESS,34.5,46.0,25,True,5
2026-10-05,PLT,with code 10PLT PETITE PETITE POLKA DOT STRAPPY PUFFBALL HEM MINI DRESS,18.0,24.0,25,True,5
2026-10-05,PLT,with code 10PLT PREMIUM SCOOP BACK MAXI DRESS,23.0,50.0,54,True,5
2026-10-05,PLT,with code 10PLT EMBELLISHED STRAPPY SCOOP MINI DRESS,33.75,45.0,25,True,5
2026-10-05,PLT,with code 10PLT SHAPE SHAPE SATIN CONTRAST MESH PANEL MINI DRESS,16.5,22.0,25,True,5
2026-10-05,PLT,with code 10PLT WOVEN BANDEAU FLOWER BEADED MINI DRESS,17.0,34.0,50,True,5
2026-10-05,PLT,with code 10PLT SLINKY PLUNGE LACE TRIM DRAPE DETAIL MAXI DRESS,22.5,30.0,25,True,5
2026-10-05,PLT,with code 10PLT SATIN HALTERNECK SMOCK MINI DRESS,21.0,28.0,25,True,5
2026-10-05,PLT,with code 10PLT SEQUIN DETAIL SHIFT DRESS,22.5,60.0,63,True,5
2026-10-05,PLT,with code 10PLT SATIN LACE TRIM MAXI SLIP DRESS,28.5,38.0,25,True,5
2026-10-05,PLT,with code 10PLT SEQUIN ASYMMETRIC MAXI DRESS,25.5,34.0,25,True,5
2026-10-05,PLT,with code 10PLT PREMIUM WOVEN BOW DETAIL MINI DRESS,52.5,70.0,25,True,5
2026-10-05,PLT,with code 10PLT WOVEN SCARF DETAIL BANDEAU SHIFT DRESS,21.0,28.0,25,True,5
2026-10-05,PLT,with code 10PLT DARK TAUPE SATIN BOAT NECK FISHTAIL MIDAXI DRESS,17.5,35.0,50,True,5
2026-10-05,PLT,with code 10PLT 1 DEEP PLUM WOVEN CORSET DETAIL MAXI DRESS,26.25,35.0,25,True,5
2026-10-05,PLT,with code 10PLT PLT LABEL PLT LABEL METALLIC STRETCH RUCHED MINI DRESS,31.5,42.0,25,True,5
2026-10-05,PLT,with code 10PLT CHIFFON CAPE DETAIL BANDEAU SKATER MIDI DRESS,37.5,50.0,25,True,5
2026-10-05,PLT,with code 10PLT SHAPE SHAPE DEEP SHOULDER PAD SLINKY MINI DRESS,19.5,26.0,25,True,5
2026-10-05,PLT,with code 10PLT PETITE PETITE SHEER LACE SHORT SLEEVE BUTTON UP DRAPE MAXI DRESS,45.0,60.0,25,True,5
2026-10-05,PLT,with code 10PLT FLORAL BARDOT FISHTAIL MAXI DRESS,22.5,45.0,50,True,6
2026-10-05,PLT,with code 10PLT SEQUIN SCOOP NECK FEATHER HEM SHIFT DRESS,45.0,60.0,25,True,6
2026-10-05,PLT,with code 10PLT SOFT TOUCH JERSEY LONG SLEEVE BODYCON DRESS,13.5,18.0,25,True,6
2026-10-05,PLT,with code 10PLT V NECK RIBBED KNIT MAXI DRESS,22.5,30.0,25,True,6
2026-10-05,PLT,with code 10PLT HIGH NECK POLKA DOT RUCHED HEM MAXI DRESS,41.25,55.0,25,True,6
2026-10-05,PLT,with code 10PLT SHAPE SHAPE SCULPTED MINI DRESS,13.5,18.0,25,True,6
2026-10-05,PLT,TAPESTRY HALTERNECK SHIFT DRESS,21.0,28.0,25,True,6
2026-10-05,PLT,with code 10PLT PLT label WOVEN CORSET DETAIL MAXI DRESS,25.5,34.0,25,True,6
2026-10-05,PLT,with code 10PLT PETITE PETITE DOUBLE LAYER RUCHED HIGH NECK MAXI DRESS,13.0,26.0,50,True,6
2026-10-05,PLT,with code 10PLT DOUBLE LAYER SLINKY MESH PANEL BODYCON DRESS,15.0,20.0,25,True,6
2026-10-05,PLT,with code 10PLT PETITE PETITE POLKA DOT CHIFFON SCARF DETAIL RUFFLE SHIFT MINI DRESS,14.0,28.0,50,True,6
2026-10-05,PLT,with code 10PLT CORSET OVERLAY PLEATED HEM MAXI DRESS,43.5,58.0,25,True,6
2026-10-05,PLT,with code 10PLT PETITE PETITE FLOWER DETAIL MAXI DRESS,33.75,45.0,25,True,6
2026-10-05,PLT,with code 10PLT DOUBLE LAYER SLINKY RUCHED SHOULDER DETAIL MAXI DRESS,19.5,26.0,25,True,6
2026-10-05,PLT,with code 10PLT PREMIUM SCOOP BACK MAXI DRESS,37.5,50.0,25,True,6
2026-10-05,PLT,with code 10PLT SEQUIN SCOOP NECK FEATHER HEM SHIFT DRESS,48.75,65.0,25,True,6
2026-10-05,PLT,with code 10PLT SHAPE SHAPE SCULPTED LONG SLEEVE MAXI DRESS,18.0,24.0,25,True,6
2026-10-05,PLT,with code 10PLT MESH BANDEAU RUCHED DETAIL MAXI DRESS,33.75,45.0,25,True,6
2026-10-05,PLT,with code 10PLT SHEER LACE DRAPE CAP SLEEVE MINI DRESS,34.5,46.0,25,True,6
2026-10-05,PLT,with code 10PLT POLKA DOT WOVEN SHORT SLEEVE BOW TIE MINI DRESS,19.5,26.0,25,True,6
2026-10-05,PLT,with code 10PLT SATIN SWEETHEART STRUCTURED SHIFT DRESS,24.0,32.0,25,True,6
2026-10-05,PLT,with code 10PLT SATIN LACE DETAIL SLEEVELESS MAXI DRESS,28.5,38.0,25,True,6
2026-10-05,PLT,with code 10PLT PREMIUM WOVEN FLORAL RUFFLE DETAIL HIGH NECK COWL BODYCON DRESS,60.0,80.0,25,True,6
2026-10-05,PLT,with code 10PLT PLUS PLUS CHIFFON RUCHED DRAPE MIDI DRESS,25.5,34.0,25,True,6
2026-10-05,PLT,with code 10PLT 1 DOUBLE LAYER SLINKY BARDOT ONE SHOULDER RUCHED MAXI DRESS,18.0,36.0,50,True,6
2026-10-05,PLT,with code 10PLT 2 RIB SCOOP NECK CONTRAST LACE HEM MINI DRESS,22.5,30.0,25,True,6
2026-10-05,PLT,with code 10PLT PETITE PETITE SATIN TWIST DETAIL LACE HEM MAXI DRESS,30.0,40.0,25,True,6
2026-10-05,PLT,with code 10PLT FLORAL EMBROIDERED MAXI DRESS,20.0,40.0,50,True,6
2026-10-05,PLT,with code 10PLT POLKA DOT HALTERNECK MAXI DRESS,33.75,45.0,25,True,6
2026-10-05,PLT,with code 10PLT BANDEAU CHIFFON PLEATED MAXI DRESS,45.0,60.0,25,True,6
2026-10-05,PLT,with code 10PLT CHIFFON ONE SHOULDER RUCHED DETAIL MAXI DRESS,21.0,28.0,25,True,6
2026-10-05,PLT,with code 10PLT SHAPE SHAPE SCULPTED LONG SLEEVE MAXI BODYCON DRESS,21.0,28.0,25,True,6
2026-10-05,PLT,with code 10PLT PETITE PETITE CROSS FRONT LOW CUT RUCHED HALTERNECK SLINKY MAXI DRESS,19.5,26.0,25,True,6
2026-10-05,PLT,with code 10PLT HIGH NECK RIBBED BODYCON DRESS,6.75,9.0,25,True,6
2026-10-05,PLT,with code 10PLT MESH BANDEAU CORSET DRAPE MINI DRESS,24.0,32.0,25,True,6
2026-10-05,PLT,with code 10PLT LACE KEY HOLE CORSET SATIN DRAPE MINI DRESS,25.5,34.0,25,True,6
2026-10-05,PLT,with code 10PLT WOVEN PLEATED HEM DETAIL SPAGHETTI MAXI DRESS,30.0,40.0,25,True,6
2026-10-05,PLT,with code 10PLT ABSTRACT PRINT CHIFFON RUCHED DRAPE MIDI DRESS,27.0,36.0,25,True,6
2026-10-05,PLT,with code 10PLT 1 PREMIUM SCOOP BACK MAXI DRESS,25.0,50.0,50,True,6
2026-10-05,PLT,with code 10PLT DOUBLE LAYER SLINKY HALTER NECK TIE BACK SHIFT DRESS,15.0,20.0,25,True,6
2026-10-05,PLT,with code 10PLT CHIFFON HIGH NECK COWL SEQUIN PANEL MAXI DRESS,27.0,36.0,25,True,6
2026-10-05,PLT,with code 10PLT WOVEN COLLARLESS BUTTON MINI DRESS,33.75,45.0,25,True,6
2026-10-05,PLT,with code 10PLT UNDERWIRE DETAIL DRAPED MIDI DRESS,9.5,9.5,0,False,6
2026-10-05,PLT,Up to 75% off,8.55,8.55,0,False,6
2026-10-05,PLT,with code 10PLT PETITE PETITE SOFT TOUCH LONG SLEEVE MAXI DRESS,13.5,18.0,25,True,6
2026-10-05,PLT,with code 10PLT RUCHED FRILL DETAIL STRAPPY SKATER DRESS,24.0,32.0,25,True,6
2026-10-05,PLT,with code 10PLT ACETATE SLINKY BARDOT LONG SLEEVE MAXI DRESS,21.0,28.0,25,True,6
2026-10-05,PLT,with code 10PLT MESH BOAT NECK PUFFBALL BACKLESS MAXI DRESS,23.25,31.0,25,True,6
2026-10-05,PLT,with code 10PLT PETITE PETITE POLKA DOT LACE DETAIL MAXI DRESS,19.5,26.0,25,True,6
2026-10-05,PLT,with code 10PLT WOVEN HALTERNECK PLUNGE DETAIL MINI DRESS,21.0,28.0,25,True,6
2026-10-05,PLT,with code 10PLT SHAPE SHAPE BOAT NECK TWIST SHOULDER COWL BACK MAXI DRESS,21.0,28.0,25,True,6
2026-10-05,PLT,with code 10PLT HALTERNECK TIE DETAIL RUCHED MIDAXI DRESS,52.5,70.0,25,True,6
2026-10-05,PLT,with code 10PLT PETITE PETITE HOOK AND EYE FITTED BLAZER DRESS,33.75,45.0,25,True,6
2026-10-05,PLT,with code 10PLT LACE FOLD OVER BANDEAU MAXI DRESS,30.0,40.0,25,True,6
2026-10-05,PLT,with code 10PLT FRINGE DETAIL KNITTED MINI DRESS,20.1,30.0,33,True,6
2026-10-05,PLT,with code 10PLT TAILORED WOVEN STRAPPY MAXI DRESS,14.0,35.0,60,True,6
2026-10-05,PLT,with code 10PLT TAILORED SQUARE NECK BODYCON DRESS,25.5,34.0,25,True,6
2026-10-05,PLT,with code 10PLT STRUCTURED LACE BANDEAU MAXI DRESS,45.0,60.0,25,True,6
2026-10-05,PLT,with code 10PLT CONTRAST POLKA DOT HALTERNECK MAXI DRESS,37.5,50.0,25,True,6
2026-10-05,PLT,with code 10PLT PLT LABEL METALLIC STRETCH RUCHED MINI DRESS,30.0,40.0,25,True,6
2026-10-05,PLT,with code 10PLT CHIFFON HALTERNECK MAXI DRESS,33.75,45.0,25,True,6
2026-10-05,PLT,with code 10PLT PLUS PLUS FLORAL TWILL BODYCON DRESS,21.0,28.0,25,True,6
2026-10-05,PLT,with code 10PLT CHIFFON ONE SHOULDER FEATHER DETAIL SHIFT DRESS,48.75,65.0,25,True,6
2026-10-05,PLT,with code 10PLT DOUBLE LAYER SLINKY RUCHED DRAPE DETAIL MINI DRESS,12.0,24.0,50,True,6
2026-10-05,PLT,with code 10PLT PETITE PETITE CONTRAST BOW BANDEAU MAXI DRESS,24.0,32.0,25,True,6
2026-10-05,PLT,with code 10PLT 2 SEQUIN ASYMMETRIC MINI DRESS,25.5,34.0,25,True,6
2026-10-05,PLT,with code 10PLT TEXTURED LACE UP BACK MAXI DRESS,33.75,45.0,25,True,6
2026-10-05,PLT,with code 10PLT SQUARE NECK KNITTED MAXI DRESS,20.1,30.0,33,True,6
2026-10-05,PLT,with code 10PLT FLORAL JACQUARD SHIFT DRESS,20.0,40.0,50,True,6
2026-10-05,PLT,with code 10PLT CHIFFON RUCHED FRILL MAXI DRESS,24.0,50.0,52,True,6
2026-10-05,PLT,with code 10PLT PETITE PETITE TAILORED TIE WAIST BLAZER DRESS,41.25,55.0,25,True,7
2026-10-05,PLT,with code 10PLT BASIC MAXI DRESS,9.0,12.0,25,True,7
2026-10-05,PLT,with code 10PLT SLINKY DRAPE DETAIL RUCHED BODYCON DRESS,28.5,38.0,25,True,7
2026-10-05,PLT,with code 10PLT PETITE PETITE FRILL MAXI DRESS,32.5,65.0,50,True,7
2026-10-05,PLT,with code 10PLT TALL TALL FRILL TEXTURED MAXI DRESS,33.75,45.0,25,True,7
2026-10-05,PLT,with code 10PLT FLORAL PRINT CORSET FRILL HEM BODYCON DRESS,22.5,30.0,25,True,7
2026-10-05,PLT,with code 10PLT PLT label CHIFFON COWL DRAPE SCARF MINI DRESS,25.5,34.0,25,True,7
2026-10-05,PLT,with code 10PLT PETITE PETITE ANIMAL PRINTED CHIFFON GATHERED FLOWY HALTERNECK MINI DRESS,11.25,24.0,53,True,7
2026-10-05,PLT,with code 10PLT PLT LABEL CROC FAUX LEATHER RUCHED ASYMMETRICAL BODYCON DRESS,24.0,32.0,25,True,7
2026-10-05,PLT,with code 10PLT STRUCTURED TIERED MAXI DRESS,30.0,55.0,45,True,7
2026-10-05,PLT,with code 10PLT PREMIUM SEQUIN EMBROIDERED COWL NECK SHIFT DRESS,52.5,70.0,25,True,7
2026-10-05,PLT,with code 10PLT PLT LABEL PLT LABEL SATIN COWL BACK MAXI DRESS,30.0,40.0,25,True,7
2026-10-05,PLT,with code 10PLT SATIN COWL NECK DRAPE MAXI DRESS,30.0,40.0,25,True,7
2026-10-05,PLT,with code 10PLT CORSET SKATER MIDAXI DRESS,41.5,85.0,51,True,7
2026-10-05,PLT,with code 10PLT STRETCH WOVEN KEY HOLE BODYCON DRESS,18.0,24.0,25,True,7
2026-10-05,PLT,with code 10PLT BALLOON SLEEVE GATHERED SKIRT MIDI SHIRT DRESS,27.0,36.0,25,True,7
2026-10-05,PLT,with code 10PLT PLT LABEL FAUX SHEARLING CUFF TAILORED BLAZER DRESS,48.75,65.0,25,True,7
2026-10-05,PLT,with code 10PLT MESH EXTREME RUCHED CORSET HALTER BODYCON DRESS,24.0,32.0,25,True,7
2026-10-05,PLT,with code 10PLT TEXTURED TIERED MAXI DRESS,37.5,50.0,25,True,7
2026-10-05,PLT,with code 10PLT PLT LABEL PLT LABEL BANDAGE MESH FAUX SHEARLING BARDOT RUCHED MIDAXI DRESS,45.0,60.0,25,True,7
2026-10-05,PLT,with code 10PLT SHAPE SHAPE PLISSE STRAPPY CUP DETAIL MIDAXI DRESS,19.5,26.0,25,True,7
2026-10-05,PLT,with code 10PLT SOFT RIB CUT OUT TIE BACK MIDAXI DRESS,12.0,16.0,25,True,7
2026-10-05,PLT,with code 10PLT PLUS PLUS WOVEN DIPPED BARDOT RUCHED MIDAXI DRESS,37.5,50.0,25,True,7
2026-10-05,PLT,with code 10PLT BARDOT FLARED SLEEVE SHIFT DRESS,15.0,20.0,25,True,7
2026-10-05,PLT,with code 10PLT DOUBLE SLINKY ASYMMETRIC NECKLINE MAXI DRESS,11.5,34.0,66,True,7
2026-10-05,PLT,with code 10PLT PLT LABEL PLT LABEL MESH TRIM DETAIL FISHTAIL MAXI DRESS,48.75,65.0,25,True,7
2026-10-05,PLT,with code 10PLT MESH RACER SATIN SKIRT MAXI DRESS,22.5,45.0,50,True,7
2026-10-05,PLT,with code 10PLT 2 SATIN POLKA DOT CHIFFON FLOATY HEM HALTERNECK MINI DRESS,21.0,28.0,25,True,7
2026-10-05,PLT,with code 10PLT SHAPE SHAPE PLUNGE DETAIL RUCHED MINI DRESS,20.25,27.0,25,True,7
2026-10-05,PLT,with code 10PLT SLINKY HALTERNECK PLUNGE MESH CORSET MAXI DRESS,25.5,34.0,25,True,7
2026-10-05,PLT,with code 10PLT PETITE PETITE ASYMMETRIC SIDE SPLIT BARDOT MAXI DRESS,26.25,35.0,25,True,7
2026-10-05,PLT,with code 10PLT CHIFFON HIGH NECK LACE PANEL MAXI DRESS,25.5,34.0,25,True,7
2026-10-05,PLT,with code 10PLT CHIFFON TRIM DETAIL MINI DRESS,15.0,20.0,25,True,7
2026-10-05,PLT,with code 10PLT CORSET DETAIL BANDEAU RUCHED SATIN MINI DRESS,31.5,42.0,25,True,7
2026-10-05,PLT,with code 10PLT V NECK STRAPPY BANDAGE MINI DRESS,37.5,50.0,25,True,7
2026-10-05,PLT,with code 10PLT DOUBLE LAYER SLINKY CAP SLEEVE DROP WAIST MAXI DRESS,17.0,34.0,50,True,7
2026-10-05,PLT,with code 10PLT PREMIUM WOVEN SQUARE NECK LACE BACK CORSET DRESS,39.0,52.0,25,True,7
2026-10-05,PLT,with code 10PLT FAUX LEATHER LACE BUST LOW BACK MAXI DRESS,27.0,36.0,25,True,7
2026-10-05,PLT,with code 10PLT CHIFFON LACE CORSET GODET DETAIL MAXI DRESS,52.5,70.0,25,True,7
2026-10-05,PLT,with code 10PLT CROCHET BOAT NECK TASSEL MINI DRESS,14.07,28.0,50,True,7
2026-10-05,PLT,with code 10PLT CHIFFON HALTERNECK COWL MAXI DRESS,33.75,45.0,25,True,7
2026-10-05,PLT,with code 10PLT LACE STRUCTURED CUP BANDEAU DRESS,31.5,42.0,25,True,7
2026-10-05,PLT,with code 10PLT SWIRL PRINT MESH BOAT NECK OPEN BACK LONG SLEEVE MAXI DRESS,14.0,28.0,50,True,7
2026-10-05,PLT,with code 10PLT HALTERNECK TIE DETAIL RUCHED MIDAXI DRESS,33.0,70.0,53,True,7
2026-10-05,PLT,with code 10PLT HIP PLEATED SHIFT DRESS,19.5,26.0,25,True,7
2026-10-05,PLT,with code 10PLT DITSY PRINTED BANDEAU SKATER MIDAXI DRESS,23.5,50.0,53,True,7
2026-10-05,PLT,with code 10PLT SHINE STRETCH BARDOT RUCHED MINI DRESS,39.0,52.0,25,True,7
2026-10-05,PLT,with code 10PLT STRUCTURED CONTOUR RIB CAP SLEEVE BODYCON DRESS,18.0,24.0,25,True,7
2026-10-05,PLT,with code 10PLT ABSTRACT PRINT CHIFFON RUCHED DRAPE MIDI DRESS,24.0,32.0,25,True,7
2026-10-05,PLT,with code 10PLT RIBBED BUTTON DOWN COLLAR DETAIL LONG SLEEVE MAXI DRESS,15.0,20.0,25,True,7
2026-10-05,PLT,with code 10PLT WOVEN LACE CAP SLEEVE MINI DRESS,23.25,31.0,25,True,7
2026-10-05,PLT,with code 10PLT PETITE PETITE OFF SHOULDER PLEATED MAXI DRESS,21.5,45.0,52,True,7
2026-10-05,PLT,with code 10PLT SLINKY EXTREME PLUNGE MAXI DRESS,22.5,30.0,25,True,7
2026-10-05,PLT,with code 10PLT FLORAL EMBROIDERED FRILL MAXI DRESS,17.5,35.0,50,True,7
2026-10-05,PLT,with code 10PLT DOUBLE LAYER SLINKY HALTER NECK TIE BACK SHIFT DRESS,9.0,18.0,50,True,7
2026-10-05,PLT,with code 10PLT SHEER LACE LONG SLEEVE RUCHED MINI DRESS,28.5,38.0,25,True,7
2026-10-05,PLT,with code 10PLT POLKA DOT PRINTED HALTERNECK TIE DETAIL RUCHED MIDAXI DRESS,52.5,70.0,25,True,7
2026-10-05,PLT,with code 10PLT DOUBLE LAYER SLINKY DRAPE MAXI DRESS,19.5,26.0,25,True,7
2026-10-05,PLT,with code 10PLT DOUBLE LAYER SLINKY ASYMMETRICAL RUCHED MIDAXI DRESS,22.5,30.0,25,True,7
2026-10-05,PLT,with code 10PLT PLEATED FRILL HALTERNECK MINI DRESS,39.0,52.0,25,True,7
2026-10-05,PLT,with code 10PLT PLT LABEL MESH DRAPE BANDEAU MAXI DRESS,41.25,55.0,25,True,7
2026-10-05,PLT,with code 10PLT SATIN ASYMMETRIC LACE MINI DRESS,16.5,22.0,25,True,7
2026-10-05,PLT,with code 10PLT LONG SLEEVE LACE WRAP DETAIL MAXI DRESS,37.5,50.0,25,True,7
2026-10-05,PLT,with code 10PLT POLYAMIDE SCULPT MIDI DRESS,31.5,42.0,25,True,7
2026-10-05,PLT,with code 10PLT SATIN ASYMMETRIC BARDOT TWIST MAXI DRESS,17.5,35.0,50,True,7
2026-10-05,PLT,with code 10PLT FLORAL PRINT CHIFFON HALTERNECK MAXI DRESS,34.5,46.0,25,True,7
2026-10-05,PLT,with code 10PLT WOVEN SLEEVELESS BUTTON UP RUCHED MINI SHIFT DRESS,31.5,42.0,25,True,7
2026-10-05,PLT,with code 10PLT SHEER LACE DRAPE CAP SLEEVE MINI DRESS,22.5,45.0,50,True,7
2026-10-05,PLT,with code 10PLT FLORAL CORSET A LINE SHIFT DRESS,25.5,34.0,25,True,8
2026-10-05,PLT,with code 10PLT WOVEN KEY HOLE SLEEVELESS LACE TRIM MINI DRESS,19.5,26.0,25,True,8
2026-10-05,PLT,with code 10PLT CHOCOLATE SATIN SWEETHEART STRUCTURED SHIFT DRESS,25.5,34.0,25,True,8
2026-10-05,PLT,with code 10PLT SHAPE SHAPE WOVEN HIGH NECK CORSETED MAXI SHIFT DRESS,37.5,50.0,25,True,8
2026-10-05,PLT,with code 10PLT WOVEN BANDEAU CORSET LACE PANEL BODYCON DRESS,18.0,24.0,25,True,8
2026-10-05,PLT,with code 10PLT BOAT NECK DRESS,16.5,22.0,25,True,8
2026-10-05,PLT,with code 10PLT TALL TALL SOFT BRUSHED BOAT NECK MAXI DRESS,18.75,25.0,25,True,8
2026-10-05,PLT,with code 10PLT PLT label CHIFFON POLKA DOT PRINTED PLUNGE NECK MAXI DRESS,22.5,30.0,25,True,8
2026-10-05,PLT,with code 10PLT PLUS PLUS UNDERWIRE DETAIL DRAPED MIDI DRESS,26.25,35.0,25,True,8
2026-10-05,PLT,with code 10PLT 1 SHAPE SHAPE SCULPT HIGH NECK RUCHED MINI DRESS,18.0,24.0,25,True,8
2026-10-05,PLT,with code 10PLT SHAPE SHAPE OFF SHOULDER LACE UP BACK DRAPE DETAIL MAXI DRESS,21.0,28.0,25,True,8
2026-10-05,PLT,with code 10PLT DOUBLE LAYER SLINKY OFF SHOULDER DRAPE MAXI DRESS,28.5,38.0,25,True,8
2026-10-05,PLT,with code 10PLT DOUBLE LAYER SLINKY HALTER NECK TIE BACK SHIFT DRESS,12.0,16.0,25,True,8
2026-10-05,PLT,with code 10PLT SHAPE SHAPE TAILORED COCOON SLEEVE A LINE BLAZER DRESS,37.5,50.0,25,True,8
2026-10-05,PLT,with code 10PLT RIBBED BOAT NECK LONG SLEEVE BODYCON MAXI DRESS,13.5,18.0,25,True,8
2026-10-05,PLT,with code 10PLT WOVEN SCARF DETAIL BANDEAU SHIFT DRESS,22.5,30.0,25,True,8
2026-10-05,PLT,with code 10PLT WOVEN CINCHED BACKLESS MINI DRESS,26.25,35.0,25,True,8
2026-10-05,PLT,with code 10PLT BUTTON DOWN COLLAR DETAIL MAXI DRESS,17.5,35.0,50,True,8
2026-10-05,PLT,with code 10PLT TAILORED WOVEN CONTRAST BELT TASSEL HEM BLAZER DRESS,45.0,60.0,25,True,8
2026-10-05,PLT,with code 10PLT DOUBLE MESH RUCHED WAIST MIDI DRESS,28.5,38.0,25,True,8
2026-10-05,PLT,with code 10PLT CHIFFON MINI POLKA DOT CAPE DETAIL BANDEAU SKATER MIDI DRESS,22.5,50.0,55,True,8
2026-10-05,PLT,with code 10PLT SLINKY ASYMMETRIC DRAPE BODYCON MINI DRESS,16.5,22.0,25,True,8
2026-10-05,PLT,with code 10PLT FLORAL PRINTED DROPPED WAIST MIDAXI DRESS,37.5,50.0,25,True,8
2026-10-05,PLT,with code 10PLT PETITE PETITE CREAM FLORAL BUST TIE FRONT CHIFFON GODET MAXI DRESS,22.5,45.0,50,True,8
2026-10-05,PLT,with code 10PLT LACE HIGH NECK SLEEVELESS CONTRAST MAXI DRESS,31.5,42.0,25,True,8
2026-10-05,PLT,with code 10PLT PETITE PETITE SEQUIN FEATHER DETAIL MAXI DRESS,35.25,75.0,53,True,8
2026-10-05,PLT,with code 10PLT SATIN HIGH NECK SLEEVELESS MAXI DRESS,30.0,40.0,25,True,8
2026-10-05,PLT,with code 10PLT SHAPE SHAPE MESH CORSET DETAIL RUCHED BODYCON DRESS,22.5,30.0,25,True,8
2026-10-05,PLT,with code 10PLT CHIFFON BOAT NECK LONG SLEEVE MAXI DRESS,27.0,36.0,25,True,8
2026-10-05,PLT,with code 10PLT CHIFFON TRIM DETAIL MINI DRESS,10.0,20.0,50,True,8
2026-10-05,PLT,with code 10PLT DOUBLE LAYER SLINKY TWITED FRONT HALTER NECK MAXI DRESS,27.0,36.0,25,True,8
2026-10-05,PLT,with code 10PLT DOUBLE LAYER SLINKY LONG SLEEVE MAXI DRESS,15.0,20.0,25,True,8
2026-10-05,PLT,with code 10PLT CHIFFON CAP SLEEVE BOAT NECK MAXI DRESS,30.0,40.0,25,True,8
2026-10-05,PLT,with code 10PLT HOTFIX BANDEAU MAXI DRESS,24.0,32.0,25,True,8
2026-10-05,PLT,with code 10PLT PETITE PETITE CONTRAST DOUBLE LAYER LACE MINI DRESS,18.0,24.0,25,True,8
2026-10-05,PLT,with code 10PLT SATIN CHIFFON CAPE DETAIL MAXI DRESS,39.0,52.0,25,True,8
2026-10-05,PLT,with code 10PLT PLUNGE HALTERNECK SKATER MIDAXI DRESS,26.0,55.0,53,True,8
2026-10-05,PLT,with code 10PLT WOVEN CORSET DETAIL MINI BODYCON DRESS,19.5,26.0,25,True,8
2026-10-05,PLT,with code 10PLT STYLE SOFT TOUCH HIGH CROSS NECK MIDAXI DRESS,22.5,30.0,25,True,8
2026-10-05,PLT,with code 10PLT PLT LABEL PLT LABEL SHEER LACE CUFF DETAIL EXTREME FRILL COWL MAXI DRESS,45.0,60.0,25,True,8
2026-10-05,PLT,with code 10PLT POLKA DOT BARDOT PUFFBALL DRESS,19.5,26.0,25,True,8
2026-10-05,PLT,with code 10PLT PETITE PETITE EMBELLISHED FEATHER DETAIL MINI DRESS,37.5,50.0,25,True,8
2026-10-05,PLT,with code 10PLT SATIN DRAPED BANDEAU CORSET MIDAXI DRESS,25.5,34.0,25,True,8
2026-10-05,PLT,with code 10PLT PLISSE HIGH NECK MAXI DRESS,20.0,40.0,50,True,8
2026-10-05,PLT,with code 10PLT PETITE PETITE DOUBLE SLINKY ASYMMETRIC NECKLINE TWIST DETAIL MINI DRESS,16.5,22.0,25,True,8
2026-10-05,PLT,with code 10PLT FLORAL PRINTED COTTON GODET HIP DETAIL SKATER DRESS,27.5,55.0,50,True,8
2026-10-05,PLT,with code 10PLT SATIN HALTERNECK TAUPE LACE CONTRAST MINI SLIP DRESS,23.25,31.0,25,True,8
2026-10-05,PLT,with code 10PLT CHIFFON DRAPED HIGH LOW BODYCON DRESS,27.0,36.0,25,True,8
2026-10-05,PLT,with code 10PLT TALL TALL TIE FRONT DETAIL CINCHED BLAZER DRESS,33.75,45.0,25,True,8
2026-10-05,PLT,with code 10PLT PETITE PETITE BANDEAU MAXI DRESS,15.0,30.0,50,True,8
2026-10-05,PLT,with code 10PLT PETITE PETITE BANDEAU MAXI DRESS,9.5,34.0,72,True,8
2026-10-05,PLT,with code 10PLT STRIPED BOAT NECK DRESS,11.0,22.0,50,True,8
2026-10-05,PLT,with code 10PLT WOVEN SQUARE NECK SHIFT DRESS,22.0,50.0,56,True,8
2026-10-05,PLT,with code 10PLT WOVEN BONED CORSET MINI DRESS,28.5,38.0,25,True,8
2026-10-05,PLT,with code 10PLT SHAPE SHAPE ONE SHOULDER RUCHED SIDE MAXI DRESS,22.5,30.0,25,True,8
2026-10-05,PLT,with code 10PLT PETITE PETITE TEXTURED SEQUIN HALTERNECK TIE NECK SHIFT MINI DRESS,16.0,32.0,50,True,8
2026-10-05,PLT,with code 10PLT SATIN HIGH NECK CUT OUT MAXI DRESS,21.0,28.0,25,True,8
2026-10-05,PLT,with code 10PLT WOVEN TAILORED FRILL CONTRAST BLAZER DRESS,13.0,45.0,71,True,8
2026-10-05,PLT,with code 10PLT BANDEAU PLEATED CHIFFON SKIRT PANEL MAXI DRESS,23.5,50.0,53,True,8
2026-10-05,PLT,with code 10PLT SLINKY OPEN BOAT NECK OPEN BACK CUT OUT MAXI DRESS,22.5,30.0,25,True,8
2026-10-05,PLT,with code 10PLT WOVEN CAP SLEEVE CINCHED WAIST MINI DRESS,15.0,30.0,50,True,8
2026-10-05,PLT,with code 10PLT PREMIUM TAILORED BOW DETAIL A-LINE DRESS,33.75,45.0,25,True,8
2026-10-05,PLT,with code 10PLT SHAPE SHAPE MESH LACE INSERT CORSETED MAXI DRESS,28.5,38.0,25,True,8
2026-10-05,PLT,with code 10PLT SHINE STRETCH BARDOT CORSET LACE UP DRAPE MINI DRESS,43.5,58.0,25,True,8
2026-10-05,PLT,with code 10PLT PETITE PETITE CONTRAST DOT LACE DETAIL MAXI DRESS,19.5,26.0,25,True,8
2026-10-05,PLT,with code 10PLT CHOKER DETAIL CONTRAST LACE MINI SLIP DRESS,23.25,31.0,25,True,8
2026-10-05,PLT,with code 10PLT CROCHET SHELL TRIM MINI BEACH DRESS,25.0,50.0,50,True,8
2026-10-05,PLT,with code 10PLT WOVEN V NECK BLAZER DRESS,33.0,44.0,25,True,8
2026-10-05,PLT,with code 10PLT SOFT TOUCH JERSEY RUCHED LONG SLEEVE MAXI DRESS,18.75,25.0,25,True,8
2026-10-05,PLT,with code 10PLT RIBBED BOAT NECK LONG SLEEVE BODYCON DRESS,12.0,16.0,25,True,8
2026-10-05,PLT,with code 10PLT SHAPE SHAPE LACE HIGH NECK RUCHED DETAIL MAXI DRESS,31.5,42.0,25,True,8
2026-10-05,PLT,with code 10PLT WOVEN BONED LACE SHEER PANEL MINI DRESS,22.5,30.0,25,True,9
2026-10-05,PLT,with code 10PLT TAILORED SATIN LAPEL BLAZER DRESS,48.75,65.0,25,True,9
2026-10-05,PLT,with code 10PLT PETITE PETITE ASYMMETRIC LONG SLEEVE BARDOT MAXI DRESS,23.25,31.0,25,True,9
2026-10-05,PLT,with code 10PLT ABSTRACT FLOWER PRINT CHIFFON COWL NECK CORSET OVERLAY MAXI DRESS,34.5,46.0,25,True,9
2026-10-05,PLT,with code 10PLT SATIN HIGH NECK MAXI DRESS,25.5,34.0,25,True,9
2026-10-05,PLT,with code 10PLT STRETCH WOVEN STRAPPY RUCHED MAXI DRESS,22.5,30.0,25,True,9
2026-10-05,PLT,with code 10PLT PLT label PETITE PETITE HALTERNECK PLISSE RUFFLE DETAIL MAXI DRESS,32.5,65.0,50,True,9
2026-10-05,PLT,with code 10PLT DOUBLE LAYER SLINKY SLEEVELESS FRONT TWIST DRAPE MAXI DRESS,22.5,30.0,25,True,9
2026-10-05,PLT,with code 10PLT SHAPE SHAPE BANDEAU LACE INSERT MAXI DRESS,26.25,35.0,25,True,9
2026-10-05,PLT,with code 10PLT WOVEN CORSET DETAIL MAXI DRESS,25.5,34.0,25,True,9
2026-10-05,PLT,with code 10PLT DOUBLE LAYER SLINKY OFF SHOULDER DRAPE BODYCON MAXI DRESS,28.5,38.0,25,True,9
2026-10-05,PLT,with code 10PLT PETITE PETITE SLINKY RUCHED DRAPE DETAIL LONG SLEEVE DRESS,12.5,25.0,50,True,9
2026-10-05,PLT,with code 10PLT ZEBRA PRINT DEVORE HIGH NECK DRAPED MIDI DRESS,41.25,55.0,25,True,9
2026-10-05,PLT,with code 10PLT PETITE PETITE BANDEAU MAXI DRESS,22.5,30.0,25,True,9
2026-10-05,PLT,with code 10PLT TALL TALL SQUARE NECK MIDAXI DRESS,30.0,40.0,25,True,9
2026-10-05,PLT,with code 10PLT CHIFFON RUCHED DROPPED WAIST SLEEVELESS MAXI DRESS,26.25,35.0,25,True,9
2026-10-05,PLT,with code 10PLT PETITE PETITE RUCHED FLOWY SLINKY MAXI DRESS,22.5,30.0,25,True,9
2026-10-05,PLT,with code 10PLT SLINKY SCOOP NECK HANKY HEM MIDI DRESS,19.5,26.0,25,True,9
2026-10-05,PLT,with code 10PLT V NECK SEQUIN FRILL MINI DRESS,30.0,40.0,25,True,9
2026-10-05,PLT,with code 10PLT PETITE PETITE SEQUIN GOLD HALTERNECK TRIM DETAIL MINI DRESS,16.75,36.0,53,True,9
2026-10-05,PLT,with code 10PLT DOUBLE LAYER SLINKY DEEP PLUNGE SLEEVELESS MINI DRESS,18.0,24.0,25,True,9
2026-10-05,PLT,with code 10PLT SATIN CONTRAST LACE PANEL MAXI DRESS,28.5,38.0,25,True,9
2026-10-05,PLT,with code 10PLT SHAPE SHAPE MICRO RIB SQUARE NECK LONG SLEEVE MAXI DRESS,13.5,18.0,25,True,9
2026-10-05,PLT,with code 10PLT TALL TALL STRETCH WOVEN HIGH NECK FLARED CUFF MINI DRESS,16.5,22.0,25,True,9
2026-10-05,PLT,with code 10PLT SHAPE SHAPE SEAMLESS BANDEAU MAXI DRESS,11.25,15.0,25,True,9
2026-10-05,PLT,with code 10PLT SHAPE SHAPE LACE PLUNGE MAXI DRESS,22.5,30.0,25,True,9
2026-10-05,PLT,with code 10PLT STRETCH WOVEN RACER PLEATED SHIFT DRESS,21.0,28.0,25,True,9
2026-10-05,PLT,with code 10PLT PLT LABEL PLT LABEL MESH EXTREME FRILL COWL MINI DRESS,33.75,45.0,25,True,9
2026-10-05,PLT,with code 10PLT CHIFFON SCARF DETAIL BANDEAU RUCHED MAXI DRESS,33.75,45.0,25,True,9
2026-10-05,PLT,with code 10PLT PETITE PETITE HALTERNECK PLISSE RUFFLE DETAIL MAXI DRESS,32.5,65.0,50,True,9
2026-10-05,PLT,with code 10PLT HIP PLEATED SHIFT DRESS,22.5,30.0,25,True,9
2026-10-05,PLT,with code 10PLT MESH SCARF DRAPE DETAIL WOVEN BANDEAU MAXI DRESS,34.5,46.0,25,True,9
2026-10-05,PLT,with code 10PLT PLUS PLUS ZEBRA DEVORE HIGH NECK DRAPED MIDI DRESS,52.5,70.0,25,True,9
2026-10-05,PLT,with code 10PLT WOVEN CORSET LACE HEM STRAPPY MAXI DRESS,33.75,45.0,25,True,9
2026-10-05,PLT,with code 10PLT DEVORE V-NECK MAXI DRESS,21.0,28.0,25,True,9
2026-10-05,PLT,with code 10PLT SOFT TOUCH CROSS FRONT SHORT SLEEVE MINI DRESS,18.0,24.0,25,True,9
2026-10-05,PLT,with code 10PLT STRETCH WOVEN KEYHOLE BELTED BODYCON DRESS,19.5,26.0,25,True,9
2026-10-05,PLT,with code 10PLT DOUBLE LAYER SLINKY PLUNGE DRAPE MAXI DRESS,17.0,34.0,50,True,9
2026-10-05,PLT,with code 10PLT PLT LABEL BANDAGE BODICE LACE CUP FRILL HEM BODYCON DRESS,37.5,50.0,25,True,9
2026-10-05,PLT,with code 10PLT PETITE PETITE SLINKY TIE SIDE BODYCON MINI DRESS,18.75,25.0,25,True,9
2026-10-05,PLT,with code 10PLT PREMIUM UNDERWIRED CORSET MIDAXI DRESS,56.25,75.0,25,True,9
2026-10-05,PLT,with code 10PLT PREMIUM BANDEAU PUFF BALL DRESS,33.75,45.0,25,True,9
2026-10-05,PLT,with code 10PLT LINED MESH LONG SLEEVE MAXI DRESS,27.0,36.0,25,True,9
2026-10-05,PLT,with code 10PLT LACE TRIM SATIN HOOK & EYE DETAIL BANDEAU BODYCON DRESS,24.0,32.0,25,True,9
2026-10-05,PLT,with code 10PLT HALTERNECK CONTRAST DRAPE DETAIL BACKLESS MINI DRESS,24.0,32.0,25,True,9
2026-10-05,PLT,with code 10PLT DOUBLE LAYER SLINKY RUCHED DETAIL MAXI,24.0,32.0,25,True,9
2026-10-05,PLT,with code 10PLT STRETCH WOVEN SQUARE NECK SHORT SLEEVE DRESS,10.5,14.0,25,True,9
2026-10-05,PLT,with code 10PLT SHAPE SHAPE PLUNGE FRONT GOLD TRIM CUT OUT MAXI DRESS,24.0,32.0,25,True,9
2026-10-05,PLT,with code 10PLT PLUS PLUS COLD SHOULDER RUFFLE DETAIL STRAPPY MAXI DRESS,33.75,45.0,25,True,9
2026-10-05,PLT,with code 10PLT DOUBLE LAYER SLINKY BARDOT ONE SHOULDER RUCHED MAXI DRESS,26.25,35.0,25,True,9
2026-10-05,PLT,with code 10PLT PLUNGE RUCHED FRILL DETAIL MAXI DRESS,33.0,70.0,53,True,9
2026-10-05,PLT,with code 10PLT PETITE PETITE KNITTED STRIPE STRAPPY DROP WAIST MAXI DRESS,25.46,38.0,33,True,9
2026-10-05,PLT,with code 10PLT POLKA DOT CHIFFON SCARF DETAIL MINI DRESS,13.0,26.0,50,True,9
2026-10-05,PLT,with code 10PLT CHECK KEYHOLE DETAIL RARA SKIRT SHIFT DRESS,27.0,36.0,25,True,9
2026-10-05,PLT,with code 10PLT TAILORED WOVEN BUST SEAM SLEEVELESS SHIFT DRESS,22.5,30.0,25,True,9
2026-10-05,PLT,with code 10PLT STRUCTURED WOVEN WRAP SHIRT DRESS,30.0,40.0,25,True,9
2026-10-05,PLT,with code 10PLT TAILORED KEYHOLE FLOATY SLEEVE BODYCON DRESS,20.25,27.0,25,True,9
2026-10-05,PLT,with code 10PLT SHAPE SHAPE PLUNGE DRAPE DETAIL TAILORED DRESS,34.5,46.0,25,True,9
2026-10-05,PLT,with code 10PLT RUCHED DETAIL SATIN MAXI SLIP DRESS,33.75,45.0,25,True,9
2026-10-05,PLT,with code 10PLT SOFT TOUCH CROSSOVER V NECK CROPPED SLEEVE BODYCON DRESS,18.0,24.0,25,True,9
2026-10-05,PLT,with code 10PLT BLACK SATIN HIGH NECK OVERLAY MAXI DRESS,26.25,35.0,25,True,10
2026-10-05,PLT,with code 10PLT EMBELLISHED STRAPPY SCOOP MAXI DRESS,60.0,80.0,25,True,10
2026-10-05,PLT,with code 10PLT PEACH SKIN KEYHOLE DETAIL MINI DRESS,26.25,35.0,25,True,10
2026-10-05,PLT,with code 10PLT PLT LABEL METALLIC STRETCH BUST DETAIL MAXI DRESS,33.75,45.0,25,True,10
2026-10-05,PLT,with code 10PLT DEEP WOVEN BONED LACE SHEER PANEL MINI DRESS,22.5,30.0,25,True,10
2026-10-05,PLT,with code 10PLT SHAPE SHAPE CONTRAST BINDING BOAT NECK PLEATED HEM MINI DRESS,18.75,25.0,25,True,10
2026-10-05,PLT,with code 10PLT PLUS PLUS DOUBLE LAYERED SLINKY SHOULDER PADDED MINI DRESS,21.0,28.0,25,True,10
2026-10-05,PLT,with code 10PLT PLT label PREMIUM WOVEN BANDEAU CONTRAST PLEATED HEM MINI DRESS,37.5,50.0,25,True,10
2026-10-05,PLT,with code 10PLT LACE WRAP ONE SLEEVE MINI DRESS,33.75,45.0,25,True,10
2026-10-05,PLT,with code 10PLT LACE SHEER SKIRT PANEL BANDEAU MIDAXI DRESS,28.0,60.0,53,True,10
2026-10-05,PLT,with code 10PLT TWILL CUT OUT BOW SHIFT DRESS,24.0,32.0,25,True,10
2026-10-05,PLT,with code 10PLT PETITE PETITE BELL SLEEVE DRAPE WAIST KNITTED MINI DRESS,22.78,34.0,33,True,10
2026-10-05,PLT,with code 10PLT WOVEN TRIM WRAP MINI DRESS,25.5,34.0,25,True,10
2026-10-05,PLT,with code 10PLT CHIFFON COWL NECK CORSET OVERLAY MAXI DRESS,34.5,46.0,25,True,10
2026-10-05,PLT,with code 10PLT SHAPE SHAPE FAUX LEATHER RUCHED PANEL MINI DRESS,22.5,30.0,25,True,10
2026-10-05,PLT,with code 10PLT PLUS PLUS RUFFLE WRAP FRONT MIDI DRESS,22.5,30.0,25,True,10
2026-10-05,PLT,with code 10PLT SHAPE SHAPE STRIPED RUCHED FRONT COLLARED SPLIT FRONT MAXI DRESS,26.25,35.0,25,True,10
2026-10-05,PLT,with code 10PLT SATIN BACK TIE PLEATED HEM MAXI DRESS,28.5,38.0,25,True,10
2026-10-05,PLT,with code 10PLT DOUBLE BREASTED FLUTE SLEEVE BLAZER DRESS,26.25,35.0,25,True,10
2026-10-05,PLT,with code 10PLT PLUS PLUS HIGH NECK MIDAXI DRESS,11.25,15.0,25,True,10
2026-10-05,PLT,with code 10PLT WOVEN CORSET DETAIL MAXI DRESS,26.25,35.0,25,True,10
2026-10-05,PLT,with code 10PLT SHINE STRETCH HIGH NECK RUCHED MINI DRESS,31.5,42.0,25,True,10
2026-10-05,PLT,with code 10PLT SOFT TOUCH JERSEY LONG SLEEVE MAXI DRESS,15.0,20.0,25,True,10
2026-10-05,PLT,with code 10PLT 2 TAILORED KEYHOLE FLOATY SLEEVE BODYCON DRESS,20.25,27.0,25,True,10
2026-10-05,PLT,with code 10PLT FAUX LEATHER CORSET DETAIL MINI DRESS,26.25,35.0,25,True,10
2026-10-05,PLT,with code 10PLT SHAPE SHAPE ASYMMETRICAL SATIN CAMI MAXI DRESS,22.5,30.0,25,True,10
2026-10-05,PLT,with code 10PLT SHAPE SHAPE CREAM TEXTURED BODYCON MIDAXI DRESS,20.25,27.0,25,True,10
2026-10-05,PLT,with code 10PLT PLT LABEL SHEER LACE CUFF DETAIL EXTREME FRILL COWL MAXI DRESS,37.5,50.0,25,True,10
2026-10-05,PLT,with code 10PLT STRETCH WOVEN RUCHED DETAIL DROP WAIST MAXI DRESS,26.25,35.0,25,True,10
2026-10-05,PLT,with code 10PLT PREMIUM WOVEN TULIP SKIRT BANDEAU MINI DRESS,37.5,50.0,25,True,10
2026-10-05,PLT,with code 10PLT SATIN FLORAL APPLIQUE UNDERWIRED STRAPPY MAXI DRESS,25.5,34.0,25,True,10
2026-10-05,PLT,with code 10PLT SOFT TOUCH JERSEY STRAPPY MAXI DRESS,13.5,18.0,25,True,10
2026-10-05,PLT,with code 10PLT SHAPE SHAPE LONG SLEEVE MESH RUCHED SIDE FRILL HEM BODYCON DRESS,16.5,22.0,25,True,10
2026-10-05,PLT,with code 10PLT RIBBED SHORT SLEEVE CREW NECK MIDI DRESS,7.5,10.0,25,True,10
2026-10-05,PLT,with code 10PLT PRINT CHIFFON ONE SHOULDER FRINGE DETAIL MINI DRESS,28.5,38.0,25,True,10
2026-10-05,PLT,with code 10PLT SATIN CONTRAST LACE ASYMMETRIC MINI DRESS,28.5,38.0,25,True,10
2026-10-05,PLT,with code 10PLT PETITE PETITE ASYMMETRIC LONG SLEEVE BARDOT MAXI DRESS,22.5,30.0,25,True,10
2026-10-05,PLT,with code 10PLT PLUS PLUS SATIN FRILL LAYERED MAXI DRESS,26.25,35.0,25,True,10
2026-10-05,PLT,with code 10PLT VELVET SEQUIN EMBELLISHED SCOOP BACK MAXI DESS,41.25,55.0,25,True,10
2026-10-05,PLT,with code 10PLT POLKA DOT CHIFFON HALTERNECK MAXI DRESS,22.5,45.0,50,True,10
2026-10-05,PLT,with code 10PLT SATIN COWL NECK DRAPED MAXI DRESS,30.0,40.0,25,True,10
2026-10-05,PLT,with code 10PLT WOVEN CUP DETAIL SATIN SKIRT MINI DRESS,23.25,31.0,25,True,10
2026-10-05,PLT,with code 10PLT POLKA DOT V NECK MAXI DRESS,28.5,38.0,25,True,10
2026-10-05,PLT,with code 10PLT LACE SHORT SLEEVE PLAYSUIT,20.25,27.0,25,True,10
2026-10-05,PLT,with code 10PLT SHAPE SHAPE CORSET DETAIL MINI DRESS,24.0,32.0,25,True,10
2026-10-05,PLT,with code 10PLT WOVEN CINCHED WAIST BLAZER DRESS,30.0,40.0,25,True,10
2026-10-05,PLT,with code 10PLT FLORAL PRINTED DROPPED WAIST MIDAXI DRESS,22.5,45.0,50,True,10
2026-10-05,PLT,with code 10PLT TEXTURED TIERED MAXI DRESS,25.0,50.0,50,True,10
2026-10-05,PLT,with code 10PLT SCARF DETAIL RUCHED MAXI DRESS,22.5,45.0,50,True,10
2026-10-05,PLT,with code 10PLT VELVET CONTRAST CHIFFON BUST MAXI DRESS,37.5,50.0,25,True,10
2026-10-05,PLT,with code 10PLT BARDOT FLARED LONG SLEEVE SHIFT DRESS,15.0,20.0,25,True,10
2026-10-05,PLT,with code 10PLT SHAPE SHAPE BANDAGE LONG SLEEVE CORSET MAXI DRESS,52.5,70.0,25,True,10
2026-10-05,PLT,with code 10PLT MESH LONG SLEEVE DRAPE MAXI DRESS,21.0,28.0,25,True,10
2026-10-05,PLT,with code 10PLT SHAPE SHAPE CONTRAST TIE DETAIL SHORT SLEEVE MAXI DRESS,21.0,28.0,25,True,10
2026-10-05,PLT,with code 10PLT STRETCH WOVEN BOAT NECK LONG SLEEVE PLEATED SHIFT DRESS,22.5,30.0,25,True,10
2026-10-05,PLT,with code 10PLT CORSET WAIST LACE DRAPE SLEEVE MINI DRESS,33.75,45.0,25,True,10
2026-10-05,PLT,with code 10PLT PLT LABEL PLT LABEL MESH ASYMMETRICAL DRAPE BANDEAU MINI DRESS,28.5,38.0,25,True,10
2026-10-05,PLT,with code 10PLT VELVET BOAT NECK MAXI DRESS,19.5,26.0,25,True,10
2026-10-05,PLT,with code 10PLT CONTRAST TAILORED PEPLUM HEM MAXI DRESS,31.5,42.0,25,True,10
2026-10-05,PLT,with code 10PLT CHIFFON TIERED FRILL MAXI DRESS,43.0,95.0,55,True,10
2026-10-05,PLT,with code 10PLT TEXTURED JERSEY CUT OUT BACK LONG SLEEVE BODYCON DRESS,16.5,22.0,25,True,10
2026-10-05,PLT,with code 10PLT PETITE PETITE SLINKY EXTREME COWL BACKLESS MIDAXI DRESS,16.5,22.0,25,True,10
2026-10-05,PLT,with code 10PLT WOVEN FRINGE SCARF DETAIL MINI DRESS,28.5,38.0,25,True,10
2026-10-05,PLT,with code 10PLT 2 SHINE STRETCH BARDOT CORSET LACE UP DRAPE MINI DRESS,34.5,46.0,25,True,10
2026-10-05,PLT,with code 10PLT SLINKY RUCHED WRAP MAXI DRESS,20.25,27.0,25,True,10
2026-10-05,PLT,with code 10PLT BONDED SATIN CONTRAST LACE HALTERNECK MAXI DRESS,28.5,38.0,25,True,10
2026-10-05,PLT,with code 10PLT FLORAL CROCHET LACE HALTERNECK MINI DRESS,41.25,55.0,25,True,10
2026-10-05,PLT,with code 10PLT PLUS PLUS SATIN ONE SHOULDER DRAPE BODYCON DRESS,19.5,26.0,25,True,10
2026-10-05,PLT,with code 10PLT PETITE PETITE RIBBED SHORT SLEEVE CREW NECK MIDI DRESS,9.0,12.0,25,True,10
2026-10-05,PLT,with code 10PLT DEVORE COWL NECK LACE UP BACK MAXI DRESS,26.25,35.0,25,True,10
2026-10-05,PLT,with code 10PLT SHAPE SHAPE FLUTE SLEEVE PLUNGE DENIM DRESS,28.5,38.0,25,True,11
2026-10-05,PLT,with code 10PLT FLOATY TIE DETAIL LONG SLEEVE SHIFT DRESS,22.5,45.0,50,True,11
2026-10-05,PLT,with code 10PLT SLINKY PLUNGE WRAP DETAIL MAXI DRESS,25.5,34.0,25,True,11
2026-10-05,PLT,with code 10PLT RUCHED BUST DROP WAIST MAXI DRESS,17.5,35.0,50,True,11
2026-10-05,PLT,with code 10PLT SATIN SCARF DETAIL SHIFT DRESS,13.5,18.0,25,True,11
2026-10-05,PLT,with code 10PLT PLT label PREMIUM LACE LONG SLEEVE CUP DETAIL DRESS,48.75,65.0,25,True,11
2026-10-05,PLT,with code 10PLT PLISSE HIGH NECK LOW BACK MAXI DRESS,21.0,28.0,25,True,11
2026-10-05,PLT,with code 10PLT FLORAL CORSET A LINE SHIFT DRESS,26.25,35.0,25,True,11
2026-10-05,PLT,with code 10PLT LACE SHEER SKIRT PANEL BANDEAU MIDAXI DRESS,28.5,60.0,53,True,11
2026-10-05,PLT,with code 10PLT SHINE STRETCH BANDEAU CORSET LACE UP DRAPE MINI DRESS,39.0,52.0,25,True,11
2026-10-05,PLT,with code 10PLT SOFT TOUCH COWL NECK TWIST BACK DETAIL MAXI DRESS,16.5,22.0,25,True,11
2026-10-05,PLT,with code 10PLT PETITE PETITE DARK TAILORED TIE WAIST BLAZER DRESS,43.5,58.0,25,True,11
2026-10-05,PLT,with code 10PLT SHAPE SHAPE SLEEVELESS RUCHED V WAIST MAXI DRESS,19.5,26.0,25,True,11
2026-10-05,PLT,with code 10PLT PREMIUM WOVEN BELT DETAIL SHIFT DRESS,33.75,45.0,25,True,11
2026-10-05,PLT,with code 10PLT 1 SHAPE SHAPE BUILT IN SHAPEWEAR SCULPT STRAPPY MAXI DRESS,22.5,30.0,25,True,11
2026-10-05,PLT,with code 10PLT RIBBED FOLD OVER BARDOT LONG SLEEVE MAXI DRESS,16.5,22.0,25,True,11
2026-10-05,PLT,with code 10PLT PETITE PETITE TAILORED TIE WAIST BLAZER DRESS,43.5,58.0,25,True,11
2026-10-05,PLT,with code 10PLT GOLDEN LACE PANELLED STRAPPY FISHTAIL MAXI DRESS,45.0,60.0,25,True,11
2026-10-05,PLT,with code 10PLT FLORAL PRINT FRILL BANDEAU MAXI DRESS,25.0,50.0,50,True,11
2026-10-05,PLT,with code 10PLT CHIFFON POLKA DOT PRINTED PLUNGE NECK MAXI DRESS,22.5,30.0,25,True,11
2026-10-05,PLT,with code 10PLT LACE LONG SLEEVE SHOULDER PAD PLUNGE MAXI DRESS,33.0,44.0,25,True,11
2026-10-05,PLT,with code 10PLT CHIFFON FRILL HALTERNECK MAXI DRESS,27.5,55.0,50,True,11
2026-10-05,PLT,with code 10PLT DOUBLE MESH RUCHED WAIST MIDI DRESS,30.0,40.0,25,True,11
2026-10-05,PLT,with code 10PLT MESH LONG SLEEVE HIGH NECK RUCHED MAXI DRESS,37.5,50.0,25,True,11
2026-10-05,PLT,with code 10PLT FLORAL SQUARE HALTERNECK A-LINE DRESS,19.5,26.0,25,True,11
2026-10-05,PLT,with code 10PLT WOVEN DRAPE MINI DRESS,22.5,30.0,25,True,11
2026-10-05,PLT,with code 10PLT MID BLUE LONG SLEEVE RAW HEM DENIM SHIRT DRESS,30.0,40.0,25,True,11
2026-10-05,PLT,with code 10PLT DOUBLE LAYER SLINKY CUT OUT KNOT DETAIL MAXI DRESS,15.0,30.0,50,True,11
2026-10-05,PLT,with code 10PLT PETITE PETITE HOOK AND EYE FITTED BLAZER DRESS,34.5,46.0,25,True,11
2026-10-05,PLT,with code 10PLT DOUBLE LAYER SLINKY HALTER NECK DRAPE MINI DRESS,16.5,22.0,25,True,11
2026-10-05,PLT,with code 10PLT FOLD DETAIL RUCHED SLEEVE MAXI DRESS,18.0,24.0,25,True,11
2026-10-05,PLT,with code 10PLT SLINKY FRILL HEM MICRO MINI DRESS,22.5,30.0,25,True,11
2026-10-05,PLT,with code 10PLT CONTRAST SATIN LACE TRIM DETAIL MINI DRESS,31.5,42.0,25,True,11
2026-10-05,PLT,with code 10PLT PETITE PETITE SHEER MESH HIGH NECK MINI DRESS,21.0,28.0,25,True,11
2026-10-05,PLT,with code 10PLT FLORAL PRINT CHIFFON SCARF DETAIL DROP WAIST MAXI DRESS,45.0,60.0,25,True,11
2026-10-05,PLT,with code 10PLT POPLIN GATHERED SLEEVE WAIST DETAIL SHIRT DRESS,25.5,34.0,25,True,11
2026-10-05,PLT,with code 10PLT DISK SEQUIN STRAPPY LACE UP BACK BODYCON DRESS,26.25,35.0,25,True,11
2026-10-05,PLT,with code 10PLT WOVEN HALTERNECK SLEEVELESS MIDAXI DRESS,26.25,35.0,25,True,11
2026-10-05,PLT,with code 10PLT PREMIUM WOVEN CONTRAST PLEATED HEM BLAZER DRESS,56.25,75.0,25,True,11
2026-10-05,PLT,with code 10PLT FEATHER HEM WOVEN SHIFT DRESS,45.0,60.0,25,True,11
2026-10-05,PLT,with code 10PLT BLUE CHIFFON HIGH NECK LACE PANEL MAXI DRESS,25.5,34.0,25,True,11
2026-10-05,PLT,with code 10PLT MESH PLUNGE CORSET SLEEVELESS MAXI DRESS,45.0,60.0,25,True,11
2026-10-05,PLT,with code 10PLT TALL TALL DOUBLE LAYER SLINKY BACKLESS RING DETAIL RUCHED MAXI DRESS,21.0,28.0,25,True,11
2026-10-05,PLT,with code 10PLT PETITE PETITE STRAPPY TRIM CUT OUT MAXI DRESS,25.5,34.0,25,True,11
2026-10-05,PLT,with code 10PLT PREMIUM WOVEN COWL BACK CHIFFON HEM MAXI DRESS,17.5,50.0,65,True,11
2026-10-05,PLT,with code 10PLT SOFT TOUCH ASYMMETRIC SLOUCHY SLEEVE MINI DRESS,15.0,20.0,25,True,11
2026-10-05,PLT,with code 10PLT PETITE PETITE SLINKY OPEN BACK RUCHED MAXI DRESS,19.5,26.0,25,True,11
2026-10-05,PLT,with code 10PLT SHAPE SHAPE JERSEY STRAPPY MAXI DRESS,13.5,18.0,25,True,11
2026-10-05,PLT,DOUBLE CONTOUR RUCHED DETAIL LONG SLEEVE BODYCON DRESS,16.5,22.0,25,True,11
2026-10-05,PLT,with code 10PLT LACE STRAPPY PLUNGE TIERED MAXI DRESS,25.0,50.0,50,True,11
2026-10-05,PLT,with code 10PLT SATIN ASYMMETRIC COWL MAXI DRESS,23.25,31.0,25,True,11
2026-10-05,PLT,with code 10PLT SHAPE SHAPE BANDEAU LACE HEM DETAIL MINI DRESS,26.25,35.0,25,True,11
2026-10-05,PLT,with code 10PLT SLINKY HIGH NECK TRIM DETAIL OPEN BACK MAXI DRESS,22.5,30.0,25,True,11
2026-10-05,PLT,with code 10PLT SLINKY TRIM DETAIL ONE SHOULDER MAXI DRESS,21.0,28.0,25,True,11
2026-10-05,PLT,with code 10PLT ONION SKIN BOAT NECK FLUTE SLEEVE MINI BODYCON DRESS,15.0,20.0,25,True,11
2026-10-05,PLT,with code 10PLT FLORAL PRINTED ONE SHOULDER MAXI DRESS,30.0,60.0,50,True,11
2026-10-05,PLT,with code 10PLT STRUCTURED WOVEN SHORT SLEEVE WRAP SHIRT DRESS,28.5,38.0,25,True,11
2026-10-05,PLT,with code 10PLT SHAPE SHAPE CROSS OVER SLINKY MINI DRESS,18.0,24.0,25,True,11
2026-10-05,PLT,with code 10PLT WOVEN TAILORED SATIN LAPEL BLAZER DRESS,24.0,60.0,60,True,11
2026-10-05,PLT,with code 10PLT HIGH NECK TIE DETAIL SATIN MAXI DRESS,25.5,34.0,25,True,11
2026-10-05,PLT,with code 10PLT BANDEAU PLEATED CHIFFON SKIRT PANEL MAXI DRESS,25.0,50.0,50,True,11
2026-10-05,PLT,with code 10PLT BANDAGE MESH BARDOT LAYERED RUCHED MAXI DRESS,45.0,60.0,25,True,11
2026-10-05,PLT,with code 10PLT CHIFFON RING DETAIL DRESS,25.5,34.0,25,True,11
2026-10-05,PLT,with code 10PLT WOVEN RUCHED CUT OUT MINI DRESS,24.0,32.0,25,True,11
2026-10-05,PLT,with code 10PLT PLUS PLUS BANDEAU CONTRAST CHIFFON PLEATED MAXI DRESS,48.75,65.0,25,True,11
2026-10-05,PLT,with code 10PLT SWIRL PRINT MESH BOAT NECK OPEN BACK LONG SLEEVE MAXI DRESS,22.5,30.0,25,True,11
2026-10-05,PLT,with code 10PLT SATIN BOAT NECK FRINGE TRIM MINI SHIFT DRESS,30.0,40.0,25,True,11
2026-10-05,PLT,with code 10PLT LEMON POLKA DOT DROPPED WAIST MIDAXI DRESS,18.0,45.0,60,True,11
2026-10-05,PLT,with code 10PLT SATIN MINI DRESS,25.5,34.0,25,True,11
2026-10-05,PLT,with code 10PLT EMBROIDERED COTTON HALTERNECK MIDAXI DRESS,16.0,40.0,60,True,11
2026-10-05,PLT,with code 10PLT MESH LONG SLEEVE SATIN DRAPE MINI DRESS,18.0,24.0,25,True,12
2026-10-05,PLT,with code 10PLT SHAPE SHAPE SCULPTED RACER MAXI DRESS,11.0,22.0,50,True,12
2026-10-05,PLT,with code 10PLT STRETCH WOVEN RACER PLEATED SHIFT DRESS,18.75,25.0,25,True,12
2026-10-05,PLT,with code 10PLT PLUNGE RUCHED MINI DRESS,19.5,26.0,25,True,12
2026-10-05,PLT,with code 10PLT PETITE PETITE RUCHED SLINKY BANDEAU MAXI DRESS,15.0,30.0,50,True,12
2026-10-05,PLT,with code 10PLT WOVEN PLUNGE CHIFFON RUCHED SIDE MINI DRESS,20.25,27.0,25,True,12
2026-10-05,PLT,with code 10PLT SLINKY SHOULDER GOLD TRIM DETAIL MAXI DRESS,18.0,24.0,25,True,12
2026-10-05,PLT,with code 10PLT PLT label TAILORED SHIRRED FRILL SHIFT DRESS,12.0,24.0,50,True,12
2026-10-05,PLT,with code 10PLT CHIFFON CORSET LACE UP MINI DRESS,30.0,40.0,25,True,12
2026-10-05,PLT,with code 10PLT PUFF SLEEVE MAXI DRESS,33.75,45.0,25,True,12
2026-10-05,PLT,with code 10PLT STRETCH WOVEN BANDEAU RUCHED MAXI DRESS,22.5,30.0,25,True,12
2026-10-05,PLT,with code 10PLT PINSTRIPE STRETCH WOVEN BOAT NECK BELTED SHIFT DRESS,21.0,28.0,25,True,12
2026-10-05,PLT,with code 10PLT CHIFFON POLKA DOT PUFF SLEEVE MINI DRESS,21.5,45.0,52,True,12
2026-10-05,PLT,with code 10PLT CUT OUT BACK MAXI DRESS,22.5,30.0,25,True,12
2026-10-05,PLT,with code 10PLT BANDEAU RUCHED MINI DRESS,19.5,26.0,25,True,12
2026-10-05,PLT,with code 10PLT STRIPED BOAT NECK LONG SLEEVE BODYCON MINI DRESS,11.0,22.0,50,True,12
2026-10-05,PLT,with code 10PLT POLKA DOT PRINTED WOVEN BANDEAU RUCHED SKATER MIDAXI DRESS,52.5,70.0,25,True,12
2026-10-05,PLT,with code 10PLT SHAPE SHAPE PEEKABOO LACE PLUNGE MINI DRESS,22.5,30.0,25,True,12
2026-10-05,PLT,with code 10PLT LACE KEYHOLE CORSET DETAIL MAXI DRESS,33.75,45.0,25,True,12
2026-10-05,PLT,with code 10PLT DOUBLE LAYER SLINKY SATIN DRAPE MINI DRESS,18.75,25.0,25,True,12
2026-10-05,PLT,with code 10PLT SOFT LACE PANEL COWL NECK MAXI DRESS,11.0,28.0,61,True,12
2026-10-05,PLT,with code 10PLT PETITE PETITE SATIN ASYMMETRIC RUCHED MAXI DRESS,25.5,34.0,25,True,12
2026-10-05,PLT,with code 10PLT PEACH SKIN NECK TIE DETAIL BODYCON DRESS,27.0,36.0,25,True,12
2026-10-05,PLT,with code 10PLT BANDEAU PLEATED CHIFFON SKIRT PANEL MAXI DRESS,35.0,50.0,30,True,12
2026-10-05,PLT,with code 10PLT TAILORED WRAP BELT DETAIL BLAZER DRESS,15.0,45.0,67,True,12
2026-10-05,PLT,with code 10PLT SHEER LACE DRAPE LONG SLEEVE BODYCON DRESS,33.75,45.0,25,True,12
2026-10-05,PLT,with code 10PLT WOVEN PLUNGE BUTTON DETAIL VOLUME SHIFT MIDAXI DRESS,52.5,70.0,25,True,12
2026-10-05,PLT,with code 10PLT SATIN HALTERNECK LACE TRIM LEG SPLIT MAXI DRESS,30.0,40.0,25,True,12
2026-10-05,PLT,with code 10PLT CRINKLE CUP DETAIL TIERED SKIRT SKATER DRESS,30.0,40.0,25,True,12
2026-10-05,PLT,with code 10PLT PETITE PETITE LACE CUT OUT SATIN MAXI DRESS,15.0,30.0,50,True,12
2026-10-05,PLT,with code 10PLT MID BLUE SEAM DETAIL PEPLUM DENIM DRESS,25.5,34.0,25,True,12
2026-10-05,PLT,with code 10PLT DEEP SHEER LACE KEYHOLE WRAP DETAIL MINI DRESS,18.75,25.0,25,True,12
2026-10-05,PLT,with code 10PLT PLT LABEL PLT LABEL LACE ASYMMETRICAL DRAPE GODET FISHTAIL BANDEAU MAXI DRESS,25.0,50.0,50,True,12
2026-10-05,PLT,with code 10PLT PLUS PLUS CHECK BUTTON DOWN RUCHED LONG SLEEVE SHIRT DRESS,19.5,26.0,25,True,12
2026-10-05,PLT,with code 10PLT SATIN COWL NECK MINI DRESS,22.5,30.0,25,True,12
2026-10-05,PLT,with code 10PLT CHIFFON ASYMMETRIC STRAP DRAPED MIDI DRESS,33.75,45.0,25,True,12
2026-10-05,PLT,with code 10PLT VELVET EXTREME HIGH NECK RUCHED MAXI DRESS,31.5,42.0,25,True,12
2026-10-05,PLT,with code 10PLT SLINKY OFF SHOULDER WRAP DETAIL MAXI DRESS,19.5,26.0,25,True,12
2026-10-05,PLT,with code 10PLT 1 PETITE PETITE FITTED LACE BANDEAU MAXI DRESS,28.5,38.0,25,True,12
2026-10-05,PLT,with code 10PLT SHAPE SHAPE HIGH NECK A LINE MINI DRESS,24.0,32.0,25,True,12
2026-10-05,PLT,with code 10PLT WOVEN SLASH NECK MINI DRESS,27.0,36.0,25,True,12
2026-10-05,PLT,with code 10PLT BANDEAU PLEATED CHIFFON SKIRT PANEL MAXI DRESS,37.5,50.0,25,True,12
2026-10-05,PLT,with code 10PLT WOVEN HOOK & EYE SHOULDER PAD BLAZER DRESS,45.0,60.0,25,True,12
2026-10-05,PLT,with code 10PLT SATIN MESH PANEL TIE BACK MAXI DRESS,22.5,30.0,25,True,12
2026-10-05,PLT,with code 10PLT PLUS PLUS SLINKY PLUNGE MIDAXI DRESS,13.5,34.0,60,True,12
2026-10-05,PLT,with code 10PLT LACE SWEETHEART CORSET MINI DRESS,25.5,34.0,25,True,12
2026-10-05,PLT,with code 10PLT TRIM DETAIL WRAP HALTER NECK MAXI DRESS,18.76,28.0,33,True,12
2026-10-05,PLT,with code 10PLT SHAPE SHAPE OPEN BACK EXTEME CUT OUT LONG SLEEVE MAXI DRESS,23.25,31.0,25,True,12
2026-10-05,PLT,with code 10PLT FLORAL BURNOUT CHIFFON COWL BACK MAXI DRESS,30.0,40.0,25,True,12
2026-10-05,PLT,with code 10PLT DEVOURE STRAPPY BODYCON MAXI,18.0,24.0,25,True,12
2026-10-05,PLT,with code 10PLT PETITE PETITE BLUE CORSET WAIST CHIFFON DRAPE SLEEVE GODET MINI DRESS,33.0,44.0,25,True,12
2026-10-05,PLT,with code 10PLT PETITE PETITE DARK KNITTED STRIPE STRAPPY DROP WAIST MAXI DRESS,25.46,38.0,33,True,12
2026-10-05,PLT,with code 10PLT TAILORED FUNNEL NECK ZIP DETAIL SHIFT DRESS,30.0,40.0,25,True,12
2026-10-05,PLT,with code 10PLT FAUX LEATHER CORSET DETAIL MINI DRESS,25.5,34.0,25,True,12
2026-10-05,PLT,with code 10PLT PETITE PETITE RUCHED DROP WAIST GATHERED HEM BANDEAU MAXI DRESS,18.0,24.0,25,True,12
2026-10-05,PLT,with code 10PLT ZEBRA DEVORE COWL NECK WRAP BODYCON DRESS,37.5,50.0,25,True,12
2026-10-05,PLT,with code 10PLT CAPE DETAIL MINI DRESS,25.5,34.0,25,True,12
2026-10-05,PLT,with code 10PLT SATIN BOAT MINI DRESS,21.0,28.0,25,True,12
2026-10-05,PLT,with code 10PLT WOVEN FUNNEL NECK SHORT SLEEVE BODYCON DRESS,26.25,35.0,25,True,12
2026-10-05,PLT,with code 10PLT SATIN ASYMMETRIC COWL MAXI DRESS,22.5,30.0,25,True,12
2026-10-05,PLT,with code 10PLT LACE BODICE LONG SLEEVE SATIN SKIRT MAXI DRESS,22.5,45.0,50,True,12
2026-10-05,PLT,with code 10PLT CHIFFON PAISLEY PRINT HALTER NECK MAXI DRESS,17.5,36.0,51,True,12
2026-10-05,PLT,with code 10PLT PLT LABEL PLT LABEL SLINKY RUCHED BUST GODET MINI DRESS,20.5,40.0,49,True,12
2026-10-05,PLT,with code 10PLT PLUS PREMIUM PLUS SEQUIN EMBROIDERED COWL NECK SHIFT DRESS,48.75,65.0,25,True,12
2026-10-05,PLT,with code 10PLT SATIN ONE SHOULDER DRAPE BODYCON DRESS,19.5,26.0,25,True,12
2026-10-05,PLT,with code 10PLT FLORAL DETAIL SHIFT DRESS,24.5,55.0,55,True,12
2026-10-05,PLT,with code 10PLT PETITE PETITE FLOWER PRINT FRILL DETAIL MAXI DRESS,25.0,50.0,50,True,13
2026-10-05,PLT,with code 10PLT FLORAL PRINT CHIFFON EXTREME COWL SLEEVELESS MAXI DRESS,15.0,30.0,50,True,13
2026-10-05,PLT,with code 10PLT WOVEN ASYMMETRIC SCARF DETAIL MINI DRESS,19.5,26.0,25,True,13
2026-10-05,PLT,with code 10PLT FLORAL BANDEAU CORSET DRAPE DETAIL MAXI DRESS,17.5,45.0,61,True,13
2026-10-05,PLT,with code 10PLT MARL LONG SLEEVE SLOUCHY RUCHED MINI SHIFT DRESS,20.25,27.0,25,True,13
2026-10-05,PLT,with code 10PLT PREMIUM WIRED BARDOT SHIFT DRESS,37.5,50.0,25,True,13
2026-10-05,PLT,with code 10PLT PLT label WOVEN HALTERNECK CHIFFON MAXI DRESS,39.0,52.0,25,True,13
2026-10-05,PLT,with code 10PLT DARK TAUPE SATIN BOAT NECK FISHTAIL MIDAXI DRESS,12.5,35.0,64,True,13
2026-10-05,PLT,with code 10PLT DEEP MESH RUCHED HIGH NECK LACE TRIM CUT OUT MAXI DRESS,30.0,40.0,25,True,13
2026-10-05,PLT,with code 10PLT PLT LABEL PLT LABEL STRUCTURED COTTON EXTREME FRILL MINI DRESS,45.0,60.0,25,True,13
2026-10-05,PLT,with code 10PLT SOFT TOUCH BOAT NECK RUCHED WAIST MINI SHIFT DRESS,16.5,22.0,25,True,13
2026-10-05,PLT,with code 10PLT LEOPARD PRINTED RUFFLE DETAIL PLUNGE MAXI DRESS,19.0,38.0,50,True,13
2026-10-05,PLT,with code 10PLT SLINKY STRAPPY BODYCON DRESS,13.5,18.0,25,True,13
2026-10-05,PLT,with code 10PLT SOFT TOUCH SCOOP NECK SPAGHETTI STRAP MAXI DRESS,18.75,25.0,25,True,13
2026-10-05,PLT,with code 10PLT SOFT TOUCH SLOUCHY SLEEVE BODYCON DRESS,16.5,22.0,25,True,13
2026-10-05,PLT,with code 10PLT FLORAL PRINT WOVEN A LINE SHIFT DRESS,22.5,30.0,25,True,13
2026-10-05,PLT,with code 10PLT PLUS PLUS DOUBLE LAYER PLUNGE RUCHED SHOULDER DRAPE WAIST MAXI DRESS,24.0,32.0,25,True,13
2026-10-05,PLT,with code 10PLT TALL TALL DOUBLE LAYER SLINKY OFF SHOULDER DRAPE MAXI DRESS,25.5,34.0,25,True,13
2026-10-05,PLT,with code 10PLT WOVEN BUTTON MAXI DRESS,33.75,45.0,25,True,13
2026-10-05,PLT,with code 10PLT CHIFFON TIE BACK MAXI DRESS,28.5,38.0,25,True,13
2026-10-05,PLT,with code 10PLT MANDARIN STYLE WOVEN HIGH NECK LONG SLEEVE FROG TRIM BLAZER DRESS,39.0,52.0,25,True,13
2026-10-05,PLT,with code 10PLT PINSTRIPE PLEAT DETAIL BLAZER DRESS,16.5,55.0,70,True,13
2026-10-05,PLT,with code 10PLT PLUS PLUS CHIFFON RUCHED DRAPE MIDI DRESS,24.0,32.0,25,True,13
2026-10-05,PLT,with code 10PLT 1 SLINKY PLUNGE WRAP MAXI DRESS,21.0,28.0,25,True,13
2026-10-05,PLT,with code 10PLT HALTER NECK CONTRAST SEAM DETAIL MAXI DRESS,28.5,38.0,25,True,13
2026-10-05,PLT,with code 10PLT PLUS PLUS DOUBLE LAYER SLINKY ASYMMETRIC RUCHED SLEEVE MAXI DRESS,18.75,25.0,25,True,13
2026-10-05,PLT,with code 10PLT DOUBLE LAYER SLINKY ASYMMETRIC RUCHED SLEEVE MAXI DRESS,12.5,25.0,50,True,13
2026-10-05,PLT,with code 10PLT LAYERED MESH ASYMMETRIC LONG SLEEVE MINI DRESS,18.0,24.0,25,True,13
2026-10-05,PLT,with code 10PLT PLUS PLUS DRAPE ONE SHOULDER MAXI DRESS,22.5,30.0,25,True,13
2026-10-05,PLT,with code 10PLT SLINKY BELT DETAIL MAXI DRESS,21.0,28.0,25,True,13
2026-10-05,PLT,with code 10PLT SLINKY HIGH NECK DRAPE DETAIL BACKLESS MAXI DRESS,22.5,30.0,25,True,13
2026-10-05,PLT,with code 10PLT SHEER LACE KEYHOLE WRAP DETAIL MINI DRESS,18.75,25.0,25,True,13
2026-10-05,PLT,with code 10PLT SHAPE SHAPE LACE BOAT NECK MAXI DRESS,26.25,35.0,25,True,13
2026-10-05,PLT,with code 10PLT WOVEN TAILORED BONED CORSET OVERLAY BLAZER DRESS,14.0,45.0,69,True,13
2026-10-05,PLT,with code 10PLT WOVEN TAILORED STRUCTURED BLAZER DRESS,37.5,50.0,25,True,13
2026-10-05,PLT,with code 10PLT SLINKY HALTERNECK DRAPED DETAIL MAXI DRESS,25.5,34.0,25,True,13
2026-10-05,PLT,with code 10PLT BUTTON DOWN BODYCON DRESS,18.75,25.0,25,True,13
2026-10-05,PLT,with code 10PLT BUTTON DOWN BOXY SHIFT DRESS,10.0,28.0,64,True,13
2026-10-05,PLT,with code 10PLT PLT LABEL PLT LABEL DOUBLE LAYER SLINKY ASYMMETRICAL PANEL MIDAXI DRESS,36.0,48.0,25,True,13
2026-10-05,PLT,with code 10PLT PETITE PETITE OFF SHOULDER TAILORED WOVEN MINI DRESS,22.5,30.0,25,True,13
2026-10-05,PLT,ICONIC PRICES SATIN LONG SLEEVE BOAT NECK LACE DETAIL MINI DRESS,25.5,34.0,25,True,13
2026-10-05,PLT,with code 10PLT PRINTED SWEETHEART NECK TIERED MAXI DRESS,24.0,60.0,60,True,13
2026-10-05,PLT,with code 10PLT PREMIUM WOVEN TULIP SKIRT BANDEAU MINI DRESS,20.0,50.0,60,True,13
2026-10-05,PLT,with code 10PLT TEXTURED LONG SLEEVE PEARL DETAIL MINI DRESS,28.5,60.0,53,True,13
2026-10-05,PLT,with code 10PLT PETITE PETITE FLORAL PRINTED FLOWY CHIFFON BANDEAU MINI DRESS,15.5,32.0,52,True,13
2026-10-05,PLT,with code 10PLT SUEDE HALTERNECK MINI SHIFT DRESS,25.5,34.0,25,True,13
2026-10-05,PLT,with code 10PLT PREMIUM WOVEN BELT DETAIL SHIFT DRESS,22.5,45.0,50,True,13
2026-10-05,PLT,with code 10PLT 1 FLORAL JACQUARD BOAT NECK SHIFT DRESS,21.5,50.0,57,True,13
2026-10-05,PLT,with code 10PLT TALL TALL HIGH NECK CINCHED MINI DRESS,24.0,32.0,25,True,13
2026-10-05,PLT,with code 10PLT VELVET UNDERWIRED STRAPPY DRAPED MIDI DRESS,37.5,50.0,25,True,13
2026-10-05,PLT,with code 10PLT WOVEN HALTERNECK SWEETHEART MINI SHIFT DRESS,18.75,25.0,25,True,13
2026-10-05,PLT,with code 10PLT PETITE PETITE HALTERNECK PLISSE RUFFLE DETAIL MAXI DRESS,29.0,65.0,55,True,13
2026-10-05,PLT,with code 10PLT RIBBED BARDOT BUTTON DOWN MAXI DRESS,9.5,28.0,66,True,13
2026-10-05,PLT,with code 10PLT SOFT TOUCH BOAT NECK WRAP DETAIL MAXI DRESS,9.5,26.0,63,True,13
2026-10-05,PLT,with code 10PLT 1 VELVET UNDERWIRED STRAPPY DRAPED MIDI DRESS,37.5,50.0,25,True,13
2026-10-05,PLT,with code 10PLT LACE LONG SLEEVE WRAP MAXI DRESS,37.5,50.0,25,True,13
2026-10-05,PLT,with code 10PLT LACE HIGH NECK SATIN DRAPE MINI DRESS,19.0,38.0,50,True,13
2026-10-05,PLT,with code 10PLT CHIFFON ONE SHOULDER CUT OUT MINI DRESS,12.0,24.0,50,True,13
2026-10-05,PLT,with code 10PLT 1 SHAPE SHAPE SLINKY HALTERNECK MINI DRESS,12.0,16.0,25,True,13
2026-10-05,PLT,with code 10PLT TRIM SHIFT MINI DRESS,16.5,22.0,25,True,13
2026-10-05,PLT,with code 10PLT SATIN COWL NECK DRAPE MAXI DRESS,15.5,40.0,61,True,13
2026-10-05,PLT,with code 10PLT SATIN FEATHER BUST DETAIL STRAPPY MAXI DRESS,16.0,40.0,60,True,13
2026-10-05,PLT,with code 10PLT LACE DETAIL CORSET BANDEAU MINI DRESS,27.0,36.0,25,True,14
2026-10-05,PLT,with code 10PLT PLUS PLUS SATIN OFF THE SHOULDER DRAPED SKIRT MIDI DRESS,28.5,38.0,25,True,14
2026-10-05,PLT,with code 10PLT SOFT TOUCH JERSEY LONG SLEEVE MAXI DRESS,10.25,22.0,53,True,14
2026-10-05,PLT,with code 10PLT RUCHED OVERLAY BODYCON DRESS,16.5,30.0,45,True,14
2026-10-05,PLT,with code 10PLT SATIN SCARF DETAIL BODYCON DRESS,15.0,20.0,25,True,14
2026-10-05,PLT,with code 10PLT PLT label SHAPE SHAPE RUCHED V FRONT CROSS OVER DETAIL MAXI DRESS,22.5,30.0,25,True,14
2026-10-05,PLT,with code 10PLT WOVEN HALTER NECK MINI SHIFT DRESS,16.5,22.0,25,True,14
2026-10-05,PLT,with code 10PLT WOVEN BANDEAU RUCHED SKATER MIDAXI DRESS,34.5,70.0,51,True,14
2026-10-05,PLT,with code 10PLT 1 PREMIUM WOVEN RUCHED BODYCON DRESS,20.0,45.0,56,True,14
2026-10-05,PLT,with code 10PLT TEXTURED LACE UP BACK MAXI DRESS,21.0,45.0,53,True,14
2026-10-05,PLT,with code 10PLT PLT LABEL MESH FRINGE SKIRT MAXI DRESS,30.0,60.0,50,True,14
2026-10-05,PLT,with code 10PLT SLINKY OFF THE SHOULDER WRAP MAXI DRESS,24.0,32.0,25,True,14
2026-10-05,PLT,with code 10PLT 1 MESH BANDEAU RUCHED DETAIL MAXI DRESS,33.75,45.0,25,True,14
2026-10-05,PLT,with code 10PLT LACE DETAIL CORSET BANDEAU MINI DRESS,30.0,40.0,25,True,14
2026-10-05,PLT,with code 10PLT BURNOUT MESH SHORT SLEEVE BUTTON DETAIL MAXI DRESS,22.5,30.0,25,True,14
2026-10-05,PLT,with code 10PLT MESH BANDEAU KNOT DETAIL MAXI DRESS,20.0,40.0,50,True,14
2026-10-05,PLT,with code 10PLT 1 SLINKY HIGH NECK DRAPE DETAIL BACKLESS MAXI DRESS,21.0,28.0,25,True,14
2026-10-05,PLT,with code 10PLT ONION SKIN MINI DRESS,13.5,18.0,25,True,14
2026-10-05,PLT,with code 10PLT FLORAL JACQUARD EMBROIDERED SATIN DRAPE CORSET BODYCON DRESS,33.75,45.0,25,True,14
2026-10-05,PLT,with code 10PLT WOVEN HALTERNECK RUCHED BUST DETAIL MAXI DRESS,24.5,60.0,59,True,14
2026-10-05,PLT,with code 10PLT DEER PRINTED MESH HIGH NECK MIDAXI DRESS,24.0,32.0,25,True,14
2026-10-05,PLT,with code 10PLT OFF THE SHOULDER ASYMMETRIC SHIRT DRESS,11.5,34.0,66,True,14
2026-10-05,PLT,with code 10PLT SLINKY TWIST DETAIL MAXI DRESS,19.5,26.0,25,True,14
2026-10-05,PLT,with code 10PLT PINSTRIPE BARDOT RUCHED SHIFT DRESS,11.5,28.0,59,True,14
2026-10-05,PLT,with code 10PLT PLUS PLUS CHIFFON RUCHED DRAPE MIDI DRESS,27.0,36.0,25,True,14
2026-10-05,PLT,with code 10PLT 1 CHIFFON FLORAL DETAIL MIDAXI DRESS,18.0,36.0,50,True,14
2026-10-05,PLT,with code 10PLT SATIN COWL BACK LACE DETAIL MINI DRESS,22.5,30.0,25,True,14
2026-10-05,PLT,with code 10PLT STRETCH WOVEN EXTREME PLEATED SHIFT DRESS,16.25,35.0,54,True,14
2026-10-05,PLT,with code 10PLT WOVEN HALTERNECK PLUNGE MIDAXI DRESS,19.0,38.0,50,True,14
2026-10-05,PLT,with code 10PLT FLORAL PRINT CHIFFON COWL NECK RUCHED MINI DRESS,15.0,30.0,50,True,14
2026-10-05,PLT,with code 10PLT SHAPE SHAPE BARDOT KNITTED BODYCON DRESS,17.42,26.0,33,True,14
2026-10-05,PLT,with code 10PLT 1 TALL TALL FRILL TEXTURED MAXI DRESS,33.75,45.0,25,True,14
2026-10-05,PLT,with code 10PLT 1 WOVEN WRAP HALTERNECK MINI DRESS,18.0,36.0,50,True,14
2026-10-05,PLT,with code 10PLT SATIN CUP DETAIL MINI DRESS,24.0,32.0,25,True,14
2026-10-05,PLT,with code 10PLT PLT LABEL PLT LABEL STRUCTURED LACE A LINE MINI DRESS,63.75,85.0,25,True,14
2026-10-05,PLT,with code 10PLT FLORAL CHIFFON LACE TRIM BAGGED OVER BARDOT LONG SLEEVE MINI DRESS,28.5,38.0,25,True,14
2026-10-05,PLT,with code 10PLT DOUBLE LAYER SLINKY ASYMMETRICAL RUCHED MIDAXI DRESS,15.0,30.0,50,True,14
2026-10-05,PLT,with code 10PLT WOVEN HALTERNECK RUCHED BUST DETAIL MAXI DRESS,21.5,60.0,64,True,14
2026-10-05,PLT,with code 10PLT PLUNGE STRAPPY SATIN MAXI DRESS,10.0,30.0,67,True,14
2026-10-05,PLT,with code 10PLT PETITE PETITE RIBBED WAIST SLOUCHY KNITTED JUMPER DRESS,9.5,28.0,66,True,14
2026-10-05,PLT,with code 10PLT PETITE PETITE KNITTED STRIPE STRAPPY DROP WAIST MAXI DRESS,17.0,34.0,50,True,14
2026-10-05,PLT,with code 10PLT SOFT TOUCH V NECK LONG SLEEVE SHIFT DRESS,8.0,22.0,64,True,14
2026-10-05,PLT,with code 10PLT 1 DOUBLE LAYER PLUNGE RUCHED SHOULDER DRAPE WAIST MAXI DRESS,24.0,32.0,25,True,14
2026-10-05,PLT,with code 10PLT 2 ABSTRACT PRINT BARDOT ASYMMETRIC HEM DRESS,20.0,40.0,50,True,14
2026-10-05,PLT,with code 10PLT ABSTRACT PRINT BARDOT ASYMMETRIC HEM DRESS,20.0,40.0,50,True,14
2026-10-05,PLT,with code 10PLT TAILORED WRAP BELT DETAIL BLAZER DRESS,33.75,45.0,25,True,14
2026-10-05,PLT,with code 10PLT PETITE PETITE WHITE DITSY FLORAL PUFFBALL SHIFT DRESS,11.75,26.0,55,True,14
2026-10-05,PLT,with code 10PLT SATIN LACE CUP DETAIL MIDI DRESS,19.5,26.0,25,True,14
2026-10-05,PLT,with code 10PLT CHAMPGANE SATIN PLEATED BLAZER DRESS,30.0,50.0,40,True,14
2026-10-05,PLT,ICONIC PRICES PINSTRIPE BARDOT RUCHED SHIFT DRESS,14.0,28.0,50,True,14
2026-10-05,PLT,with code 10PLT SATIN LACE CONTRAST MINI SHIFT DRESS,18.75,25.0,25,True,14
2026-10-05,PLT,with code 10PLT WOVEN SQUARE NECK MAXI DRESS,17.0,38.0,55,True,14
2026-10-05,PLT,ICONIC PRICES SLINKY RUCHED LOW BACK MAXI DRESS,21.0,28.0,25,True,14
2026-10-05,PLT,with code 10PLT ANIMAL PRINT RUFFLE PLUNGE FLOWER TRIM MAXI DRESS,22.5,45.0,50,True,14
2026-10-05,PLT,with code 10PLT TEXTURED MESH LONG SLEEVE CUT OUT MAXI DRESS,17.0,34.0,50,True,14
2026-10-05,PLT,with code 10PLT LACE SHEER SKIRT PANEL BANDEAU MIDAXI DRESS,45.0,60.0,25,True,14
2026-10-05,PLT,with code 10PLT 2 CONTRAST MESH DRAPE DETAIL SLINKY MAXI DRESS,25.5,34.0,25,True,14
2026-10-05,PLT,with code 10PLT SATIN CONTRAST V NECK MAXI DRESS,15.0,32.0,53,True,15
2026-10-05,PLT,with code 10PLT CHIFFON OVERLAY LONG SLEEVE MINI DRESS,8.5,24.0,65,True,15
2026-10-05,PLT,with code 10PLT BRAIDED V WAIST MIDAXI DRESS,11.25,28.0,60,True,15
2026-10-05,PLT,with code 10PLT TEXTURED BOAT NECK FRILL HEM MINI DRESS,19.0,38.0,50,True,15
2026-10-05,PLT,with code 10PLT FLOWER ROPE DETAIL CROCHET KNIT MINI DRESS,13.75,34.0,60,True,15
2026-10-05,PLT,with code 10PLT DOUBLE LAYER SLINKY OFF SHOULDER DRAPE MAXI DRESS,17.0,38.0,55,True,15
2026-10-05,PLT,with code 10PLT PLT label SLINKY HIGH NECK DRAPE DETAIL BACKLESS MAXI DRESS,13.0,28.0,54,True,15
2026-10-05,PLT,with code 10PLT SATIN CHIFFON CAPE OVERLAY MAXI DRESS,25.5,34.0,25,True,15
2026-10-05,PLT,with code 10PLT PRINTED RUFFLED BANDEAU MAXI DRESS,9.0,45.0,80,True,15
2026-10-05,PLT,with code 10PLT PREMIUM WOVEN BELT DETAIL SHIFT DRESS,13.5,45.0,70,True,15
2026-10-05,PLT,with code 10PLT 1 SATIN STRAPPY LACE DETAIL BABYDOLL DRESS,22.5,30.0,25,True,15
2026-10-05,PLT,with code 10PLT WOVEN COWL OPEN BACK BLAZER DRESS,21.0,45.0,53,True,15
2026-10-05,PLT,with code 10PLT LACE CORSET MIDAXI DRESS,13.0,38.0,66,True,15
2026-10-05,PLT,with code 10PLT CHIFFON HIGH NECK SIDE CUT OUT BEAD DETAIL MAXI DRESS,16.0,32.0,50,True,15
2026-10-05,PLT,with code 10PLT JERSEY LONG SLEEVE MAXI DRESS,12.0,24.0,50,True,15
2026-10-05,PLT,with code 10PLT JACQUARD PLUNGE HOOK AND EYE SHIFT DRESS,16.0,40.0,60,True,15
2026-10-05,PLT,with code 10PLT PRINTED BONDED SCOOP NECK SHIFT DRESS,6.5,28.0,77,True,15
2026-10-05,PLT,with code 10PLT PLUS PLUS CORSET BARDOT DRAPED MIDI DRESS,27.0,36.0,25,True,15
2026-10-05,PLT,with code 10PLT SATIN FEATHER BUST DETAIL STRAPPY MAXI DRESS,23.0,40.0,43,True,15
2026-10-05,PLT,with code 10PLT UNDERWIRED STRAPPY MAXI DRESS,19.0,38.0,50,True,15
2026-10-05,PLT,ICONIC PRICES DOUBLE LAYER SLINKY DRAPE MAXI DRESS,13.0,26.0,50,True,15
2026-10-05,PLT,with code 10PLT DOUBLE LAYER SLINKY CAP SLEEVE DROP WAIST MAXI DRESS,26.25,35.0,25,True,15
2026-10-05,PLT,with code 10PLT LACE LONG SLEEVE FISHTAIL MAXI DRESS,43.5,58.0,25,True,15
2026-10-05,PLT,with code 10PLT DOUBLE LAYER SLINKY OPEN BACK TWIST DETAIL DRESS,18.2,26.0,30,True,15
2026-10-05,PLT,with code 10PLT PETITE PETITE SCOOP NECK SLEEVELESS MAXI DRESS,16.0,32.0,50,True,15
2026-10-05,PLT,with code 10PLT PLUS PLUS CHIFFON RUCHED DRAPE MIDI DRESS,28.5,38.0,25,True,15
2026-10-05,PLT,with code 10PLT 1 LINEN LOOK RUCHED DETAIL BANDEAU MAXI DRESS,15.0,30.0,50,True,15
2026-10-05,PLT,with code 10PLT SHAPE SHAPE MESH LACE INSERT CORSETED MINI DRESS,26.25,35.0,25,True,15
2026-10-05,PLT,with code 10PLT TEXTURED LACE HALTER NECK PLUNGE MAXI DRESS,14.5,36.0,60,True,15
2026-10-05,PLT,with code 10PLT LOW BACK SLEEVELESS MAXI DRESS,20.0,30.0,33,True,15
2026-10-05,PLT,ICONIC PRICES WOVEN COWL OPEN BACK BLAZER DRESS,14.0,45.0,69,True,15
2026-10-05,PLT,with code 10PLT SCOOP NECK SLEEVELESS MAXI DRESS,16.0,32.0,50,True,15
2026-10-05,PLT,with code 10PLT SHAPE SHAPE STRETCH DENIM BOAT NECK A-LINE MINI DRESS,22.5,30.0,25,True,15
2026-10-05,PLT,with code 10PLT SEQUIN SHEER BOAT NECK MAXI DRESS,20.0,48.0,58,True,15
2026-10-05,PLT,with code 10PLT DOUBLE LAYER SLINKY TWIST FRONT SLEEVELESS MINI DRESS,8.5,22.0,61,True,15
2026-10-05,PLT,with code 10PLT PETITE PETITE OFF SHOULDER TAILORED WOVEN MINI DRESS,15.0,30.0,50,True,15
2026-10-05,PLT,ICONIC PRICES DOUBLE LAYER SLINKY OPEN BACK TWIST DETAIL DRESS,19.5,26.0,25,True,15
2026-10-05,PLT,with code 10PLT SCARF DETAIL LONG SLEEVE BODYCON DRESS,20.0,40.0,50,True,15
2026-10-05,PLT,with code 10PLT UNDERWIRED STRAPPY MAXI DRESS,20.0,38.0,47,True,15
2026-10-05,PLT,ICONIC PRICES SHAPE SHAPE BARDOT KNITTED BODYCON DRESS,8.71,26.0,67,True,15
2026-10-05,PLT,with code 10PLT BANDEAU PLEATED CHIFFON SKIRT PANEL MAXI DRESS,24.5,50.0,51,True,15
2026-10-05,PLT,with code 10PLT SATIN TIE BACK MAXI DRESS,12.5,28.0,55,True,15
2026-10-05,PLT,ICONIC PRICES PETITE PETITE ASYMMETRIC SHOULDER LINEN LOOK SHIFT MINI DRESS,11.0,26.0,58,True,15
2026-10-05,PLT,with code 10PLT PLT LABEL SATIN COWL DRAPED MINI DRESS,26.25,35.0,25,True,15
2026-10-05,PLT,with code 10PLT SOFT TOUCH CROPPED SLEEVE BODYCON DRESS,13.5,18.0,25,True,15
2026-10-05,PLT,with code 10PLT PRINTED COWL RUCHED DETAIL MAXI DRESS,9.5,32.0,70,True,15
2026-10-05,PLT,with code 10PLT SATIN KEYHOLE CUT OUT SLIP DRESS,5.5,35.0,84,True,15
2026-10-05,PLT,with code 10PLT SHAPE SHAPE TEXTURED FRILL MINI DRESS,19.5,26.0,25,True,15
2026-10-05,PLT,with code 10PLT SEQUIN SCOOP NECK MINI DRESS,15.0,32.0,53,True,15
2026-10-05,PLT,with code 10PLT PLUNGE TIE SIDE BLAZER DRESS,10.5,50.0,79,True,15
2026-10-05,PLT,with code 10PLT WOVEN BUTTON DROPPED WAIST MAXI DRESS,10.5,35.0,70,True,15
2026-10-05,PLT,with code 10PLT TEXTURED BEADED STRAPPY BODYCON DRESS,10.0,20.0,50,True,15
2026-10-05,PLT,with code 10PLT TAILORED WOVEN SCOOP BACK SHIFT DRESS,21.0,28.0,25,True,15
2026-10-05,PLT,with code 10PLT COTTON SHIRRED MINI DRESS,14.0,40.0,65,True,15
2026-10-05,PLT,with code 10PLT SATIN TIE BACK MAXI DRESS,18.0,24.0,25,True,15
2026-10-05,PLT,with code 10PLT SATIN BACKLESS DRAPE SLEEVELESS MAXI DRESS,17.5,35.0,50,True,15
2026-10-05,PLT,with code 10PLT RUCHED SKATER HEM MIDAXI DRESS,26.0,55.0,53,True,15
2026-10-05,PLT,with code 10PLT PETITE PETITE MUTED HALTERNECK SHIFT MINI DRESS,18.75,25.0,25,True,15
2026-10-05,PLT,with code 10PLT PREMIUM WOVEN TIE HALTER NECK DRESS,31.5,42.0,25,True,15
2026-10-05,PLT,with code 10PLT PRINTED COWL RUCHED DETAIL MAXI DRESS,15.5,32.0,52,True,15
2026-10-05,PLT,with code 10PLT 2 TAILORED WOVEN BUST SEAM SLEEVELESS SHIFT DRESS,22.5,30.0,25,True,15
2026-10-05,PLT,with code 10PLT CHIFFON RUCHED LACE TRIM MINI DRESS,18.75,25.0,25,True,15
2026-10-05,PLT,with code 10PLT PETITE PETITE BACKLESS HALTERNECK MAXI DRESS,11.0,26.0,58,True,15
2026-10-05,PLT,with code 10PLT SHAPE SHAPE STRETCH DENIM A-LINE MINI DRESS,30.0,40.0,25,True,15
2026-10-05,PLT,with code 10PLT SOFT TOUCH BANDEAU FRINGE MAXI DRESS,21.0,28.0,25,True,16
2026-10-05,PLT,with code 10PLT DOUBLE LAYER CROSS FRONT CUT OUT MINI DRESS,8.25,24.0,66,True,16
2026-10-05,PLT,with code 10PLT PLT LABEL PLT LABEL DOUBLE LAYER SLINKY TRIM DETAIL ASYMMETRIC PLUNGE MAXI DRESS,38.5,55.0,30,True,16
2026-10-05,PLT,with code 10PLT LOW BACK SLEEVELESS MAXI DRESS,15.0,30.0,50,True,16
2026-10-05,PLT,ICONIC PRICES PETITE PETITE OFF SHOULDER TAILORED WOVEN MINI DRESS,14.0,30.0,53,True,16
2026-10-05,PLT,ICONIC PRICES ONE SHOULDER SATIN CONTRAST MAXI DRESS,30.0,40.0,25,True,16
2026-10-05,PLT,with code 10PLT PLT label SATIN TIE BACK MAXI DRESS,13.0,28.0,54,True,16
2026-10-05,PLT,with code 10PLT SATIN ONE SHOULDER DRAPE BODYCON DRESS,14.0,26.0,46,True,16
2026-10-05,PLT,with code 10PLT PLUS PLUS PE HEM MAXI DRESS,12.25,35.0,65,True,16
2026-10-05,PLT,with code 10PLT PLT LABEL PLT LABEL MESH TRIM DETAIL FISHTAIL MAXI DRESS,45.5,65.0,30,True,16
2026-10-05,PLT,with code 10PLT TAILORED WRAP BELT DETAIL BLAZER DRESS,14.0,45.0,69,True,16
2026-10-05,PLT,with code 10PLT CHIFFON HIGH NECK MAXI DRESS,13.0,50.0,74,True,16
2026-10-05,PLT,with code 10PLT WOVEN BANDEAU RUCHED SKATER MIDAXI DRESS,15.5,70.0,78,True,16
2026-10-05,PLT,with code 10PLT 1 SATIN HIGH NECK SCOOP EXTREME LOW BACK MAXI DRESS,18.0,50.0,64,True,16
2026-10-05,PLT,with code 10PLT FLORAL PRINT CHIFFON COWL NECK RUCHED MINI DRESS,14.0,30.0,53,True,16
2026-10-05,PLT,with code 10PLT PLT LABEL PLT LABEL TAILORED BAND COLLAR LACE UP A-LINE DRESS,22.5,45.0,50,True,16
2026-10-05,PLT,with code 10PLT SOFT TOUCH BANDEAU FRINGE MAXI DRESS,14.0,28.0,50,True,16
2026-10-05,PLT,with code 10PLT PETITE PETITE BODYCON SEAM DETAIL DENIM MAXI DRESS,27.0,36.0,25,True,16
2026-10-05,PLT,with code 10PLT PETITE PETITE BABY GINGHAM HALTERNECK SHIFT MINI DRESS,22.5,30.0,25,True,16
2026-10-05,PLT,with code 10PLT SOFT TOUCH JERSEY LONG SLEEVE MAXI DRESS,10.0,20.0,50,True,16
2026-10-05,PLT,with code 10PLT PLUNGE TIE SIDE BLAZER DRESS,10.5,45.0,77,True,16
2026-10-05,PLT,with code 10PLT SHAPE SHAPE ASYMMETRICAL DRAPE FRONT SHOULDER PAD MINI DRESS,18.75,25.0,25,True,16
2026-10-05,PLT,with code 10PLT BANDEAU CHIFFON PUFFBALL MINI DRESS,12.0,24.0,50,True,16
2026-10-05,PLT,with code 10PLT WOVEN HIGH NECK SATIN DRAPE MINI DRESS,8.5,34.0,75,True,16
2026-10-05,PLT,with code 10PLT SHAPE SHAPE MESH ONE SHOULDER EXTREME DRAPE DETAIL MIDI DRESS,18.0,24.0,25,True,16
2026-10-05,PLT,with code 10PLT COWL NECK TRIM DETAIL MINI DRESS,9.0,22.0,59,True,16
2026-10-05,PLT,with code 10PLT ABSTRACT CHIFFON BANDEAU OVERLAY MAXI DRESS,17.0,36.0,53,True,16
2026-10-05,PLT,with code 10PLT FLORAL PRINT CHIFFON COWL NECK RUCHED MINI DRESS,14.5,30.0,52,True,16
2026-10-05,PLT,with code 10PLT PRINTED FLORAL MESH COWL NECK MAXI DRESS,23.25,31.0,25,True,16
2026-10-05,PLT,with code 10PLT LEOPARD PRINT CHIFFON RUCHED LACE TRIM MINI DRESS,18.75,25.0,25,True,16
2026-10-05,PLT,with code 10PLT FLORAL LACE BANDEAU SHIFT DRESS,14.5,36.0,60,True,16
2026-10-05,PLT,with code 10PLT SATIN CUP DETAIL MINI DRESS,7.0,30.0,77,True,16
2026-10-05,PLT,with code 10PLT TEXTURED SATIN BOW DETAIL MINI DRESS,22.5,45.0,50,True,16
2026-10-05,PLT,with code 10PLT TEXTURED STRAPPY LOW BACK MAXI DRESS,14.0,70.0,80,True,16
2026-10-05,PLT,with code 10PLT DOUBLE LAYER TRIM DETAIL MINI DRESS,5.5,18.0,69,True,16
2026-10-05,PLT,with code 10PLT PLUS PLUS CHIFFON RUCHED DRAPE MIDI DRESS,14.5,36.0,60,True,16
2026-10-05,PLT,with code 10PLT 1 SHAPE SHAPE TWIST DETAIL SLINKY MAXI DRESS,18.75,25.0,25,True,16
2026-10-05,PLT,with code 10PLT PETITE PETITE DOUBLE SLINKY CUT OUT BODYCON MINI DRESS,18.75,25.0,25,True,16
2026-10-05,PLT,with code 10PLT WOVEN HALTERNECK GODET SHIFT MINI DRESS,11.0,22.0,50,True,16
2026-10-05,PLT,with code 10PLT DOUBLE LAYER SLINKY RUCHED BODYCON DRESS,16.5,22.0,25,True,16
2026-10-05,PLT,with code 10PLT WOVEN BANDEAU HANKY HEM MINI DRESS,12.0,24.0,50,True,16
2026-10-05,PLT,with code 10PLT TEXTURED STRAPPY LOW BACK MAXI DRESS,14.0,65.0,78,True,16
2026-10-05,PLT,with code 10PLT ANIMAL FLORAL WOVEN CHIFFON MINI DRESS,23.25,31.0,25,True,16
2026-10-05,PLT,with code 10PLT STRAPPY LINEN LOOK SHIRRED DETAIL MAXI DRESS,14.0,28.0,50,True,16
2026-10-05,PLT,with code 10PLT SATIN BANDEAU STRIPE MAXI DRESS,27.5,55.0,50,True,16
2026-10-05,PLT,with code 10PLT CHIFFON EXTREME COWL NECK LONG SLEEVE MAXI DRESS,20.0,40.0,50,True,16
2026-10-05,PLT,with code 10PLT SATIN HIGH NECK SCOOP EXTREME LOW BACK MAXI DRESS,20.0,40.0,50,True,16
2026-10-05,PLT,with code 10PLT STRETCH WOVEN EXTREME PLEATED SHIFT DRESS,24.5,35.0,30,True,16
2026-10-05,PLT,with code 10PLT SLINKY OFF SHOULDER WRAP DETAIL MAXI DRESS,14.0,28.0,50,True,16
2026-10-05,PLT,with code 10PLT 1 SATIN ASYMMETRIC BARDOT TWIST MAXI DRESS,8.5,40.0,79,True,16
2026-10-05,PLT,with code 10PLT TALL TALL SHEER LACE DRAPE LONG SLEEVE BODYCON DRESS,34.5,46.0,25,True,16
2026-10-05,PLT,with code 10PLT TEXTURED BOAT NECK LONG SLEEVE BODYCON MAXI DRESS,13.5,28.0,52,True,16
2026-10-05,PLT,with code 10PLT FLOATY WOVEN PLUNGE RING DETAIL A LINE MINI DRESS,14.0,28.0,50,True,16
2026-10-05,PLT,with code 10PLT SATIN HIGH NECK ASYMMETRIC MIDI DRESS,18.75,25.0,25,True,16
2026-10-05,PLT,with code 10PLT SATIN SLIP DRESS,12.0,28.0,57,True,16
2026-10-05,PLT,with code 10PLT PETITE PETITE LACE LONG SLEEVE LACE-UP NECK CORSET DETAIL MINI DRESS,31.5,42.0,25,True,16
2026-10-05,PLT,with code 10PLT SHAPE SHAPE SQUARE NECK TAILORED MINI DRESS,11.0,22.0,50,True,16
2026-10-05,PLT,with code 10PLT SLINKY RUCHED LOW BACK MAXI DRESS,21.0,28.0,25,True,17
2026-10-05,PLT,with code 10PLT SATIN CONTRAST LACE MINI DRESS,23.25,31.0,25,True,17
2026-10-05,PLT,with code 10PLT BLUR ABSTRACT PRINT DOUBLE LAYER SOFT TOUCH BEAD DETAIL MAXI DRESS,22.5,30.0,25,True,17
2026-10-05,PLT,with code 10PLT PETITE PETITE TRIM DETAIL MAXI DRESS,12.25,35.0,65,True,17
2026-10-05,PLT,with code 10PLT PLT LABEL PLT LABEL LACE HIGH NECK A LINE DRESS,41.25,55.0,25,True,17
2026-10-05,PLT,with code 10PLT PETITE PETITE FLORAL BUST TIE FRONT CHIFFON GODET MAXI DRESS,22.5,45.0,50,True,17
2026-10-05,PLT,with code 10PLT PLT label WOVEN HALTERNECK RUCHED BUST DETAIL MAXI DRESS,33.0,60.0,45,True,17
2026-10-05,PLT,with code 10PLT ABSTRACT CHIFFON BANDEAU OVERLAY MAXI DRESS,19.0,38.0,50,True,17
2026-10-05,PLT,with code 10PLT WOVEN HIGH NECK SATIN DRAPE MINI DRESS,18.75,34.0,45,True,17
2026-10-05,PLT,with code 10PLT PRINTED BONDED SCOOP NECK SHIFT DRESS,6.0,28.0,79,True,17
2026-10-05,PLT,with code 10PLT WOVEN BUTTON DROPPED WAIST MAXI DRESS,19.25,35.0,45,True,17
2026-10-05,PLT,with code 10PLT MINT GREEN WOVEN SCOOP NECK MAXI DRESS,25.0,50.0,50,True,17
2026-10-05,PLT,with code 10PLT PLUS PLUS TEXTURED TRIM DETAIL MAXI DRESS,19.0,38.0,50,True,17
2026-10-05,PLT,with code 10PLT SHAPE SHAPE BANDAGE MIDI DRESS,41.25,55.0,25,True,17
2026-10-05,PLT,with code 10PLT FLOWER APPLIQUE STRAPPY BEACH MAXI DRESS,26.25,35.0,25,True,17
2026-10-05,PLT,with code 10PLT PETITE PETITE ONE SHOULDER CUT OUT LINEN LOOK MINI DRESS,12.0,22.0,45,True,17
2026-10-05,PLT,with code 10PLT EMBROIDERED CHIFFON BARDOT LONG SLEEVE FRILL HEM MINI DRESS,22.5,45.0,50,True,17
2026-10-05,PLT,with code 10PLT HALTER NECK CHIFFON MAXI BEACH DRESS,4.5,30.0,85,True,17
2026-10-05,PLT,with code 10PLT PETITE PETITE EMBROIDERED SQUARE NECK FITTED SHIFT MINI DRESS,16.0,32.0,50,True,17
2026-10-05,PLT,with code 10PLT SLINKY TWIST DETAIL MAXI DRESS,5.5,26.0,79,True,17
2026-10-05,PLT,with code 10PLT LINEN LOOK BANDEAU CUT OUT BUST DETAIL MAXI DRESS,9.5,32.0,70,True,17
2026-10-05,PLT,with code 10PLT ABSTRACT CHIFFON BANDEAU OVERLAY MAXI DRESS,27.0,36.0,25,True,17
2026-10-05,PLT,with code 10PLT LACE SHEER SKIRT PANEL BANDEAU MIDAXI DRESS,13.5,60.0,78,True,17
2026-10-05,PLT,with code 10PLT WOVEN SHORT SLEEVE BOW TIE MINI DRESS,13.0,26.0,50,True,17
2026-10-05,PLT,with code 10PLT SATIN HALTER NECK CUT OUT MAXI DRESS,19.0,38.0,50,True,17
2026-10-05,PLT,with code 10PLT SLINKY TWIST DETAIL MAXI DRESS,14.25,26.0,45,True,17
2026-10-05,PLT,with code 10PLT CHEVRON KNIT DETAIL SCOOP BACK MINI DRESS,13.0,26.0,50,True,17
2026-10-05,PLT,with code 10PLT CRINKLE SATIN BUTTON DOWN FLOWY SHIFT DRESS,12.0,24.0,50,True,17
2026-10-05,PLT,with code 10PLT WOVEN SQUARE NECK MAXI DRESS,21.0,38.0,45,True,17
2026-10-05,PLT,with code 10PLT LINEN LOOK BANDEAU COLUMN DRESS,11.0,22.0,50,True,17
2026-10-05,PLT,with code 10PLT SLINKY TWIST DETAIL MAXI DRESS,4.5,26.0,83,True,17
2026-10-05,PLT,with code 10PLT FAUX LEATHER HIGH NECK RUCHED MINI DRESS,11.25,15.0,25,True,17
2026-10-05,PLT,with code 10PLT BRUSHED RIB ASYMMETRIC BODYCON DRESS,11.0,20.0,45,True,17
2026-10-05,PLT,with code 10PLT WOVEN HALTERNECK RUCHED BUST DETAIL MAXI DRESS,30.0,60.0,50,True,17
2026-10-05,PLT,with code 10PLT ANIMAL PRINT CHIFFON MINI DRESS,11.0,22.0,50,True,17
2026-10-05,PLT,with code 10PLT FLOWER CROCHET PLUNGE BEACH MAXI DRESS,17.5,35.0,50,True,17
2026-10-05,PLT,with code 10PLT SATIN TIE BACK MAXI DRESS,21.0,28.0,25,True,17
2026-10-05,PLT,with code 10PLT LEOPARD WOVEN CORSET CONTRAST DRAPED LACE BANDEAU MINI DRESS,27.0,36.0,25,True,17
2026-10-05,PLT,with code 10PLT LACE BANDEAU DRAPED MINI DRESS,27.0,36.0,25,True,17
2026-10-05,PLT,with code 10PLT MANDARIN STYLE PRINTED SATIN CAP SLEEVE KEY HOLE MINI DRESS,25.5,34.0,25,True,17
2026-10-05,PLT,with code 10PLT STRUCTURED SATIN LACE UP BANDEAU SHIFT MINI DRESS,34.5,46.0,25,True,17
2026-10-05,PLT,with code 10PLT TEAL JACQUARD VELVET CAP SLEEVE MINI DRESS,31.5,42.0,25,True,17
2026-10-05,PLT,with code 10PLT BANDAGE STRAIGHT NECK BODYCON MAXI DRESS,37.5,50.0,25,True,17
2026-10-05,PLT,with code 10PLT SHAPE SHAPE SLINKY CUT AWAY DETAIL SIDE RUCHING MINI DRESS,18.0,24.0,25,True,17
2026-10-05,PLT,with code 10PLT WOVEN CORSET CONTRAST DRAPED LACE BANDEAU MINI DRESS,27.0,36.0,25,True,17
2026-10-05,PLT,with code 10PLT SHAPE SHAPE COTTON SHOULDER PAD DRAPE BACKLESS MINI DRESS,25.5,34.0,25,True,17
2026-10-05,PLT,with code 10PLT SHAPE SHAPE V NECK PLUNGE MESH SIDE DETAIL RUCHED MAXI DESS,26.25,35.0,25,True,17
2026-10-05,PLT,with code 10PLT SHAPE SHAPE EYELET DETAIL SOFT TOUCH ONE SLEEVE MINI DRESS,20.25,27.0,25,True,17
2026-10-05,PLT,with code 10PLT WOVEN SHORT SLEEVE CINCHED LACE UP MINI SHIFT DRESS,25.5,34.0,25,True,17
2026-10-05,PLT,with code 10PLT SATIN LACE CUP DETAIL MINI DRESS,18.75,25.0,25,True,17
2026-10-05,PLT,with code 10PLT STRUCTURED WOVEN LONG SLEEVE BUTTON DETAIL MINI DRESS,34.5,46.0,25,True,17
2026-10-05,PLT,with code 10PLT SUEDE SLEEVELESS LACE UP MINI DRESS,34.5,46.0,25,True,17
2026-10-05,PLT,with code 10PLT BLUE CORSET HALTER NECK DRAPED MINI DRESS,28.5,38.0,25,True,17
2026-10-05,PLT,with code 10PLT HIGH NECK SEAM DETAIL PLEATED HEM SHIFT DRESS,34.5,46.0,25,True,17
2026-10-05,PLT,with code 10PLT PETITE PETITE LACE LONG SLEEVE LACE-UP NECK CORSET DETAIL MINI DRESS,37.8,42.0,10,True,17
2026-10-05,PLT,with code 10PLT PETITE PETITE VELVET DEVORE FRINGE TASSEL HEM DRESS,52.2,58.0,10,True,17
2026-10-05,PLT,with code 10PLT PETITE PETITE BLACK PRINTED BANDEAU COLUMN MAXI DRESS,31.5,35.0,10,True,17
2026-10-05,PLT,with code 10PLT PLUS PLUS LINEN LOOK BARDOT TIERED MAXI DRESS,15.0,30.0,50,True,17
2026-10-05,PLT,with code 10PLT PETITE PETITE LACE & SATIN MINI DRESS,12.0,24.0,50,True,17
2026-10-05,PLT,with code 10PLT GREEN HIGH NECK BANDAGE FRINGE HEM MAXI DRESS,48.75,65.0,25,True,17
2026-10-05,PLT,with code 10PLT PETITE PETITE FLOWER DETAIL MAXI DRESS,22.5,45.0,50,True,18
2026-10-05,PLT,with code 10PLT ASYMMETRIC CUT OUT DETAIL MAXI DRESS,21.0,50.0,58,True,18
2026-10-05,PLT,with code 10PLT BURGANDY LACE CUT OUT DETAIL MAXI DRESS,30.0,40.0,25,True,18
2026-10-05,PLT,with code 10PLT PLT label SATIN SWEETHEART STRUCTURED SHIFT DRESS,24.0,32.0,25,True,18
2026-10-05,PLT,with code 10PLT SHAPE SHAPE LACE DETAIL BANDAGE MINI DRESS,34.5,46.0,25,True,18
2026-10-05,PLT,with code 10PLT MESH RUCHED OVERLAY DRAPE DETAIL MAXI DRESS,39.0,52.0,25,True,18
2026-10-05,PLT,with code 10PLT STRIPED BANDEAU RUCHED MIDAXI DRESS,11.0,24.0,54,True,18
2026-10-05,PLT,with code 10PLT SEQUIN WIRE CUP DETAIL MAXI DRESS,37.5,50.0,25,True,18
2026-10-05,PLT,with code 10PLT FLORAL FRILL HEM MAXI DRESS,35.0,70.0,50,True,18
2026-10-05,PLT,with code 10PLT PREMIUM SHEER DISC SEQUIN DRAPE DETAIL MINI DRESS,25.0,50.0,50,True,18
2026-10-05,PLT,with code 10PLT CONTOUR SCULPT CAP SLEEVE BODYCON DRESS,15.0,20.0,25,True,18
2026-10-05,PLT,with code 10PLT DOUBLE LAYER SLINKY STRAPPY BODYCON DRESS,13.5,18.0,25,True,18
2026-10-05,PLT,with code 10PLT FLORAL RUFFLE A-LINE DRESS,16.75,36.0,53,True,18
2026-10-05,PLT,with code 10PLT SHAPE SHAPE PLUNGE LACE COLLUMN MAXI DRESS,28.5,38.0,25,True,18
2026-10-05,PLT,with code 10PLT SEQUIN SCARF DETAIL BANDEAU MAXI DRESS,37.5,50.0,25,True,18
2026-10-05,PLT,ICONIC PRICES PETITE PETITE BEADED CUT OUT SLEEVELESS SLINKY MINI DRESS,12.0,24.0,50,True,18
2026-10-05,PLT,with code 10PLT LACE CUT OUT DETAIL MINI DRESS,28.5,38.0,25,True,18
2026-10-05,PLT,with code 10PLT SHAPE SHAPE STRETCH SEAMLESS STRAPPY MAXI DRESS,18.0,24.0,25,True,18
2026-10-05,PLT,with code 10PLT PLT LABEL MESH ASYMMETRICAL DRAPE GODET FISHTAIL HIGH NECK MAXI DRESS,37.5,50.0,25,True,18
2026-10-05,PLT,with code 10PLT PETITE PETITE FLORAL FRILL MAXI DRESS,32.5,65.0,50,True,18
2026-10-05,PLT,with code 10PLT CONTRAST STRAPPY MAXI DRESS,48.75,65.0,25,True,18
2026-10-05,PLT,with code 10PLT PLUS PLUS LONG SLEEVE RUFFLE WRAP DRESS,16.5,22.0,25,True,18
2026-10-05,PLT,with code 10PLT PETITE PETITE PREMIUM WOVEN BELT DETAIL SHIFT DRESS,25.0,50.0,50,True,18
2026-10-05,PLT,with code 10PLT SLINKY ASYMMETRIC DETAIL DRAPE BODYCON MINI DRESS,16.5,22.0,25,True,18
2026-10-05,PLT,with code 10PLT PLT LABEL MESH DRAPE BANDEAU MAXI DRESS,43.5,58.0,25,True,18
2026-10-05,PLT,with code 10PLT WOVEN BANDEAU PLEATED HEM DETAIL MAXI DRESS,30.0,40.0,25,True,18
2026-10-05,PLT,with code 10PLT TWIST SHOULDER BODYCON DRESS,15.0,20.0,25,True,18
2026-10-05,PLT,with code 10PLT RIB FOLDOVER BARDOT BODYCON DRESS,10.5,14.0,25,True,18
2026-10-05,PLT,with code 10PLT PETITE PETITE ASYMMETRIC ONE SHOULDER FLARED SLEEVE SHIFT DRESS,15.0,20.0,25,True,18
2026-10-05,PLT,with code 10PLT BUTTON UP PLEATED HEM SHIRT DRESS,30.0,40.0,25,True,18
2026-10-05,PLT,with code 10PLT STRIPE TIE DETAIL BUTTON DOWN SHIRT DRESS,20.25,27.0,25,True,18
2026-10-05,PLT,with code 10PLT PLUS PLUS CHIFFON RUCHED RUFFLE MAXI DRESS,45.0,60.0,25,True,18
2026-10-05,PLT,with code 10PLT SHAPE SHAPE SLINKY STRAIGHT NECK SLEEVELESS BODYCON DRESS,11.25,15.0,25,True,18
2026-10-05,PLT,with code 10PLT DITSY FLORAL PRINTED CHIFFON PUFFBALL MAXI DRESS,17.0,45.0,62,True,18
2026-10-05,PLT,with code 10PLT LACE PANEL STRAPPY MAXI DRESS,21.0,28.0,25,True,18
2026-10-05,PLT,with code 10PLT BANDAGE BARDOT FRINGE TRIM MAXI DRESS,48.75,65.0,25,True,18
2026-10-05,PLT,with code 10PLT MESH OVER LAY SCARF DETAIL MAXI DRESS,18.0,24.0,25,True,18
2026-10-05,PLT,with code 10PLT SATIN BANDEAU EXTREME PUFF SHIFT DRESS,19.5,42.0,54,True,18
2026-10-05,PLT,with code 10PLT SLINKY BACKLESS MINI DRESS,13.5,18.0,25,True,18
2026-10-05,PLT,with code 10PLT PLT LABEL PLT LABEL SEQUIN SLEEVELESS DRAPE DETAIL MAXI DRESS,41.25,55.0,25,True,18
2026-10-05,PLT,with code 10PLT PLUS PLUS SCULPT OFF SHOULDER RUCHED MIDI DRESS,22.5,30.0,25,True,18
2026-10-05,PLT,with code 10PLT SATIN ASYMETRIC DRAPE MAXI DRESS,8.0,40.0,80,True,18
2026-10-05,PLT,with code 10PLT BANDAGE EMBELLISHED BANDEAU MINI DRESS,52.5,70.0,25,True,18
2026-10-05,PLT,with code 10PLT ONE SLEEVE RUCHED WOVEN BODYCON DRESS,15.0,32.0,53,True,18
2026-10-05,PLT,with code 10PLT SHAPE SHAPE KNOT DETAIL PLUNGE NECK RUCHED MAXI DRESS,19.5,26.0,25,True,18
2026-10-05,PLT,with code 10PLT SLINKY RUCHED SEAM ASYMMETRIC MAXI DRESS,13.0,35.0,63,True,18
2026-10-05,PLT,with code 10PLT SOFT TOUCH SCOOP NECK MINI DRESS,16.5,22.0,25,True,18
2026-10-05,PLT,with code 10PLT WOVEN HALTER BUTTON MAXI DRESS,25.0,50.0,50,True,18
2026-10-05,PLT,with code 10PLT CHIFFON ONE SHOULDER FEATHER DETAIL SHIFT DRESS,32.0,65.0,51,True,18
2026-10-05,PLT,with code 10PLT CHIFFON PLUNGE BEAD DETAIL MAXI DRESS,19.0,38.0,50,True,18
2026-10-05,PLT,with code 10PLT SATIN CONTRAST STRAPPY MAXI DRESS,20.5,50.0,59,True,18
2026-10-05,PLT,with code 10PLT DOUBLE LAYER SLINKY ONE SHOULDER TRIM DETAIL MAXI DRESS,22.5,30.0,25,True,18
2026-10-05,PLT,with code 10PLT STRETCH WOVEN CONTRAST TIERED SHIFT DRESS,16.5,22.0,25,True,18
2026-10-05,PLT,with code 10PLT GLITTER PLISSE RUCHED ONE SHOULDER MIDI DRESS,22.5,30.0,25,True,18
2026-10-05,PLT,with code 10PLT SATIN LACE UP BACK MAXI SLIP DRESS,21.0,28.0,25,True,18
2026-10-05,PLT,with code 10PLT PINSTRIPE PLEATED HEM DETAIL BODYCON DRESS,18.0,24.0,25,True,18
2026-10-05,PLT,with code 10PLT WOVEN BOW DETAIL SKATER MAXI DRESS,52.5,70.0,25,True,18
2026-10-05,PLT,with code 10PLT POLKA DOT COWL RUCHED DETAIL MAXI DRESS,24.0,32.0,25,True,18
2026-10-05,PLT,with code 10PLT PETITE PETITE SEAM FRONT DENIM MINI DRESS,12.5,25.0,50,True,18
2026-10-05,PLT,with code 10PLT SCARF PRINTED SATIN DRESS,30.0,40.0,25,True,18
2026-10-05,PLT,with code 10PLT RIBBED HIGH NECK SLEEVELESS BODYCON DRESS,12.0,16.0,25,True,18
2026-10-05,PLT,with code 10PLT PETITE PETITE CHIFFON COWL NECK COLLARED DRESS,24.0,32.0,25,True,18
2026-10-05,PLT,with code 10PLT CONTRAST PLEATED SKIRT MAXI DRESS,25.0,50.0,50,True,18
2026-10-05,PLT,with code 10PLT STRIPED HALTERNECK PUFFBALL DRESS,15.0,30.0,50,True,19
2026-10-05,PLT,with code 10PLT MESH CUT OUT DETAIL ONE SLEEVE MAXI DRESS,19.5,26.0,25,True,19
2026-10-05,PLT,with code 10PLT SATIN COLLARLESS CAP SLEEVE TRIM DETAIL MINI DRESS,20.0,40.0,50,True,19
2026-10-05,PLT,with code 10PLT BANDEAU SCARF DETAIL PUFFBALL MIDAXI DRESS,28.5,65.0,56,True,19
2026-10-05,PLT,with code 10PLT PETITE PETITE STRAPPY CORSET SHIFT MINI DRESS,15.5,31.0,50,True,19
2026-10-05,PLT,with code 10PLT DOUBLE LAYER SLINKY COWL NECK MAXI DRESS,12.0,30.0,60,True,19
2026-10-05,PLT,with code 10PLT RIBBED BOAT NECK LONG SLEEVE BODYCON DRESS,7.5,16.0,53,True,19
2026-10-05,PLT,with code 10PLT PLT label LACE SHEER SKIRT PANEL BANDEAU MIDAXI DRESS,45.0,60.0,25,True,19
2026-10-05,PLT,with code 10PLT CHIFFON ASYMMETRIC DROPPED WAIST HALTERNECK MAXI DRESS,25.5,34.0,25,True,19
2026-10-05,PLT,with code 10PLT TEXTURED WOVEN BEADED TASSEL HEM MINI DRESS,22.0,42.0,48,True,19
2026-10-05,PLT,with code 10PLT PLUS PLUS SCULPT BARDOT RUCHED SIDE LONG SLEEVE MAXI DRESS,30.0,40.0,25,True,19
2026-10-05,PLT,with code 10PLT FAUX SUEDE BANDEAU BODYCON MIDAXI DRESS,22.5,45.0,50,True,19
2026-10-05,PLT,with code 10PLT SHAPE SHAPE STRETCH WOVEN SQUARE NECK DROPPED HEM MAXI SHIFT DRESS,12.0,24.0,50,True,19
2026-10-05,PLT,with code 10PLT WOVEN CORSET HALTERNECK MAXI DRESS,24.0,32.0,25,True,19
2026-10-05,PLT,with code 10PLT SATIN LONG SLEEVE BOAT NECK LACE DETAIL MINI DRESS,25.5,34.0,25,True,19
2026-10-05,PLT,with code 10PLT LACE BUST DETAIL LINEN LOOK BODYCON DRESS,17.5,35.0,50,True,19
2026-10-05,PLT,with code 10PLT MESH LONG SLEEVE DROP BEAD DETAIL MAXI DRESS,22.0,50.0,56,True,19
2026-10-05,PLT,with code 10PLT WOVEN BONED CORSET CONTRAST LACE DRAPE MINI DRESS,30.0,40.0,25,True,19
2026-10-05,PLT,with code 10PLT TAILORED WOVEN STUDDED OVERSIZED BLAZER DRESS,16.0,50.0,68,True,19
2026-10-05,PLT,with code 10PLT DOUBLE LAYER SOFT TOUCH BEAD DETAIL MAXI DRESS,22.5,30.0,25,True,19
2026-10-05,PLT,with code 10PLT MESH PLUNGE CORSET SLEEVELESS MAXI DRESS,30.0,60.0,50,True,19
2026-10-05,PLT,with code 10PLT DOUBLE LAYER SLINKY RUCHED CAPE OVERLAY MAXI DRESS,26.25,35.0,25,True,19
2026-10-05,PLT,with code 10PLT STRUCTURED TIERED MAXI DRESS,26.0,55.0,53,True,19
2026-10-05,PLT,with code 10PLT ABSTRACT OMBRE PRINT MESH COWL NECK MINI DRESS,13.5,18.0,25,True,19
2026-10-05,PLT,with code 10PLT PREMIUM WOVEN CORSET PUFFBALL HEM MINI DRESS,41.25,55.0,25,True,19
2026-10-05,PLT,with code 10PLT SHAPE SHAPE JERSEY STRAPPY MAXI DRESS,10.5,14.0,25,True,19
2026-10-05,PLT,SATIN CHIFFON CAPE DETAIL MAXI DRESS,39.0,52.0,25,True,19
2026-10-05,PLT,with code 10PLT FILAGREE CAMI CONTRAST PLEAT MICRO MINI DRESS,18.76,28.0,33,True,19
2026-10-05,PLT,with code 10PLT PLUS PLUS CHIFFON OVERLAY DETAIL DRAPE MIDI DRESS,30.0,40.0,25,True,19
2026-10-05,PLT,with code 10PLT LINED MESH KNOTTED BODYCON DRESS,16.5,22.0,25,True,19
2026-10-05,PLT,with code 10PLT PETITE PETITE INVISIBLE STRAP KNOT WAISTBAND CHIFFON MAXI DRESS,22.5,45.0,50,True,19
2026-10-05,PLT,with code 10PLT PLUS PLUS FLORAL PRINT BANDEAU EXTREME PUFFBALL DRESS,17.0,42.0,60,True,19
2026-10-05,PLT,with code 10PLT NYLON PUFFBALL DRESS,45.0,60.0,25,True,19
2026-10-05,PLT,with code 10PLT SLINKY LONG SLEEVE WRAP TWIST DETAIL MINI DRESS,19.5,26.0,25,True,19
2026-10-05,PLT,with code 10PLT DOUBLE LAYER SLINKY RACER NECK BEAD DETAIL MINI DRESS,18.0,24.0,25,True,19
2026-10-05,PLT,with code 10PLT SLINKY LONG SLEEVE WRAP TWIST DETAIL MINI DRESS,13.0,26.0,50,True,19
2026-10-05,PLT,with code 10PLT PLUS PLUS WOVEN BANDEAU RUCHED SKATER MIDAXI DRESS,52.5,70.0,25,True,19
2026-10-05,PLT,with code 10PLT TIERED STRAPPY MAXI DRESS,20.0,50.0,60,True,19
2026-10-05,PLT,with code 10PLT SATIN TWIST PLUNGE HALTERNECK MAXI DRESS,41.25,55.0,25,True,19
2026-10-05,PLT,with code 10PLT DRAPE TIE DETAIL BANDEAU BODYCON DRESS,18.0,24.0,25,True,19
2026-10-05,PLT,with code 10PLT DOUBLE LAYER SLINKY TWIST DRESS,16.5,22.0,25,True,19
2026-10-05,PLT,with code 10PLT DEEP SLINKY HIGH NECK DRAPE DETAIL BACKLESS MAXI DRESS,22.5,30.0,25,True,19
2026-10-05,PLT,with code 10PLT PLUS PLUS DEVORE TASSEL DETAIL UNDERWIRED DRAPED MIDI DRESS,37.5,50.0,25,True,19
2026-10-05,PLT,with code 10PLT SLINKY CUT OUT WAIST RING DETAIL BODYCON DRESS,19.5,26.0,25,True,19
2026-10-05,PLT,with code 10PLT SATIN PLUNGE EXTREME FRILL HEM MAXI DRESS,45.5,65.0,30,True,19
2026-10-05,PLT,with code 10PLT CORSET PLUNGE DRAPE MAXI DRESS,19.0,38.0,50,True,19
2026-10-05,PLT,with code 10PLT PETITE PETITE TWIST SHOULDER SLINKY MAXI DRESS,19.5,26.0,25,True,19
2026-10-05,PLT,with code 10PLT WOVEN CUP DETAIL SATIN SKIRT MINI DRESS,21.0,28.0,25,True,19
2026-10-05,PLT,with code 10PLT TEXTURE V NECK BELT SHIFT DRESS,17.0,36.0,53,True,19
2026-10-05,PLT,with code 10PLT PETITE PETITE CONTOUR RIB BUTTON THROUGH MINI DRESS,19.5,26.0,25,True,19
2026-10-05,PLT,with code 10PLT WOVEN TAILORED HOOK AND EYE BLAZER DRESS,30.0,40.0,25,True,19
2026-10-05,PLT,with code 10PLT TEXTURED V NECK BODICE DETAIL SHIFT DRESS,18.75,25.0,25,True,19
2026-10-05,PLT,with code 10PLT PETITE PETITE POLKA DOT PUFFBALL SHIFT DRESS,13.0,26.0,50,True,19
2026-10-05,PLT,with code 10PLT DOUBLE LAYER SLINKY PLUNGE ROPE DETAIL MINI DRESS,18.0,24.0,25,True,19
2026-10-05,PLT,with code 10PLT PREMIUM SHEER DISC SEQUIN SCARF DETAIL BANDEAU MAXI DRESS,35.0,65.0,46,True,19
2026-10-05,PLT,ICONIC PRICES WOVEN BUTTON DETAIL SHIFT MINI DRESS,19.0,40.0,53,True,19
2026-10-05,PLT,with code 10PLT RACER NECK COWL BACK MINI DRESS,12.0,16.0,25,True,19
2026-10-05,PLT,with code 10PLT DOUBLE LAYER SLINKY ASYMMETRICAL KNOTTED MAXI DRESS,7.5,22.0,66,True,19
2026-10-05,PLT,with code 10PLT PLT LABEL PLT LABEL DOUBLE LAYER SLINKY TRIM DETAIL ASYMMETRIC PLUNGE MAXI DRESS,27.5,55.0,50,True,19
2026-10-05,PLT,with code 10PLT DOUBLE LAYER SLINKY LONG SLEEVE SHOULDER PAD DRAPE MAXI DRESS,23.25,31.0,25,True,19
2026-10-05,PLT,with code 10PLT MESH HALTER NECK SATIN DRAPE SKIRT MINI DRESS,25.5,34.0,25,True,19
2026-10-05,PLT,with code 10PLT PLT LABEL PLT LABEL SHEER KNITTED MAXI DRESS,26.8,40.0,33,True,19
2026-10-05,PLT,with code 10PLT SNAKE CHIFFON SHELL TRIM MAXI DRESS,15.0,50.0,70,True,19
2026-10-05,PLT,with code 10PLT STRUCTURED WOVEN STRAIGHT NECK CORSET DETAIL MINI SHIFT DRESS,28.5,38.0,25,True,19
2026-10-05,PLT,with code 10PLT BOW HALTERNECK SLEEVELESS MAXI DRESS,19.0,48.0,60,True,19
2026-10-05,PLT,with code 10PLT DOUBLE LAYER SLINKY ASYMMETRIC CUT OUT DRAPE MAXI DRESS,13.5,34.0,60,True,19
2026-10-05,PLT,with code 10PLT SHAPE SHAPE STRETCH WOVEN BOAT NECK RUCHED SIDE MINI DRESS,18.75,25.0,25,True,19
2026-10-05,PLT,with code 10PLT CHECK PRINT MESH MAXI DRESS,15.0,20.0,25,True,19
2026-10-05,PLT,with code 10PLT BLUE FLORAL CHIFFON TIE FRONT MINI DRESS,28.5,38.0,25,True,19
2026-10-05,PLT,with code 10PLT DOUBLE LAYER SLINKY SHORT SLEEVE PLUNGE RUCHED MINI DRESS,19.5,26.0,25,True,20
2026-10-05,PLT,with code 10PLT DEEP OLIVE SLINKY PLUNGE WRAP MAXI DRESS,22.5,30.0,25,True,20
2026-10-05,PLT,with code 10PLT BASIC SIMPLE MAXI DRESS,7.5,10.0,25,True,20
2026-10-05,PLT,SHAPE SHAPE MESH CORSETED DETAIL RUCHED BODYCON DRESS,24.0,32.0,25,True,20
2026-10-05,PLT,with code 10PLT CHECK SHIRRED CAP SLEEVE SHIFT DRESS,12.0,35.0,66,True,20
2026-10-05,PLT,with code 10PLT CROCHET O RING MAXI BEACH DRESS,24.0,32.0,25,True,20
2026-10-05,PLT,with code 10PLT SHAPE SHAPE LACE BOAT NECK MINI DRESS,22.5,30.0,25,True,20
2026-10-05,PLT,with code 10PLT PLT label LACE STRUCTURED SHORT SLEEVE WRAP SHIRT DRESS,23.0,46.0,50,True,20
2026-10-05,PLT,with code 10PLT PLUS PLUS EMBROIDERED COTTON HALTERNECK MIDAXI DRESS,30.0,40.0,25,True,20
2026-10-05,PLT,with code 10PLT SATIN TIE SHOULDER MAXI DRESS,14.5,36.0,60,True,20
2026-10-05,PLT,with code 10PLT SATIN EXTREME COWL NECK MINI DRESS,24.0,32.0,25,True,20
2026-10-05,PLT,with code 10PLT BANDEAU PLEATED MIDAXI DRESS,12.0,40.0,70,True,20
2026-10-05,PLT,with code 10PLT MANDARIN STYLE LACE PUFF SLEEVE MINI DRESS,28.5,38.0,25,True,20
2026-10-05,PLT,with code 10PLT PETITE PETITE DENIM BANDEAU MINI DRESS,12.0,24.0,50,True,20
2026-10-05,PLT,with code 10PLT LINEN LOOK SHIRRED WAIST MAXI DRESS,18.0,35.0,49,True,20
2026-10-05,PLT,with code 10PLT PREMIUM RACER FRILL HEM BODYCON DRESS,27.5,55.0,50,True,20
2026-10-05,PLT,with code 10PLT STRIPE RIBBED COLLAR DETAIL BODYCON MINI DRESS,8.5,22.0,61,True,20
2026-10-05,PLT,with code 10PLT DOUBLE LAYER SLINKY LONG SLEEVE MINI DRESS,5.5,18.0,69,True,20
2026-10-05,PLT,with code 10PLT PLUS PLUS FLORAL PRINTED HIGH NECK SHIFT DRESS,17.0,42.0,60,True,20
2026-10-05,PLT,with code 10PLT CROCHET TASSEL HEM MAXI BEACH DRESS,18.0,38.0,53,True,20
2026-10-05,PLT,with code 10PLT CHIFFON BANDEAU DRAPED SCARF MAXI DRESS,22.5,30.0,25,True,20
2026-10-05,PLT,with code 10PLT BANDAGE SWEETHEART MINI DRESS,37.5,50.0,25,True,20
2026-10-05,PLT,with code 10PLT CHIFFON SCARF DETAIL SKORT PLAYSUIT,31.5,42.0,25,True,20
2026-10-05,PLT,with code 10PLT SEQUIN COWL BEAD DETAIL BODYCON MINI DRESS,23.0,48.0,52,True,20
2026-10-05,PLT,with code 10PLT CONTRAST STITCH DENIM SHIRT DRESS,21.0,28.0,25,True,20
2026-10-05,PLT,with code 10PLT MARL SOFT TOUCH ASYMMETRIC NECK HANKY HEM MIDAXI DRESS,18.75,25.0,25,True,20
2026-10-05,PLT,with code 10PLT FAUX SUEDE FRILL HEM SHIFT DRESS,26.25,35.0,25,True,20
2026-10-05,PLT,with code 10PLT STRETCH WOVEN RUCHED DETAIL BODYCON DRESS,15.0,20.0,25,True,20
2026-10-05,PLT,with code 10PLT APRICOT LACE DETAIL OPEN BACK MAXI DRESS,20.0,40.0,50,True,20
2026-10-05,PLT,with code 10PLT PETITE PETITE POLKA DOT HALTERNECK SHIFT MINI DRESS,18.75,25.0,25,True,20
2026-10-05,PLT,with code 10PLT SEQUIN KNIT O RING MINI BEACH DRESS,26.25,35.0,25,True,20
2026-10-05,PLT,with code 10PLT SEQUIN HALTER NECK LACE UP MINI DRESS,19.0,38.0,50,True,20
2026-10-05,PLT,with code 10PLT WOVEN WRAP HEM BLAZER DRESS,33.75,45.0,25,True,20
2026-10-05,PLT,with code 10PLT FLORAL ASYMMETRIC FRILL SPLIT MAXI DRESS,20.0,40.0,50,True,20
2026-10-05,PLT,with code 10PLT SOFT JERSEY BARDOT ASYMMETRIC HEM MIDAXI DRESS,8.0,22.0,64,True,20
2026-10-05,PLT,with code 10PLT SATIN COLLARLESS CAP SLEEVE TRIM DETAIL MINI DRESS,30.0,40.0,25,True,20
2026-10-05,PLT,with code 10PLT WOVEN PLEATED SHIFT BLAZER DRESS,33.75,45.0,25,True,20
2026-10-05,PLT,with code 10PLT SLINKY RUCHED SEAM MAXI DRESS,10.5,30.0,65,True,20
2026-10-05,PLT,with code 10PLT WOVEN SLEEVELESS WAISTCOAT CHIFFON PLEATED HEM MAXI DRESS,39.0,52.0,25,True,20
2026-10-05,PLT,with code 10PLT PETITE PETITE STRAPPY CORSET SHIFT MINI DRESS,23.25,31.0,25,True,20
2026-10-05,PLT,with code 10PLT BUTTER SOFT LACE PANEL COWL NECK MAXI DRESS,11.0,28.0,61,True,20
2026-10-05,PLT,with code 10PLT PLUS PLUS CHIFFON STRAPPY MAXI DRESS,18.75,25.0,25,True,20
2026-10-05,PLT,with code 10PLT SOFT TOUCH JERSEY CAP SLEEVE BODYCON DRESS,11.25,15.0,25,True,20
2026-10-05,PLT,with code 10PLT PLUS PLUS POLKA DOT BANDEAU PUFF SLEEVE MIDI DRESS,21.0,28.0,25,True,20
2026-10-05,PLT,with code 10PLT HIGH NECK COWL BACKLESS BODYCON DRESS,13.5,18.0,25,True,20
2026-10-05,PLT,with code 10PLT SOFT TOUCH JERSEY BARDOT BODYCON DRESS,13.5,18.0,25,True,20
2026-10-05,PLT,with code 10PLT CAP SLEEVE MINI CURVED SHIFT DRESS,23.25,31.0,25,True,20
2026-10-05,PLT,with code 10PLT SLINKY ASYMMETRIC PLUNGE WIRED MINI DRESS,16.5,22.0,25,True,20
2026-10-05,PLT,with code 10PLT HOTFIX HALTERNECK BACKLESS MAXI DRESS,52.5,70.0,25,True,20
2026-10-05,PLT,with code 10PLT TEXTURE V NECK BELT SHIFT DRESS,18.5,38.0,51,True,20
2026-10-05,PLT,with code 10PLT CHIFFON FLOWER BUST DETAIL MINI DRESS,11.5,32.0,64,True,20
2026-10-05,PLT,with code 10PLT SLINKY KNOT DRAPE MIDAXI DRESS,11.0,22.0,50,True,20
2026-10-05,PLT,with code 10PLT FINE KNIT TWIST NECK MAXI DRESS,20.1,30.0,33,True,20
2026-10-05,PLT,with code 10PLT CROCHET KNIT DROPPED WAIST TRIM DETAIL DRESS,12.5,32.0,61,True,20
2026-10-05,PLT,with code 10PLT PLT LABEL TAILORED ASYMMETRICAL CUT OUT BLAZER DRESS,48.75,65.0,25,True,20
2026-10-05,PLT,with code 10PLT WOVEN TRIM WRAP MINI DRESS,17.0,34.0,50,True,20
2026-10-05,PLT,with code 10PLT WOVEN BOW DETAIL MAXI DRESS,28.5,38.0,25,True,20
2026-10-05,PLT,with code 10PLT PLT LABEL VELVET CONTRAST SATIN RUCHED BODYCON DRESS,33.75,45.0,25,True,20
2026-10-05,PLT,with code 10PLT WOVEN TAILORED BUTTON DETAIL MINI DRESS,14.0,40.0,65,True,20
2026-10-05,PLT,with code 10PLT SLINKY KNOT DRAPE MIDAXI DRESS,16.5,22.0,25,True,20
2026-10-05,PLT,with code 10PLT PETITE PETITE RUFFLE DETAIL HALTERNECK CHIFFON MAXI DRESS,20.0,40.0,50,True,20
2026-10-05,PLT,with code 10PLT SATIN RACER ASYMMETRIC CHIFFON MAXI DRESS,28.5,38.0,25,True,20
2026-10-05,PLT,with code 10PLT CONTRAST SATIN HIGH NECK KNOT DETAIL BODYCON MAXI DRESS,33.0,44.0,25,True,20
2026-10-05,PLT,with code 10PLT FLORAL EMBROIDERED MAXI DRESS,19.0,40.0,53,True,20
2026-10-05,PLT,with code 10PLT PLUS PLUS SLINKY ASYMMETRICAL NECK MIDI DRESS,25.5,34.0,25,True,20
2026-10-05,PLT,with code 10PLT MARL SOFT TOUCH SLOUCHY SLEEVE BODYCON DRESS,16.5,22.0,25,True,20
2026-10-05,PLT,with code 10PLT CHAMBRAY CONTRAST SEAM DETAIL SHIFT DRESS,31.5,42.0,25,True,21
2026-10-05,PLT,with code 10PLT CONTRAST WOVEN BANDEAU BUTTON DETAIL MINI DRESS,27.0,36.0,25,True,21
2026-10-05,PLT,with code 10PLT SHAPE SHAPE BOUCLE SQUARE NECK LAYERED HAMMERED BUTTON MINI DRESS,22.5,45.0,50,True,21
2026-10-05,PLT,with code 10PLT DOUBLE LAYER BANDEAU TRIM MINI DRESS,9.5,24.0,60,True,21
2026-10-05,PLT,with code 10PLT TALL TALL DEEP DOUBLE LAYER SLINKY BACKLESS RING DETAIL RUCHED MAXI DRESS,22.5,30.0,25,True,21
2026-10-05,PLT,with code 10PLT ABSTRACT PRINT COWL NECK MAXI DRESS,15.0,34.0,56,True,21
2026-10-05,PLT,with code 10PLT PLT label TALL TALL TEXTURED BEADED STRAPPY MAXI DRESS,19.5,26.0,25,True,21
2026-10-05,PLT,with code 10PLT SATIN BONED LACE DETAIL CORSET BODYCON DRESS,18.0,24.0,25,True,21
2026-10-05,PLT,with code 10PLT SATIN BANDEAU EXTREME PUFF SHIFT DRESS,16.0,40.0,60,True,21
2026-10-05,PLT,with code 10PLT WOVEN STRAIGHT NECK SLEEVELESS SHIFT DRESS,18.0,32.0,44,True,21
2026-10-05,PLT,ICONIC PRICES SHOULDER PAD BOAT NECK BODYCON DRESS,19.5,26.0,25,True,21
2026-10-05,PLT,with code 10PLT SLINKY CROSS WRAP MAXI DRESS,21.0,28.0,25,True,21
2026-10-05,PLT,with code 10PLT STRETCH WOVEN BUTTON DOWN ASYMMETRIC SHIFT DRESS,11.75,25.0,53,True,21
2026-10-05,PLT,with code 10PLT CROCHET FRINGE HEM BARDOT KNITTED DRESS,22.78,34.0,33,True,21
2026-10-05,PLT,with code 10PLT LIGHT DEVORE LONG SLEEVE MAXI DRESS,23.25,31.0,25,True,21
2026-10-05,PLT,with code 10PLT PLUS PLUS WOVEN PLEATED SLASH NECK SHIFT DRESS,28.5,38.0,25,True,21
2026-10-05,PLT,with code 10PLT MESH FLORAL PRINT LONG SLEEVE SHOULDER PAD BACKLESS MAXI DRESS,30.0,40.0,25,True,21
2026-10-05,PLT,with code 10PLT PLUS PLUS RUCHED MESH BACKLESS MAXI DRESS,18.0,45.0,60,True,21
2026-10-05,PLT,with code 10PLT WOVEN V NECK LONG SLEEVE MINI DRESS,33.75,45.0,25,True,21
2026-10-05,PLT,with code 10PLT CONTRAST PLEATED HEM SQUARE NECK MIDAXI DRESS,22.5,45.0,50,True,21
2026-10-05,PLT,with code 10PLT PETITE PETITE LACE HALTERNECK BUBBLE MINI DRESS,15.5,31.0,50,True,21
2026-10-05,PLT,with code 10PLT TRIM HALTER NECK KNITTED MAXI DRESS,13.0,26.0,50,True,21
2026-10-05,PLT,with code 10PLT MESH HALTER NECK SATIN DRAPE SKIRT MAXI DRESS,30.0,40.0,25,True,21
2026-10-05,PLT,with code 10PLT PLUS PLUS SCOOP NECK SLEEVELESS MAXI DRESS,25.5,34.0,25,True,21
2026-10-05,PLT,with code 10PLT LINEN LOOK BANDEAU COLUMN DRESS,7.75,22.0,65,True,21
2026-10-05,PLT,with code 10PLT PLUS PLUS WATERCOLOUR PRINTED PLISSE COWL NECK MAXI DRESS,21.0,28.0,25,True,21
2026-10-05,PLT,with code 10PLT SLINKY DRAPE DETAIL RUCHED BODYCON DRESS,30.0,40.0,25,True,21
2026-10-05,PLT,with code 10PLT WOVEN BANDEAU LACE HEM MAXI DRESS,15.0,30.0,50,True,21
2026-10-05,PLT,with code 10PLT OMBRE CHIFFON BACK DRAPE FRINGE HEM MAXI DRESS,33.0,44.0,25,True,21
2026-10-05,PLT,with code 10PLT PLUS PLUS CHIFFON ONE SHOULDER MAXI DRESS,26.25,35.0,25,True,21
2026-10-05,PLT,with code 10PLT SEQUIN ASYMMETRIC MINI DRESS,25.5,34.0,25,True,21
2026-10-05,PLT,with code 10PLT PLUNGE PUFF HEM BLAZER DRESS,37.5,50.0,25,True,21
2026-10-05,PLT,with code 10PLT DOUBLE CONTOUR BOAT NECK RUCHED BODYCON DRESS,16.5,22.0,25,True,21
2026-10-05,PLT,with code 10PLT POLKA DOT SATIN HALTERNECK FRILL MAXI DRESS,21.0,60.0,65,True,21
2026-10-05,PLT,with code 10PLT MANDARIN STYLE SATIN FLORAL PRINT CONTRAST BINDING PUFFBALL MINI DRESS,26.25,35.0,25,True,21
2026-10-05,PLT,with code 10PLT CHIFFON STRAPPY PLEATED BELT DETAIL MAXI DRESS,15.75,45.0,65,True,21
2026-10-05,PLT,with code 10PLT SLINKY WRAP SCARF MINI DRESS,14.0,28.0,50,True,21
2026-10-05,PLT,with code 10PLT POPLIN PLEATED FLARED SLEEVE SHIRT DRESS,24.0,32.0,25,True,21
2026-10-05,PLT,with code 10PLT FLORAL PLUNGE FRILL MAXI DRESS,30.0,65.0,54,True,21
2026-10-05,PLT,with code 10PLT SHAPE SHAPE STRETCH WOVEN DIPPED WAIST MINI SKATER DRESS,19.5,26.0,25,True,21
2026-10-05,PLT,with code 10PLT SHORT SLEEVE HIGH V NECK KNITTED MINI DRESS,16.75,25.0,33,True,21
2026-10-05,PLT,with code 10PLT RUCHED SCARF DROPPED WAIST MAXI DRESS,16.0,35.0,54,True,21
2026-10-05,PLT,with code 10PLT PRINTED HIGH NECK SLEEVELESS MAXI DRESS,26.25,35.0,25,True,21
2026-10-05,PLT,with code 10PLT FLORAL PRINT WOVEN BANDEAU RUCHED SKATER MIDAXI DRESS,28.0,70.0,60,True,21
2026-10-05,PLT,with code 10PLT SATIN HIGH NECK FLARED SLEEVE MAXI DRESS,33.75,45.0,25,True,21
2026-10-05,PLT,with code 10PLT PRINT MESH LETTUCE HEM BANDEAU BODYCON DRESS,12.0,16.0,25,True,21
2026-10-05,PLT,with code 10PLT TEXTURED WOVEN EXTREME PLUNGE BELL CUFF SHIRT DRESS,25.5,34.0,25,True,21
2026-10-05,PLT,with code 10PLT PLUS PLUS SLINKY HALTERNECK BUCKLE DETAIL MAXI DRESS,11.5,30.0,62,True,21
2026-10-05,PLT,with code 10PLT MESH SCOOP FRINGE HEM MINI DRESS,31.5,42.0,25,True,21
2026-10-05,PLT,with code 10PLT LONG SLEEVE RAW HEM DENIM SHIRT DRESS,16.0,40.0,60,True,21
2026-10-05,PLT,with code 10PLT CHIFFON MAXI DRESS,27.0,36.0,25,True,21
2026-10-05,PLT,with code 10PLT DOUBLE LAYER SLINKY PLUNGE RUCHED ASYMMETRIC HEM MIDAXI DRESS,22.5,30.0,25,True,21
2026-10-05,PLT,with code 10PLT SHAPE SHAPE SCULPT BEADED MAXI DRESS,14.0,28.0,50,True,21
2026-10-05,PLT,with code 10PLT PLUS PLUS DOUBLE LAYER SLINKY BARDOT RUCHED MAXI DRESS,27.0,36.0,25,True,21
2026-10-05,PLT,with code 10PLT CONTRAST STRIPE BOAT NECK SHIFT DRESS,13.0,24.0,46,True,21
2026-10-05,PLT,with code 10PLT STRIPED HALTERNECK SHIFT DRESS,15.0,20.0,25,True,21
2026-10-05,PLT,with code 10PLT CREAM LACE KEY HOLE CORSET SATIN DRAPE MINI DRESS,17.0,34.0,50,True,21
2026-10-05,PLT,with code 10PLT SHAPE SHAPE CORSETED RUCHED MESH INSERT SIDE MINI DRESS,14.0,35.0,60,True,21
2026-10-05,PLT,with code 10PLT STRIPED HALTERNECK SHIFT DRESS,10.0,20.0,50,True,21
2026-10-05,PLT,with code 10PLT COLLAR DETAIL GODET SLEEVELESS MAXI DRESS,22.0,55.0,60,True,21
2026-10-05,PLT,with code 10PLT SATIN CORSET FLOWER DRAPE SHIFT DRESS,27.0,36.0,25,True,21
2026-10-05,PLT,with code 10PLT TALL TALL GOLD CUFF DETAIL KNITTED MAXI DRESS,15.0,30.0,50,True,21
2026-10-05,PLT,ICONIC PRICES CHIFFON FLOWER BUST DETAIL MINI DRESS,10.5,26.0,60,True,21
2026-10-05,PLT,with code 10PLT PLT LABEL PLT LABEL LACE EXTREME SHOULDER PLUNGE RUCHED SLINKY MAXI DRESS,40.0,80.0,50,True,21
2026-10-05,PLT,with code 10PLT CONTRAST POLKA DOT HALTERNECK MAXI DRESS,25.0,50.0,50,True,21
2026-10-05,PLT,with code 10PLT SEQUIN HALTERNECK MAXI DRESS,41.25,55.0,25,True,21
2026-10-05,PLT,with code 10PLT TAILORED GOLD BUTTON BLAZER DRESS,41.25,55.0,25,True,21
2026-10-05,PLT,with code 10PLT JERSEY HIGH NECK CAP SLEEVE BODYCON DRESS,7.5,10.0,25,True,21
2026-10-05,PLT,with code 10PLT WOVEN CAP SLEEVE TRIM WAIST DETAIL BODYCON DRESS,27.0,36.0,25,True,21
2026-10-05,PLT,with code 10PLT FLOATY WOVEN BANDEAU MAXI DRESS,12.0,30.0,60,True,21
2026-10-05,PLT,with code 10PLT WOVEN FEATHER CUFF BLAZER DRESS,48.75,65.0,25,True,21
2026-10-05,PLT,with code 10PLT PETITE PETITE TEXTURED JERSEY FITTED MINI DRESS,9.5,24.0,60,True,22
2026-10-05,PLT,with code 10PLT STRETCH WOVEN BANDEAU RUCHED MAXI DRESS,15.0,30.0,50,True,22
2026-10-05,PLT,with code 10PLT CHIFFON TRIM DETAIL DRAPE MAXI DRESS,20.0,40.0,50,True,22
2026-10-05,PLT,with code 10PLT CHIFFON COWL NECK RUCHED SCARF DETAIL SHIFT MINI DRESS,15.0,30.0,50,True,22
2026-10-05,PLT,with code 10PLT SLINKY LACE HIGH NECK CUT OUT MAXI DRESS,22.5,30.0,25,True,22
2026-10-05,PLT,with code 10PLT ASYMMETRIC PANELLED FLOATY MAXI DRESS,18.75,25.0,25,True,22
2026-10-05,PLT,with code 10PLT PLT label SHORT SLEEVE DROPPED WAIST KNITTED MINI DRESS,10.5,28.0,63,True,22
2026-10-05,PLT,with code 10PLT VELVET TWIST BANDEAU MAXI DRESS,21.0,28.0,25,True,22
2026-10-05,PLT,with code 10PLT MINI POLKA DOT FRILL HEM BANDEAU MINI DRESS,16.0,50.0,68,True,22
2026-10-05,PLT,with code 10PLT SLINKY CUT OUT RUCHED HIGH NECK MINI DRESS,18.0,24.0,25,True,22
2026-10-05,PLT,with code 10PLT SOFT KNIT BUTTON THROUGH MINI DRESS,17.42,26.0,33,True,22
2026-10-05,PLT,with code 10PLT SATIN RUCHED OVERLAY MINI DRESS,15.5,45.0,66,True,22
2026-10-05,PLT,with code 10PLT ABSTRACT PRINTED MESH MINI DRESS,18.0,24.0,25,True,22
2026-10-05,PLT,with code 10PLT JERSEY BUTTON DETAIL SCOOP BODYCON DRESS,21.0,28.0,25,True,22
2026-10-05,PLT,with code 10PLT PETITE PETITE FLORAL BEADED HALTNERNECK FLOWY MINI DRESS,15.25,34.0,55,True,22
2026-10-05,PLT,with code 10PLT SLINKY TRIM DETAIL WRAP LONG SLEEVE MINI DRESS,18.0,24.0,25,True,22
2026-10-05,PLT,with code 10PLT LINEN LOOK SHIRRED WAIST MAXI DRESS,20.0,35.0,43,True,22
2026-10-05,PLT,with code 10PLT CROCHET FRINGED BEACH MAXI DRESS,20.25,27.0,25,True,22
2026-10-05,PLT,with code 10PLT CHIFFON SHIRRED TIERED MAXI DRESS,22.5,45.0,50,True,22
2026-10-05,PLT,with code 10PLT PLUS PLUS SLINKY MAXI DRESS WITH SIDE DRAPE DETAIL,24.0,32.0,25,True,22
2026-10-05,PLT,with code 10PLT CHECK BUTTON DOWN LONG SLEEVE SHIRT DRESS,27.0,36.0,25,True,22
2026-10-05,PLT,with code 10PLT PETITE PETITE BUTTON DETAIL LONG SLEEVE DENIM DRESS,30.0,40.0,25,True,22
2026-10-05,PLT,with code 10PLT SATIN CAP SLEEVE MINI DRESS,21.0,28.0,25,True,22
2026-10-05,PLT,with code 10PLT SATIN SHIFT MINI DRESS,18.0,34.0,47,True,22
2026-10-05,PLT,ICONIC PRICES SUEDE CORSET DETAIL MINI SHIFT DRESS,30.0,40.0,25,True,22
2026-10-05,PLT,with code 10PLT SOFT TOUCH ONE SHOULDER WRAP DETAIL MINI DRESS,18.0,24.0,25,True,22
2026-10-05,PLT,with code 10PLT PEACHSKIN RUCHED MESH BODYCON MINI DRESS,28.5,38.0,25,True,22
2026-10-05,PLT,with code 10PLT EMBROIDERED CUT OUT STRAPPY MAXI DRESS,25.0,50.0,50,True,22
2026-10-05,PLT,with code 10PLT STRIPED DROPPED WAIST CAMI STRAP KNITTED MINI DRESS,21.44,32.0,33,True,22
2026-10-05,PLT,with code 10PLT WOVEN LACE DETAIL CORSET BANDEAU A-LINE DRESS,26.25,35.0,25,True,22
2026-10-05,PLT,with code 10PLT DOUBLE LAYER SLINKY BAGGED OVER MINI DRESS,9.5,28.0,66,True,22
2026-10-05,PLT,with code 10PLT SATIN TWIST MINI DRESS,12.5,34.0,63,True,22
2026-10-05,PLT,with code 10PLT WOVEN BUTTON UP MINI DRESS,26.25,35.0,25,True,22
2026-10-05,PLT,with code 10PLT TAILORED MILITARY DETAIL FITTED SHIFT DRESS,33.75,45.0,25,True,22
2026-10-05,PLT,with code 10PLT DOUBLE MESH RUCHED WAIST MIDI DRESS,19.0,38.0,50,True,22
2026-10-05,PLT,with code 10PLT WOVEN ONE SHOULDER DRAPE DETAIL PUFFBALL MINI DRESS,31.5,42.0,25,True,22
2026-10-05,PLT,with code 10PLT SATIN BANDEAU EXTREME PUFF SHIFT DRESS,31.5,42.0,25,True,22
2026-10-05,PLT,with code 10PLT SATIN BUTTON LONG SLEEVE BLAZER DRESS,37.5,50.0,25,True,22
2026-10-05,PLT,with code 10PLT SHAPE SHAPE CUT OUT BACK BOAT NECK FISHTAIL MAXI DRESS,18.75,25.0,25,True,22
2026-10-05,PLT,with code 10PLT CORSET DETAIL TIE SHIFT DRESS,15.0,30.0,50,True,22
2026-10-05,PLT,with code 10PLT PLT LABEL MESH ASYMMETRICAL DRAPE BANDEAU MINI DRESS,28.5,38.0,25,True,22
2026-10-05,PLT,with code 10PLT CHIFFON CONTRAST LACE SHIFT DRESS,25.5,34.0,25,True,22
2026-10-05,PLT,with code 10PLT KNITTED ROLL NECK JUMPER DRESS,20.0,26.0,23,True,22
2026-10-05,PLT,ICONIC PRICES PLEATED HEM DETAIL SHIFT DRESS,12.0,24.0,50,True,22
2026-10-05,PLT,with code 10PLT SATIN BOAT MINI DRESS,6.0,26.0,77,True,22
2026-10-05,PLT,with code 10PLT BANDAGE STRAIGHT NECK BODYCON MAXI DRESS,45.0,60.0,25,True,22
2026-10-05,PLT,with code 10PLT TALL TALL STRETCH DENIM DROP WAIST MIDAXI DRESS,28.5,38.0,25,True,22
2026-10-05,PLT,with code 10PLT CHIFFON HALTERNECK MAXI DRESS,19.0,45.0,58,True,22
2026-10-05,PLT,with code 10PLT SLINKY RUCHED LOW BACK MINI DRESS,21.0,28.0,25,True,22
2026-10-05,PLT,with code 10PLT SHAPE SHAPE SCULPT V NECK LONG SLEEVE MAXI DRESS,21.0,28.0,25,True,22
2026-10-05,PLT,with code 10PLT POLKA DOT CHIFFON HALTERNECK MAXI DRESS,34.5,46.0,25,True,22
2026-10-05,PLT,with code 10PLT FLORAL BARDOT FRILL HEM SHIFT DRESS,15.0,30.0,50,True,22
2026-10-05,PLT,with code 10PLT PREMIUM LACE TIERED RUFFLE FRILL HALTERNECK MAXI DRESS,30.0,60.0,50,True,22
2026-10-05,PLT,with code 10PLT TRIM DETAIL SHIFT DRESS,11.0,28.0,61,True,22
2026-10-05,PLT,with code 10PLT V NECK FRILL MAXI DRESS,45.0,60.0,25,True,22
2026-10-05,PLT,with code 10PLT FRILL HALTERNECK SLEEVELESS MAXI DRESS,18.0,45.0,60,True,22
2026-10-05,PLT,with code 10PLT RIB CORSET SEAM SQUARE NECK MINI BODYCON DRESS,16.5,22.0,25,True,22
2026-10-05,PLT,SHAPE SHAPE SLINKY GOLD TRIM BACK DETAIL MAXI DRESS,23.25,31.0,25,True,22
2026-10-05,PLT,with code 10PLT ABSTRACT FRILL HEM MAXI DRESS,28.0,70.0,60,True,22
2026-10-05,PLT,with code 10PLT PALE PAISLEY PRINTED SATIN FLUTE SLEEVE MAXI DRESS,22.5,30.0,25,True,22
2026-10-05,PLT,with code 10PLT SATIN CONTRAST HALTER NECK MAXI DRESS,10.0,40.0,75,True,22
2026-10-05,PLT,with code 10PLT SLINKY TRIM BELT DETAIL MINI SHIFT DRESS,22.5,30.0,25,True,22
2026-10-05,PLT,with code 10PLT BANDEAU CORSAGE FRILL DETAIL MIDAXI DRESS,19.0,38.0,50,True,22
2026-10-05,PLT,with code 10PLT PLT LABEL PLT LABEL LACE CORSET LONG SLEEVE MIDAXI DRESS,36.0,48.0,25,True,23
2026-10-05,PLT,with code 10PLT TEXTURED STRAPPY CORSET PUFFBALL DRESS,20.0,50.0,60,True,23
2026-10-05,PLT,with code 10PLT FAUX SUEDE STRUCTURED BLAZER DRESS,48.75,65.0,25,True,23
2026-10-05,PLT,with code 10PLT BANDAGE HIGH NECK MINI DRESS,37.5,50.0,25,True,23
2026-10-05,PLT,with code 10PLT BLACK MESH HIGH NECK FRILL MAXI DRESS,21.0,28.0,25,True,23
2026-10-05,PLT,with code 10PLT PLT label PLUS PLUS DRAPE DETAIL HIGH NECK MAXI DRESS,30.0,40.0,25,True,23
2026-10-05,PLT,with code 10PLT PLUS PLUS WATERCOLOUR PRINTED PLISSE COWL NECK MAXI DRESS,12.0,32.0,63,True,23
2026-10-05,PLT,with code 10PLT BUTTON DOWN SHIFT BLAZER DRESS,37.5,50.0,25,True,23
2026-10-05,PLT,with code 10PLT WOVEN SHIRRED WAIST STRAPPY MAXI DRESS,13.0,26.0,50,True,23
2026-10-05,PLT,with code 10PLT DOUBLE LAYER SLINKY CROSS HALTERNECK MAXI DRESS,24.0,32.0,25,True,23
2026-10-05,PLT,with code 10PLT DOUBLE LAYER SLINKY ASYMMETRIC CUT OUT DRAPE MAXI DRESS,15.5,34.0,54,True,23
2026-10-05,PLT,with code 10PLT CORSET PLUNGE DRAPE MAXI DRESS,28.5,38.0,25,True,23
2026-10-05,PLT,with code 10PLT HALTERNECK FRILL DETAILS MAXI DRESS,24.5,50.0,51,True,23
2026-10-05,PLT,with code 10PLT FLORAL PRINT DROPPED WAIST MIDAXI DRESS,19.5,40.0,51,True,23
2026-10-05,PLT,with code 10PLT SOFT TOUCH SEAM DETAIL HIGH NECK MAXI DRESS,25.5,34.0,25,True,23
2026-10-05,PLT,with code 10PLT TEXTURED WOVEN DROP WAIST FRILL HEM MINI DRESS,9.5,24.0,60,True,23
2026-10-05,PLT,with code 10PLT STRAPPY RUCHED BUTTON DOWN SHIFT DRESS,7.0,18.0,61,True,23
2026-10-05,PLT,with code 10PLT CHIFFON EXTREME PLEATED MAXI DRESS,18.25,45.0,59,True,23
2026-10-05,PLT,with code 10PLT PINSTRIPE TIE DETAIL BUTTON DOWN SHIRT DRESS,14.0,28.0,50,True,23
2026-10-05,PLT,with code 10PLT SHAPE SHAPE EYELET V-NECK PLUNGE MINI DRESS,19.5,26.0,25,True,23
2026-10-05,PLT,with code 10PLT SATIN CONTRAST OPEN BACK MAXI DRESS,33.75,45.0,25,True,23
2026-10-05,PLT,with code 10PLT SLINKY ASYMMETRIC RUCHED SEAM MAXI DRESS,12.5,40.0,69,True,23
2026-10-05,PLT,with code 10PLT SHAPE SHAPE TAILORED HIGH NECK ZIP FRONT SHORT SLEEVE MINI DRESS,27.0,36.0,25,True,23
2026-10-05,PLT,with code 10PLT PETITE PETITE PRINTED RUCHED TIE SIDE CHIFFON FLOWY MAXI DRESS,14.25,32.0,55,True,23
2026-10-05,PLT,with code 10PLT PRINT SOFT TOUCH BATWING DRAPE DETAIL MAXI DRESS,34.5,46.0,25,True,23
2026-10-05,PLT,with code 10PLT COTTON CINCHED WAIST PUFF SLEEVE SHIFT DRESS,30.0,40.0,25,True,23
2026-10-05,PLT,with code 10PLT CHIFFON HALTERNECK DROPPED WAIST MAXI DRESS,20.0,40.0,50,True,23
2026-10-05,PLT,with code 10PLT ABSTRACT PRINT STRAPPY BODYCON MINI DRESS,8.0,16.0,50,True,23
2026-10-05,PLT,with code 10PLT SATIN PLEATED DETAILS STRAPPY MAXI DRESS,12.0,40.0,70,True,23
2026-10-05,PLT,with code 10PLT LACE GODET DETAIL MAXI DRESS,28.5,38.0,25,True,23
2026-10-05,PLT,with code 10PLT CACOON SLEEVE TRIM DETAIL MINI DRESS,30.0,40.0,25,True,23
2026-10-05,PLT,with code 10PLT POLKA DOT TEXTURED BARDOT SHIFT DRESS,18.0,36.0,50,True,23
2026-10-05,PLT,with code 10PLT FRILL LACE UP PUFF SLEEVE SHIFT DRESS,12.5,26.0,52,True,23
2026-10-05,PLT,with code 10PLT TAILORED FUNNEL NECK CAP SLEEVE CONTRAST BUTTONED MINI DRESS,22.5,30.0,25,True,23
2026-10-05,PLT,with code 10PLT SATIN HALTERNECK BODYCON DRESS,18.0,24.0,25,True,23
2026-10-05,PLT,with code 10PLT CORSET DETAIL BARDOT BRIDESMAID DRESS,45.0,60.0,25,True,23
2026-10-05,PLT,with code 10PLT GINGHAM SQUARE NECK MAXI DRESS,25.0,50.0,50,True,23
2026-10-05,PLT,with code 10PLT SHAPE SHAPE PRINTED DEEP COWL BEAD TRIM DETAIL MIDI DRESS,23.25,31.0,25,True,23
2026-10-05,PLT,with code 10PLT PLISSE HIGH NECK MAXI DRESS,31.5,42.0,25,True,23
2026-10-05,PLT,with code 10PLT PLUS PLUS WOVEN ASYMMETRICAL MESH HEM BANDEAU MIDI DRESS,25.5,34.0,25,True,23
2026-10-05,PLT,with code 10PLT DOUBLE LAYER SLINKY SCOOP NECK OPEN BACK DRESS,19.5,26.0,25,True,23
2026-10-05,PLT,with code 10PLT WOVEN CORSET DETAIL MINI BODYCON DRESS,10.5,26.0,60,True,23
2026-10-05,PLT,with code 10PLT LACE ASYMMETRIC FRILL SCARF MAXI DRESS,12.0,40.0,70,True,23
2026-10-05,PLT,with code 10PLT SEQUIN ASYMMETRIC MINI DRESS,24.0,32.0,25,True,23
2026-10-05,PLT,with code 10PLT SLINKY CUT OUT RUCHED HIGH NECK MINI DRESS,11.25,24.0,53,True,23
2026-10-05,PLT,with code 10PLT SHAPE SHAPE BANDAGE CONTRAST LACE LONG SLEEVE MIDI DRESS,39.0,52.0,25,True,23
2026-10-05,PLT,with code 10PLT WOVEN JACQUARD SHOULDER PUFF LONG SLEEVE CUT OUT MINI DRESS,33.0,44.0,25,True,23
2026-10-05,PLT,with code 10PLT SEQUIN ONE SHOULDER STRAPPY BODYCON DRESS,13.0,28.0,54,True,23
2026-10-05,PLT,with code 10PLT PLUS PLUS CHIFFON TRIM DETAIL MINI DRESS,21.0,28.0,25,True,23
2026-10-05,PLT,with code 10PLT DOUBLE CONTOUR TWIST STRAP RUCHED BODYCON DRESS,11.25,15.0,25,True,23
2026-10-05,PLT,with code 10PLT VELVET BANDEAU MAXI DRESS,30.0,60.0,50,True,23
2026-10-05,PLT,ICONIC PRICES JERSEY BANDEAU BODYCON DRESS,7.5,10.0,25,True,23
2026-10-05,PLT,with code 10PLT SATIN ASYMMETRIC DRAPE DETAIL MAXI DRESS,25.5,34.0,25,True,23
2026-10-05,PLT,with code 10PLT MESH BOAT NECK PUFFBALL BACKLESS MINI DRESS,23.25,31.0,25,True,23
2026-10-05,PLT,with code 10PLT SATIN LOW BACK MAXI SLIP DRESS,21.0,28.0,25,True,23
2026-10-05,PLT,with code 10PLT CHIFFON RUCHED RUFFLE MAXI DRESS,27.5,60.0,54,True,23
2026-10-05,PLT,with code 10PLT SHAPE SHAPE SLINKY FRILL DETAIL SLEEVELESS MINI DRESS,12.0,16.0,25,True,23
2026-10-05,PLT,with code 10PLT RUCHED BUST CORSET STRAPPY MIDAXI DRESS,27.5,60.0,54,True,23
2026-10-05,PLT,with code 10PLT PLUS PLUS FLORAL TAPESTRY BANDEAU EXTREME PUFFBALL DRESS,26.25,35.0,25,True,23
2026-10-05,PLT,with code 10PLT FINE KNIT CROSSOVER DETAIL MAXI DRESS,9.5,28.0,66,True,23
2026-10-05,PLT,with code 10PLT DOUBLE LAYER SLINKY LONG SLEEVE MINI DRESS,13.5,18.0,25,True,23
2026-10-05,PLT,with code 10PLT TWIST BANDEAU TIERED MAXI DRESS,26.25,35.0,25,True,23
2026-10-05,PLT,with code 10PLT CHIFFON EMBELLISHED COWL NECK FRILL MINI SHIFT DRESS,17.0,34.0,50,True,23
2026-10-05,PLT,with code 10PLT PUFFBALL SHORT SLEEVE STRETCH WOVEN SHIFT DRESS,16.5,22.0,25,True,24
2026-10-05,PLT,with code 10PLT FAUX SUEDE BUTTON DOWN CINCHED WAIST MINI DRESS,25.0,50.0,50,True,24
2026-10-05,PLT,with code 10PLT MESH LONG SLEEVE DRAPE MINI DRESS,10.0,26.0,62,True,24
2026-10-05,PLT,with code 10PLT PLT LABEL PLT LABEL VELVET LAPEL BOW DETAIL BLAZER DRESS,35.0,65.0,46,True,24
2026-10-05,PLT,ICONIC PRICES LACE LONG SLEEVE WRAP MAXI DRESS,37.5,50.0,25,True,24
2026-10-05,PLT,with code 10PLT LEOPARD PRINT CHIFFON PLUNGE FRILL DETAIL MAXI DRESS,24.0,32.0,25,True,24
2026-10-05,PLT,with code 10PLT PLT label CHIFFON ASYMMETRIC DROPPED WAIST HALTERNECK MAXI DRESS,17.0,34.0,50,True,24
2026-10-05,PLT,with code 10PLT WOVEN COLLARLESS LONG SLEEVE BLAZER DRESS,14.0,40.0,65,True,24
2026-10-05,PLT,with code 10PLT SATIN ONE SHOULDER DRAPE DETAIL MINI SHIFT DRESS,13.0,26.0,50,True,24
2026-10-05,PLT,with code 10PLT CHIFFON HIGH NECK FRONT DRAPE MAXI DRESS,17.0,34.0,50,True,24
2026-10-05,PLT,with code 10PLT TAILORED FUNNEL NECK CAP SLEEVE CONTRAST BUTTON MINI DRESS,22.5,30.0,25,True,24
2026-10-05,PLT,with code 10PLT CHECK FRILL LONG SLEEVE SHIFT MINI DRESS,16.0,32.0,50,True,24
2026-10-05,PLT,with code 10PLT SHAPE SHAPE MESH INSERT CORSETED RUCHED SIDE MINI DRESS,12.0,30.0,60,True,24
2026-10-05,PLT,with code 10PLT CREPE LONG SLEEVE BARDOT MAXI DRESS,19.5,26.0,25,True,24
2026-10-05,PLT,with code 10PLT CHIFFON BANDEAU MAXI DRESS,17.0,40.0,58,True,24
2026-10-05,PLT,with code 10PLT FLOATY WOVEN FLARED SLEEVE MAXI DRESS,17.5,36.0,51,True,24
2026-10-05,PLT,with code 10PLT WOVEN TIE HALTER NECK DRESS,22.5,45.0,50,True,24
2026-10-05,PLT,with code 10PLT EMBELLISHED BANDEAU MAXI DRESS,60.0,120.0,50,True,24
2026-10-05,PLT,with code 10PLT CHOCOLATE WOVEN FUNNEL NECK BUTTON DETAIL BODYCON DRESS,27.0,36.0,25,True,24
2026-10-05,PLT,with code 10PLT SATIN EMBROIRED MINI SHIFT DRESS,24.0,32.0,25,True,24
2026-10-05,PLT,with code 10PLT BUTTERCREAM SATIN SWEETHEART STRUCTURED SHIFT DRESS,25.5,34.0,25,True,24
2026-10-05,PLT,with code 10PLT SEQUIN KNIT FRINGE HEM MAXI DRESS,10.75,36.0,70,True,24
2026-10-05,PLT,with code 10PLT BANDEAU SCARF DETAIL PLEATED MINI DRESS,21.0,28.0,25,True,24
2026-10-05,PLT,with code 10PLT WOVEN BUTTON DETAIL CAP SLEEVE MINI DRESS,7.0,45.0,84,True,24
2026-10-05,PLT,with code 10PLT ABSTRACT PRINT SLINKY ACETATE RUCHED ONE SHOULDER MINI DRESS,12.0,16.0,25,True,24
2026-10-05,PLT,with code 10PLT SATIN LAPEL A LINE BLAZER DRESS,48.75,65.0,25,True,24
2026-10-05,PLT,with code 10PLT PETITE PETITE DEVORE SHEER STRAPPY MAXI DRESS,22.5,30.0,25,True,24
2026-10-05,PLT,with code 10PLT PREMIUM ORGANZA BUST BOW DETAIL SKATER DRESS,19.5,55.0,65,True,24
2026-10-05,PLT,with code 10PLT PINSTRIPE BUTTON DOWN LONG SLEEVE SHIRT DRESS,26.25,35.0,25,True,24
2026-10-05,PLT,with code 10PLT PETITE PETITE TAILORED FITTED MINI DRESS,18.0,24.0,25,True,24
2026-10-05,PLT,with code 10PLT MESH DRAPED SLEEVE BODYCON DRESS,8.0,22.0,64,True,24
2026-10-05,PLT,with code 10PLT PAISLEY HALTERNECK PUFFBALL MINI DRESS,13.5,32.0,58,True,24
2026-10-05,PLT,with code 10PLT PETITE PETITE SOFT TOUCH JERSEY LONG SLEEVE MAXI DRESS,15.0,20.0,25,True,24
2026-10-05,PLT,with code 10PLT CHIFFON DRAPE BODYCON DRESS,25.5,34.0,25,True,24
2026-10-05,PLT,with code 10PLT PLUS PLUS O-RING DETAIL HALTERNECK FLOATY MAXI DRESS,22.5,30.0,25,True,24
2026-10-05,PLT,with code 10PLT SATIN PUFFBALL BODYCON DRESS,27.0,36.0,25,True,24
2026-10-05,PLT,with code 10PLT PETITE PETITE DENIM BANDEAU MINI DRESS,18.0,24.0,25,True,24
2026-10-05,PLT,with code 10PLT SATIN BANDEAU BOW BACK SHIFT DRESS,17.0,34.0,50,True,24
2026-10-05,PLT,with code 10PLT PETITE PETITE FRILL HEM BODYCON DRESS WITH SCARF DETAIL,13.0,26.0,50,True,24
2026-10-05,PLT,with code 10PLT FUCSHIA SATIN BANDEAU COWL BACK MAXI DRESS,15.0,34.0,56,True,24
2026-10-05,PLT,with code 10PLT SATIN CHIFFON CONTRAST FLUTTER SLEEVE BODYCON MAXI DRESS,30.0,40.0,25,True,24
2026-10-05,PLT,with code 10PLT SHAPE SHAPE CONTRAST SLINKY CUT OUT ASYMMETRICAL MAXI DRESS,23.25,31.0,25,True,24
2026-10-05,PLT,with code 10PLT PREMIUM ORGANZA PUFFBALL BARDOT MINI DRESS,20.5,55.0,63,True,24
2026-10-05,PLT,with code 10PLT BANDEAU DRAPE DETAIL MAXI DRESS,41.25,55.0,25,True,24
2026-10-05,PLT,with code 10PLT SHAPE SHAPE LACE TRIM RUCHED MESH MINI DRESS,34.5,46.0,25,True,24
2026-10-05,PLT,with code 10PLT LINEN LOOK HALTERNECK SHIFT DRESS,11.0,22.0,50,True,24
2026-10-05,PLT,with code 10PLT LACE DETAIL BLAZER DRESS,22.5,60.0,63,True,24
2026-10-05,PLT,with code 10PLT COTTON BUTTON DOWN SMOCK DRESS,7.25,24.0,70,True,24
2026-10-05,PLT,with code 10PLT PINSTRIPE LONG SLEEVE BODYCON DRESS,12.5,36.0,65,True,24
2026-10-05,PLT,with code 10PLT PLUS PLUS UNDERWIRE DETAIL DRAPED MIDI DRESS,19.0,38.0,50,True,24
2026-10-05,PLT,with code 10PLT 1 STRIPED DROPPED WAIST CAMI STRAP KNITTED MINI DRESS,21.44,32.0,33,True,24
2026-10-05,PLT,with code 10PLT FLORAL PRINTED COTTON PUFF SLEEVE GODET SKATER MINI DRESS,29.0,55.0,47,True,24
2026-10-05,PLT,with code 10PLT PLUS PLUS SCULPT SCOOP NECK MAXI DRESS,21.0,28.0,25,True,24
2026-10-05,PLT,with code 10PLT FLORAL PRINTED MESH FRILL COWL BACK MIDAXI DRESS,12.0,24.0,50,True,24
2026-10-05,PLT,with code 10PLT COWL NECK SATIN MAXI DRESS,11.5,32.0,64,True,24
2026-10-05,PLT,with code 10PLT SOFT TOUCH OFF THE SHOULDER MINI RUCHED DRESS,17.0,34.0,50,True,24
2026-10-05,PLT,with code 10PLT TEXTURED HALTERNECK PUFFBALL DRESS,6.5,26.0,75,True,24
2026-10-05,PLT,with code 10PLT SHAPE SHAPE HALTERNECK PLUNGE V FRONT MIDAXI DRESS,22.5,45.0,50,True,24
2026-10-05,PLT,with code 10PLT CHIFFON HALTER NECK DRAPE DETAIL LEG SPLIT MAXI DRESS,30.0,40.0,25,True,24
2026-10-05,PLT,with code 10PLT PREMIUM WOVEN BARDOT SCARF NECK MIDAXI DRESS,31.5,42.0,25,True,24
2026-10-05,PLT,with code 10PLT TEXTURED KEYHOLE BODYCON DRESS,19.5,26.0,25,True,24
2026-10-05,PLT,with code 10PLT CHIFFON EXTREME PLEATED MAXI DRESS,22.5,45.0,50,True,24
2026-10-05,PLT,with code 10PLT MESH RUCHED HIGH NECK LACE TRIM CUT OUT MAXI DRESS,30.0,40.0,25,True,24
2026-10-05,PLT,with code 10PLT PETITE PETITE RUFFLE STUD DETAIL HALTERNECK DRESS,23.25,31.0,25,True,24
2026-10-05,PLT,with code 10PLT SATIN PLEATED DETAILS STRAPPY MAXI DRESS,16.0,40.0,60,True,24
2026-10-05,PLT,with code 10PLT TAILORED SHIRRED FRILL SHIFT DRESS,9.5,24.0,60,True,25
2026-10-05,PLT,with code 10PLT SHAPE SHAPE SATIN MESH PANEL COWL NECK MAXI DRESS,26.25,35.0,25,True,25
2026-10-05,PLT,with code 10PLT LINEN LOOK BARDOT TIERED MAXI DRESS,11.25,32.0,65,True,25
2026-10-05,PLT,with code 10PLT TALL TALL SOFT TOUCH V NECK LONG SLEEVE SHIFT DRESS,8.0,22.0,64,True,25
2026-10-05,PLT,with code 10PLT PREMIUM FLORAL SCOOP BACK MAXI DRESS,12.5,50.0,75,True,25
2026-10-05,PLT,with code 10PLT SHEER RIB DRAPE MINI DRESS,9.5,24.0,60,True,25
2026-10-05,PLT,with code 10PLT PLT label WOVEN HALTER NECK BUTTON DETAIL MINI DRESS,13.0,26.0,50,True,25
2026-10-05,PLT,with code 10PLT WOVEN TAILORED LONG SLEEVE BLAZER DRESS,33.75,45.0,25,True,25
2026-10-05,PLT,with code 10PLT PLT LABEL STRUCTURED COTTON EXTREME FRILL MINI DRESS,45.0,60.0,25,True,25
2026-10-05,PLT,with code 10PLT LACE TRIM WOVEN STRAPPY MAXI DRESS,19.0,38.0,50,True,25
2026-10-05,PLT,with code 10PLT FLORAL BARDOT FISHTAIL MAXI DRESS,33.75,45.0,25,True,25
2026-10-05,PLT,with code 10PLT PLT LABEL PLT LABEL LACE BODICE MESH DRAPED BODYCON DRESS,48.75,65.0,25,True,25
2026-10-05,PLT,with code 10PLT SATIN BOAT NECK MINI DRESS,22.5,30.0,25,True,25
2026-10-05,PLT,with code 10PLT STRIPE RUCHED WAIST DETAIL SHIFT DRESS,6.5,22.0,70,True,25
2026-10-05,PLT,with code 10PLT CUT OUT DETAIL WOVEN LONG SLEEVE MAXI DRESS,25.0,50.0,50,True,25
2026-10-05,PLT,with code 10PLT PREMIUM SATIN BANDEAU CHIFFON CAPE DETAIL BODYCON DRESS,27.5,55.0,50,True,25
2026-10-05,PLT,with code 10PLT SHORT SLEEVE HIGH V NECK KNITTED MINI DRESS,17.42,26.0,33,True,25
2026-10-05,PLT,with code 10PLT CHIFFON BALLOON SLEEVE MINI DRESS,22.5,30.0,25,True,25
2026-10-05,PLT,with code 10PLT HOTFIX BANDEAU MAXI DRESS,14.5,32.0,55,True,25
2026-10-05,PLT,with code 10PLT DOUBLE LAYER SLINKY ASYMMETRIC BACK COWL MINI DRESS,16.5,22.0,25,True,25
2026-10-05,PLT,with code 10PLT TEXTURED BOAT NECK SLEEVELESS BODYCON DRESS,11.25,15.0,25,True,25
2026-10-05,PLT,with code 10PLT PLEATED SATIN BANDEAU MAXI DRESS,9.0,40.0,78,True,25
2026-10-05,PLT,with code 10PLT SLINKY RUCHED HALTERNECK MESH BODICE FRONT DRAPE MINI DRESS,12.0,24.0,50,True,25
2026-10-05,PLT,with code 10PLT PETITE PETITE CHIFFON HALTERNECK MAXI DRESS,22.5,30.0,25,True,25
2026-10-05,PLT,with code 10PLT BRUSHED RIB ASYMMETRIC HEM SHIFT DRESS,15.0,20.0,25,True,25
2026-10-05,PLT,with code 10PLT SEQUIN KNIT MINI DRESS,13.0,32.0,59,True,25
2026-10-05,PLT,with code 10PLT PETITE PETITE CONTRAST DETAIL KNITTED MINI DRESS,16.75,25.0,33,True,25
2026-10-05,PLT,with code 10PLT RUCHED LONG SLEEVE BODYCON DRESS,34.5,46.0,25,True,25
2026-10-05,PLT,with code 10PLT ABSTRACT PRINTED CHIFFON DRAPED MAXI DRESS,19.5,45.0,57,True,25
2026-10-05,PLT,with code 10PLT SEQUIN COWL MAXI DRESS,45.0,60.0,25,True,25
2026-10-05,PLT,ICONIC PRICES SATIN SWEETHEART NECKLINE MINI DRESS,24.0,32.0,25,True,25
2026-10-05,PLT,ICONIC PRICES SHAPE SHAPE MESH DETAIL BOAT NECK MAXI DRESS,23.25,31.0,25,True,25
2026-10-05,PLT,with code 10PLT FILAGREE KNIT DEEP PLUNGE CROSSOVER MINI DRESS,21.44,32.0,33,True,25
2026-10-05,PLT,with code 10PLT WOVEN CORSET SATIN DRAPE MINI DRESS,20.0,40.0,50,True,25
2026-10-05,PLT,with code 10PLT TEXTURED FRILL STRAPS MAXI DRESS,13.0,32.0,59,True,25
2026-10-05,PLT,with code 10PLT DEVORE STRAIGHT NECK SHIFT DRESS,12.5,25.0,50,True,25
2026-10-05,PLT,with code 10PLT BOAT NECK JERSEY SHORT SLEEVE MAXI DRESS,12.5,25.0,50,True,25
2026-10-05,PLT,with code 10PLT LACE TRIMS STRAPPY SHIFT DRESS,15.0,30.0,50,True,25
2026-10-05,PLT,with code 10PLT CHIFFON SHIRRED MIDAXI DRESS,17.5,35.0,50,True,25
2026-10-05,PLT,with code 10PLT FLORAL TIE DETAIL FRILL MAXI DRESS,17.5,35.0,50,True,25
2026-10-05,PLT,with code 10PLT STRUCTURED LACE SWEETHEART BANDEAU MINI DRESS,16.5,55.0,70,True,25
2026-10-05,PLT,with code 10PLT TAILORED KEYHOLE TRIM DETAIL MAXI DRESS,19.0,38.0,50,True,25
2026-10-05,PLT,with code 10PLT FLORAL PRINT MESH BOAT NECK PUFFBALL BACKLESS MAXI DRESS,23.25,31.0,25,True,25
2026-10-05,PLT,with code 10PLT TAILORED OVERSIZED SHOULDER DETAIL BODYCON DRESS,30.0,40.0,25,True,25
2026-10-05,PLT,with code 10PLT PLT LABEL PLT LABEL SUPER STRETCH BODYCON DRESS,28.5,38.0,25,True,25
2026-10-05,PLT,with code 10PLT WOVEN BANDEAU DROPPED WAIST CHIFFON PLEATED MINI DRESS,28.5,38.0,25,True,25
2026-10-05,PLT,with code 10PLT SATIN LACE DETAIL MAXI DRESS,16.0,32.0,50,True,25
2026-10-05,PLT,with code 10PLT POLKA DOT WOVEN PUFF SLEEVE KEYHOLE MINI DRESS,27.0,36.0,25,True,25
2026-10-05,PLT,with code 10PLT BRODERIE BANDEAU TIERED MAXI DRESS,20.0,40.0,50,True,25
2026-10-05,PLT,with code 10PLT SHAPE SHAPE ONE SHOULDER RUCHED SIDE MINI DRESS,20.25,27.0,25,True,25
2026-10-05,PLT,with code 10PLT POLKA DOT CONTRAST SPAGHETTI STRAP MINI DRESS,12.0,24.0,50,True,25
2026-10-05,PLT,with code 10PLT STRETCH WOVEN BANDEAU RUCHED MAXI DRESS,14.0,30.0,53,True,25
2026-10-05,PLT,with code 10PLT SLINKY BANDEAU MINI DRESS,10.0,22.0,55,True,25
2026-10-05,PLT,ICONIC PRICES DOUBLE LAYER JERSEY DROPPED WAIST LONG SLEEVE MAXI DRESS,24.0,32.0,25,True,25
2026-10-05,PLT,with code 10PLT BELTED BOAT NECK MINI DRESS,22.5,30.0,25,True,25
2026-10-05,PLT,with code 10PLT SLINKY HALTERNECK LEG SPLIT MAXI DRESS,13.0,26.0,50,True,25
2026-10-05,PLT,with code 10PLT FLORAL PRINTED COTTON TIERED MAXI DRESS,32.0,75.0,57,True,25
2026-10-05,PLT,with code 10PLT FLORAL PRINTED COTTON STRAPPY A LINE MINI DRESS,18.0,38.0,53,True,25
2026-10-05,PLT,with code 10PLT TAILORED WOVEN HALTERNECK A LINE DRESS,21.0,28.0,25,True,25
2026-10-05,PLT,with code 10PLT LUXE KNITTED ROLL NECK JUMPER DRESS,20.0,32.0,38,True,25
2026-10-05,PLT,ICONIC PRICES SLINKY HALTERNECK RUCHED DETAIL MAXI DRESS,14.0,30.0,53,True,25
2026-10-05,PLT,with code 10PLT PLUS PLUS BUTTON DOWN DROP WAIST MAXI DRESS,16.0,32.0,50,True,25
2026-10-05,PLT,with code 10PLT BANDEAU RUCHED PUFFBALL MINI DRESS,7.0,30.0,77,True,25
2026-10-05,PLT,with code 10PLT LACE FRILL DETAIL ONE MINI SHIFT DRESS,17.5,35.0,50,True,25
2026-10-05,PLT,with code 10PLT OVERLAY DETAIL SHIRT MINI DRESS,13.0,32.0,59,True,25
2026-10-05,PLT,with code 10PLT CHECK WRAP DETAILS SHIRT DRESS,22.5,45.0,50,True,25
2026-10-05,PLT,with code 10PLT VELVET EXTREME PUFF SLEEVE SKATER DRESS,25.5,34.0,25,True,25
2026-10-05,PLT,with code 10PLT SEQUIN BOAT NECK SHIFT DRESS,45.0,60.0,25,True,25
2026-10-05,PLT,with code 10PLT SHAPE SHAPE BUILT IN BRA SCULPT LONG SLEEVE SQUARE NECK MAXI DRESS,17.5,35.0,50,True,25
2026-10-05,PLT,with code 10PLT CHIFFON HALTERNECK DROPPED WAIST MAXI DRESS,30.0,40.0,25,True,26
2026-10-05,PLT,with code 10PLT POLKA DOT SEQUIN SCARF DETAIL MAXI DRESS,22.25,55.0,60,True,26
2026-10-05,PLT,with code 10PLT WOVEN TIE SHOULDER SHIFT DRESS,9.0,30.0,70,True,26
2026-10-05,PLT,with code 10PLT PLT label EXTREME PLEATED HIGH NECK SLEEVELESS MAXI DRESS,9.5,50.0,81,True,26
2026-10-05,PLT,with code 10PLT SATIN HIGH NECK SLEEVELESS MAXI DRESS,25.5,34.0,25,True,26
2026-10-05,PLT,with code 10PLT PREMIUM STRUCTURED SATIN A-LINE PLEATED MESH HEM MAXI DRESS,23.5,60.0,61,True,26
2026-10-05,PLT,with code 10PLT TEXTURED BARDOT GODET MAXI DRESS,30.0,40.0,25,True,26
2026-10-05,PLT,with code 10PLT SLINKY DRAPED NECK MINI DRESS,8.5,22.0,61,True,26
2026-10-05,PLT,with code 10PLT TEXTURED STRAPPY SCOOP NECK MAXI DRESS,18.0,45.0,60,True,26
2026-10-05,PLT,with code 10PLT PLT LABEL PLT LABEL PLISSE SATIN COLUMN BANDEAU MAXI DRESS,33.75,45.0,25,True,26
2026-10-05,PLT,with code 10PLT SATIN TIE SHOULDER MAXI DRESS,28.5,38.0,25,True,26
2026-10-05,PLT,with code 10PLT PLUS PLUS SOFT TOUCH BATWING DRAPE DETAIL MAXI DRESS,34.5,46.0,25,True,26
2026-10-05,PLT,with code 10PLT PETITE PETITE ONE SHOULDER DRAPE RUCHED BODYCON MINI DRESS,21.0,28.0,25,True,26
2026-10-05,PLT,with code 10PLT SEQUIN ASYMMETRIC BAGGED OVER MINI DRESS,13.5,34.0,60,True,26
2026-10-05,PLT,with code 10PLT PEARL TRIM FLOWER APPLIQUE CROCHET MAXI DRESS,13.5,34.0,60,True,26
2026-10-05,PLT,with code 10PLT BRUSHED RIB FLARED SLEEVE SHIFT DRESS,16.5,22.0,25,True,26
2026-10-05,PLT,with code 10PLT PETITE PETITE CUP DETAIL DRAPE FRONT MAXI DRESS,23.25,31.0,25,True,26
2026-10-05,PLT,with code 10PLT CHIFFON EXAGGERATED SLEEVE MINI DRESS,13.0,32.0,59,True,26
2026-10-05,PLT,with code 10PLT CONTRAST BANDEAU HIGH SPLIT MAXI DRESS,27.5,55.0,50,True,26
2026-10-05,PLT,with code 10PLT SHAPE SHAPE SCULPTED SHORT SLEEVE MAXI DRESS,18.75,25.0,25,True,26
2026-10-05,PLT,with code 10PLT WOVEN WRAP BELTED BLAZER DRESS,37.5,50.0,25,True,26
2026-10-05,PLT,with code 10PLT SATIN LACE CUP MAXI SLIP DRESS,17.0,34.0,50,True,26
2026-10-05,PLT,with code 10PLT SATIN WIRED DRAPE DETAIL MAXI DRESS,27.0,36.0,25,True,26
2026-10-05,PLT,with code 10PLT PLUS PLUS FLORAL PRINT CHIFFON RUCHED DRAPE MIDI DRESS,25.5,34.0,25,True,26
2026-10-05,PLT,with code 10PLT MESH LONG SLEEVE DRAPE MINI DRESS,28.5,38.0,25,True,26
2026-10-05,PLT,with code 10PLT WOOL LOOK STRUCTURED BLAZER DRESS,35.0,70.0,50,True,26
2026-10-05,PLT,with code 10PLT WOVEN MESH SHOULDER DRAPE CORSET DRESS,14.5,36.0,60,True,26
2026-10-05,PLT,with code 10PLT LACE BARDOT LONG SLEEVE MINI DRESS,18.0,36.0,50,True,26
2026-10-05,PLT,with code 10PLT WOVEN KEYHOLE PUFF SLEEVE SHIFT DRESS,26.25,35.0,25,True,26
2026-10-05,PLT,with code 10PLT SHAPE SHAPE RUCHED V FRONT CROSS OVER DETAIL MAXI DRESS,23.25,31.0,25,True,26
2026-10-05,PLT,with code 10PLT FLORAL PRINTED CHIFFON CAPE OVERLAY MAXI DRESS,30.0,40.0,25,True,26
2026-10-05,PLT,with code 10PLT SNAKE PRINT CHIFFON PLUNGE FRILL DETAIL MAXI DRESS,15.5,35.0,56,True,26
2026-10-05,PLT,with code 10PLT STRIPED BOAT NECK PUFFBALL DRESS,11.0,22.0,50,True,26
2026-10-05,PLT,with code 10PLT HALTERNECK FRILL DETAILS MAXI DRESS,21.5,50.0,57,True,26
2026-10-05,PLT,with code 10PLT FLORAL DETAIL SHIFT DRESS,27.5,55.0,50,True,26
2026-10-05,PLT,with code 10PLT TEXTURED SHIRRED STRAPPY BODYCON DRESS,10.0,25.0,60,True,26
2026-10-05,PLT,with code 10PLT ONION SKIN BOAT NECK FLUTE SLEEVE MINI DRESS,8.0,20.0,60,True,26
2026-10-05,PLT,with code 10PLT TRIM DETAIL ASYMMETRIC MINI DRESS,13.0,26.0,50,True,26
2026-10-05,PLT,with code 10PLT CROCHET O RING MINI BEACH DRESS,26.25,35.0,25,True,26
2026-10-05,PLT,with code 10PLT WOVEN BOAT NECK BACKLESS DETAIL MINI DRESS,15.0,30.0,50,True,26
2026-10-05,PLT,with code 10PLT WOVEN ASYMMETRIC KEYHOLE BUTTON DETAIL BODYCON DRESS,19.5,26.0,25,True,26
2026-10-05,PLT,with code 10PLT FLORAL TIE PUFF HEM SHIFT DRESS,15.0,30.0,50,True,26
2026-10-05,PLT,with code 10PLT PRINTED HALTERNECK KNOT DETAIL SLEEVELESS MAXI DRESS,22.5,50.0,55,True,26
2026-10-05,PLT,with code 10PLT SEQUIN COWL MAXI DRESS,30.0,60.0,50,True,26
2026-10-05,PLT,ICONIC PRICES SATIN CUP DETAIL BODYCON MINI DRESS,24.0,32.0,25,True,26
2026-10-05,PLT,with code 10PLT PLEAT BUST DETAIL BANDEAU MAXI DRESS,19.0,38.0,50,True,26
2026-10-05,PLT,with code 10PLT CHIFFON RUCHED BALLOON SLEEVE FLOATY MINI DRESS,33.0,44.0,25,True,26
2026-10-05,PLT,with code 10PLT SHAPE SHAPE SHOULDER PAD SLINKY MINI DRESS,19.5,26.0,25,True,26
2026-10-05,PLT,with code 10PLT BRODERIE STRAPPY PLEATED SHIFT DRESS,10.5,24.0,56,True,26
2026-10-05,PLT,with code 10PLT TEXTURED SCOOP NECK FRILL HEM MINI SHIFT DRESS,11.5,38.0,70,True,26
2026-10-05,PLT,with code 10PLT TEXTURED ASYMMETRIC RUCHED DETAIL SHIFT DRESS,9.0,24.0,63,True,26
2026-10-05,PLT,with code 10PLT BARDOT FRILL DETAIL KNIT MINI DRESS,16.0,32.0,50,True,26
2026-10-05,PLT,with code 10PLT PLUS PLUS UNDERWIRE DETAIL DRAPED MIDI DRESS,28.5,38.0,25,True,26
2026-10-05,PLT,with code 10PLT 1 TIE WRAP SHORT SLEEVE BODYCON DRESS,9.0,26.0,65,True,26
2026-10-05,PLT,ICONIC PRICES SLINKY PLAIT BANDEAU MAXI DRESS,10.5,30.0,65,True,26
2026-10-05,PLT,with code 10PLT PLUS PLUS PINSTRIPE SCARF WRAP DETAIL BLAZER DRESS,34.5,46.0,25,True,26
2026-10-05,PLT,with code 10PLT DEVORE LONG SLEEVE MINI DRESS,18.75,25.0,25,True,26
2026-10-05,PLT,with code 10PLT SOFT TOUCH TWIST BARDOT BODYCON DRESS,12.0,16.0,25,True,26
2026-10-05,PLT,with code 10PLT FLOATY WOVEN FLARED SLEEVE MAXI DRESS,14.0,36.0,61,True,26
2026-10-05,PLT,with code 10PLT COTTON RUCHED LACE UP HIGH NECK CORSET MINI DRESS,24.0,32.0,25,True,26
2026-10-05,PLT,with code 10PLT PLUS PLUS POLKA DOT UNDERWIRE DETAIL DRAPED MIDI DRESS,26.25,35.0,25,True,26
2026-10-05,PLT,with code 10PLT DROP WAIST MAXI DRESS,14.5,34.0,57,True,26
2026-10-05,PLT,with code 10PLT SATIN CORSET MIDAXI DRESS,11.0,34.0,68,True,26
2026-10-05,PLT,with code 10PLT FLORAL PRINT WOVEN HALTERNECK SWEETHEART MINI SHIFT DRESS,18.75,25.0,25,True,26
2026-10-05,PLT,with code 10PLT PLUS PLUS PLUNGE PUFF HEM BLAZER DRESS,37.5,50.0,25,True,26
2026-10-05,PLT,with code 10PLT WOVEN RUCHED CUT OUT MINI DRESS,22.4,32.0,30,True,27
2026-10-05,PLT,with code 10PLT VELVET SEQUIN RUCHED COWL BACK BODYCON DRESS,27.5,55.0,50,True,27
2026-10-05,PLT,with code 10PLT PETITE PETITE CORSET INSERT BODYCON MINI DRESS WITH SHOULDER PADS,23.25,31.0,25,True,27
2026-10-05,PLT,with code 10PLT BANDEAU BUTTON DETAIL PLEATED DENIM MINI DRESS,24.0,32.0,25,True,27
2026-10-05,PLT,with code 10PLT DARK TAUPE FLORAL PRINTED MESH HIGH NECK MIDAXI DRESS,16.0,32.0,50,True,27
2026-10-05,PLT,with code 10PLT PLT label TEXTURED CAPE DETAIL SLEEVELESS MAXI DRESS,10.5,30.0,65,True,27
2026-10-05,PLT,with code 10PLT CONTRAST FLOWER ROPE DETAIL CROCHET KNIT MAXI DRESS,20.5,38.0,46,True,27
2026-10-05,PLT,with code 10PLT HOTFIX BANDEAU MAXI DRESS,16.0,32.0,50,True,27
2026-10-05,PLT,with code 10PLT STRAPPY BACKLESS SLEEVELESS MAXI DRESS,14.5,30.0,52,True,27
2026-10-05,PLT,with code 10PLT BANDAGE SWEETHEART MINI DRESS,25.0,50.0,50,True,27
2026-10-05,PLT,with code 10PLT INKY PRINT CHIFFON KEYHOLE MAXI DRESS,13.0,32.0,59,True,27
2026-10-05,PLT,with code 10PLT SHAPE SHAPE SLINKY DRAPE FRONT HIGH NECK DRESS,10.5,30.0,65,True,27
2026-10-05,PLT,with code 10PLT TEXTURED COWL TRIM NECK MAXI DRESS,22.5,45.0,50,True,27
2026-10-05,PLT,with code 10PLT SEQUIN SHEER RACER NECK MAXI DRESS,14.0,35.0,60,True,27
2026-10-05,PLT,with code 10PLT BARDOT FOLD OVER SHIFT DRESS,18.5,40.0,54,True,27
2026-10-05,PLT,with code 10PLT PINSTRIPE BRUSHED LONG SLEEVE BLAZER DRESS,33.75,45.0,25,True,27
2026-10-05,PLT,with code 10PLT SLINKY BANDEAU RUCHED MINI SHIFT DRESS,11.0,22.0,50,True,27
2026-10-05,PLT,with code 10PLT WOVEN SQUARE NECK SHIFT DRESS,18.0,50.0,64,True,27
2026-10-05,PLT,with code 10PLT FLORAL CHIFFON BARDOT LONG SLEEVE MINI DRESS,28.5,38.0,25,True,27
2026-10-05,PLT,with code 10PLT TWO TONE TWIST DRESS,15.0,20.0,25,True,27
2026-10-05,PLT,with code 10PLT SATIN ASYMMETRIC MIDAXI DRESS,21.0,28.0,25,True,27
2026-10-05,PLT,with code 10PLT POLKA DOT SATIN STRAPPY BUTTON DETAIL FRILL HEM MINI DRESS,9.5,24.0,60,True,27
2026-10-05,PLT,with code 10PLT BUTTON DOWN PLEATED HEM SHIFT DRESS,12.5,25.0,50,True,27
2026-10-05,PLT,with code 10PLT PETITE PETITE WHITE WOVEN V CUT FRONT GATHERED WAIST MINI DRESS,15.0,38.0,61,True,27
2026-10-05,PLT,with code 10PLT EMBRIODERED PUFFBALL STRAPPY DRESS,17.5,32.0,45,True,27
2026-10-05,PLT,with code 10PLT PLUS PLUS FLORAL EXTREME COWL RUCHED DETAIL MAXI DRESS,16.0,32.0,50,True,27
2026-10-05,PLT,with code 10PLT WOVEN TORTOISE BUTTON BLAZER DRESS,30.0,40.0,25,True,27
2026-10-05,PLT,with code 10PLT PETITE PETITE FRILL LACE SLEEVE V NECK SATIN HEM FITTED MAXI DRESS,21.0,28.0,25,True,27
2026-10-05,PLT,with code 10PLT WOVEN HALTERNECK SLEEVELESS MIDAXI DRESS,17.5,35.0,50,True,27
2026-10-05,PLT,with code 10PLT PLUS PLUS SLINKY FISHTAIL BARDOT LONG SLEEVE MAXI DRESS,23.25,31.0,25,True,27
2026-10-05,PLT,with code 10PLT WOVEN BALLOON SLEEVE BLAZER DRESS,22.5,45.0,50,True,27
2026-10-05,PLT,with code 10PLT LINEN LOOK HALTERNECK BOW DETAIL SHIFT DRESS,9.5,32.0,70,True,27
2026-10-05,PLT,with code 10PLT SLINKY BANDEAU MINI DRESS,11.0,22.0,50,True,27
2026-10-05,PLT,ICONIC PRICES DOUBLE LAYER BANDEAU TRIM MAXI DRESS,19.5,26.0,25,True,27
2026-10-05,PLT,with code 10PLT TAILORED DIAMANTE TASSEL DETAIL LONG SLEEVE BLAZER DRESS,30.0,40.0,25,True,27
2026-10-05,PLT,with code 10PLT SHAPE SHAPE STRETCH SEAMLESS LONG SLEEVE MAXI DRESS,21.0,28.0,25,True,27
2026-10-05,PLT,with code 10PLT PLUS SHAPE CREAM PAISLEY HALTER NECK CHIFFON MAXI BEACH DRESS,4.0,30.0,87,True,27
2026-10-05,PLT,with code 10PLT FAUX SUEDE ZIP UP MINI DRESS,20.0,40.0,50,True,27
2026-10-05,PLT,with code 10PLT CHIFFON RUCHED FRILL MAXI DRESS,37.5,50.0,25,True,27
2026-10-05,PLT,with code 10PLT WOVEN TIE DETAIL BANDEAU LONG SLEEVE MINI DRESS,9.5,45.0,79,True,27
2026-10-05,PLT,with code 10PLT WOVEN BALLOON SLEEVE COLLARLESS BLAZER DRESS,9.0,50.0,82,True,27
2026-10-05,PLT,with code 10PLT SATIN DRAPE DETAIL BODYCON MINI DRESS,12.5,38.0,67,True,27
2026-10-05,PLT,with code 10PLT ABSTRACT SEQUIN V NECK MAXI DRESS,22.0,55.0,60,True,27
2026-10-05,PLT,with code 10PLT BANDEAU CHIFFON PUFFBALL MINI DRESS,9.0,24.0,63,True,27
2026-10-05,PLT,with code 10PLT BARDOT TRIM DETAIL KNITTED DRESS,6.03,26.0,77,True,27
2026-10-05,PLT,with code 10PLT FLORAL BURNOUT CHIFFON HIGH NECK MAXI DRESS,16.5,45.0,63,True,27
2026-10-05,PLT,with code 10PLT CHECK OVERSIZED STRUCTURED BLAZER DRESS,30.0,65.0,54,True,27
2026-10-05,PLT,ICONIC PRICES SHAPE SHAPE BUILT IN BRA SQUARE NECK SCULPT MAXI DRESS,15.0,30.0,50,True,27
2026-10-05,PLT,with code 10PLT SOFT TOUCH STUD DETAIL MINI DRESS,10.0,28.0,64,True,27
2026-10-05,PLT,with code 10PLT SOFT TOUCH JERSEY ASYMMETRIC BODYCON DRESS,6.0,16.0,63,True,27
2026-10-05,PLT,with code 10PLT BOAT NECK COCOON SLEEVE BODYCON DRESS,27.5,55.0,50,True,27
2026-10-05,PLT,with code 10PLT LACE PLUNGE HALTER SCARF DETAIL MAXI DRESS,23.0,50.0,54,True,27
2026-10-05,PLT,with code 10PLT TEXTURED LONG SLEEVE MAXI DRESS,12.0,30.0,60,True,27
2026-10-05,PLT,with code 10PLT DOUBLE LAYER SLINKY ASYMMETRIC KNOT DETAIL MINI DRESS,18.0,24.0,25,True,27
2026-10-05,PLT,with code 10PLT PLT LABEL PLT LABEL FAUX PONYSKIN HALTERNECK BODYCON DRESS,34.0,68.0,50,True,27
2026-10-05,PLT,with code 10PLT TAILORED WOVEN BANDEAU SKATER MIDAXI DRESS,20.0,55.0,64,True,27
2026-10-05,PLT,with code 10PLT CHIFFON LONG SLEEVE FRILL MINI DRESS,17.0,38.0,55,True,27
2026-10-05,PLT,with code 10PLT SATIN V NECK MINI DRESS,8.5,32.0,73,True,27
2026-10-05,PLT,ICONIC PRICES PETITE PETITE STRIPE V NECK CROCHET STRAPPY MAXI DRESS,15.0,30.0,50,True,27
2026-10-05,PLT,with code 10PLT POLKA DOT HIGH NECK FLOATY MINI DRESS,11.0,22.0,50,True,27
2026-10-05,PLT,with code 10PLT FLORAL PRINT DRAPE ASYMMETRIC MAXI DRESS,17.0,34.0,50,True,27
2026-10-05,PLT,with code 10PLT SHAPE SHAPE CONTRAST ONE SHOULDER PLEATED SKIRT MINI DRESS,14.0,40.0,65,True,27
2026-10-05,PLT,with code 10PLT SHAPE ONE SHOULDER PLEATED SKIRT MINI DRESS,30.0,40.0,25,True,27
2026-10-05,PLT,with code 10PLT SHELL TEXTURE BANDEAU MINI SHIFT DRESS,20.5,38.0,46,True,27
2026-10-05,PLT,with code 10PLT TEXTURED FOLD OVER BARDOT MAXI DRESS,21.0,28.0,25,True,27
2026-10-05,PLT,with code 10PLT SHAPE SHAPE ONION SKIN LONG SLEEVE PLUNGE COWL MIDAXI DRESS,22.5,30.0,25,True,27
2026-10-05,PLT,with code 10PLT PLUS PLUS LIGHT SATIN TWIST FRONT OPEN SLEEVE WRAP DRESS,22.5,30.0,25,True,27
2026-10-05,PLT,with code 10PLT ABSTRACT BUTTON PLEATED SHIFT DRESS,26.25,35.0,25,True,27
2026-10-05,PLT,with code 10PLT DOUBLE LAYER SLINKY DEEP PLUNGE TRIM ASYMMETRIC MAXI DRESS THERE,20.25,27.0,25,True,27
2026-10-05,PLT,with code 10PLT WRAP DETAIL LONG SLEEVE SHIRT DRESS,16.0,32.0,50,True,27
2026-10-05,PLT,with code 10PLT CHIFFON STRAPPY CUT OUT MAXI DRESS,11.5,30.0,62,True,28
2026-10-05,PLT,with code 10PLT PETITE PETITE CONTOUR RIB BUTTON THROUGH LONG SLEEVE MINI DRESS,22.5,30.0,25,True,28
2026-10-05,PLT,with code 10PLT BUTTON DETAIL CAP SLEEVE SHIFT DRESS,16.0,32.0,50,True,28
2026-10-05,PLT,with code 10PLT SLINKY PLAIT HALTERNECK PLUNGE CUT OUT SIDE MAXI DRESS,10.5,30.0,65,True,28
2026-10-05,PLT,with code 10PLT CHIFFON HALTERNECK DROPPED WAIST MAXI DRESS,18.0,40.0,55,True,28
2026-10-05,PLT,with code 10PLT PLT label SATIN CHIFFON CAPE DETAIL MINI SHIFT DRESS,26.25,35.0,25,True,28
2026-10-05,PLT,with code 10PLT WOVEN BOAT NECK RUCHED DETAIL SHIFT DRESS,17.5,35.0,50,True,28
2026-10-05,PLT,with code 10PLT TEXTURED HALTERNECK KEYHOLE DETAIL SHIFT DRESS,11.0,22.0,50,True,28
2026-10-05,PLT,with code 10PLT LACE ONE SHOULDER MAXI DRESS,21.0,28.0,25,True,28
2026-10-05,PLT,with code 10PLT LINEN LOOK ONE SHOULDER SHIFT DRESS,6.5,18.0,64,True,28
2026-10-05,PLT,with code 10PLT HOOK AND EYE FITTED BLAZER DRESS,33.75,45.0,25,True,28
2026-10-05,PLT,with code 10PLT PLT LABEL SLINKY RUCHED BUST GODET MINI DRESS,20.0,40.0,50,True,28
2026-10-05,PLT,with code 10PLT FLORAL CHIFFON DITSY FLORAL PRINT TIERED FRILL MAXI DRESS,38.0,95.0,60,True,28
2026-10-05,PLT,with code 10PLT SHAPE SHAPE PLEATED MINI DRESS,28.5,38.0,25,True,28
2026-10-05,PLT,with code 10PLT CROCHET SHELL TRIM MINI BEACH DRESS,37.5,50.0,25,True,28
2026-10-05,PLT,with code 10PLT PLEATED SKIRT DETAIL COMPACT KNIT MINI DRESS,20.1,30.0,33,True,28
2026-10-05,PLT,with code 10PLT CROC FAUX SUEDE BLAZER DRESS,30.0,65.0,54,True,28
2026-10-05,PLT,ICONIC PRICES DOGTOOTH STRUCTURED BLAZER DRESS,35.0,65.0,46,True,28
2026-10-05,PLT,ICONIC PRICES SEQUIN HALTERNECK MAXI DRESS,38.5,55.0,30,True,28
2026-10-05,PLT,with code 10PLT PETITE PETITE CUT OUT RUFFLE MESH MAXI DRESS,15.0,30.0,50,True,28
2026-10-05,PLT,with code 10PLT SHAPE SHAPE SOFT TOUCH ONE SHOULDER DOUBLE LAYERED MINI DRESS,18.0,24.0,25,True,28
2026-10-05,PLT,with code 10PLT SEQUIN STRAPPY TULLE FRILL HEM BODYCON DRESS,41.25,55.0,25,True,28
2026-10-05,PLT,with code 10PLT WOVEN DRAPED CUP DETAIL MINI DRESS,17.0,34.0,50,True,28
2026-10-05,PLT,with code 10PLT SOFT TOUCH TRIM DETAIL MAXI DRESS,14.0,28.0,50,True,28
2026-10-05,PLT,with code 10PLT BABY EXTREME FRILL KEYHOLE MAXI DRESS,33.5,70.0,52,True,28
2026-10-05,PLT,with code 10PLT TEXTURED FRILL STRAPPY SHIFT MINI DRESS,12.0,24.0,50,True,28
2026-10-05,PLT,with code 10PLT PLUS PLUS POPLIN SCARF WRAP DETAIL SHIRT DRESS,26.25,35.0,25,True,28
2026-10-05,PLT,with code 10PLT ZEBRA PRINTED SHIFT DRESS,10.5,30.0,65,True,28
2026-10-05,PLT,with code 10PLT PLUS PLUS CHIFFON COWL NECK MAXI DRESS,28.5,38.0,25,True,28
2026-10-05,PLT,with code 10PLT MESH HIGH NECK ONE SHOULDER MINI DRESS,16.5,22.0,25,True,28
2026-10-05,PLT,with code 10PLT TEXTURED LACE FRILL TIERED MAXI DRESS,28.0,70.0,60,True,28
2026-10-05,PLT,with code 10PLT TAILORED WOVEN BACK BUTTON DETAIL BLAZER DRESS,35.0,50.0,30,True,28
2026-10-05,PLT,with code 10PLT MANDARIN STYLE SATIN HIGH COLLAR FROG BUTTON DETAIL MINI DRESS,22.5,30.0,25,True,28
2026-10-05,PLT,with code 10PLT BANDEAU CORSET DETAIL FRILL HEM MINI DRESS,13.5,34.0,60,True,28
2026-10-05,PLT,with code 10PLT FLORAL SHIFT DRESS,12.0,24.0,50,True,28
2026-10-05,PLT,with code 10PLT SLINKY ASYMMETRIC SLOUCHY MAXI DRESS,20.0,40.0,50,True,28
2026-10-05,PLT,with code 10PLT BRUSHED ASYMMETRIC SLEEVELESS MAXI DRESS,11.0,22.0,50,True,28
2026-10-05,PLT,with code 10PLT SATIN CONTRAST LACE PANEL MAXI DRESS,27.0,36.0,25,True,28
2026-10-05,PLT,with code 10PLT TAILORED SLEEVELESS MILITARY DETAIL BODYCON DRESS,25.5,34.0,25,True,28
2026-10-05,PLT,with code 10PLT FLORAL DEVORE SKIRT STRAPPY MAXI DRESS,15.5,32.0,52,True,28
2026-10-05,PLT,with code 10PLT PRINTED FLORAL MESH RUCHED MAXI DRESS,10.0,32.0,69,True,28
2026-10-05,PLT,with code 10PLT PETITE PETITE CONTRAST DETAIL RIBBED MINI DRESS,18.75,25.0,25,True,28
2026-10-05,PLT,with code 10PLT STRIPED PLUNGE SLEEVELESS BODYCON MINI DRESS,9.0,18.0,50,True,28
2026-10-05,PLT,with code 10PLT FLORAL PRINT CHIFFON ASYMMETRIC SLEEVELESS MAXI DRESS,16.0,32.0,50,True,28
2026-10-05,PLT,with code 10PLT SEQUIN COWL KNOT DRAPE MINI DRESS,17.5,50.0,65,True,28
2026-10-05,PLT,with code 10PLT SOFT TOUCH SLEEVELESS RUCHED SIDE DETAIL MAXI DRESS,19.5,26.0,25,True,28
2026-10-05,PLT,with code 10PLT SHAPE SHAPE BUILT IN SHAPEWEAR SCULPT BOAT NECK MAXI DRESS,26.25,35.0,25,True,28
2026-10-05,PLT,with code 10PLT PLUS PLUS PUFF SLEEVE RUCHED SPLIT SIDE MIDI DRESS,24.0,32.0,25,True,28
2026-10-05,PLT,with code 10PLT FLOWER PRINT BANDEAU MAXI DRESS,14.5,30.0,52,True,28
2026-10-05,PLT,with code 10PLT ONION SKIN BANDEAU ORCHID PRINT MAXI DRESS,9.0,18.0,50,True,28
2026-10-05,PLT,with code 10PLT KNITTED FRINGE DETAIL BANDEAU MINI DRESS,14.5,36.0,60,True,28
2026-10-05,PLT,with code 10PLT DOUBLE LAYER ASYMMETRIC BARDOT MAXI DRESS,17.0,34.0,50,True,28
2026-10-05,PLT,with code 10PLT SHORT SLEEVE WOVEN MINI SHIFT DRESS,28.5,38.0,25,True,28
2026-10-05,PLT,with code 10PLT SHAPE SHAPE MESH DRAPED TWIST DETAIL MAXI DRESS,15.5,31.0,50,True,28
2026-10-05,PLT,with code 10PLT PETITE PETITE SCARF DETAIL FRILL LACE MAXI DRESS,13.5,45.0,70,True,28
2026-10-05,PLT,with code 10PLT ONION SKIN LAYERED WRAP DETAIL MINI DRESS,18.75,25.0,25,True,28
2026-10-05,PLT,with code 10PLT FLORAL CHIFFON FRILL PLUNGE STRAPPY MAXI DRESS,17.5,35.0,50,True,28
2026-10-05,PLT,with code 10PLT BASIC KNIT ASYMMETRIC TWIST SLEEVE MAXI DRESS,14.74,22.0,33,True,28
2026-10-05,PLT,with code 10PLT COCOON SLEEVE CINCHED WAIST BLAZER DRESS,33.75,45.0,25,True,28
2026-10-05,PLT,with code 10PLT SOFT TOUCH SHOULDER PAD DETAIL MIDAXI DRESS,18.0,24.0,25,True,28
2026-10-05,PLT,with code 10PLT BLUE DOUBLE LAYER SLINKY OPEN RACER BACK MAXI DRESS,20.25,27.0,25,True,28
2026-10-05,PLT,with code 10PLT PLUS PLUS ASMETRICAL HYBIRD MAXI DRESS,17.5,35.0,50,True,28
2026-10-05,PLT,with code 10PLT SLINKY TWIST SHOULDER DETAIL MAXI DRESS,19.5,50.0,61,True,28
2026-10-05,PLT,with code 10PLT SHAPE SHAPE DEEP OLIVE MESH PLUNGE MAXI DRESS,17.0,34.0,50,True,28
2026-10-05,PLT,ICONIC PRICES SCOOP NECK SLEEVELESS MAXI DRESS,25.5,34.0,25,True,29
2026-10-05,PLT,with code 10PLT PREMIUM SCOOP BACK MAXI DRESS,17.5,50.0,65,True,29
2026-10-05,PLT,with code 10PLT WOVEN CUP DETAIL SATIN SKIRT MINI DRESS,14.0,28.0,50,True,29
2026-10-05,PLT,with code 10PLT PUFF SLEEVE BARDOT BODYCON DRESS,30.0,60.0,50,True,29
2026-10-05,PLT,with code 10PLT TEXTURED LACE UP BACK MAXI DRESS,31.5,42.0,25,True,29
2026-10-05,PLT,with code 10PLT LACE UP CORSET MINI DRESS,14.5,36.0,60,True,29
2026-10-05,PLT,with code 10PLT SATIN CHIFFON CAPE DETAIL MINI SHIFT DRESS,26.25,35.0,25,True,29
2026-10-05,PLT,with code 10PLT PLT label SHIRRED BANDEAU BODYCON DRESS,6.5,28.0,77,True,29
2026-10-05,PLT,with code 10PLT BUTTER YELLOW WOVEN HALTERNECK RUCHED BUST DETAIL MAXI DRESS,30.0,60.0,50,True,29
2026-10-05,PLT,with code 10PLT TAILORED BODICE CONTRAST PRINTED MAXI DRESS,27.0,36.0,25,True,29
2026-10-05,PLT,with code 10PLT LACE KEYHOLE LONG FLARED SLEEVE MAXI DRESS,34.5,46.0,25,True,29
2026-10-05,PLT,with code 10PLT SEQUIN HALTER NECK MINI DRESS,16.0,36.0,56,True,29
2026-10-05,PLT,with code 10PLT DOUBLE LAYER SLINKY DRAPE MAXI DRESS,20.25,27.0,25,True,29
2026-10-05,PLT,with code 10PLT PETITE PETITE LEMON SHEER WOVEN BELT DETAIL FLOWY BANDEAU MINI DRESS,10.0,20.0,50,True,29
2026-10-05,PLT,with code 10PLT CONTRAST LACE WRAP SPAGHETTI STRAP MINI DRESS,19.5,26.0,25,True,29
2026-10-05,PLT,with code 10PLT STRIPED HALTERNECK SHIFT DRESS,11.0,22.0,50,True,29
2026-10-05,PLT,with code 10PLT TEXTURED ASYMMETRIC BODYCON DRESS,13.0,26.0,50,True,29
2026-10-05,PLT,with code 10PLT PLT LABEL PLT LABEL PLISSE SATIN COLUMN BANDEAU MAXI DRESS,9.0,45.0,80,True,29
2026-10-05,PLT,with code 10PLT CHECK CINCHED WAIST LONG SLEEVE SHIRT DRESS,23.8,34.0,30,True,29
2026-10-05,PLT,with code 10PLT SCALLOP CRYSTAL EMBELLISHED SCARF DETAIL MINI DRESS,37.5,75.0,50,True,29
2026-10-05,PLT,with code 10PLT TEXTURED HALTER NECK MAXI DRESS,24.0,60.0,60,True,29
2026-10-05,PLT,with code 10PLT BANDEAU BELT DETAIL SHIFT DRESS,8.0,22.0,64,True,29
2026-10-05,PLT,with code 10PLT BARDOT BELTED PLEATED SHIFT DRESS,19.5,26.0,25,True,29
2026-10-05,PLT,with code 10PLT BOATNECK SHEER KNIT BACKLESS DETAIL MINI DRESS,10.5,28.0,63,True,29
2026-10-05,PLT,with code 10PLT WOVEN BUTTON DOWN DETAIL PLEATED SHIFT DRESS,7.0,35.0,80,True,29
2026-10-05,PLT,with code 10PLT CROSSOVER BODYCON DRESS,19.0,38.0,50,True,29
2026-10-05,PLT,with code 10PLT WOVEN CHECK CINCHED WAIST LONG SLEEVE BLAZER DRESS,35.0,50.0,30,True,29
2026-10-05,PLT,with code 10PLT PLUS PLUS LONG SLEEVE EXTREME RUCHING MIDAXI DRESS,18.0,24.0,25,True,29
2026-10-05,PLT,with code 10PLT SATIN BANDEAU RUCHED BELT TRIM DETAIL MINI DRESS,15.0,30.0,50,True,29
2026-10-05,PLT,with code 10PLT BANDEAU PLEATED SHIFT DRESS,12.0,24.0,50,True,29
2026-10-05,PLT,with code 10PLT JACQUARD HIGH NECK CAP SLEEVE MINI FEATHER TRIM DRESS,33.75,45.0,25,True,29
2026-10-05,PLT,with code 10PLT TEXTURED RUCHED WRAP MINI DRESS,10.5,26.0,60,True,29
2026-10-05,PLT,with code 10PLT SHAPE SHAPE CURVED HIP CORSET LONG SLEEVE BLAZER DRESS,25.0,50.0,50,True,29
2026-10-05,PLT,with code 10PLT CHECK SHIRRED BODYCON DRESS,9.5,24.0,60,True,29
2026-10-05,PLT,with code 10PLT BURGANDY LACE CUT OUT DETAIL MAXI DRESS,28.0,40.0,30,True,29
2026-10-05,PLT,with code 10PLT BOAT NECK SHORT SLEEVE MAXI DRESS,10.0,20.0,50,True,29
2026-10-05,PLT,with code 10PLT SATIN KEYHOLE SHIFT DRESS,18.0,30.0,40,True,29
2026-10-05,PLT,ICONIC PRICES FLORAL SATIN OFF THE SHOULDER DRAPED SKIRT MIDI DRESS,16.0,36.0,56,True,29
2026-10-05,PLT,with code 10PLT PLT LABEL RUCHED PUFF HEM STRAPPY BODYCON DRESS,12.5,30.0,58,True,29
2026-10-05,PLT,with code 10PLT BUTTON DOWN BODYCON DRESS,13.0,28.0,54,True,29
2026-10-05,PLT,with code 10PLT WOVEN LACE SIDE DETAIL MAXI DRESS,30.0,40.0,25,True,29
2026-10-05,PLT,with code 10PLT BLAZER DRESS,33.75,45.0,25,True,29
2026-10-05,PLT,with code 10PLT OVERLAY DETAIL BLAZER DRESS,33.75,45.0,25,True,29
2026-10-05,PLT,with code 10PLT VELVET BANDEAU PLEATED CHIFFON SKIRT PANEL MAXI DRESS,25.0,50.0,50,True,29
2026-10-05,PLT,ICONIC PRICES PETITE PETITE CONTRAST STITCH SHORT SLEEVE DENIM DRESS,14.0,28.0,50,True,29
2026-10-05,PLT,with code 10PLT CHIFFON RUCHED BANDEAU DRAPE MINI DRESS,17.5,35.0,50,True,29
2026-10-05,PLT,with code 10PLT FLORAL PRINTED SATIN BOAT NECK FRINGE TRIM MINI SHIFT DRESS,30.0,40.0,25,True,29
2026-10-05,PLT,with code 10PLT CHIFFON DRAPED DETAIL MINI DRESS,21.0,28.0,25,True,29
2026-10-05,PLT,with code 10PLT CINCHED WAIST PLEATED BLAZER DRESS,33.75,45.0,25,True,29
2026-10-05,PLT,with code 10PLT FAUX SUEDE COCOON SLEEVE BLAZER DRESS,25.0,45.0,44,True,29
2026-10-05,PLT,ICONIC PRICES MESH LONG SLEEVE DRAPED MINI DRESS,28.5,38.0,25,True,29
2026-10-05,PLT,with code 10PLT BRIDESMAID SATIN COWL NECK MAXI DRESS,32.5,65.0,50,True,29
2026-10-05,PLT,with code 10PLT FLORAL DEVORE SKIRT STRAPPY MAXI DRESS,16.0,32.0,50,True,29
2026-10-05,PLT,with code 10PLT JERSEY ONE SHOULDER TRIM DETAIL MAXI DRESS,14.0,28.0,50,True,29
2026-10-05,PLT,with code 10PLT POPLIN SCARF WRAP DETAIL SHIRT DRESS,17.5,35.0,50,True,29
2026-10-05,PLT,with code 10PLT BANDEAU CORSET DRAPE DETAIL MAXI DRESS,15.5,45.0,66,True,29
2026-10-05,PLT,with code 10PLT OVERLAY DETAIL SHIFT DRESS,25.5,34.0,25,True,29
2026-10-05,PLT,with code 10PLT PETITE PETITE POLKA DOT HALTERNECK SCARF DROPPED WAIST MESH MAXI DRESS,22.5,45.0,50,True,29
2026-10-05,PLT,with code 10PLT PREMIUM WOVEN DRAPE RUCHED BODYCON DRESS,25.0,50.0,50,True,29
2026-10-05,PLT,with code 10PLT WOOL LOOK TAILORED BLAZER DRESS,22.5,45.0,50,True,29
2026-10-05,PLT,with code 10PLT CHIFFON LONG SLEEVE FRILL MINI DRESS,19.5,38.0,49,True,29
2026-10-05,PLT,with code 10PLT PRINTED FLORAL CHIFFON RUCHED SLEEVELESS MAXI DRESS,15.0,30.0,50,True,29
2026-10-05,PLT,with code 10PLT TALL TALL SEAM DETAIL PEPLUM DENIM DRESS,25.5,34.0,25,True,29
2026-10-05,PLT,with code 10PLT CHIFFON HIGH NECK COWL SEQUIN SKIRT MINI DRESS,26.25,35.0,25,True,29
2026-10-05,PLT,with code 10PLT MESH V NECK WRAP MAXI DRESS,21.0,28.0,25,True,29
2026-10-05,PLT,with code 10PLT PETITE PETITE FLUFFY KNIT OFF SHOULDER MINI DRESS,13.0,26.0,50,True,29
2026-10-05,PLT,with code 10PLT FLORAL PRINTED EXTREME TIERED V NECK MAXI DRESS,10.0,50.0,80,True,29
2026-10-05,PLT,with code 10PLT SATIN V NECK MINI DRESS,18.0,32.0,44,True,29
2026-10-05,PLT,ICONIC PRICES LONG SLEEVE LACE WRAP DETAIL MAXI DRESS,33.75,45.0,25,True,29
2026-10-05,PLT,with code 10PLT SLINKY CONTRAST OFF THE SHOULDER SHIFT DRESS,16.0,32.0,50,True,29
2026-10-05,PLT,with code 10PLT DOUBLE LAYER SLINKY PLUNGE DRAPE MAXI DRESS,26.25,35.0,25,True,30
2026-10-05,PLT,with code 10PLT SATIN JACQUARD HOOK & EYE CORSET MINI DRESS,18.75,25.0,25,True,30
2026-10-05,PLT,with code 10PLT CROCHET FRINGE HEM KNITTED DRESS,22.78,34.0,33,True,30
2026-10-05,PLT,with code 10PLT RUCHED OVERLAY BODYCON DRESS,15.0,30.0,50,True,30
2026-10-05,PLT,with code 10PLT PLT label POLKA DOT STRETCH WOVEN BAGGED OVER MINI DRESS,18.75,25.0,25,True,30
2026-10-05,PLT,with code 10PLT TALL TALL FINE KNIT CROSSOVER DETAIL MAXI DRESS,11.0,28.0,61,True,30
2026-10-05,PLT,with code 10PLT WOVEN COWL NECK STUD MINI DRESS,14.0,40.0,65,True,30
2026-10-05,PLT,with code 10PLT SLINKY ASYMMETRIC TWISTED STRAP MAXI DRESS,10.5,28.0,63,True,30
2026-10-05,PLT,with code 10PLT STRETCH WOVEN BANDEAU RUCHED MAXI DRESS,23.25,31.0,25,True,30
2026-10-05,PLT,with code 10PLT SOFT JERSEY SEAM DETAIL BODYCON DRESS,22.5,30.0,25,True,30
2026-10-05,PLT,with code 10PLT VELVET CONTRAST EXTREME BOW DETAIL A-LINE MINI DRESS,27.0,36.0,25,True,30
2026-10-05,PLT,with code 10PLT FLOWER TEXTURED V NECK MAXI DRESS,13.5,34.0,60,True,30
2026-10-05,PLT,with code 10PLT PLT LABEL PLT LABEL VELVET EXTREME SHOULDER RUCHED SATIN MIDAXI DRESS,30.0,60.0,50,True,30
2026-10-05,PLT,with code 10PLT SOFT TOUCH EYELET DETAIL MINI DRESS,13.5,18.0,25,True,30
2026-10-05,PLT,with code 10PLT PLT LABEL PLT LABEL SATIN HIGH NECK CHIFFON FISHTAIL SKIRT MAXI DRESS,24.0,48.0,50,True,30
2026-10-05,PLT,with code 10PLT MESH SCARF DETAIL RUCHED MAXI DRESS,28.0,40.0,30,True,30
2026-10-05,PLT,with code 10PLT WOVEN NECK TRIM DETAIL MINI DRESS,10.25,34.0,70,True,30
2026-10-05,PLT,with code 10PLT SLINKY KNOT DETAIL BANDEAU MAXI DRESS,18.0,60.0,70,True,30
2026-10-05,PLT,with code 10PLT PINSTRIPE OVERLAY DETAIL BODYCON DRESS,17.5,35.0,50,True,30
2026-10-05,PLT,with code 10PLT PETITE PETITE KNITTED SLEEVELESS MINI DRESS,12.0,26.0,54,True,30
2026-10-05,PLT,ICONIC PRICES SHORT SLEEVE SEAM DETAIL BUTTON DOWN DENIM MINI DRESS,16.0,32.0,50,True,30
2026-10-05,PLT,with code 10PLT PETITE PETITE STRAPPY MIDI DRESS,9.0,12.0,25,True,30
2026-10-05,PLT,with code 10PLT SHAPE SHAPE GREEN SOFT TOUCH ONE SHOULDER DOUBLE LAYERED MINI DRESS,18.0,24.0,25,True,30
2026-10-05,PLT,with code 10PLT LACE KEYHOLE LONG FLARED SLEEVE MAXI DRESS,21.0,45.0,53,True,30
2026-10-05,PLT,with code 10PLT STRETCH WOVEN KEYHOLE NECKLINE PUFFBALL MINI DRESS,20.25,27.0,25,True,30
2026-10-05,PLT,with code 10PLT SHIRRED BANDEAU BODYCON DRESS,8.5,28.0,70,True,30
2026-10-05,PLT,with code 10PLT BUTTON DOWN PUFFBALL DETAIL SHIRT DRESS,11.0,34.0,68,True,30
2026-10-05,PLT,with code 10PLT BANDEAU GODET MIDAXI DRESS,15.0,30.0,50,True,30
2026-10-05,PLT,with code 10PLT BUTTON DOWN SHIFT BLAZER DRESS,25.0,50.0,50,True,30
2026-10-05,PLT,with code 10PLT PINSTRIPE BRUSHED LONG SLEEVE BLAZER DRESS,31.5,45.0,30,True,30
2026-10-05,PLT,with code 10PLT SOFT TOUCH LONG SLEEVE RUCHED SIDE MINI SHIFT DRESS,18.75,25.0,25,True,30
2026-10-05,PLT,with code 10PLT PLUS PLUS POPLIN SCARF WRAP DETAIL SHIRT DRESS,17.5,35.0,50,True,30
2026-10-05,PLT,with code 10PLT CHIFFON HIGH NECK FRILL DETAIL MAXI DRESS,32.5,65.0,50,True,30
2026-10-05,PLT,with code 10PLT WOVEN DIAMANTE TRIM TASSEL DETAIL BLAZER DRESS,30.0,40.0,25,True,30
2026-10-05,PLT,with code 10PLT WOVEN BUTTON COLLAR MIDAXI DRESS,20.0,40.0,50,True,30
2026-10-05,PLT,with code 10PLT SATIN ASYMMETRIC COWL MAXI DRESS,15.0,30.0,50,True,30
2026-10-05,PLT,with code 10PLT EMBROIDERY DETAIL BANDEAU MAXI DRESS,23.0,50.0,54,True,30
2026-10-05,PLT,with code 10PLT STRUCTURED TIERED MAXI DRESS,27.5,55.0,50,True,30
2026-10-05,PLT,with code 10PLT STRUCTURED WOVEN SHORT SLEEVE WRAP SHIRT DRESS,19.0,38.0,50,True,30
2026-10-05,PLT,with code 10PLT WOVEN TIE BELT BLAZER DRESS,8.5,45.0,81,True,30
2026-10-05,PLT,with code 10PLT WOVEN PINSTRIPE TIE SHOULDER SHIFT DRESS,15.5,30.0,48,True,30
2026-10-05,PLT,with code 10PLT STRUCTURED LONG SLEEVE BLAZER DRESS,33.75,45.0,25,True,30
2026-10-05,PLT,with code 10PLT SLINKY JERSEY KNOT DETAIL CUT OUT ONE SHOULDER MAXI DRESS,21.0,60.0,65,True,30
2026-10-05,PLT,with code 10PLT WOVEN SCARF DETAIL BLAZER DRESS,25.0,50.0,50,True,30
2026-10-05,PLT,with code 10PLT SLINKY OFF THE SHOULDER RUCHED MINI DRESS,15.4,22.0,30,True,30
2026-10-05,PLT,with code 10PLT DEVORE MINI SHIFT DRESS,13.5,18.0,25,True,30
2026-10-05,PLT,with code 10PLT SHAPE SHAPE SLINKY RUCHED FRONT BOAT NECK MINI DRESS,11.0,22.0,50,True,30
2026-10-05,PLT,with code 10PLT PLT LABEL PLT LABEL LEOPARD PRINTED VELVET HALTERNECK MIDAXI DRESS,27.5,55.0,50,True,30
2026-10-05,PLT,with code 10PLT SATIN COWL NECK MINI DRESS,25.0,50.0,50,True,30
2026-10-05,PLT,ICONIC PRICES PREMIUM WOVEN POINTED BUST BANDEAU SKATER MIDI DRESS,36.5,75.0,51,True,30
2026-10-05,PLT,with code 10PLT PETITE PETITE COTTON POPLIN STRAPPY LACE TRIM SHIFT DRESS,22.5,30.0,25,True,30
2026-10-05,PLT,with code 10PLT PINK GINGHAM WHITE BRODERIE DETAIL MINI DRESS,12.5,26.0,52,True,30
2026-10-05,PLT,with code 10PLT CHIFFON SHELL TRIM MAXI DRESS,22.5,50.0,55,True,30
2026-10-05,PLT,with code 10PLT WOVEN FUNNEL NECK BUTTON DETAIL BODYCON DRESS,27.0,36.0,25,True,30
2026-10-05,PLT,with code 10PLT PLUS PLUS DOUBLE LAYER SLINKY RUCHED SHOULDER MAXI DRESS,12.0,28.0,57,True,30
2026-10-05,PLT,ICONIC PRICES DOUBLE LAYER SLINKY ASYMMETRIC RUCHED SHOULDER MINI DRESS,6.0,18.0,67,True,30
2026-10-05,PLT,with code 10PLT WOVEN TAILORED BLAZER DRESS,41.25,55.0,25,True,30
2026-10-05,PLT,with code 10PLT CHIFFON EMBELLISHED COWL NECK FRILL MINI SHIFT DRESS,16.0,32.0,50,True,30
2026-10-05,PLT,with code 10PLT SATIN PLISSE NECK DETAIL MAXI DRESS,21.0,60.0,65,True,30
2026-10-05,PLT,with code 10PLT SATIN BOW DETAIL A-LINE DRESS,19.5,26.0,25,True,30
2026-10-05,PLT,with code 10PLT SOFT TOUCH WRAP DETAIL BODYCON MINI DRESS,9.0,25.0,64,True,30
2026-10-05,PLT,with code 10PLT GINGHAM SQUARE NECK MAXI DRESS,24.0,50.0,52,True,30
2026-10-05,PLT,with code 10PLT FLORAL TEXTURED SCOOP NECK MAXI DRESS,18.0,45.0,60,True,30
2026-10-05,PLT,with code 10PLT PRINTED LACE TIERED STRAPPY MAXI DRESS,16.5,55.0,70,True,30
2026-10-05,PLT,with code 10PLT PLT LABEL PLT LABEL LEOPARD PRINTED VELVET BODYCON DRESS,30.0,60.0,50,True,30
2026-10-05,PLT,with code 10PLT WOVEN CAPE DETAIL LONG SLEEVE BODYCON DRESS,19.0,38.0,50,True,30
2026-10-05,PLT,with code 10PLT PETITE PETITE POLKA DOT CHIFFON SCARF DETAIL RUFFLE SHIFT MINI DRESS,21.0,28.0,25,True,30
2026-10-05,PLT,with code 10PLT PLUS PLUS JACQUARD PUFF SLEEVE RUCHED SPLIT SIDE MIDI DRESS,17.0,42.0,60,True,30
2026-10-05,PLT,with code 10PLT SEQUIN PUFFBALL DRESS,30.0,60.0,50,True,31
2026-10-05,PLT,with code 10PLT FAUX SUEDE STRUCTURED BLAZER DRESS,45.5,65.0,30,True,31
2026-10-05,PLT,with code 10PLT WOOL LOOK CINCHED WAIST BLAZER DRESS,41.25,55.0,25,True,31
2026-10-05,PLT,with code 10PLT ASYMMETRIC CAPE DETAIL BOAT NECK MAXI DRESS,22.5,45.0,50,True,31
2026-10-05,PLT,ICONIC PRICES PLT LABEL PLT LABEL RUCHED ASYMMETRIC MIDAXI DRESS,33.75,45.0,25,True,31
2026-10-05,PLT,with code 10PLT PETITE PETITE CUT OUT SLINKY MAXI DRESS,18.0,24.0,25,True,31
2026-10-05,PLT,with code 10PLT PLT label JERSEY BOAT NECK WRAP DETAIL MAXI DRESS,13.0,26.0,50,True,31
2026-10-05,PLT,with code 10PLT CHIFFON SHIRRED MINI DRESS,13.0,36.0,64,True,31
2026-10-05,PLT,with code 10PLT TRIM DETAIL BANDEAU BODYCON DRESS,15.0,30.0,50,True,31
2026-10-05,PLT,with code 10PLT LONG SLEEVE RAW HEM DENIM SHIRT DRESS,27.0,36.0,25,True,31
2026-10-05,PLT,with code 10PLT SHAPE SHAPE ONE SHOULDER RUCHED SIDE MINI DRESS,13.5,27.0,50,True,31
2026-10-05,PLT,with code 10PLT TINSEL BOUCLE BOW DETAIL PLEATED A-LINE DRESS,33.75,45.0,25,True,31
2026-10-05,PLT,with code 10PLT CHUNKY KNIT ASYMMETRIC MIDI DRESS,18.0,36.0,50,True,31
2026-10-05,PLT,with code 10PLT DOUBLE LAYER MESH WRAP MINI DRESS,21.0,28.0,25,True,31
2026-10-05,PLT,with code 10PLT CHECK SHOULDER PAD BLAZER MINI DRESS,19.0,38.0,50,True,31
2026-10-05,PLT,with code 10PLT SEQUIN SCARF DETAIL HALTERNECK MAXI DRESS,30.0,60.0,50,True,31
2026-10-05,PLT,ICONIC PRICES RUCHED LONG SLEEVE SHIRT DRESS,16.0,32.0,50,True,31
2026-10-05,PLT,with code 10PLT PRINTED BANDEAU RUCHED DETAIL MAXI DRESS,24.5,35.0,30,True,31
2026-10-05,PLT,with code 10PLT BOUCLE BOW DETAIL BANDEAU MINI DRESS,24.0,32.0,25,True,31
2026-10-05,PLT,with code 10PLT WOVEN TRIM DETAIL MINI DRESS,18.0,24.0,25,True,31
2026-10-05,PLT,with code 10PLT PINSTRIPE COLLAR DETAIL SLEEVELESS MINI DRESS,11.5,24.0,52,True,31
2026-10-05,PLT,with code 10PLT DEEP PLUM WOVEN CACOON SLEEVE BUTTON DOWN BLAZER DRESS,25.0,50.0,50,True,31
2026-10-05,PLT,with code 10PLT SLINKY PLUNGE TWIST FRONT MIDAXI DRESS,20.25,27.0,25,True,31
2026-10-05,PLT,with code 10PLT BLUE CROCHET BEAD DETAIL BEACH MAXI DRESS,14.0,40.0,65,True,31
2026-10-05,PLT,with code 10PLT SATIN HALTERNECK PUFFBALL MAXI DRESS,22.5,45.0,50,True,31
2026-10-05,PLT,with code 10PLT BRUSHED RIB BARDOT TRIM DETAIL BODYCON DRESS,9.0,26.0,65,True,31
2026-10-05,PLT,with code 10PLT BLURRED ABSTRACT PRINT CHIFFON CROSS FRONT BEAD DETAIL MAXI DRESS,30.0,40.0,25,True,31
2026-10-05,PLT,with code 10PLT SATIN PANEL SHEER MESH MINI DRESS,11.0,32.0,66,True,31
2026-10-05,PLT,with code 10PLT PLUS PLUS DOUBLE LAYER SOFT TOUCH SHIFT HEM MAXI DRESS,18.0,34.0,47,True,31
2026-10-05,PLT,ICONIC PRICES TEXTURED WOVEN BOXY BLAZER DRESS,37.5,50.0,25,True,31
2026-10-05,PLT,with code 10PLT GINGHAM HALTERNECK SHIFT DRESS,10.0,20.0,50,True,31
2026-10-05,PLT,with code 10PLT LINEN LOOK TWIST BANDEAU SHIFT DRESS,12.0,24.0,50,True,31
2026-10-05,PLT,with code 10PLT TAILORED SHOULDER PAD ZIP DETAIL BODYCON DRESS,27.0,36.0,25,True,31
2026-10-05,PLT,with code 10PLT PETITE PETITE DRAPE OVERLAY BANDEAU MINI DRESS,18.0,45.0,60,True,31
2026-10-05,PLT,with code 10PLT BRUSHED RIB HIGH NECK LONG SLEEVE SHIFT DRESS,18.0,24.0,25,True,31
2026-10-05,PLT,with code 10PLT WOVEN SPAGHETTI HALTER NECK SHIFT DRESS,24.5,35.0,30,True,31
2026-10-05,PLT,with code 10PLT WOVEN CINCHED BACKLESS MINI DRESS,17.5,35.0,50,True,31
2026-10-05,PLT,with code 10PLT WOVEN OFF THE SHOULDER FOLD OVER MINI DRESS,15.0,30.0,50,True,31
2026-10-05,PLT,with code 10PLT SATIN RUCHED BODICE TRIM DETAIL MAXI DRESS,18.0,50.0,64,True,31
2026-10-05,PLT,with code 10PLT ABSTRACT SEQUIN V NECK MAXI DRESS,21.0,55.0,62,True,31
2026-10-05,PLT,with code 10PLT CHIFFON HALTER NECK RUCHED BEADED MINI DRESS,28.5,38.0,25,True,31
2026-10-05,PLT,with code 10PLT WOVEN KEY HOLE LACE TRIM MINI DRESS,19.0,38.0,50,True,31
2026-10-05,PLT,with code 10PLT RUFFLE FLARED SLEEVE SHIFT DRESS,13.5,34.0,60,True,31
2026-10-05,PLT,with code 10PLT CHECK STRAPPY PUFF BALL DRESS,12.0,24.0,50,True,31
2026-10-05,PLT,with code 10PLT WOOL LOOK CINCHED BLAZER DRESS,25.0,55.0,55,True,31
2026-10-05,PLT,ICONIC PRICES WOVEN BALLOON SLEEVE COLLARLESS BLAZER DRESS,22.5,45.0,50,True,31
2026-10-05,PLT,with code 10PLT BOATNECK SHEER KNIT BACKLESS DETAIL MAXI DRESS,12.0,32.0,63,True,31
2026-10-05,PLT,with code 10PLT COVERED BUTTON PLUNGE DENIM MINI DRESS,12.0,24.0,50,True,31
2026-10-05,PLT,with code 10PLT DOUBLE LAYER SLINKY SHORT SLEEVE OPEN COWL BACK MAXI DRESS,26.25,35.0,25,True,31
2026-10-05,PLT,with code 10PLT FLORAL BANDEAU A LINE SHIFT DRESS,14.0,40.0,65,True,31
2026-10-05,PLT,ICONIC PRICES TAILORED BOAT NECK FRILL SHIFT DRESS,14.0,28.0,50,True,31
2026-10-05,PLT,with code 10PLT STRIPED BATWING RUCHED BODYCON DRESS,8.0,22.0,64,True,31
2026-10-05,PLT,with code 10PLT PLUS PLUS PINSTRIPE BUTTON DOWN RUCHED LONG SLEEVE SHIRT DRESS,22.5,30.0,25,True,31
2026-10-05,PLT,with code 10PLT TEXTURED JERSEY HALTERNECK TIE WAIST MINI,11.5,24.0,52,True,31
2026-10-05,PLT,with code 10PLT MESH DRAPE BANDEAU MAXI DRESS,27.5,55.0,50,True,31
2026-10-05,PLT,with code 10PLT JERSEY CINCHED WAIST MINI DRESS,11.0,22.0,50,True,31
2026-10-05,PLT,with code 10PLT WOVEN BUTTON DOWN DETAIL PLEATED SHIFT DRESS,16.25,35.0,54,True,31
2026-10-05,PLT,with code 10PLT CHIFFON OVERLAY DETAIL RUCHED MINI DRESS,25.0,50.0,50,True,31
2026-10-05,PLT,ICONIC PRICES CORD BOAT NECK BOXY SHIFT DRESS,16.0,32.0,50,True,31
2026-10-05,PLT,with code 10PLT V NECK FRILL MAXI DRESS,30.0,60.0,50,True,31
2026-10-05,PLT,with code 10PLT PREMIUM WOVEN STRUCTURED HIP DETAIL BLAZER DRESS,20.0,50.0,60,True,31
2026-10-05,PLT,with code 10PLT PLUS PLUS CHIFFON HALTER NECK MAXI DRESS,12.0,26.0,54,True,31
2026-10-05,PLT,ICONIC PRICES CROSS DETAIL CUT OUT MINI DRESS,11.0,22.0,50,True,31
2026-10-05,PLT,with code 10PLT SATIN BUTTON LONG SLEEVE BLAZER DRESS,25.0,50.0,50,True,31
2026-10-05,PLT,with code 10PLT PETITE PETITE LEMON SEQUIN BODICE CHIFFON FISHTAIL V NECK MAXI DRESS,22.5,45.0,50,True,31
2026-10-05,PLT,with code 10PLT TALL TALL WOVEN ASYMMETRIC KEYHOLE BUTTON DETAIL BODYCON DRESS,19.5,26.0,25,True,31
2026-10-05,PLT,with code 10PLT PLUS PLUS ANIMAL PRINTED PLISSE COWL NECK MAXI DRESS,17.0,34.0,50,True,32
2026-10-05,PLT,with code 10PLT SHAPE SHAPE BANDEAU PLUNGE HEM DETAIL MAXI DRESS,17.0,34.0,50,True,32
2026-10-05,PLT,with code 10PLT BUTTON DETAIL DENIM MINI DRESS,12.0,30.0,60,True,32
2026-10-05,PLT,with code 10PLT FAUX SUEDE BODYCON MAXI DRESS,35.0,50.0,30,True,32
2026-10-05,PLT,with code 10PLT RIBBED BARDOT OVERSIZED FOLD OVER MAXI DRESS,18.0,32.0,44,True,32
2026-10-05,PLT,ICONIC PRICES WOVEN LACE UP MINI DRESS,14.0,28.0,50,True,32
2026-10-05,PLT,with code 10PLT PLT label WOVEN BELT BLAZER DRESS,41.25,55.0,25,True,32
2026-10-05,PLT,with code 10PLT WOVEN FRINGE DETAIL SLEEVELESS MAXI DRESS,20.0,40.0,50,True,32
2026-10-05,PLT,with code 10PLT PETITE PETITE FRILL DETAIL BANDEAU MAXI DRESS,12.0,45.0,73,True,32
2026-10-05,PLT,with code 10PLT SOFT TOUCH CROPPED SLEEVE WRAP DETAIL MINI DRESS,19.5,26.0,25,True,32
2026-10-05,PLT,with code 10PLT BURNOUT MESH BANDEAU DRAPE FRONT MINI DRESS,12.0,24.0,50,True,32
2026-10-05,PLT,ICONIC PRICES CHIFFON STRAPPY PLEATED BELT DETAIL MAXI DRESS,21.0,45.0,53,True,32
2026-10-05,PLT,with code 10PLT ASYMMETRIC CAPE DETAIL BOAT NECK MAXI DRESS,22.0,45.0,51,True,32
2026-10-05,PLT,ICONIC PRICES STRUCTURED FAUX SUEDE SEAM DETAIL SLEEVELESS SHIFT DRESS,28.0,40.0,30,True,32
2026-10-05,PLT,ICONIC PRICES RUCHED BUST CORSET STRAPPY MIDAXI DRESS,22.75,65.0,65,True,32
2026-10-05,PLT,with code 10PLT CHECK POPLIN GATHERED SLEEVE WAIST DETAIL SHIRT DRESS,25.5,34.0,25,True,32
2026-10-05,PLT,with code 10PLT BANDEAU SATIN DRAPE DETAIL MAXI DRESS,18.5,38.0,51,True,32
2026-10-05,PLT,with code 10PLT DROPPED HEM TIE FRILL HALTERNECK MIDI DRESS,20.5,55.0,63,True,32
2026-10-05,PLT,with code 10PLT CHIFFON OPEN BACK STRAPPY BEAD DETAIL MAXI DRESS,20.0,45.0,56,True,32
2026-10-05,PLT,with code 10PLT SOFT TOUCH BANDEAU BEAD DETAIL CUT OUT MAXI DRESS,16.0,35.0,54,True,32
2026-10-05,PLT,with code 10PLT MESH EXTREME RUCHED BARDOT BODYCON DRESS,28.5,38.0,25,True,32
2026-10-05,PLT,with code 10PLT DOUBLE LAYER SLINKY LONG SLEEVE BARDOT MINI DRESS,18.75,25.0,25,True,32
2026-10-05,PLT,ICONIC PRICES GLITTER BOAT NECK LONG SLEEVE BODYCON DRESS,30.0,60.0,50,True,32
2026-10-05,PLT,with code 10PLT SHAPE SHAPE FOLD OVER BARDOT RIB MAXI DRESS,13.0,26.0,50,True,32
2026-10-05,PLT,with code 10PLT PLT LABEL PLT LABEL SLINKY CUT OUT RUCHED MAXI DRESS,25.0,50.0,50,True,32
2026-10-05,PLT,with code 10PLT VELVET BALLOON SLEEVE BLAZER DRESS,37.5,50.0,25,True,32
2026-10-05,PLT,with code 10PLT MATTE SCULPT BOAT NECK LONG SLEEVE MINI DRESS,18.75,25.0,25,True,32
2026-10-05,PLT,with code 10PLT RUCHED LONG SLEEVE BODYCON DRESS,22.5,45.0,50,True,32
2026-10-05,PLT,with code 10PLT SOFT TOUCH CUT OUT RUCHED DETAIL MAXI DRESS,15.0,30.0,50,True,32
2026-10-05,PLT,with code 10PLT DOUBLE LAYERED CHIFFON HALTERNECK KEYHOLE MAXI DRESS,7.5,40.0,81,True,32
2026-10-05,PLT,with code 10PLT BELTED BANDEAU PLEATED SHIFT DRESS,16.0,32.0,50,True,32
2026-10-05,PLT,with code 10PLT PUFF SLEEVE MAXI DRESS,18.25,45.0,59,True,32
2026-10-05,PLT,with code 10PLT CHIFFON BARDOT DRAPE MINI DRESS,17.0,45.0,62,True,32
2026-10-05,PLT,with code 10PLT CHEETAH PRINTED RUFFLE DETAIL PLUNGE MAXI DRESS,13.25,38.0,65,True,32
2026-10-05,PLT,with code 10PLT SHORT SLEEVE DROPPED WAIST KNITTED MINI DRESS,11.0,28.0,61,True,32
2026-10-05,PLT,with code 10PLT BRUSHED RIB TRIM DETAIL BODYCON DRESS,10.0,28.0,64,True,32
2026-10-05,PLT,with code 10PLT WOVEN ASYMMETRIC TRIM BLAZER DRESS,25.0,50.0,50,True,32
2026-10-05,PLT,with code 10PLT SOFT TOUCH BONED CORSET WRAP DETAIL MINI DRESS,26.25,35.0,25,True,32
2026-10-05,PLT,with code 10PLT COTTON BOW DETAIL A LINE MINI DRESS,15.0,32.0,53,True,32
2026-10-05,PLT,with code 10PLT TEXTURED BEADED STRAPPY BODYCON DRESS,9.0,18.0,50,True,32
2026-10-05,PLT,with code 10PLT LACE PANEL HALTERNECK PUFFBALL DRESS,11.0,28.0,61,True,32
2026-10-05,PLT,with code 10PLT SHAPE SHAPE SCULPT BANDEAU WRAP DRAPE MAXI DRESS,22.5,30.0,25,True,32
2026-10-05,PLT,with code 10PLT BANDEAU KNITTED MIDI DRESS,12.0,24.0,50,True,32
2026-10-05,PLT,with code 10PLT CORSET DETAIL OVERLAY MAXI DRESS,16.0,32.0,50,True,32
2026-10-05,PLT,with code 10PLT PINSTRIPE BOAT NECK STRUCTURED LONG SLEEVE MINI DRESS,15.0,30.0,50,True,32
2026-10-05,PLT,with code 10PLT DISC SEQUIN MINI DRESS,25.0,50.0,50,True,32
2026-10-05,PLT,with code 10PLT FLORAL PRINTED CHIFFON STRAPPY FRILL DETAIL MAXI DRESS,22.5,45.0,50,True,32
2026-10-05,PLT,with code 10PLT SHAPE SHAPE ONION SKIN COWL NECK FRILL HEM MIDI DRESS,17.0,34.0,50,True,32
2026-10-05,PLT,with code 10PLT WOVEN BANDEAU BAGGED OVER ROPE BELT MINI DRESS,10.25,34.0,70,True,32
2026-10-05,PLT,with code 10PLT PLUS PLUS CHIFFON DRAPE LONG SLEEVE MAXI DRESS,24.0,48.0,50,True,32
2026-10-05,PLT,with code 10PLT FLORAL PRINTED DROPPED WAIST MIDAXI DRESS,33.75,45.0,25,True,32
2026-10-05,PLT,with code 10PLT DARK FLORAL HALTERNECK PLUNGE DRESS,14.0,35.0,60,True,32
2026-10-05,PLT,with code 10PLT TEXTURED ONE SHOULDER RUCHED MAXI DRESS,11.5,26.0,56,True,32
2026-10-05,PLT,with code 10PLT SHAPE SHAPE BLUE PLUNGE OFF SHOULDER MIDI DRESS,12.0,30.0,60,True,32
2026-10-05,PLT,with code 10PLT GOLD CUFF DETAIL KNITTED MINI DRESS,14.0,28.0,50,True,32
2026-10-05,PLT,with code 10PLT WOVEN SCARF DETAIL BLAZER DRESS,15.0,50.0,70,True,32
2026-10-05,PLT,with code 10PLT SCARF DETAIL RUCHED MAXI DRESS,26.5,45.0,41,True,32
2026-10-05,PLT,with code 10PLT SHAPE SHAPE SLINKY FLOATY PLUNGE MINI DRESS,16.5,22.0,25,True,32
2026-10-05,PLT,with code 10PLT PLT LABEL CHOCOLATE SLINKY RUCHED BUST GODET MINI DRESS,20.0,40.0,50,True,32
2026-10-05,PLT,with code 10PLT CHIFFON OVERLAY DETAIL RUCHED MAXI DRESS,32.5,65.0,50,True,32
2026-10-05,PLT,with code 10PLT TEXTURED HALTERNECK PUFFBALL DRESS,9.5,24.0,60,True,32
2026-10-05,PLT,with code 10PLT PLUS PLUS ZEBRA PRINT DOUBLE SLINKY RUCHED DRAPED DETAIL MINI DRESS,22.5,30.0,25,True,32
2026-10-05,PLT,with code 10PLT TEXTURED DRAPED MINI DRESS,20.0,40.0,50,True,32
2026-10-05,PLT,ICONIC PRICES WOVEN BATWING BODYCON DRESS,12.0,24.0,50,True,32
2026-10-05,PLT,with code 10PLT FLORAL TEXTURED SHIRRED STRAPPY BODYCON DRESS,13.5,25.0,46,True,32
2026-10-05,PLT,with code 10PLT SEQUIN WIRE CUP DETAIL MAXI DRESS,35.0,50.0,30,True,32
2026-10-05,PLT,with code 10PLT PETITE PETITE TIE WAIST OPEN FRONT MINI DRESS,19.5,26.0,25,True,32
2026-10-05,PLT,with code 10PLT LACE DETAIL OPEN BACK MAXI DRESS,16.0,40.0,60,True,32
2026-10-05,PLT,with code 10PLT SATIN HALTERNECK LACE MAXI DRESS,25.5,34.0,25,True,32
2026-10-05,PLT,with code 10PLT PLUS PLUS CONTRAST PLEATED HEM SQUARE NECK MIDAXI DRESS,33.75,45.0,25,True,32
2026-10-05,PLT,with code 10PLT 1 WOVEN CURVED LAPEL BLAZER DRESS,14.0,45.0,69,True,32
2026-10-05,PLT,ICONIC PRICES BRUSHED RIB STRIPED LONG SLEEVE MINI DRESS,12.0,24.0,50,True,33
2026-10-05,PLT,with code 10PLT MESH LONG SLEEVE BEACH DRESS,18.75,25.0,25,True,33
2026-10-05,PLT,with code 10PLT SATIN PLUNGE LACE TRIM FLOATY MAXI DRESS,22.5,30.0,25,True,33
2026-10-05,PLT,with code 10PLT MESH ASYMMETRIC TWIST MIDAXI DRESS,10.25,22.0,53,True,33
2026-10-05,PLT,with code 10PLT RUCHED SCARF DROPPED WAIST MAXI DRESS,24.5,35.0,30,True,33
2026-10-05,PLT,with code 10PLT PLEATED HEM BUTTON DOWN SHIRT DRESS,17.0,34.0,50,True,33
2026-10-05,PLT,ICONIC PRICES TEXTURED FRILL BOW DETAIL SHIFT MINI DRESS,10.5,20.0,48,True,33
2026-10-05,PLT,with code 10PLT PLT label WOVEN WRAP BELTED BLAZER DRESS,37.5,50.0,25,True,33
2026-10-05,PLT,with code 10PLT STRIPED ASYMMETRIC TIE SHOULDER BODYCON DRESS,8.5,24.0,65,True,33
2026-10-05,PLT,with code 10PLT PETITE PETITE SEAM DETAIL FRILL MAXI DRESS,25.0,55.0,55,True,33
2026-10-05,PLT,ICONIC PRICES TALL TALL CHIFFON CONTRAST LACE SHIFT DRESS,25.5,34.0,25,True,33
2026-10-05,PLT,with code 10PLT HALTERNECK CUT OUT DETAIL KNITTED MINI DRESS,10.5,26.0,60,True,33
2026-10-05,PLT,with code 10PLT DOUBLE LAYER SLINKY ONE SHOULDER TRIM DETAIL MAXI DRESS,15.0,30.0,50,True,33
2026-10-05,PLT,with code 10PLT CORSET SEAM DENIM MINI DRESS,14.0,28.0,50,True,33
2026-10-05,PLT,with code 10PLT WOVEN CINCHED BACKLESS MINI DRESS,10.5,35.0,70,True,33
2026-10-05,PLT,with code 10PLT BUTTERCREAM BANDEAU WAISTCOAT DETAIL BODYCON DRESS,10.5,30.0,65,True,33
2026-10-05,PLT,with code 10PLT BANDEAU SATIN DRAPE DETAIL MAXI DRESS,15.0,38.0,61,True,33
2026-10-05,PLT,with code 10PLT BRODERIE DETAIL MINI DRESS,14.0,26.0,46,True,33
2026-10-05,PLT,with code 10PLT BOUCLE BUTTON DETAIL MINI DRESS,8.0,38.0,79,True,33
2026-10-05,PLT,with code 10PLT PLUS PLUS BANDEAU CONTRAST CHIFFON PLEATED MAXI DRESS,32.5,65.0,50,True,33
2026-10-05,PLT,with code 10PLT WOVEN PLEATED HEM BLAZER DRESS,22.5,45.0,50,True,33
2026-10-05,PLT,with code 10PLT CHIFFON PUFF SLEEVE MINI DRESS,21.5,45.0,52,True,33
2026-10-05,PLT,with code 10PLT RUCHED BANDEAU SPLIT MAXI DRESS,23.5,50.0,53,True,33
2026-10-05,PLT,with code 10PLT FLORAL CUP DETAIL EXTREME PUFFBALL HEM DRESS,22.5,45.0,50,True,33
2026-10-05,PLT,with code 10PLT SATIN POLKA DOT PANEL CONTRAST V NECK MAXI DRESS,13.0,32.0,59,True,33
2026-10-05,PLT,with code 10PLT BRODERIE PUFF SLEEVE A-LINE MINI DRESS,14.0,35.0,60,True,33
2026-10-05,PLT,with code 10PLT BRUSHED RIB TRIM LONG SLEEVE DETAIL BODYCON DRESS,18.0,24.0,25,True,33
2026-10-05,PLT,with code 10PLT SEQUIN ONE SHOULDER RUCHED MINI DRESS,25.0,50.0,50,True,33
2026-10-05,PLT,with code 10PLT TEXTURED JERSEY WRAP WAIST BODYCON DRESS,13.0,26.0,50,True,33
2026-10-05,PLT,ICONIC PRICES SHAPE SHAPE BANDAGE CONTRAST LACE LONG SLEEVE MINI DRESS,33.75,45.0,25,True,33
2026-10-05,PLT,with code 10PLT CHECK RUCHED BUST LONG SLEEVE SHIFT DRESS,14.0,28.0,50,True,33
2026-10-05,PLT,with code 10PLT STRUCTURED SATIN DRAPE DETAIL BLAZER DRESS,30.0,60.0,50,True,33
2026-10-05,PLT,with code 10PLT STRUCTURED FAUX SUEDE SEAM DETAIL SLEEVELESS SHIFT DRESS,20.0,40.0,50,True,33
2026-10-05,PLT,ICONIC PRICES FLORAL JACQUARD EMBROIDERED PUFFBALL DRESS,25.0,50.0,50,True,33
2026-10-05,PLT,with code 10PLT SOFT TOUCH HALTER NECK TRIM DETAIL RUCHED MINI DRESS,15.75,34.0,54,True,33
2026-10-05,PLT,with code 10PLT SOFT TOUCH BATWING DRAPE DETAIL MAXI DRESS,34.5,46.0,25,True,33
2026-10-05,PLT,with code 10PLT COTTON RUCHED LACE UP HIGH NECK CORSET MINI DRESS,16.0,32.0,50,True,33
2026-10-05,PLT,with code 10PLT RACER NECK DENIM MINI DRESS,14.0,30.0,53,True,33
2026-10-05,PLT,with code 10PLT CHIFFON STRAPPY GODET MAXI DRESS,31.5,65.0,52,True,33
2026-10-05,PLT,with code 10PLT RUCHED DETAIL SATIN HALTERNECK MAXI DRESS,14.0,35.0,60,True,33
2026-10-05,PLT,with code 10PLT BRUSHED RIB STRIPED LONG SLEEVE MINI DRESS,12.0,24.0,50,True,33
2026-10-05,PLT,with code 10PLT LONG SLEEVE ASYMMETRIC KNITTED MINI DRESS,13.0,26.0,50,True,33
2026-10-05,PLT,with code 10PLT KARENMILLEN EMBELLISHED TAFFETA WOVEN SHIRT DRESS,359.0,359.0,0,False,33
2026-10-05,PLT,with code 10PLT KARENMILLEN TAILORED CREPE PLEATED KILTED MIDI DRESS,174.3,249.0,30,True,33
2026-10-05,PLT,with code 10PLT PETITE BOOHOO PETITE BIAS CUT ANGEL SLEEVE MAXI DRESS,26.25,35.0,25,True,33
2026-10-05,PLT,with code 10PLT COAST COAST HONOURED PLUNGE FLORAL VINTAGE EMBELLISHED WEDDING DRESS,119.4,199.0,40,True,33
2026-10-05,PLT,with code 10PLT KARENMILLEN EMBELLISHED WOVEN MAXI DRESS WITH CAPE SLEEVE,321.3,459.0,30,True,33
2026-10-05,PLT,with code 10PLT COAST PLUNGE FLORAL VINTAGE EMBELLISHED WEDDING DRESS WITH SLEEVE,199.0,199.0,0,False,33
2026-10-05,PLT,with code 10PLT COAST SHORT SLEEVE CREPE MIDI DRESS WITH LACE PLEATED SKIRT,149.0,149.0,0,False,33
2026-10-05,PLT,with code 10PLT COAST COAST HONOURED TWILL BARDOT COLUMN MIDI BRIDESMAID DRESS,59.4,99.0,40,True,33
2026-10-05,PLT,with code 10PLT COAST DRAPE HIGH NECK PLEATED SKIRT MIDI DRESS,129.0,129.0,0,False,33
2026-10-05,PLT,with code 10PLT KARENMILLEN FOREVER STRUCTURED CREPE BELTED FOREVER MIDI DRESS,199.0,199.0,0,False,33
2026-10-05,PLT,with code 10PLT COAST COAST HONOURED CHIFFON COWL BACK DETAIL WEDDING DRESS,89.4,149.0,40,True,33
2026-10-05,PLT,with code 10PLT COAST OFF THE SHOULDER WATERFALL DETAIL PLEATED SKIRT MAXI DRESS,149.0,149.0,0,False,33
2026-10-05,PLT,with code 10PLT KARENMILLEN COMPACT STRETCH CONTRAST TIPPED FOREVER BELTED TAILORED MIDI DRESS,100.0,199.0,50,True,33
2026-10-05,PLT,with code 10PLT BOOHOO KNOT DETAIL LONG SLEEVE MAXI DRESS,22.5,30.0,25,True,33
2026-10-05,PLT,with code 10PLT BOOHOO COLLARED BUTTON DOWN OVERSIZED KNITTED JUMPER DRESS,16.5,22.0,25,True,33
2026-10-05,PLT,with code 10PLT BOOHOO CRINKLE CHIFFON RUFFLE MAXI DRESS,28.5,38.0,25,True,33
2026-10-05,PLT,with code 10PLT PLUS BOOHOO PLUS TEXTURED TIE DETAIL MAXI DRESS,18.75,25.0,25,True,33
2026-10-05,PLT,with code 10PLT KARENMILLEN COMPACT STRETCH LACE SLEEVE BLAZER MINI DRESS,114.0,229.0,50,True,33
2026-10-05,PLT,with code 10PLT PLUS BOOHOO PLUS PLEATED SKIRT SKATER DRESS,21.0,28.0,25,True,33
2026-10-05,PLT,with code 10PLT COAST HIGH NECK SLEEVELESS VELVET SEQUIN MAXI DRESS,139.0,139.0,0,False,33
2026-10-05,PLT,with code 10PLT COAST DRAPE HIGH NECK PLEATED SKIRT MIDI WEDDING DRESS,77.4,129.0,40,True,33
2026-10-05,PLT,with code 10PLT COAST COAST HONOURED SEQUIN DRAPED BARDOT LONG SLEEVE MAXI WEDDING DRESS,149.4,249.0,40,True,33
2026-10-05,PLT,with code 10PLT KARENMILLEN CUTWORK BEADED EMBROIDERED WOVEN MAXI DRESS,129.0,369.0,65,True,33
2026-10-05,PLT,with code 10PLT BOOHOO FLORAL MESH WIDE COWL PRINTED MAXI DRESS,21.0,28.0,25,True,33
2026-10-05,PLT,with code 10PLT COAST COAST HONOURED PREMIUM CREPE PLUNGE NECK FISHTAIL WEDDING DRESS,89.4,149.0,40,True,33
2026-10-05,PLT,with code 10PLT KARENMILLEN FIGURE FORM BANDAGE TASSEL HEM KNITTED DRESS,80.0,159.0,50,True,33
2026-10-05,PLT,with code 10PLT 4 KARENMILLEN MILITARY TRIM RIB KNIT COLLARED MAXI DRESS,129.0,129.0,0,False,33
2026-10-05,PLT,with code 10PLT KARENMILLEN KNITTED NECK TIE DETAIL MIDI DRESS,69.3,99.0,30,True,33
2026-10-05,PLT,with code 10PLT COAST BELTED CREPE MIDI DRESS,40.0,119.0,66,True,33
2026-10-05,PLT,with code 10PLT PETITE COAST PETITE 3D CORSAGE HIGH LOW DRESS,50.0,119.0,58,True,33
2026-10-05,PLT,with code 10PLT BOOHOO JERSEY CREPE PLEAT FRONT BELTED MIDI DRESS,16.5,22.0,25,True,33
2026-10-05,PLT,with code 10PLT DOROTHY PERKINS LEOPARD KEYHOLE JERSEY MIDI DRESS,27.3,39.0,30,True,33
2026-10-05,PLT,with code 10PLT KARENMILLEN PREMIUM CRYSTAL EMBELLISHED HALTER NECK MAXI DRESS,259.0,259.0,0,False,33
2026-10-05,PLT,with code 10PLT COAST SATIN RUCHED DETAIL OFF THE SHOULDER MAXI BRIDESMAID DRESS,99.0,99.0,0,False,33
2026-10-05,PLT,with code 10PLT PLUS BOOHOO PLUS SHORT SLEEVE ZIP FRONT DENIM DRESS,24.0,32.0,25,True,34
2026-10-05,PLT,with code 10PLT COAST COAST HONOURED BOW ONE SHOULDER MAXI BRIDESMAID DRESS,77.4,129.0,40,True,34
2026-10-05,PLT,with code 10PLT KARENMILLEN COMPACT STRETCH DIAMANTE TRIM DETAIL COLUMN DRESS,125.0,249.0,50,True,34
2026-10-05,PLT,with code 10PLT KARENMILLEN COTTON PONTE JERSEY RUFFLE HEM MAXI DRESS,119.0,119.0,0,False,34
2026-10-05,PLT,with code 10PLT BOOHOO BURNOUT FLORAL GODET HEM MINI DRESS,21.0,28.0,25,True,34
2026-10-05,PLT,with code 10PLT BOOHOO VOLUME SLEEVE FIT & FLARE MINI DRESS,16.5,22.0,25,True,34
2026-10-05,PLT,with code 10PLT KARENMILLEN FOREVER TAILORED STRUCTURED CREPE FOREVER PLEAT BELTED MIDI DRESS,70.0,199.0,65,True,34
2026-10-05,PLT,with code 10PLT PLT label MATERNITY BOOHOO EMILY SHAK MATERNITY SLINKY OFF THE SHOULDER LONG SLEEVE RUCHED MIDAXI DRESS,19.5,26.0,25,True,34
2026-10-05,PLT,with code 10PLT COAST PLEATED MESH PRINTED CAPE MAXI DRESS WITH GEMSTONE,149.0,149.0,0,False,34
2026-10-05,PLT,with code 10PLT COAST SQUARE NECK SATIN AND CREPE BRIDESMAID DRESS WITH BOW BACK,71.4,119.0,40,True,34
2026-10-05,PLT,with code 10PLT COAST COAST HONOURED BARDOT BOHO LACE FISHTAIL WEDDING DRESS,89.4,149.0,40,True,34
2026-10-05,PLT,with code 10PLT COAST CUTOUT DETAIL LONG SLEEVE MIDI DRESS GOLD TRIM,95.2,119.0,20,True,34
2026-10-05,PLT,with code 10PLT PETITE DOROTHY PERKINS DP LUXE PETITE SEQUIN WRAP MINI DRESS,68.0,85.0,20,True,34
2026-10-05,PLT,with code 10PLT KARENMILLEN FLORAL PRINT ORGANDIE HIGH NECK WOVEN MINI DRESS,83.3,119.0,30,True,34
2026-10-05,PLT,with code 10PLT BOOHOO TONAL POLKA DOT PRINT SCARF DETAIL MAXI DRESS,21.0,28.0,25,True,34
2026-10-05,PLT,with code 10PLT KARENMILLEN FOIL METALLIC FIGURE FORM BANDAGE STRAPPY KNIT MAXI DRESS,80.0,159.0,50,True,34
2026-10-05,PLT,with code 10PLT COAST SATIN LACE BOAT NECK MIDI DRESS WITH FLUTED SLEEVE,50.0,149.0,66,True,34
2026-10-05,PLT,with code 10PLT KARENMILLEN FIGURE FORM BANDAGE KNIT PIPING DETAIL MILITARY MINI DRESS,64.0,159.0,60,True,34
2026-10-05,PLT,with code 10PLT PETITE OASIS SEQUIN RUFFLE DETAIL MAXI DRESS,45.0,89.0,49,True,34
2026-10-05,PLT,with code 10PLT KARENMILLEN FOREVER RIB KNIT MILITARY TRIM MAXI DRESS,119.0,119.0,0,False,34
2026-10-05,PLT,with code 10PLT COAST LACE TRIM TIERED ORGANZA MIDI DRESS,104.3,149.0,30,True,34
2026-10-05,PLT,with code 10PLT KARENMILLEN TEXTURED SATIN RUFFLE DETAIL SLEEVELESS MIDI DRESS,74.0,149.0,50,True,34
2026-10-05,PLT,with code 10PLT COAST COAST HONOURED SLEEVELESS COWL BACK MAXI BRIDESMAID DRESS,28.0,129.0,78,True,34
2026-10-05,PLT,with code 10PLT COAST WRAP WAIST DETAIL SATIN HALTER NECK BRIDESMAID DRESS,71.4,119.0,40,True,34
2026-10-05,PLT,with code 10PLT PLUS BOOHOO PLUS WOVEN PUFF SLEEVE RUFFLE HEM SHIFT DRESS,21.0,28.0,25,True,34
2026-10-05,PLT,with code 10PLT COAST COAST HONOURED RUCHED WAIST DETAIL SATIN BRIDESMAID DRESS,50.0,99.0,49,True,34
2026-10-05,PLT,with code 10PLT COAST COAST HONOURED SATIN BACK CREPE V NECK TIE SHOULDER MAXI BRIDESMAID DRESS,30.0,119.0,75,True,34
2026-10-05,PLT,with code 10PLT 2 COAST SCALLOPED STRAPLESS MIDI WEDDING DRESS,89.4,149.0,40,True,34
2026-10-05,PLT,with code 10PLT BOOHOO SUPER SOFT STRAPPY CAMI MAXI DRESS,11.25,15.0,25,True,34
2026-10-05,PLT,with code 10PLT COAST COAST HONOURED SLEEVELESS HIGH NECK TIE SHOULDER SATIN MAXI BRIDESMAID DRESS,59.4,99.0,40,True,34
2026-10-05,PLT,with code 10PLT PETITE DOROTHY PERKINS PETITE BLUE FLORAL V NECK JERSEY MIDI DRESS,18.0,35.0,49,True,34
2026-10-05,PLT,with code 10PLT KARENMILLEN PLEATED TIERED MAXI DRESS,100.0,199.0,50,True,34
2026-10-05,PLT,with code 10PLT KARENMILLEN TEXTURED COMPACT STRETCH HIGH NECK BELTED MINI DRESS,77.0,219.0,65,True,34
2026-10-05,PLT,with code 10PLT BOOHOO DROPPED WAIST PLEATED MINI DRESS,26.25,35.0,25,True,34
2026-10-05,PLT,with code 10PLT COAST CROSS NECK TWILL BRIDESMAID DRESS,83.4,139.0,40,True,34
2026-10-05,PLT,with code 10PLT DOROTHY PERKINS VELVET SEQUIN WRAP MIDI DRESS,55.2,69.0,20,True,34
2026-10-05,PLT,with code 10PLT COAST LACE INSERT MIDI DRESS,40.0,119.0,66,True,34
2026-10-05,PLT,with code 10PLT OASIS FLORAL EMBELLISHED MESH MIDAXI DRESS,104.3,149.0,30,True,34
2026-10-05,PLT,with code 10PLT COAST SLEEVELESS RUFFLE PLEAT SATIN BACK CREPE MIDI DRESS,77.4,129.0,40,True,34
2026-10-05,PLT,with code 10PLT KARENMILLEN WOOL LOOK MILITARY DOUBLE BREASTED KNITTED DRESS,149.0,149.0,0,False,34
2026-10-05,PLT,with code 10PLT KARENMILLEN STRUCTURED SATIN ASYMMETRIC FULL MAXI DRESS,115.0,229.0,50,True,34
2026-10-05,PLT,with code 10PLT COAST LISA TAN LONG SLEEVE EMBROIDERED MESH MIDI DRESS,70.0,159.0,56,True,34
2026-10-05,PLT,with code 10PLT DOROTHY PERKINS BERRY ZEBRA V NECK MIDI DRESS,27.3,39.0,30,True,34
2026-10-05,PLT,with code 10PLT COAST COAST HONOURED V NECK ANGEL SHORT SLEEVE SATIN MAXI BRIDESMAID DRESS,83.4,139.0,40,True,34
2026-10-05,PLT,with code 10PLT 1 COAST SATIN MIDI DRESS WITH TWIST WAIST,50.0,119.0,58,True,34
2026-10-05,PLT,with code 10PLT COAST SHORT SLEEVE EMBROIDERED PLEATED SKIRT MIDI DRESS,134.1,149.0,10,True,34
2026-10-05,PLT,with code 10PLT OASIS SQUARE NECK CHIFFON TIE SHOULDER SATIN JACQUARD BRIDESMAID DRESS,53.4,89.0,40,True,34
2026-10-05,PLT,with code 10PLT PLUS BOOHOO PLUS LEOPARD FLORAL RUCHED MINI SHIFT DRESS,21.0,28.0,25,True,34
2026-10-05,PLT,with code 10PLT COAST COAST HONOURED TWIST HALTERNECK SATIN MAXI BRIDESMAID DRESS,59.4,99.0,40,True,34
2026-10-05,PLT,with code 10PLT COAST BARDOT TWILL WATERFALL BRIDESMAID DRESS,89.4,149.0,40,True,34
2026-10-05,PLT,with code 10PLT KARENMILLEN DENIM FUNNEL NECK FULL SKIRTED DRESS,104.3,149.0,30,True,34
2026-10-05,PLT,with code 10PLT COAST COAST HONOURED PLUNGE NECK STRUCTURED SATIN BOW BACK WEDDING DRESS,89.4,149.0,40,True,34
2026-10-05,PLT,with code 10PLT KARENMILLEN FOREVER TWILL COLLARED MAXI DRESS,79.0,159.0,50,True,34
2026-10-05,PLT,with code 10PLT KARENMILLEN FLORAL PRINT CRINKLE CROSS FRONT GEORGETTE WOVEN MAXI DRESS,72.0,179.0,60,True,34
2026-10-05,PLT,with code 10PLT COAST LISA TAN V NECK RUFFLE SHOULDER MIDI DRESS,35.0,129.0,73,True,34
2026-10-05,PLT,with code 10PLT COAST PLUNGE NECK JACQUARD MIDI WEDDING DRESS,89.4,149.0,40,True,34
2026-10-05,PLT,with code 10PLT PETITE DOROTHY PERKINS PETITE RED FLORAL PUFF SLEEVE FIT AND FLARE MINI DRESS,20.3,29.0,30,True,34
2026-10-05,PLT,with code 10PLT COAST CHIFFON CAPE STYLE SEQUIN MAXI DRESS,107.4,179.0,40,True,34
2026-10-05,PLT,with code 10PLT COAST BOW STRUCTURED SATIN BRIDAL MINI DRESS,53.4,89.0,40,True,34
2026-10-05,PLT,with code 10PLT KARENMILLEN VISCOSE GEORGETTE DROP HEM WOVEN HALTER NECK MAXI DRESS,60.0,199.0,70,True,34
2026-10-05,PLT,with code 10PLT KARENMILLEN PREMIUM BEADED EMBELLISHED WOVEN MIDAXI CAPE DRESS,192.0,549.0,65,True,34
2026-10-05,PLT,with code 10PLT PETITE KARENMILLEN PETITE SEQUIN HALTER NECK HANKY HEM MAXI DRESS,84.0,169.0,50,True,34
2026-10-05,PLT,with code 10PLT BOOHOO LEOPARD PRINT MILKMAID MAXI DRESS,24.0,32.0,25,True,34
2026-10-05,PLT,with code 10PLT PETITE COAST PETITE CAPE SLEEVE WRAP SKIRT MIDI DRESS,60.0,119.0,50,True,34
2026-10-05,PLT,with code 10PLT DOROTHY PERKINS BLUE SPOT V NECK MIDI DRESS,27.3,39.0,30,True,34
2026-10-05,PLT,with code 10PLT KARENMILLEN KNIT RIB WITH CONTRAST WAIST DETAIL COLLARED MIDI DRESS,45.0,129.0,65,True,34
2026-10-05,PLT,with code 10PLT KARENMILLEN FLORAL PRINT TWILL MIDI DRESS,90.0,129.0,30,True,34
2026-10-05,PLT,with code 10PLT PETITE COAST PETITE BELTED TWILL MIDI DRESS,40.0,129.0,69,True,34
2026-10-05,PLT,with code 10PLT COAST PUFF SLEEVE MINI DRESS WEDDING DRESS WITH TIE BACK,53.4,89.0,40,True,34
2026-10-05,PLT,with code 10PLT PLUS COAST PLUS V NECK SHORT SLEEVE PONTE MIDI DRESS,107.1,119.0,10,True,34
2026-10-05,PLT,with code 10PLT KARENMILLEN COTTON ZIP THROUGH COLLAR KNITTED MIDI DRESS,129.0,129.0,0,False,34
2026-10-05,PLT,with code 10PLT KARENMILLEN JERSEY CREPE ASYMMETRIC NECKLINE MAXI DRESS,30.0,99.0,70,True,34
2026-10-05,PLT,with code 10PLT KARENMILLEN FLUID STRIPE COTTON MIX WOVEN SHIRT DRESS,132.0,189.0,30,True,34
2026-10-05,PLT,with code 10PLT COAST ASYMMETRIC NECKLINE SATIN BRIDESMAID MAXI DRESS,30.0,129.0,77,True,34
2026-10-05,PLT,with code 10PLT KARENMILLEN VISCOSE BLEND POPPER DETAIL KNITTED MINI DRESS,62.3,89.0,30,True,34
2026-10-05,PLT,with code 10PLT KARENMILLEN MAXI DRAPED FRINGE KNITTED MINI DRESS,89.0,179.0,50,True,34
2026-10-05,PLT,with code 10PLT COAST SPARKLE DRAPE SLEEVE BRIDESMAID MIDI DRESS,70.0,169.0,59,True,34
2026-10-05,PLT,with code 10PLT PLUS BOOHOO PLUS PLEATED SKIRT SKATER DRESS,22.5,30.0,25,True,34
2026-10-05,PLT,with code 10PLT COAST POCKET STRUCTURED SATIN PLACEMENT PRINT MIDI DRESS,60.0,139.0,57,True,34
2026-10-05,PLT,with code 10PLT COAST JACQUARD BOW MINI DRESS,30.0,99.0,70,True,35
2026-10-05,PLT,with code 10PLT COAST LISA TAN BOW DETAIL PRINTED ORGANZA MIDI DRESS,35.0,119.0,71,True,35
2026-10-05,PLT,with code 10PLT BOOHOO GOLD BUTTON CINCHED DENIM DRESS,14.0,35.0,60,True,35
2026-10-05,PLT,with code 10PLT PETITE DOROTHY PERKINS PETITE PRINT MIX LONG SLEEVE TIE DETAIL MAXI DRESS,23.4,39.0,40,True,35
2026-10-05,PLT,with code 10PLT COAST SEQUIN BOUCLE SHIFT DRESS WITH BOWS,50.0,119.0,58,True,35
2026-10-05,PLT,with code 10PLT PETITE COAST PETITE LACE INSERT MIDI DRESS,71.4,119.0,40,True,35
2026-10-05,PLT,with code 10PLT KARENMILLEN FOREVER COLOUR BLOCK TWILL WOVEN BELTED MIDI SHIRT DRESS,119.0,119.0,0,False,35
2026-10-05,PLT,with code 10PLT PLT label COAST COAST HONOURED SEQUIN BARDOT WRAP SKIRT WEDDING DRESS,149.4,249.0,40,True,35
2026-10-05,PLT,with code 10PLT COAST CAP SLEEVE HIGH LOW JACQUARD MIDI DRESS,149.0,149.0,0,False,35
2026-10-05,PLT,with code 10PLT WAREHOUSE PRINTED SATIN SLEEVELESS KNOT FRONT ASYMMETRIC HEM MIDI DRESS,41.0,69.0,41,True,35
2026-10-05,PLT,with code 10PLT COAST SATIN LACE BACK DETAIL MAXI BRIDESMAID DRESS,83.3,119.0,30,True,35
2026-10-05,PLT,with code 10PLT DOROTHY PERKINS BELTED SCUBA SHIFT MINI DRESS,24.5,35.0,30,True,35
2026-10-05,PLT,with code 10PLT COAST LACE ANGEL SLEEVE MIDI DRESS,35.0,129.0,73,True,35
2026-10-05,PLT,with code 10PLT PETITE COAST PETITE LACE HEM STRUCTURED SATIN MAXI DRESS,89.4,149.0,40,True,35
2026-10-05,PLT,with code 10PLT OASIS CHAMPAGNE SATIN TIE SHOULDER MIDI BRIDESMAID DRESS,41.4,69.0,40,True,35
2026-10-05,PLT,with code 10PLT PLUS BOOHOO PLUS FLORAL CHIFFON RUCHED BLOUSON SLEEVE MAXI DRESS,26.25,35.0,25,True,35
2026-10-05,PLT,with code 10PLT DOROTHY PERKINS PINK FLORAL RUFFLE HEM LONG SLEEVE MIDI DRESS,27.3,39.0,30,True,35
2026-10-05,PLT,with code 10PLT COAST SATIN LACE PLEATED MIDI DRESS,50.0,129.0,61,True,35
2026-10-05,PLT,with code 10PLT COAST DEVORE MESH ANGEL SLEEVE BRIDESMAID DRESS,129.0,129.0,0,False,35
2026-10-05,PLT,with code 10PLT KARENMILLEN HALTERNECK TULLE MAXI DRESS,80.0,159.0,50,True,35
2026-10-05,PLT,with code 10PLT COAST EMBROIDERED PLEAT MAXI BRIDESMAID DRESS,70.0,169.0,59,True,35
2026-10-05,PLT,with code 10PLT PLUS BOOHOO PLUS ONE SHOULDER MINI DRESS,19.5,26.0,25,True,35
2026-10-05,PLT,with code 10PLT COAST MUSE LONG SLEEVE BATWING EMBELLISHED MINI DRESS,90.0,229.0,61,True,35
2026-10-05,PLT,with code 10PLT DOROTHY PERKINS BLACK TIE BACK LONG SLEEVE MINI DRESS,24.5,35.0,30,True,35
2026-10-05,PLT,with code 10PLT COAST LISA TAN ONE SHOULDER BOW DETAIL MIDI DRESS,30.0,99.0,70,True,35
2026-10-05,PLT,with code 10PLT KARENMILLEN SEQUIN WITH LACE DETAIL ONE SHOULDER MIDI DRESS,104.3,149.0,30,True,35
2026-10-05,PLT,with code 10PLT COAST LISA TAN BOW SHOULDER SATIN MIDI DRESS,40.0,139.0,71,True,35
2026-10-05,PLT,with code 10PLT COAST PLUNGE NECK BOW WAIST MIDI WEDDING DRESS WITH POCKETS,71.4,119.0,40,True,35
2026-10-05,PLT,with code 10PLT PETITE COAST COAST HONOURED PETITE BOW ONE SHOULDER MAXI BRIDESMAID DRESS,35.0,129.0,73,True,35
2026-10-05,PLT,with code 10PLT PETITE DOROTHY PERKINS PETITE GREEN LEOPARD FRILL HEM MINI DRESS,22.4,32.0,30,True,35
2026-10-05,PLT,with code 10PLT OASIS VOLUME SLEEVE V NECK MESH BRIDESMAID MAXI DRESS,59.4,99.0,40,True,35
2026-10-05,PLT,with code 10PLT OASIS DOUBLE STRAP COWL NECK SATIN JACQUARD BRIDESMAID DRESS,53.4,89.0,40,True,35
2026-10-05,PLT,with code 10PLT BOOHOO RUCHED TWIST DETAIL MINI DRESS,22.5,30.0,25,True,35
2026-10-05,PLT,with code 10PLT KARENMILLEN ONE SHOULDER TULLE MAXI DRESS,118.0,169.0,30,True,35
2026-10-05,PLT,with code 10PLT KARENMILLEN WOVEN SLEEVED PLEATED DRESS WITH PU,59.0,169.0,65,True,35
2026-10-05,PLT,with code 10PLT PLUS BOOHOO PLUS RUFFLE V NECK MAXI DRESS,28.5,38.0,25,True,35
2026-10-05,PLT,with code 10PLT PETITE COAST PETITE SATIN ONE SHOULDER CHIFFON DRAPE MAXI DRESS,99.0,99.0,0,False,35
2026-10-05,PLT,with code 10PLT COAST EMBROIDERED MESH RUFFLE PLEAT MAXI BRIDESMAID DRESS,80.0,169.0,53,True,35
2026-10-05,PLT,with code 10PLT PETITE KARENMILLEN PETITE KNITTED VISCOSE NECKTIE DETAIL MIDI DRESS,99.0,99.0,0,False,35
2026-10-05,PLT,with code 10PLT COAST SEQUIN LONG SLEEVE RUFFLE MESH MAXI BRIDESMAID DRESS,90.0,179.0,50,True,35
2026-10-05,PLT,with code 10PLT COAST EMBROIDERED LINEAR FLORAL MAXI BRIDESMAID DRESS,60.0,169.0,64,True,35
2026-10-05,PLT,with code 10PLT OASIS STUD TRIM FRILL TIERED MIDAXI DRESS,20.0,65.0,69,True,35
2026-10-05,PLT,with code 10PLT COAST TWILL MINI WEDDING DRESS WITH ORGANZA SKIRT,71.4,119.0,40,True,35
2026-10-05,PLT,with code 10PLT DOROTHY PERKINS NAVY SPOT DOUBLE KEYHOLE BLOUSON SLEEVE PRINTED MIDI DRESS,35.1,39.0,10,True,35
2026-10-05,PLT,with code 10PLT COAST STRAPPY CREPE MAXI DRESS,75.0,129.0,42,True,35
2026-10-05,PLT,with code 10PLT KARENMILLEN FOREVER TAILORED MILITARY PLEAT SHORT SLEEVE MINI DRESS,107.0,179.0,40,True,35
2026-10-05,PLT,with code 10PLT KARENMILLEN FOREVER PONTE AND GEORGETTE JERSEY PLEATED MAXI DRESS,70.0,139.0,50,True,35
2026-10-05,PLT,with code 10PLT OASIS SAGE PLEATED MESH ONE SHOULDER TIERED MAXI BRIDESMAID MAXI DRESS,53.4,89.0,40,True,35
2026-10-05,PLT,with code 10PLT PETITE KARENMILLEN PETITE PETAL PRINT ORGANZA MAXI SHIRT DRESS,159.0,159.0,0,False,35
2026-10-05,PLT,with code 10PLT OASIS WINE COWL NECK OPEN BACK MIDI BRIDESMAID DRESS,79.0,79.0,0,False,35
2026-10-05,PLT,with code 10PLT KARENMILLEN FOREVER JERSEY PONTE GEORGETTE MIX MIDI DRESS,52.0,149.0,65,True,35
2026-10-05,PLT,with code 10PLT COAST BOW BACK V NECK SATIN BRIDESMAID DRESS,28.0,119.0,76,True,35
2026-10-05,PLT,with code 10PLT COAST STRIPE ORGANZA PLEATED TOP FLORAL PRINT MIDI DRESS,40.0,159.0,75,True,35
2026-10-05,PLT,with code 10PLT COAST WHITE BOW BACK BANDEAU MINI BRIDAL DRESS IN STRETCH CREPE,71.4,119.0,40,True,35
2026-10-05,PLT,with code 10PLT COAST STRUCTURED SATIN BANDEAU FISHTAIL WEDDING DRESS WITH TRAIN,134.1,149.0,10,True,35
2026-10-05,PLT,with code 10PLT OASIS SATIN TIE SHOULDER COWL FRONT MIDI BRIDESMAID DRESS,20.0,79.0,75,True,35
2026-10-05,PLT,with code 10PLT COAST 3D FLORAL ONE SHOULDER MINI DRESS,40.0,119.0,66,True,35
2026-10-05,PLT,with code 10PLT PLUS BOOHOO CONTRAST LAPEL STRUCTURED BLAZER DRESS,33.75,45.0,25,True,35
2026-10-05,PLT,with code 10PLT DOROTHY PERKINS DP LUXE DIAMANTE COLLAR SHIFT MINI DRESS,47.2,59.0,20,True,35
2026-10-05,PLT,with code 10PLT PLUS BOOHOO PLUS CHIFFON LONG SLEEVE RUFFLE MAXI DRESS,30.0,40.0,25,True,35
2026-10-05,PLT,with code 10PLT PETITE DOROTHY PERKINS PETITE SPOT PRINT SHIRRED BODICE BUTTON DETAIL MIDI DRESS,37.8,42.0,10,True,35
2026-10-05,PLT,with code 10PLT COAST STRAPLESS MINIMAL TWILL MINI WEDDING DRESS,71.4,119.0,40,True,35
2026-10-05,PLT,with code 10PLT PETITE COAST PETITE DRAPE HIGH NECK PLEATED SKIRT MIDI DRESS,50.0,129.0,61,True,35
2026-10-05,PLT,with code 10PLT OASIS BOW DETAIL HALTER NECK BARDOT DRESS,25.0,69.0,64,True,35
2026-10-05,PLT,with code 10PLT DOROTHY PERKINS SHIRRED WAIST MAXI DRESS,15.0,35.0,57,True,35
2026-10-05,PLT,with code 10PLT KARENMILLEN POLKA DOT TULLE LAYERED OFF THE SHOULDER MAXI DRESS,111.0,159.0,30,True,35
2026-10-05,PLT,with code 10PLT COAST COLLARED LACE TOP PLEATED SKIRT MIDI DRESS,149.0,149.0,0,False,35
2026-10-05,PLT,with code 10PLT BOOHOO TAILORED FOLDOVER DETAIL STRUCTURED MINI DRESS,30.0,40.0,25,True,35
2026-10-05,PLT,with code 10PLT DOROTHY PERKINS FLUTTER SLEEVE MIDI DRESS,20.0,39.0,49,True,35
2026-10-05,PLT,with code 10PLT OASIS LONG SLEEVE PRINTED MESH MIDI DRESS,62.3,89.0,30,True,35
2026-10-05,PLT,with code 10PLT PETITE DOROTHY PERKINS PETITE PATCHWORK FLORAL SHIRRED BODICE TRIM DETAIL MIDAXI DRESS,20.0,39.0,49,True,35
2026-10-05,PLT,with code 10PLT MATERNITY BOOHOO MATERNITY COTTON POPLIN PUFF SLEEVE MAXI DRESS,18.75,25.0,25,True,35
2026-10-05,PLT,with code 10PLT PETITE DOROTHY PERKINS PETITE TIE NECK COLLAR DETAIL SHIFT MINI DRESS,10.0,35.0,71,True,35
2026-10-05,PLT,with code 10PLT PETITE COAST PETITE SLASH NECK PUDDLE WEDDING DRESS,107.4,179.0,40,True,35
2026-10-05,PLT,with code 10PLT COAST ONE SHOULDER WRAP BODICE MAXI BRIDESMAID DRESS,50.0,119.0,58,True,35
2026-10-05,PLT,with code 10PLT DOROTHY PERKINS RED FLORAL KEYHOLE MIDI DRESS,27.3,39.0,30,True,35
2026-10-05,PLT,with code 10PLT COAST SKATER BRIDAL MIDI DRESS WITH BOW STRAPS,119.0,119.0,0,False,35
2026-10-05,PLT,with code 10PLT PETITE KARENMILLEN PETITE VISCOSE DRAPE SATIN MIDI DRESS,80.0,159.0,50,True,35
2026-10-05,PLT,with code 10PLT DOROTHY PERKINS TWIST SCUBA MIDI DRESS,24.5,35.0,30,True,35
2026-10-05,PLT,with code 10PLT DOROTHY PERKINS FLORAL LONG SLEEVE V NECK MINI DRESS,24.5,35.0,30,True,36
2026-10-05,PLT,with code 10PLT OASIS ORGANZA SHIRRED WAIST MINI DRESS,15.0,55.0,73,True,36
2026-10-05,PLT,with code 10PLT BOOHOO DRAPE SHOULDER JERSEY CREPE MINI DRESS,18.75,25.0,25,True,36
2026-10-05,PLT,with code 10PLT OASIS TIE SHOULDER TIERED MESH BRIDESMAID MIDI DRESS,53.4,89.0,40,True,36
2026-10-05,PLT,with code 10PLT PLT label COAST LACE SHIRT MIDI DRESS CONTRAST COLOUR,60.0,149.0,60,True,36
2026-10-05,PLT,with code 10PLT COAST PLEATED BODICE CREPE MIDI DRESS,40.0,119.0,66,True,36
2026-10-05,PLT,with code 10PLT TALL BOOHOO TALL GOLD BUTTON V NECK SHIFT DRESS,18.75,25.0,25,True,36
2026-10-05,PLT,with code 10PLT DOROTHY PERKINS SHIRRED BODICE FRILL MINI DRESS,10.0,35.0,71,True,36
2026-10-05,PLT,with code 10PLT OASIS TRAPEZE BOHO MAXI DRESS,25.0,65.0,62,True,36
2026-10-05,PLT,with code 10PLT OASIS EMERALD BANDEAU SATIN BRIDESMAID MAXI DRESS WITH SCARF,47.4,79.0,40,True,36
2026-10-05,PLT,with code 10PLT COAST BOW SLEEVE CHIFFON BRIDESMAID MAXI DRESS,32.0,119.0,73,True,36
2026-10-05,PLT,with code 10PLT BOOHOO GOLD TRIM DETAIL DRAPE FRONT MIDAXI DRESS,22.5,30.0,25,True,36
2026-10-05,PLT,with code 10PLT OASIS LIGHT BLUE SATIN OPEN BACK DETAIL MAXI BRIDESMAID DRESS,47.4,79.0,40,True,36
2026-10-05,PLT,with code 10PLT OASIS OCCASION LACE COLLARED MIDI DRESS,62.3,89.0,30,True,36
2026-10-05,PLT,with code 10PLT COAST LISA TAN PRINTED TIERED ORGANZA MIDI DRESS,60.0,129.0,53,True,36
2026-10-05,PLT,with code 10PLT OASIS ROPE DETAIL NECKLINE BUBBLE HEM MINI DRESS,15.0,55.0,73,True,36
2026-10-05,PLT,with code 10PLT DOROTHY PERKINS PATCHWORK SHIRRED BODICE FLUTTER SLEEVE MIDI DRESS,12.0,39.0,69,True,36
2026-10-05,PLT,with code 10PLT PLUS KARENMILLEN PLUS SIZE COTTON LINEN CORNELLI EMBROIDERY OPEN BACK WOVEN MIDI DRESS,94.0,269.0,65,True,36
2026-10-05,PLT,with code 10PLT DOROTHY PERKINS PETITE BENGALINE BUTTON DOWN MIDI DRESS,31.5,45.0,30,True,36
2026-10-05,PLT,with code 10PLT DOROTHY PERKINS DP LUXE DOUBLE FLUTTER SLEEVE TIE DETAIL PRINTED MAXI DRESS,27.5,55.0,50,True,36
2026-10-05,PLT,with code 10PLT COAST WRAP FRONT FLUTTER SLEEVE MAXI BRIDESMAID DRESS,40.0,99.0,60,True,36
2026-10-05,PLT,with code 10PLT COAST EMBROIDERED FLORAL MIDI DRESS,95.4,159.0,40,True,36
2026-10-05,PLT,with code 10PLT COAST MUSE SEQUIN AND MESH MAXI WEDDING DRESS,70.0,179.0,61,True,36
2026-10-05,PLT,with code 10PLT COAST COAST MUSE LONG SLEEVE EMBROIDERED MAXI DRESS,89.4,149.0,40,True,36
2026-10-05,PLT,with code 10PLT OASIS ROPE DETAIL NECKLINE RUFFLE CAMI MIDAXI DRESS,20.0,65.0,69,True,36
2026-10-05,PLT,with code 10PLT BOOHOO FLORAL CHIFFON SKATER DRESS,24.0,32.0,25,True,36
2026-10-05,PLT,with code 10PLT OASIS KIMONO SLEEVE TRAILING EMBELLISHED MAXI DRESS,60.0,119.0,50,True,36
2026-10-05,PLT,with code 10PLT DOROTHY PERKINS ANIMAL TIE DETAIL FRILL NECK BLOUSON SLEEVE TIERED MINI DRESS,8.0,32.0,75,True,36
2026-10-05,PLT,with code 10PLT OASIS SATIN LACE MIX V NECK MAXI DRESS,22.0,75.0,71,True,36
2026-10-05,PLT,with code 10PLT DOROTHY PERKINS SCUBA CREPE BUTTON DETAIL MINI DRESS,27.3,39.0,30,True,36
2026-10-05,PLT,with code 10PLT DOROTHY PERKINS PETITE CREAM DITSY GATHERED BODICE LACE BACK LONG SLEEVE MINI DRESS,10.0,35.0,71,True,36
2026-10-05,PLT,with code 10PLT COAST LISA TAN TWILL BARDOT WAISTED MIDI WEDDING DRESS,77.4,129.0,40,True,36
2026-10-05,PLT,with code 10PLT COAST COAST HONOURED SCULPTING HALTERNECK EMBELLISHED WEDDING DRESS,119.4,199.0,40,True,36
2026-10-05,PLT,with code 10PLT COAST RUCHED WAIST DETAIL SATIN BRIDESMAID DRESS,25.0,99.0,75,True,36
2026-10-05,PLT,with code 10PLT DOROTHY PERKINS DITSY FLORAL LACE TRIM LONG SLEEVE PRINTED MINI DRESS,15.0,35.0,57,True,36
2026-10-05,PLT,with code 10PLT BOOHOO TAILORED CINCHED WAIST BUTTON DOWN BLAZER DRESS,16.0,45.0,64,True,36
2026-10-05,PLT,with code 10PLT PETITE COAST PETITE LISA TAN LACE PLEATED PRINTED MIDI DRESS,60.0,149.0,60,True,36
2026-10-05,PLT,with code 10PLT COAST BARDOT LONG SLEEVE WRAP SKIRT EMBELLISHED MINI DRESS,107.4,179.0,40,True,36
2026-10-05,PLT,with code 10PLT PETITE COAST PETITE TWILL MINI WEDDING DRESS WITH ORGANZA SKIRT,71.4,119.0,40,True,36
2026-10-05,PLT,with code 10PLT DOROTHY PERKINS BUTTON FRONT COLLAR VELVET MINI DRESS,40.5,45.0,10,True,36
2026-10-05,PLT,with code 10PLT DOROTHY PERKINS FLORAL STITCH TIE DETAIL PUFF SLEEVE PRINTED MIDI DRESS,23.4,39.0,40,True,36
2026-10-05,PLT,with code 10PLT PETITE DOROTHY PERKINS PETITE BERRY DITSY PATCHWORK FRILL YOKE PRINTED CHIFFON MINI DRESS,19.5,39.0,50,True,36
2026-10-05,PLT,with code 10PLT DOROTHY PERKINS LEOPARD FRILL HEM MINI DRESS,24.5,35.0,30,True,36
2026-10-05,PLT,with code 10PLT OASIS OCCASION VELVET DIAMANTE BOW MIDAXI DRESS,85.0,85.0,0,False,36
2026-10-05,PLT,with code 10PLT BOOHOO SOFT TEXTURED WOVEN MINI DRESS WITH CUP DETAILING,21.0,28.0,25,True,36
2026-10-05,PLT,with code 10PLT OASIS PIN TUCK DETAIL MIDI DRESS,20.0,65.0,69,True,36
2026-10-05,PLT,with code 10PLT COAST COAST HONOURED PLUNGE NECK BOW WAIST MAXI WEDDING DRESS WITH POCKETS,95.4,159.0,40,True,36
2026-10-05,PLT,with code 10PLT COAST STRUCTURED SATIN GEM DETAIL BANDEAU BRIDESMAID DRESS,60.0,139.0,57,True,36
2026-10-05,PLT,with code 10PLT COAST LACE TWIST BACK BRIDESMAID MAXI DRESS,40.0,119.0,66,True,36
2026-10-05,PLT,with code 10PLT DOROTHY PERKINS DP LUXE PUFF SLEEVE CHIFFON MAXI DRESS,27.5,55.0,50,True,36
2026-10-05,PLT,with code 10PLT COAST ONE SHOULDER STATEMENT BOW BRIDAL MINI DRESS,59.4,99.0,40,True,36
2026-10-05,PLT,with code 10PLT BOOHOO ROLL NECK CHUNKY KNIT MINI DRESS,18.75,25.0,25,True,36
2026-10-05,PLT,with code 10PLT COAST BOW SHOULDER CREPE MIDI DRESS,60.0,129.0,53,True,36
2026-10-05,PLT,with code 10PLT DOROTHY PERKINS BLACK FLORAL PUFF SLEEVE MIDI SHIRT DRESS,23.4,39.0,40,True,36
2026-10-05,PLT,with code 10PLT COAST HIGH NECK CORSAGE DETAIL MIDI DRESS,60.0,129.0,53,True,36
2026-10-05,PLT,with code 10PLT DOROTHY PERKINS RED DITSY LACE INSERT KEYHOLE ANGEL SLEEVE MIDI DRESS,27.3,39.0,30,True,36
2026-10-05,PLT,with code 10PLT COAST PLUNGE NECK STRUCTURED TWILL MIDI BRIDESMAID DRESS,28.0,139.0,80,True,36
2026-10-05,PLT,with code 10PLT PETITE OASIS PETITE SCARF DETAIL HAND STITCHED MIDAXI DRESS,35.0,89.0,61,True,36
2026-10-05,PLT,with code 10PLT OASIS SATIN TIE SHOULDER MIDI BRIDESMAID DRESS,18.0,69.0,74,True,36
2026-10-05,PLT,with code 10PLT 3 DOROTHY PERKINS PINK ROSE WRAP FRONT BLOUSON SLEEVE PRINTED CHIFFON TIERED MAXI DRESS,31.5,45.0,30,True,36
2026-10-05,PLT,with code 10PLT BOOHOO BASIC DENIM SHIFT DRESS,22.5,30.0,25,True,36
2026-10-05,PLT,with code 10PLT DOROTHY PERKINS PUSSY BOW TIE DETAIL BLOUSON SLEEVE METALLIC JACQUARD MINI DRESS,44.1,49.0,10,True,36
2026-10-05,PLT,with code 10PLT KARENMILLEN BANDAGE ASYMMETRIC LONG SLEEVE MIDI DRESS,59.0,119.0,50,True,36
2026-10-05,PLT,with code 10PLT DOROTHY PERKINS PURPLE DITSY PUFF SLEEVE WAISTED MIDI DRESS,20.0,39.0,49,True,36
2026-10-05,PLT,with code 10PLT COAST PEPLUM DETAIL LACE DRESS,30.0,99.0,70,True,36
2026-10-05,PLT,with code 10PLT OASIS RUFFLE DETAIL MIDI DRESS,20.0,65.0,69,True,36
2026-10-05,PLT,with code 10PLT BOOHOO SOFT TOUCH RUCHED WAIST MAXI DRESS,22.5,30.0,25,True,36
2026-10-05,PLT,with code 10PLT PETITE BOOHOO PETITE BURNOUT FLORAL GODET HEM MINI DRESS,9.0,28.0,68,True,36
2026-10-05,PLT,with code 10PLT PETITE DOROTHY PERKINS PETITE SHIRRED BODICE FRILL MINI DRESS,12.0,35.0,66,True,36
2026-10-05,PLT,with code 10PLT DOROTHY PERKINS BLACK ANIMAL LONG SLEEVE WRAP MIDI DRESS,27.3,39.0,30,True,36
2026-10-05,PLT,with code 10PLT OASIS CAPE DETAIL RUFFLE SLIP MIDAXI DRESS,15.0,65.0,77,True,36
2026-10-05,PLT,with code 10PLT DOROTHY PERKINS PETITE ORANGE ANIMAL MIDI SHIRT DRESS,21.0,35.0,40,True,36
2026-10-05,PLT,with code 10PLT OASIS PRINTED TULLE MAXI DRESS,44.5,89.0,50,True,36
2026-10-05,PLT,with code 10PLT COAST MUSE STRIPED BOW BACK SHIFT MIDI DRESS,30.0,119.0,75,True,36
2026-10-05,PLT,with code 10PLT COAST BANDEAU DOUBLE LAYER SKIRT MAXI BRIDESMAID DRESS,30.0,129.0,77,True,36
2026-10-05,PLT,with code 10PLT COAST CREPE BARDOT LONG SLEEVE BRIDESMAID MAXI DRESS,50.0,129.0,61,True,36
2026-10-05,PLT,with code 10PLT OASIS PANSY PRINT OTTOMAN TWILL MIDAXI DRESS WITH BOW,20.0,79.0,75,True,37
2026-10-05,PLT,with code 10PLT DOROTHY PERKINS MONO FLORAL PRINTED WRAP DRESS,23.4,39.0,40,True,37
2026-10-05,PLT,with code 10PLT OASIS BURNOUT FLORAL MINI DRESS,28.0,55.0,49,True,37
2026-10-05,PLT,with code 10PLT DOROTHY PERKINS PETITE CONTRAST STITCH SHIRRED BODICE PUFF SLEEVE MIDI DRESS,15.0,45.0,67,True,37
2026-10-05,PLT,with code 10PLT OASIS POLKADOT BOW BACK OCCASION MIDAXI DRESS,59.4,99.0,40,True,37
2026-10-05,PLT,with code 10PLT COAST COAST MUSE STRUCTURED SATIN VOLUME SLEEVE MAXI DRESS,129.0,129.0,0,False,37
2026-10-05,PLT,with code 10PLT PETITE COAST PETITE CREPE COLOUR BLOCK MIDI DRESS,70.0,139.0,50,True,37
2026-10-05,PLT,with code 10PLT PLT label COAST PLACEMENT EMBROIDERED ORGANZA LACE MIDI DRESS,55.0,169.0,67,True,37
2026-10-05,PLT,with code 10PLT OASIS PRINTED PLEATED SKIRT LONG SLEEVE MINI DRESS,18.0,59.0,69,True,37
2026-10-05,PLT,with code 10PLT OASIS VOLUME SLEEVE PRINTED VISCOSE MIDAXI DRESS,25.0,89.0,72,True,37
2026-10-05,PLT,with code 10PLT PLUS COAST PLUS SHORT SLEEVE V NECK WRAP FRONT MIDI DRESS,40.0,139.0,71,True,37
2026-10-05,PLT,with code 10PLT OASIS CHIFFON MIX MINI DRESS WITH TIE BACK,15.0,55.0,73,True,37
2026-10-05,PLT,with code 10PLT OASIS EMBELLISHED TIE SHOULDER DRESS,80.0,139.0,42,True,37
2026-10-05,PLT,with code 10PLT PLUS COAST PLUS DRAPE SHOULDER FRILL DETAIL CREPE MIDI DRESS,40.0,139.0,71,True,37
2026-10-05,PLT,with code 10PLT DOROTHY PERKINS PINK SPOT MINI DRESS,24.5,35.0,30,True,37
2026-10-05,PLT,with code 10PLT COAST LISA TAN CROSS NECK BELTED CREPE MIDI DRESS,40.0,119.0,66,True,37
2026-10-05,PLT,with code 10PLT OASIS WINE PLEATED MESH ONE SHOULDER TIERED MAXI BRIDESMAID MAXI DRESS,53.4,89.0,40,True,37
2026-10-05,PLT,with code 10PLT BOOHOO PREMIUM POWER MESH FLARE SLEEVE DRESS,27.0,36.0,25,True,37
2026-10-05,PLT,with code 10PLT PETITE DOROTHY PERKINS PETITE STITCH TIE DETAIL PUFF SLEEVE PRINTED MIDI DRESS,27.3,39.0,30,True,37
2026-10-05,PLT,with code 10PLT COAST BANDEAU TWILL MINI WITH FULL OVERSKIRT WEDDING DRESS,71.4,119.0,40,True,37
2026-10-05,PLT,with code 10PLT DOROTHY PERKINS PETITE PUFF SLEEVE BLACK FLORAL MIDI DRESS,23.4,39.0,40,True,37
2026-10-05,PLT,with code 10PLT PLUS DOROTHY PERKINS PLUS ANIMAL BUTTON FRONT ANGEL SLEEVE TIE BACK MIDI DRESS,15.0,39.0,62,True,37
2026-10-05,PLT,with code 10PLT OASIS ONE SHOULDER SATIN JACQUARD BRIDESMAID MAXI DRESS,20.0,89.0,78,True,37
2026-10-05,PLT,with code 10PLT COAST STATEMENT BOW SCALLOP WEDDING DRESS,60.0,149.0,60,True,37
2026-10-05,PLT,with code 10PLT DOROTHY PERKINS BLACK FLORAL PRINTED PANEL DETAIL BELTED SHIRT DRESS,33.6,42.0,20,True,37
2026-10-05,PLT,with code 10PLT OASIS LIGHT BLUE BANDEAU SATIN BRIDESMAID MAXI DRESS WITH SCARF,47.4,79.0,40,True,37
2026-10-05,PLT,with code 10PLT PETITE COAST PETITE RUFFLE SLEEVE SATIN BACK CREPE WRAP DRESS,59.4,99.0,40,True,37
2026-10-05,PLT,with code 10PLT OASIS HALTER CROSS NECK PRINTED VISCOSE MIDAXI DRESS,25.0,79.0,68,True,37
2026-10-05,PLT,with code 10PLT OASIS TIE SHOULDER FLORAL EMBELLISHED MIDAXI DRESS,65.0,135.0,52,True,37
2026-10-05,PLT,with code 10PLT OASIS LACE GODET CREPE MAXI DRESS,20.0,85.0,76,True,37
2026-10-05,PLT,with code 10PLT OASIS ANGEL SLEEVE LACE BRIDESMAID DRESS,28.0,99.0,72,True,37
2026-10-05,PLT,with code 10PLT COAST SHORT SLEEVE LACE MIDI DRESS,60.0,129.0,53,True,37
2026-10-05,PLT,with code 10PLT DOROTHY PERKINS PATCHWORK FLORAL KEYHOLE FLUTTER SLEEVE MIDI DRESS,12.0,39.0,69,True,37
2026-10-05,PLT,with code 10PLT DOROTHY PERKINS ANIMAL COLD SHOULDER BARDOT PUFF SLEEVE TIERED MAXI DRESS,15.0,39.0,62,True,37
2026-10-05,PLT,with code 10PLT OASIS PINK BANDEAU SATIN BRIDESMAID MAXI DRESS WITH SCARF,47.4,79.0,40,True,37
2026-10-05,PLT,with code 10PLT DOROTHY PERKINS GREEN ANIMAL TIERED HEM FRILL WRAP MINI DRESS,24.5,35.0,30,True,37
2026-10-05,PLT,with code 10PLT OASIS ROSE SATIN OPEN BACK DETAIL MAXI BRIDESMAID DRESS,47.4,79.0,40,True,37
2026-10-05,PLT,with code 10PLT OASIS FRILL HALTER MAXI DRESS,22.0,75.0,71,True,37
2026-10-05,PLT,with code 10PLT COAST PRINTED ORGANZA BARDOT MIDI DRESS,40.0,149.0,73,True,37
2026-10-05,PLT,with code 10PLT OASIS PETITE ENGLISH ROSE GARDEN SHIRT DRESS,30.0,79.0,62,True,37
2026-10-05,PLT,with code 10PLT OASIS WRAP DETAIL PLEATED MINI SHIRT DRESS,15.0,55.0,73,True,37
2026-10-05,PLT,with code 10PLT KARENMILLEN CORNELLI EMBELLISHED TAFFETA PROM DRESS,136.0,339.0,60,True,37
2026-10-05,PLT,with code 10PLT BOOHOO BRODERIE ANGLAISE PUFF SLEEVE SKATER DRESS,24.0,32.0,25,True,37
2026-10-05,PLT,with code 10PLT COAST LISA TAN BOW DETAIL CREPE BODICE PLEATED MIDI DRESS,50.0,119.0,58,True,37
2026-10-05,PLT,with code 10PLT BOOHOO PUFF SLEEVE ASYMMETRIC NECKLINE MINI DRESS,15.0,20.0,25,True,37
2026-10-05,PLT,with code 10PLT COAST LACE TRIM CREPE DRESS,83.4,139.0,40,True,37
2026-10-05,PLT,with code 10PLT PETITE BOOHOO PETITE SUPER SOFT HIGH NECK KNITTED MAXI DRESS,9.0,12.0,25,True,37
2026-10-05,PLT,with code 10PLT OASIS TULLE BODICE TIERED MINI DRESS,18.0,59.0,69,True,37
2026-10-05,PLT,with code 10PLT OASIS LACE PUFF SLEEVE V NECK MIDAXI DRESS,22.0,75.0,71,True,37
2026-10-05,PLT,with code 10PLT BOOHOO VELVET BARDOT CREPE DRESS,18.75,25.0,25,True,37
2026-10-05,PLT,with code 10PLT COAST STRAPPY SATIN BRIDESMAID DRESS WITH TIE BACK DETAIL,30.0,119.0,75,True,37
2026-10-05,PLT,with code 10PLT PETITE OASIS PETITE PRINTED TIERED MESH TIE SHOULDER MAXI DRESS,25.0,85.0,71,True,37
2026-10-05,PLT,with code 10PLT OASIS FLUTED SLEEVE MIDAXI DRESS WITH NECK SCARF DETAIL,18.0,65.0,72,True,37
2026-10-05,PLT,with code 10PLT DOROTHY PERKINS BURGUNDY ANIMAL DROPPED SEAM DETAIL WRAP FRONT MINI DRESS,24.5,35.0,30,True,37
2026-10-05,PLT,with code 10PLT OASIS PRINTED TRIM DETAIL FRILL SHOULDER MIDI TEA DRESS,16.0,59.0,73,True,37
2026-10-05,PLT,with code 10PLT OASIS LIGHT BLUE RUFFLE SQUARE NECK SATIN BRIDESMAID MAXI DRESS,47.4,79.0,40,True,37
2026-10-05,PLT,with code 10PLT PETITE OASIS PETITE TRAILING CAMELIA JERSEY BANDEAU MAXI DRESS,28.0,85.0,67,True,37
2026-10-05,PLT,with code 10PLT OASIS LIGHT BLUE SATIN TIE SHOULDER MAXI BRIDESMAID DRESS,47.4,79.0,40,True,37
2026-10-05,PLT,with code 10PLT DOROTHY PERKINS BENGALINE CAP SLEEVE MINI DRESS,24.5,35.0,30,True,37
2026-10-05,PLT,with code 10PLT COAST MUSE SEQUIN PLEATED V NECK MIDI DRESS,50.0,129.0,61,True,37
2026-10-05,PLT,with code 10PLT COAST CREPE FOLD DETAIL BRIDESMAID MAXI DRESS,50.0,129.0,61,True,37
2026-10-05,PLT,with code 10PLT DOROTHY PERKINS PINK LEOPARD FRILL NECK MIDI DRESS,27.3,39.0,30,True,37
2026-10-05,PLT,with code 10PLT OASIS PRINTED CHIFFON LACE DETAIL TIERED LONG SLEEVE MINI DRESS,15.0,49.0,69,True,37
2026-10-05,PLT,with code 10PLT OASIS OLIVE SATIN TIE SHOULDER MIDI BRIDESMAID DRESS,41.4,69.0,40,True,37
2026-10-05,PLT,with code 10PLT OASIS BLUSH SATIN HALTER NECK MAXI BRIDESMAID DRESS,47.4,79.0,40,True,37
2026-10-05,PLT,with code 10PLT DOROTHY PERKINS MULTI STRIPE PRINTED WRAP DRESS,27.3,39.0,30,True,37
2026-10-05,PLT,with code 10PLT OASIS NAVY PLEATED MESH ONE SHOULDER TIERED MAXI BRIDESMAID MAXI DRESS,53.4,89.0,40,True,37
2026-10-05,PLT,with code 10PLT OASIS BOW DETAIL HALTER NECK BARDOT DRESS,20.0,65.0,69,True,37
2026-10-05,PLT,with code 10PLT COAST LISA TAN BOW SHOULDER HI LOW PRINTED MIDI DRESS,50.0,139.0,64,True,37
2026-10-05,PLT,with code 10PLT OASIS ROSE ANGEL SLEEVE WRAP BODICE CHIFFON BRIDESMAID MAXI DRESS,41.4,69.0,40,True,37
2026-10-05,PLT,with code 10PLT DOROTHY PERKINS STRIPE CAPE SLEEVE PLUNGE V NECK MAXI DRESS,12.0,39.0,69,True,37
2026-10-05,PLT,with code 10PLT PETITE COAST PETITE HIGH NECK CORSAGE DETAIL MIDI DRESS,77.4,129.0,40,True,37
2026-10-05,PLT,with code 10PLT OASIS HOUNDSTOOTH PUFF SLEEVE MINI DRESS WITH BOWS,39.5,79.0,50,True,37
2026-10-05,PLT,with code 10PLT BOOHOO SHEER SEQUIN DRAPED MINI SHIRT DRESS,18.75,25.0,25,True,37
2026-10-05,PLT,with code 10PLT OASIS SCALLOP TRIM BRODERIE MIDI DRESS,22.0,69.0,68,True,37
2026-10-05,PLT,with code 10PLT PETITE OASIS PETITE LINEAR EMBELLISHED ANGEL SLEEVE MAXI DRESS,70.0,139.0,50,True,37
2026-10-05,PLT,with code 10PLT DOROTHY PERKINS RED ROSE LACE INSERT YOKE TIE DETAIL MINI DRESS,24.5,35.0,30,True,37
2026-10-05,PLT,with code 10PLT OASIS SATIN SCARF DETAIL STRAPPY MAXI BRIDESMAID DRESS,20.0,79.0,75,True,37
2026-10-05,PLT,with code 10PLT OASIS PLEATED MESH MAXI DRESS,30.0,79.0,62,True,38
2026-10-05,PLT,with code 10PLT OASIS PUFF SLEEVE TRIM DETAIL PANELLED TEA DRESS,22.0,65.0,66,True,38
2026-10-05,PLT,with code 10PLT OASIS ONE SHOULDER SATIN MAXI BRIDESMAID DRESS,18.0,79.0,77,True,38
2026-10-05,PLT,with code 10PLT DOROTHY PERKINS BRODERIE RUFFLE TIERED HEM MAXI DRESS,18.0,45.0,60,True,38
2026-10-05,PLT,with code 10PLT OASIS PUFF SLEEVE TRIM DETAIL PANELLED TEA DRESS,32.0,65.0,51,True,38
2026-10-05,PLT,with code 10PLT DOROTHY PERKINS BERRY FLORAL BLOUSON SLEEVE PRINTED KEYHOLE MIDI DRESS,27.3,39.0,30,True,38
2026-10-05,PLT,with code 10PLT DOROTHY PERKINS CHOCOLATE FLORAL WRAP FRONT BLOUSON SLEEVE PRINTED CHIFFON TIERED MAXI DRESS,31.5,45.0,30,True,38
2026-10-05,PLT,with code 10PLT PLT label BOOHOO LACE TRIM HALTERNECK TRAPEZE MAXI DRESS,22.5,30.0,25,True,38
2026-10-05,PLT,with code 10PLT DOROTHY PERKINS GREEN FLORAL PATCHWORK FRILL YOKE PRINTED CHIFFON MINI DRESS,12.0,39.0,69,True,38
2026-10-05,PLT,with code 10PLT COAST FLORAL PRINTED GEORGETTE DRESS WITH LACE TRIMS,50.0,129.0,61,True,38
2026-10-05,PLT,with code 10PLT OASIS STRAPPY TIERED FRILL MIDAXI DRESS,18.0,65.0,72,True,38
2026-10-05,PLT,with code 10PLT COAST STRAPPY EMBELLISHED BELTED MINI DRESS,59.4,99.0,40,True,38
2026-10-05,PLT,with code 10PLT COAST BANDEAU WRAP SKIRT MAXI BRIDESMAID DRESS,50.0,129.0,61,True,38
2026-10-05,PLT,with code 10PLT DOROTHY PERKINS SPOT MIX PUFF SLEEVE DROPPED WAIST MIDI DRESS,23.4,39.0,40,True,38
2026-10-05,PLT,with code 10PLT OASIS BLUSH SATIN TWIST FRONT ANGEL SLEEVE MIDI BRIDESMAID DRESS,41.4,69.0,40,True,38
2026-10-05,PLT,with code 10PLT OASIS PRINTED BOHO TIE SLEEVE MINI DRESS,15.0,55.0,73,True,38
2026-10-05,PLT,with code 10PLT DOROTHY PERKINS PINK RUFFLE RUFFLE NECK LONG SLEEVE MINI DRESS,24.5,35.0,30,True,38
2026-10-05,PLT,with code 10PLT DOROTHY PERKINS GREEN FLORAL KEYHOLE FLUTTER SLEEVE MIDI DRESS,12.0,39.0,69,True,38
2026-10-05,PLT,with code 10PLT DOROTHY PERKINS GEO MIDI SHIRT DRESS,27.3,39.0,30,True,38
2026-10-05,PLT,with code 10PLT OASIS LACE FIT AND FLARE MIDI DRESS,20.0,69.0,71,True,38
2026-10-05,PLT,with code 10PLT PETITE DOROTHY PERKINS PETITE LEOPARD ZIP FRONT DENIM MINI DRESS,12.0,39.0,69,True,38
2026-10-05,PLT,with code 10PLT DOROTHY PERKINS ZEBRA LACE INSERT KEYHOLE ANGEL SLEEVE MIDI DRESS,27.3,39.0,30,True,38
2026-10-05,PLT,with code 10PLT BOOHOO WESTERN DENIM MINI DRESS,10.0,32.0,69,True,38
2026-10-05,PLT,with code 10PLT DOROTHY PERKINS FLORAL SPOT PUFF SLEEVE PRINT MIX WRAP MIDI DRESS,23.4,39.0,40,True,38
2026-10-05,PLT,with code 10PLT OASIS RUFFLE BOHO MINI DRESS,15.0,55.0,73,True,38
2026-10-05,PLT,with code 10PLT PETITE COAST PETITE STRIPE ORGANZA PLEATED TOP MIDI DRESS,60.0,159.0,62,True,38
2026-10-05,PLT,with code 10PLT OASIS BUSTIER PRINTED VISCOSE MIDAXI DRESS,25.0,79.0,68,True,38
2026-10-05,PLT,with code 10PLT COAST SATIN BACK CREPE RUFFLE WRAP MIDI DRESS,28.0,129.0,78,True,38
2026-10-05,PLT,with code 10PLT OASIS TRIM INSERT DETAIL MINI DRESS,24.0,55.0,56,True,38
2026-10-05,PLT,with code 10PLT DOROTHY PERKINS TIERED SKIRT PRINTED MESH MINI DRESS,12.0,39.0,69,True,38
2026-10-05,PLT,with code 10PLT DOROTHY PERKINS PRINT MIX LONG SLEEVE TIE DETAIL MAXI DRESS,27.3,39.0,30,True,38
2026-10-05,PLT,with code 10PLT BOOHOO POLKA DOT TAILORED BLAZER DRESS,27.0,36.0,25,True,38
2026-10-05,PLT,with code 10PLT PETITE BOOHOO PETITE STRUCTURED A LINE MINI DRESS,30.0,40.0,25,True,38
2026-10-05,PLT,with code 10PLT OASIS LAME RUCHED SKIRT V NECK MINI DRESS,15.0,59.0,75,True,38
2026-10-05,PLT,with code 10PLT COAST STRAPPY V NECK SATIN TRIM BRIDESMAID DRESS,22.0,99.0,78,True,38
2026-10-05,PLT,with code 10PLT PETITE OASIS PETITE FLORAL TEXTURED STRAPPY MIDAXI DRESS,42.0,89.0,53,True,38
2026-10-05,PLT,with code 10PLT OASIS TIERED SEQUIN MESH TIE SHOULDER MAXI DRESS,25.0,89.0,72,True,38
2026-10-05,PLT,with code 10PLT OASIS EMERALD SATIN TIE SHOULDER MIDI BRIDESMAID DRESS,41.4,69.0,40,True,38
2026-10-05,PLT,with code 10PLT BOOHOO TEXTURED CHIFFON LONG SLEEVE MINI DRESS,11.0,28.0,61,True,38
2026-10-05,PLT,with code 10PLT DOROTHY PERKINS TIE FRONT BRODERIE RUFFLE MINI DRESS,15.0,39.0,62,True,38
2026-10-05,PLT,with code 10PLT KARENMILLEN TAILORED CREPE ASYMMETRIC PLEAT MAXI DRESS,153.3,219.0,30,True,38
2026-10-05,PLT,with code 10PLT PETITE OASIS PETITE SATIN TIE SHOULDER MIDI BRIDESMAID DRESS,18.0,79.0,77,True,38
2026-10-05,PLT,with code 10PLT 1 COAST SQUARE NECK BOW DETAIL CREPE MAXI BRIDESMAID DRESS,77.4,129.0,40,True,38
2026-10-05,PLT,with code 10PLT OASIS SCARF DETAIL HAND STITCHED MIDAXI DRESS,38.0,89.0,57,True,38
2026-10-05,PLT,with code 10PLT COAST 3D FLORAL BARDOT BRIDAL MINI DRESS,53.4,89.0,40,True,38
2026-10-05,PLT,with code 10PLT OASIS CAPE SLEEVE LACE HEM MIDAXI DRESS,20.0,65.0,69,True,38
2026-10-05,PLT,with code 10PLT OASIS LACE PANEL DETAIL FRILL HEM MIDI DRESS,15.0,65.0,77,True,38
2026-10-05,PLT,with code 10PLT OASIS LACE PUFF SLEEVE MIDAXI DRESS,32.0,89.0,64,True,38
2026-10-05,PLT,with code 10PLT DOROTHY PERKINS LEOPARD FRILL TIERED PRINTED POPLIN MINI SMOCK DRESS,10.0,35.0,71,True,38
2026-10-05,PLT,with code 10PLT BOOHOO PLISSE GOLD TRIM PLUNGE FRONT MAXI DRESS,30.0,40.0,25,True,38
2026-10-05,PLT,with code 10PLT DOROTHY PERKINS MULTI ANGEL SLEEVE FRILL NECKLINE LACE TRIM MIDAXI DRESS,15.0,39.0,62,True,38
2026-10-05,PLT,with code 10PLT OASIS SAGE COWL HALTERNECK SATIN MAXI BRIDESMAID DRESS,47.4,79.0,40,True,38
2026-10-05,PLT,with code 10PLT DOROTHY PERKINS NEUTRAL ANIMAL HANKY HEM RUCHED DETAIL PRINTED CHIFFON MINI DRESS,23.4,39.0,40,True,38
2026-10-05,PLT,with code 10PLT BOOHOO PREMIUM OVERSIZED BARDOT NECKLINE MAXI JUMPER DRESS,9.0,12.0,25,True,38
2026-10-05,PLT,with code 10PLT DOROTHY PERKINS BUTTERFLY SWEETHEART NECK FRILL TIER DETAIL LONG SLEEVE MAXI DRESS,23.4,39.0,40,True,38
2026-10-05,PLT,with code 10PLT COAST BOW TRIM V NECK VOLUME SKIRT MIDI DRESS,40.0,129.0,69,True,38
2026-10-05,PLT,with code 10PLT BOOHOO TAFFETA CONTRAST BOW MINI DRESS,18.75,25.0,25,True,38
2026-10-05,PLT,with code 10PLT DOROTHY PERKINS LEOPARD FLUFFY KNITTED DRESS,31.2,39.0,20,True,38
2026-10-05,PLT,with code 10PLT OASIS OLIVE BANDEAU SATIN BRIDESMAID MAXI DRESS WITH SCARF,47.4,79.0,40,True,38
2026-10-05,PLT,with code 10PLT OASIS BRIGHT PINK SATIN TIE SHOULDER MIDI BRIDESMAID DRESS,41.4,69.0,40,True,38
2026-10-05,PLT,with code 10PLT COAST CROSS NECK CROCHET MAXI DRESS,70.0,89.0,21,True,38
2026-10-05,PLT,with code 10PLT DOROTHY PERKINS DP LUXE DOUBLE FLUTTER SLEEVE WRAP MIDI DRESS,25.0,49.0,49,True,38
2026-10-05,PLT,with code 10PLT COAST LISA TAN CAPE SLEEVE LACE MIDI DRESS,60.0,139.0,57,True,38
2026-10-05,PLT,with code 10PLT OASIS RUFFLE DETAIL MAXI DRESS,18.0,75.0,76,True,38
2026-10-05,PLT,with code 10PLT OASIS PRINTED FLUTED SLEEVE RUFFLE DETAIL MINI DRESS,15.0,59.0,75,True,38
2026-10-05,PLT,with code 10PLT PLUS BOOHOO PLUS SQUARE NECK SKATER DRESS,18.75,25.0,25,True,38
2026-10-05,PLT,with code 10PLT OASIS CHECKED LACE NECK PUFF SLEEVE MINI DRESS,20.0,59.0,66,True,38
2026-10-05,PLT,with code 10PLT DOROTHY PERKINS NEUTRAL ANIMAL HANKY HEM PRINTED CHIFFON SHIRT DRESS,27.0,45.0,40,True,38
2026-10-05,PLT,with code 10PLT PETITE COAST PETITE CHIFFON CAPE PENCIL DRESS,40.0,99.0,60,True,38
2026-10-05,PLT,with code 10PLT OASIS BRODERIE V NECK ANGEL SLEEVE MAXI DRESS,20.0,65.0,69,True,38
2026-10-05,PLT,with code 10PLT PETITE OASIS PETITE RUCHED BODICE TRIM DETAIL MINI DRESS,18.0,59.0,69,True,38
2026-10-05,PLT,with code 10PLT COAST LACE TRIM CAMI BUTTON BRIDESMAID MAXI DRESS,40.0,119.0,66,True,38
2026-10-05,PLT,with code 10PLT PLUS BOOHOO PLUS RUCHED WAIST T-SHIRT DRESS,21.0,28.0,25,True,38
2026-10-05,PLT,with code 10PLT COAST COAST HONOURED SATIN BACK CREPE V NECK TIE SHOULDER MAXI BRIDESMAID DRESS,25.0,119.0,79,True,38
2026-10-05,PLT,with code 10PLT OASIS ANGEL SLEEVE STATEMENT EMBELLISHED MAXI DRESS,45.0,139.0,68,True,38
2026-10-05,PLT,with code 10PLT OASIS BRODERIE PANEL RUFFLE MAXI DRESS,15.0,59.0,75,True,38
2026-10-05,PLT,with code 10PLT DOROTHY PERKINS FRUIT LACE TRIM WRAP SKIRT POPLIN PRINTED MINI DRESS,12.0,39.0,69,True,38
2026-10-05,PLT,with code 10PLT OASIS DEVORE TIERED BOHO MINI DRESS,25.0,65.0,62,True,38
2026-10-05,PLT,with code 10PLT OASIS PUFF SLEEVE MINI SKATER DRESS,18.0,65.0,72,True,39
2026-10-05,PLT,with code 10PLT OASIS SATIN TWIST FRONT ANGEL SLEEVE MIDI BRIDESMAID DRESS,18.0,69.0,74,True,39
2026-10-05,PLT,with code 10PLT 3 OASIS PRINTED PLEATED SKIRT LONG SLEEVE MINI DRESS,18.0,59.0,69,True,39
2026-10-05,PLT,with code 10PLT OASIS STRUCTURED FIT AND FLARE PLEAT DETAIL MINI DRESS,18.0,59.0,69,True,39
2026-10-05,PLT,with code 10PLT PETITE DOROTHY PERKINS PETITE FLORAL TIE FRONT BUTTON DOWN PUFF SLEEVE MIDI DRESS,30.0,42.0,29,True,39
2026-10-05,PLT,with code 10PLT OASIS PRINTED LACE TRIM PLEAT DETAIL MINI DRESS,18.0,59.0,69,True,39
2026-10-05,PLT,with code 10PLT PETITE BOOHOO PETITE WIDE RIB BARDOT NECKLINE MINI JUMPER DRESS,8.0,32.0,75,True,39
2026-10-05,PLT,with code 10PLT PLT label COAST PLEATED CHIFFON TIE SLEEVE BRIDESMAID MAXI DRESS,40.0,119.0,66,True,39
2026-10-05,PLT,with code 10PLT BOOHOO BUTTON FRONT BANDEAU TAILORED MINI DRESS,18.75,25.0,25,True,39
2026-10-05,PLT,with code 10PLT PETITE OASIS PETITE PRINTED DOBBY CHIFFON BELTED WAIST MIDI DRESS,20.0,65.0,69,True,39
2026-10-05,PLT,with code 10PLT DOROTHY PERKINS FLORAL SWEETHEART NECKLINE MIDI DRESS,28.0,35.0,20,True,39
2026-10-05,PLT,with code 10PLT OASIS SATIN TIE SHOULDER TIERED BRIDESMAID MAXI DRESS,53.4,89.0,40,True,39
2026-10-05,PLT,with code 10PLT OASIS EMBROIDERED FLORAL HALTERNECK MINI DRESS,20.0,55.0,64,True,39
2026-10-05,PLT,with code 10PLT PLUS BOOHOO PLUS VELVET BARDOT PLUNGE MINI DRESS,18.75,25.0,25,True,39
2026-10-05,PLT,with code 10PLT OASIS PRINTED RUFFLE BATWING SLEEVE MINI DRESS,20.0,59.0,66,True,39
2026-10-05,PLT,with code 10PLT OASIS SATIN AND CHIFFON MIX BOW FRONT CAMI DRESS,15.0,75.0,80,True,39
2026-10-05,PLT,with code 10PLT OASIS ANGEL SLEEVE SATIN JACQUARD BRIDESMAID MAXI DRESS,20.0,89.0,78,True,39
2026-10-05,PLT,with code 10PLT OASIS DEEP V FLUTED SLEEVE MAXI BRIDESMAID DRESS,18.0,79.0,77,True,39
2026-10-05,PLT,with code 10PLT BOOHOO VELVET RUCHED DRESS,18.75,25.0,25,True,39
2026-10-05,PLT,with code 10PLT OASIS PRINTED EMBELLISHED TRIM DETAIL CHIFFON MINI DRESS,20.0,65.0,69,True,39
2026-10-05,PLT,with code 10PLT BOOHOO HIGH NECK DRAPE MINI DRESS,18.75,25.0,25,True,39
2026-10-05,PLT,with code 10PLT COAST FALLEN SHOULDER BOW DETAIL BRIDESMAID MAXI DRESS,59.4,99.0,40,True,39
2026-10-05,PLT,with code 10PLT OASIS VELVET LONG SLEEVE MINI DRESS,20.0,69.0,71,True,39
2026-10-05,PLT,with code 10PLT BOOHOO BARDOT TAILORED BUTTON DOWN MINI DRESS,18.75,25.0,25,True,39
2026-10-05,PLT,with code 10PLT DOROTHY PERKINS PINK FRILL DETAIL ANGEL SLEEVE MINI DRESS,12.0,29.0,59,True,39
2026-10-05,PLT,with code 10PLT OASIS PRINTED CHIFFON SHOULDER DETAIL SHIRRED BACK MIDI DRESS,15.0,59.0,75,True,39
2026-10-05,PLT,with code 10PLT OASIS PRINTED STATEMENT SHOULDER RUCHED BODY MINI DRESS,18.0,59.0,69,True,39
2026-10-05,PLT,with code 10PLT OASIS SATIN TWIST FRONT TIERED BRIDESMAID MAXI DRESS,20.0,89.0,78,True,39
2026-10-05,PLT,with code 10PLT DOROTHY PERKINS PETITE ANIMAL LACE TRIM TIE BACK PRINTED MINI DRESS,10.0,35.0,71,True,39
2026-10-05,PLT,with code 10PLT PETITE COAST PETITE SATIN LACE PLEATED MIDI DRESS,40.0,129.0,69,True,39
2026-10-05,PLT,with code 10PLT OASIS HIGH NECK PRINTED LONG SLEEVE MINI DRESS WITH BELT,12.0,55.0,78,True,39
2026-10-05,PLT,with code 10PLT OASIS VELVET ROSE PRINT MAXI DRESS,49.5,99.0,50,True,39
2026-10-05,PLT,with code 10PLT COAST LISA TAN LACE SATIN TRIM SHORT SLEEVE MIDI DRESS,90.0,139.0,35,True,39
2026-10-05,PLT,with code 10PLT PETITE COAST COAST HONOURED PETITE SLEEVELESS PLUNGE WATERFALL TWILL MAXI BRIDESMAID DRESS,50.0,139.0,64,True,39
2026-10-05,PLT,with code 10PLT OASIS PREMIUM SQUARE NECK LACE MIDI DRESS,25.0,89.0,72,True,39
2026-10-05,PLT,with code 10PLT PETITE COAST PETITE RIBBED BANDAGE HALTERNECK MIDI DRESS,60.0,139.0,57,True,39
2026-10-05,PLT,with code 10PLT OASIS PEARL EMBELLISHED CREPE BOW DOWN PUFF SLEEVE MINI DRESS,40.0,79.0,49,True,39
2026-10-05,PLT,with code 10PLT OASIS SAGE SATIN OPEN BACK DETAIL MAXI BRIDESMAID DRESS,47.4,79.0,40,True,39
2026-10-05,PLT,with code 10PLT MISSPAP SATIN COWL SPLIT LEG MAXI BRIDESMAID DRESS,15.0,60.0,75,True,39
2026-10-05,PLT,with code 10PLT PETITE DOROTHY PERKINS PETITE RUFFLE SHOULDER PUFF SLEEVE POPLIN MINI DRESS,12.0,39.0,69,True,39
2026-10-05,PLT,with code 10PLT OASIS FLIPPY HEM BELTED MINI DRESS,18.0,55.0,67,True,39
2026-10-05,PLT,with code 10PLT BOOHOO STRAPPY POPLIN MIDAXI DRESS,21.0,28.0,25,True,39
2026-10-05,PLT,with code 10PLT PETITE OASIS PETITE DOUBLE FRILL SATIN BURNOUT MIDI DRESS,48.0,79.0,39,True,39
2026-10-05,PLT,with code 10PLT BOOHOO TAILORED UNDERBUST SEAM DETAIL SHIFT DRESS,18.75,25.0,25,True,39
2026-10-05,PLT,with code 10PLT OASIS CHAMPAGNE SATIN OPEN BACK DETAIL MAXI BRIDESMAID DRESS,47.4,79.0,40,True,39
2026-10-05,PLT,with code 10PLT OASIS SHIRRED DETAIL FIT AND FLARE MINI DRESS,18.0,59.0,69,True,39
2026-10-05,PLT,with code 10PLT BOOHOO TAILORED PLUNGE HALTERNECK STRUCTURED SKATER DRESS,18.75,25.0,25,True,39
2026-10-05,PLT,with code 10PLT BOOHOO BARDOT STRIPE JUMPER KNIT DRESS,11.0,32.0,66,True,39
2026-10-05,PLT,with code 10PLT OASIS LACE UP HIGH NECK LONG SLEEVE MINI DRESS,15.0,55.0,73,True,39
2026-10-05,PLT,with code 10PLT OASIS LACE SLEEVE SPLIT FRONT SATIN MIDAXI DRESS,22.0,75.0,71,True,39
2026-10-05,PLT,with code 10PLT PETITE COAST PETITE LISA TAN SCARF DETAIL LACE MAXI DRESS WITH GODETS,30.0,99.0,70,True,39
2026-10-05,PLT,with code 10PLT OASIS PRINTED FRILL DETAIL CHIFFON MINI DRESS,18.0,59.0,69,True,39
2026-10-05,PLT,with code 10PLT OASIS PRINTED BOHO RUFFLE BUTTON DOWN MINI DRESS,19.0,55.0,65,True,39
2026-10-05,PLT,with code 10PLT OASIS LEOPARD RUCHED SKIRT V NECK MINI DRESS,20.0,59.0,66,True,39
2026-10-05,PLT,with code 10PLT KARENMILLEN COTTON POPLIN CONTRAST STITCH BELTED MINI DRESS,35.0,99.0,65,True,39
2026-10-05,PLT,with code 10PLT PETITE OASIS PETITE LACE COWL BACK CHIFFON PRINTED MAXI DRESS,42.0,85.0,51,True,39
2026-10-05,PLT,with code 10PLT OASIS RUCHED BOW TIE MINI DRESS WITH STUD TRIM,21.0,59.0,64,True,39
2026-10-05,PLT,with code 10PLT OASIS BRIGHT PINK SATIN TWIST FRONT ANGEL SLEEVE MIDI BRIDESMAID DRESS,41.4,69.0,40,True,39
2026-10-05,PLT,with code 10PLT DOROTHY PERKINS FLORAL ANIMAL CONTRAST SLEEVE BUTTON FRONT TIERED HEM MIDI DRESS,37.8,42.0,10,True,39
2026-10-05,PLT,with code 10PLT OASIS PRINTED SLEEVELESS PEPLUM HEM MINI DRESS,18.0,59.0,69,True,39
2026-10-05,PLT,with code 10PLT BOOHOO CHIFFON RUCHED WAIST MINI DRESS,8.0,24.0,67,True,39
2026-10-05,PLT,with code 10PLT BOOHOO OFF THE SHOULDER LARGE TONAL FLORAL MESH MAXI DRESS,24.0,32.0,25,True,39
2026-10-05,PLT,with code 10PLT PETITE COAST PETITE V NECK LACE BODICE PEPLUM MIDI DRESS,70.0,139.0,50,True,39
2026-10-05,PLT,with code 10PLT PETITE OASIS PETITE BRIGHT PINK DOUBLE STRAP COWL NECK SATIN JACQUARD BRIDESMAID MIDI DRESS,53.4,89.0,40,True,39
2026-10-05,PLT,with code 10PLT BOOHOO SEQUIN EMBELLISHED KNITTED MINI DRESS,11.0,36.0,69,True,39
2026-10-05,PLT,with code 10PLT OASIS RUFFLE FRONT V NECK STRAPPY MIDI DRESS,25.0,79.0,68,True,39
2026-10-05,PLT,with code 10PLT OASIS LACE DETAIL BALLOON SLEEVE DROP HEM MIDI DRESS,20.0,69.0,71,True,39
2026-10-05,PLT,with code 10PLT BOOHOO SHIRRED PASTEL STRIPE MINI DRESS,17.0,28.0,39,True,39
2026-10-05,PLT,with code 10PLT OASIS BRIGHT PINK SATIN HALTER NECK MAXI BRIDESMAID DRESS,47.4,79.0,40,True,39
2026-10-05,PLT,with code 10PLT BOOHOO BENGALINE HOOK AND EYE MINI DRESS,13.5,18.0,25,True,39
2026-10-05,PLT,with code 10PLT BOOHOO SHIRRED WAIST RUCHED BUST MINI DRESS,18.75,25.0,25,True,39
2026-10-05,PLT,with code 10PLT OASIS JACQUARD RUFFLE MAXI DRESS,18.0,65.0,72,True,39
2026-10-05,PLT,with code 10PLT PETITE DOROTHY PERKINS PETITE TIE FRONT FRILL SLEEVE PRINTED POPLIN MIDI DRESS,15.0,45.0,67,True,39
2026-10-05,PLT,with code 10PLT COAST LACE CAPE GOWN,125.3,179.0,30,True,39
2026-10-05,PLT,with code 10PLT MATERNITY BOOHOO MATERNITY RUCHED POPLIN MAXI DRESS,21.0,28.0,25,True,39
2026-10-05,PLT,with code 10PLT OASIS PRINTED TRIM DETAIL BATWING MINI DRESS,18.0,65.0,72,True,39
2026-10-05,PLT,with code 10PLT COAST ANGEL SLEEVE TIERED BRIDESMAID MAXI DRESS,35.0,99.0,65,True,39
2026-10-05,PLT,with code 10PLT OASIS OLIVE SATIN TWIST FRONT ANGEL SLEEVE MIDI BRIDESMAID DRESS,41.4,69.0,40,True,39
2026-10-05,PLT,with code 10PLT PETITE OASIS PETITE OCCASION CREPE DIAMANTE TRIM CUT OUT MINI DRESS,22.0,75.0,71,True,39
2026-10-05,PLT,with code 10PLT OASIS RUFFLE JACQUARD PRINT MAXI DRESS,48.0,75.0,36,True,40
2026-10-05,PLT,with code 10PLT BOOHOO FLORAL RUFFLE DETAIL MINI DRESS,22.5,30.0,25,True,40
2026-10-05,PLT,with code 10PLT PETITE DOROTHY PERKINS PETITE FLORAL FRILL TIERED PRINTED POPLIN MINI SMOCK DRESS,10.0,35.0,71,True,40
2026-10-05,PLT,with code 10PLT BOOHOO UTILITY BELTED WAISTCOAT SLEEVELESS BLAZER DRESS,12.0,35.0,66,True,40
2026-10-05,PLT,with code 10PLT OASIS HALTERNECK SPAGHETTI STRAP MAXI DRESS,22.0,75.0,71,True,40
2026-10-05,PLT,with code 10PLT PETITE OASIS PETITE WILDFLOWER MESH BANDEAU MAXI DRESS,25.0,79.0,68,True,40
2026-10-05,PLT,with code 10PLT OASIS HALTER NECK RUFFLE MAXI DRESS,20.0,65.0,69,True,40
2026-10-05,PLT,with code 10PLT PLT label OASIS FLORAL EMBELLISHED MESH ANGEL SLEEVE MAXI DRESS,40.0,129.0,69,True,40
2026-10-05,PLT,with code 10PLT COAST STRAPPY DRAPE BODICE MAXI BRIDESMAID DRESS,50.0,129.0,61,True,40
2026-10-05,PLT,with code 10PLT OASIS OLIVE CROSS SHOULDER TIE BACK SATIN MAXI BRIDESMAID DRESS,47.4,79.0,40,True,40
2026-10-05,PLT,with code 10PLT OASIS PRINTED DROPPED CURVED WAIST LONG SLEEVE MAXI DRESS,18.0,65.0,72,True,40
2026-10-05,PLT,with code 10PLT OASIS PRINTED PLEATED BODICE DETAIL MIDI DRESS,22.0,75.0,71,True,40
2026-10-05,PLT,with code 10PLT OASIS EMBELLISHED TRIM JACQUARD MINI DRESS,22.0,75.0,71,True,40
2026-10-05,PLT,with code 10PLT PETITE BOOHOO PETITE BRUSHED LOW BACK OVERSIZED JUMPER DRESS,9.0,12.0,25,True,40
2026-10-05,PLT,with code 10PLT OASIS BRODERIE TIERED DETAIL STRAPPY MINI DRESS,15.0,55.0,73,True,40
2026-10-05,PLT,with code 10PLT DOROTHY PERKINS SHIRRED WAIST SHORT SLEEVE MIDI DRESS,20.0,39.0,49,True,40
2026-10-05,PLT,with code 10PLT OASIS PREMIUM TRAILING FLORAL EMBELLISHED BANDEAU MIDI DRESS,52.0,130.0,60,True,40
2026-10-05,PLT,with code 10PLT OASIS PETITE OCCASION LACE CUT OUT BACK MIDI DRESS,20.0,79.0,75,True,40
2026-10-05,PLT,with code 10PLT OASIS BLUSH SATIN TIE SHOULDER MAXI BRIDESMAID DRESS,47.4,79.0,40,True,40
2026-10-05,PLT,with code 10PLT DOROTHY PERKINS CONTRAST STITCH DETAIL SWEETHEART POPLIN MIDI DRESS,15.0,39.0,62,True,40
2026-10-05,PLT,with code 10PLT OASIS PRINTED LACE PANEL DETAIL V NECK MIDAXI DRESS,20.0,65.0,69,True,40
2026-10-05,PLT,with code 10PLT DOROTHY PERKINS RUFFLE SHOULDER PUFF SLEEVE POPLIN MINI DRESS,15.0,39.0,62,True,40
2026-10-05,PLT,with code 10PLT KARENMILLEN VISCOSE SATIN BACK CREPE COWL FRONT BACKLESS MAXI DRESS,125.3,179.0,30,True,40
2026-10-05,PLT,with code 10PLT BOOHOO MESH FLORAL PRINT COWL MAXI DRESS,21.0,28.0,25,True,40
2026-10-05,PLT,with code 10PLT OASIS LIGHT BLUE CROSS SHOULDER TIE BACK SATIN MAXI BRIDESMAID DRESS,47.4,79.0,40,True,40
2026-10-05,PLT,with code 10PLT OASIS OLIVE SATIN OPEN BACK DETAIL MAXI BRIDESMAID DRESS,47.4,79.0,40,True,40
2026-10-05,PLT,with code 10PLT OASIS OCCASION PLEATED METALLIC MIDI DRESS,18.0,75.0,76,True,40
2026-10-05,PLT,with code 10PLT OASIS TRIM DETAIL BALLOON SLEEVE FLIPPY MINI DRESS,15.0,55.0,73,True,40
2026-10-05,PLT,with code 10PLT OASIS EMBROIDERED BRODERIE MIDI DRESS,32.0,69.0,54,True,40
2026-10-05,PLT,with code 10PLT COAST PLACEMENT PRINT TRAILING FLORAL ORGANZA WRAP MIDI DRESS,50.0,129.0,61,True,40
2026-10-05,PLT,with code 10PLT BOOHOO TAILORED BUTTON DETAIL STRUCTURED MINI DRESS,18.75,25.0,25,True,40
2026-10-05,PLT,with code 10PLT OASIS COWL NECK OPEN BACK MIDI BRIDESMAID DRESS,41.4,69.0,40,True,40
2026-10-05,PLT,with code 10PLT OASIS STRAPPY V NECK WEDDING DRESS,50.0,119.0,58,True,40
2026-10-05,PLT,with code 10PLT PETITE DOROTHY PERKINS PETITE FRILL DETAIL TIERED SMOCK PRINTED MINI DRESS,8.0,35.0,77,True,40
2026-10-05,PLT,with code 10PLT PETITE COAST PETITE BELTED CREPE DRESS,50.0,119.0,58,True,40
2026-10-05,PLT,with code 10PLT OASIS VOLUME SHOULDER WESTERN MINI DRESS,12.0,45.0,73,True,40
2026-10-05,PLT,with code 10PLT PLUS BOOHOO PLUS VELVET SEQUIN LONG SLEEVE SKATER DRESS,26.25,35.0,25,True,40
2026-10-05,PLT,with code 10PLT OASIS SEQUIN PUFF SLEEVE STRUCTURED MINI DRESS,15.0,59.0,75,True,40
2026-10-05,PLT,with code 10PLT PETITE OASIS PETITE CROSS FRONT HALTER NECK BRIDESMAID MIDI DRESS,20.0,79.0,75,True,40
2026-10-05,PLT,with code 10PLT COAST MUSE SEQUIN STRAPPY PEPLUM TOP COLUMN MIDI DRESS,60.0,149.0,60,True,40
2026-10-05,PLT,with code 10PLT COAST EMBROIDERED HALTER NECK MIDI DRESS,100.0,159.0,37,True,40
2026-10-05,PLT,with code 10PLT OASIS OCCASION SEQUIN CORSAGE MINI DRESS,22.0,75.0,71,True,40
2026-10-05,PLT,with code 10PLT COAST JACQUARD PUFF SLEEVE SQUARE NECK PENCIL DRESS,50.0,149.0,66,True,40
2026-10-05,PLT,with code 10PLT PETITE BOOHOO PETITE VELVET LACE BANDEAU MAXI DRESS,18.75,25.0,25,True,40
2026-10-05,PLT,with code 10PLT COAST PRINTED LACE TRIM PLEATED MIDI DRESS,30.0,119.0,75,True,40
2026-10-05,PLT,with code 10PLT BOOHOO VELVET LACE FLARE SLEEVE MINI DRESS,18.75,25.0,25,True,40
2026-10-05,PLT,with code 10PLT OASIS FLORAL ORGANZA SHIRRED WAIST MIDI DRESS,18.0,65.0,72,True,40
2026-10-05,PLT,with code 10PLT TALL BOOHOO TALL SHEER SEQUIN DRAPED MINI SHIRT DRESS,18.75,25.0,25,True,40
2026-10-05,PLT,with code 10PLT OASIS BOW FRONT CUT OUT LONG SLEEVE MINI DRESS,18.0,65.0,72,True,40
2026-10-05,PLT,with code 10PLT BOOHOO SOFT KNIT THICK RIB COLLAR DETAIL MIDAXI DRESS,9.0,12.0,25,True,40
2026-10-05,PLT,with code 10PLT BOOHOO PREMIUM MARL KNIT ROLL NECK MIDI DRESS,9.0,12.0,25,True,40
2026-10-05,PLT,with code 10PLT OASIS BUTTER YELLOW RUFFLE SQUARE NECK SATIN BRIDESMAID MAXI DRESS,47.4,79.0,40,True,40
2026-10-05,PLT,with code 10PLT OASIS SATIN OPEN BACK DETAIL MAXI BRIDESMAID DRESS,20.0,79.0,75,True,40
2026-10-05,PLT,with code 10PLT OASIS PRINTED LACE DETAIL FRILL SLEEVE MINI DRESS,15.0,55.0,73,True,40
2026-10-05,PLT,with code 10PLT OASIS CUP DETAIL HALTERNECK DROP HEM MIDAXI DRESS,19.0,55.0,65,True,40
2026-10-05,PLT,with code 10PLT OASIS LIGHT BLUE SATIN TWIST FRONT ANGEL SLEEVE MIDI BRIDESMAID DRESS,41.4,69.0,40,True,40
2026-10-05,PLT,with code 10PLT PLUS BOOHOO PLUS SATIN RUCHED SHOULDER DETAIL SLEEVELESS MAXI DRESS,30.0,40.0,25,True,40
2026-10-05,PLT,with code 10PLT OASIS BANDEAU SATIN BRIDESMAID MAXI DRESS WITH SCARF,25.0,79.0,68,True,40
2026-10-05,PLT,with code 10PLT OASIS STRAPPY SATIN MAXI BRIDESMAID DRESS WITH SCARF,20.0,79.0,75,True,40
2026-10-05,PLT,with code 10PLT OASIS HALTERNECK PLEATED TIERED MAXI DRESS,35.0,65.0,46,True,40
2026-10-05,PLT,with code 10PLT COAST ONE SHOULDER CORSAGE RUFFLE CREPE MIDI DRESS,50.0,139.0,64,True,40
2026-10-05,PLT,with code 10PLT OASIS PRINTED RUCHED HIGH NECK MINI FIT AND FLARE DRESS,15.0,55.0,73,True,40
2026-10-05,PLT,with code 10PLT COAST STRAPPY FITTED SATIN TRIM BRIDESMAID DRESS,40.0,99.0,60,True,40
2026-10-05,PLT,with code 10PLT OASIS TIERED CHIFFON PLAIT STRAP MAXI DRESS,20.0,69.0,71,True,40
2026-10-05,PLT,with code 10PLT DOROTHY PERKINS TWIST FRONT PLEATED SKIRT MIDI DRESS,25.0,55.0,55,True,40
2026-10-05,PLT,with code 10PLT OASIS PRINTED LACE DETAIL HALTERNECK TIERED MIDAXI DRESS,25.0,79.0,68,True,40
2026-10-05,PLT,with code 10PLT OASIS PETITE OASIS COWL HALTERNECK SATIN MAXI BRIDESMAID DRESS,20.0,79.0,75,True,40
2026-10-05,PLT,with code 10PLT OASIS OFF THE SHOULDER JACQUARD WEDDING MINI DRESS,47.4,79.0,40,True,40
2026-10-05,PLT,with code 10PLT COAST TIERED LACE MIDI DRESS,35.0,149.0,77,True,40
2026-10-05,PLT,with code 10PLT COAST ONE SHOULDER CREPE RUFFLE MIDI DRESS,35.0,149.0,77,True,40
2026-10-05,PLT,with code 10PLT PETITE DOROTHY PERKINS PETITE BUBBLE SLEEVE TRIM DETAIL MIDI DRESS,20.0,39.0,49,True,40
2026-10-05,PLT,with code 10PLT PETITE OASIS PETITE TWIST FRONT ANGEL SLEEVE MIDI BRIDESMAID DRESS,25.0,79.0,68,True,40
2026-10-05,PLT,with code 10PLT OASIS PLAIN CHIFFON SHIRRED FRONT TIE NECK MINI DRESS,10.0,49.0,80,True,40
2026-10-05,PLT,with code 10PLT OASIS PLEAT BODICE RUFFLE MESH BRIDESMAID MIDI DRESS,53.4,89.0,40,True,40
2026-10-05,PLT,with code 10PLT DOROTHY PERKINS DITSY FLORAL RUCHED SCOOP NECK MIDI DRESS,20.0,39.0,49,True,41
2026-10-05,PLT,with code 10PLT OASIS JACQUARD SATIN MIDI DRESS,20.0,59.0,66,True,41
2026-10-05,PLT,with code 10PLT OASIS HALTERNECK MAXI DRESS,25.0,69.0,64,True,41
2026-10-05,PLT,with code 10PLT BOOHOO OFF THE SHOULDER WRAP FRONT MIDI DRESS,21.0,28.0,25,True,41
2026-10-05,PLT,with code 10PLT OASIS CHAMPAGNE SATIN TWIST FRONT ANGEL SLEEVE MIDI BRIDESMAID DRESS,41.4,69.0,40,True,41
2026-10-05,PLT,with code 10PLT OASIS DITSY FLORAL PLEATED TIE SHOULDER MIDI DRESS,24.0,69.0,65,True,41
2026-10-05,PLT,with code 10PLT OASIS LACE SLEEVE FRILL WAIST V NECK MIDI DRESS,15.0,69.0,78,True,41
2026-10-05,PLT,with code 10PLT PLT label OASIS MULTI SEQUIN KEYHOLE BALLOON SLEEVE MINI DRESS,18.0,65.0,72,True,41
2026-10-05,PLT,with code 10PLT OASIS PRINTED LACE DETAIL VOLUME BOHO MAXI DRESS,20.0,69.0,71,True,41
2026-10-05,PLT,with code 10PLT OASIS POLKADOT CREPE MAXI DRESS,30.0,85.0,65,True,41
2026-10-05,PLT,with code 10PLT OASIS ANIMAL CHIFFON GATHERED RUCHED MINI DRESS,18.0,59.0,69,True,41
2026-10-05,PLT,with code 10PLT OASIS COLD SHOULDER RUFFLE HALTERNECK MIDI DRESS,18.0,69.0,74,True,41
2026-10-05,PLT,with code 10PLT OASIS PRINTED HALTERNECK OFF THE SHOULDER TIERED MAXI DRESS,22.0,75.0,71,True,41
2026-10-05,PLT,with code 10PLT OASIS TRIM PANELLED BOHO MAXI DRESS,24.0,69.0,65,True,41
2026-10-05,PLT,with code 10PLT OASIS SATIN OFF THE SHOULDER SLIP DRESS,12.0,59.0,80,True,41
2026-10-05,PLT,with code 10PLT COAST HIGH NECK CORSAGE DETAIL MIDI DRESS,50.0,129.0,61,True,41
2026-10-05,PLT,with code 10PLT OASIS LACE TRIM FLUTED SLEEVE MINI PROM DRESS,18.0,65.0,72,True,41
2026-10-05,PLT,with code 10PLT OASIS FLORAL SATIN BURNOUT RUFFLE MIDI DRESS,20.0,69.0,71,True,41
2026-10-05,PLT,with code 10PLT OASIS PRINTED DOBBY SHIRRED BODICE MINI DRESS,18.0,59.0,69,True,41
2026-10-05,PLT,with code 10PLT TALL BOOHOO TALL BARDOT CUT OUT TAILORED MINI DRESS,14.0,38.0,63,True,41
2026-10-05,PLT,with code 10PLT OASIS PRINTED CHIFFON SHIRRED FRONT TIE NECK MINI DRESS,15.0,49.0,69,True,41
2026-10-05,PLT,with code 10PLT PETITE BOOHOO PETITE ROLL NECK CHUNKY KNIT MINI DRESS,9.0,12.0,25,True,41
2026-10-05,PLT,with code 10PLT OASIS HOTFIX DETAIL RUCHED BODICE V NECK MIDI DRESS,22.0,75.0,71,True,41
2026-10-05,PLT,with code 10PLT OASIS TIE SHOULDER SATIN BRIDAL MINI DRESS,35.4,59.0,40,True,41
2026-10-05,PLT,with code 10PLT PETITE OASIS PETITE SHIRRED BODICE PUFF SLEEVE TIERED MIDI DRESS,22.0,65.0,66,True,41
2026-10-05,PLT,with code 10PLT OASIS WRAP HALTER FRINGE MIDAXI DRESS,22.0,75.0,71,True,41
2026-10-05,PLT,with code 10PLT PETITE OASIS PETITE EMBELLISHED SWEETHEART MIDI DRESS,38.0,79.0,52,True,41
2026-10-05,PLT,with code 10PLT OASIS SATIN PUFF SLEEVE V NECK FISHTAIL MAXI DRESS,18.0,65.0,72,True,41
2026-10-05,PLT,with code 10PLT PLUS BOOHOO PLUS CHIFFON LAYERED PLUNGE FRONT MAXI DRESS,28.5,38.0,25,True,41
2026-10-05,PLT,with code 10PLT BOOHOO SLEEVELESS FLIPPY HEM DENIM DRESS,24.0,32.0,25,True,41
2026-10-05,PLT,with code 10PLT COAST LISA TAN BOW SHOULDER WRAP TOP PRINTED ORGANZA JACQUARD MIDI DRESS,60.0,119.0,50,True,41
2026-10-05,PLT,with code 10PLT BOOHOO SQUARE NECK LONG SLEEVE SKATER MINI DRESS,19.5,26.0,25,True,41
2026-10-05,PLT,with code 10PLT BOOHOO COWL NECK LEOPARD SEQUIN MAXI DRESS,18.75,25.0,25,True,41
2026-10-05,PLT,with code 10PLT PETITE BOOHOO PETITE SOFT CABLE ASYMMETRIC HEM BARDOT MAXI DRESS,9.0,12.0,25,True,41
2026-10-05,PLT,with code 10PLT OASIS ONE SHOULDER WEDDING DRESS,50.0,119.0,58,True,41
2026-10-05,PLT,with code 10PLT PETITE OASIS PETITE PRINTED CHIFFON PUFF SLEEVE FISHTAIL MIDAXI DRESS,18.0,69.0,74,True,41
2026-10-05,PLT,with code 10PLT COAST V NECK LACE BODICE PEPLUM MIDI DRESS,50.0,139.0,64,True,41
2026-10-05,PLT,with code 10PLT COAST COAST MUSE FLORAL LONG SLEEVE WRAP FRONT GOWN,50.0,139.0,64,True,41
2026-10-05,PLT,with code 10PLT BOOHOO STRUCTURED A LINE MINI DRESS,27.0,36.0,25,True,41
2026-10-05,PLT,with code 10PLT COAST HALTER NECK SEQUIN PLEATED MIDI DRESS,80.0,139.0,42,True,41
2026-10-05,PLT,with code 10PLT COAST SATIN JACQUARD CAMI FULL SKIRTED MIDI DRESS,40.0,99.0,60,True,41
2026-10-05,PLT,with code 10PLT DOROTHY PERKINS CREAM CHECK SHIRRED CUFF MIDI DRESS,14.0,35.0,60,True,41
2026-10-05,PLT,with code 10PLT BOOHOO STRUCTURED SKATER MAXI DRESS,28.5,38.0,25,True,41
2026-10-05,PLT,with code 10PLT DOROTHY PERKINS YELLOW DITSY FLORAL SHIRRED MIDI DRESS,12.0,39.0,69,True,41
2026-10-05,PLT,with code 10PLT BOOHOO CHAMBRAY RACER SWING DRESS,18.0,24.0,25,True,41
2026-10-05,PLT,with code 10PLT BOOHOO SLASH NECK LONG SLEEVE KNITTED MAXI DRESS,10.0,30.0,67,True,41
2026-10-05,PLT,with code 10PLT BOOHOO TONAL FLORAL MESH COWL NECK MAXI DRESS,21.0,28.0,25,True,41
2026-10-05,PLT,with code 10PLT PETITE OASIS PETITE PRINTED SATIN JACQUARD TIERED MIDI DRESS,25.0,79.0,68,True,41
2026-10-05,PLT,with code 10PLT BOOHOO SOFT CABLE OVERSIZED TIE DETAIL KNITTED MINI DRESS,10.0,28.0,64,True,41
2026-10-05,PLT,with code 10PLT PETITE KARENMILLEN PETITE SOFT TAILORED COLOUR BLOCK BOW MIDI DRESS,63.0,179.0,65,True,41
2026-10-05,PLT,with code 10PLT BOOHOO BENGALINE RUCHED BUST BODYCON MINI DRESS,13.5,18.0,25,True,41
2026-10-05,PLT,with code 10PLT BOOHOO GOLD DETAIL CUT OUT MINI SKATER DRESS,18.75,25.0,25,True,41
2026-10-05,PLT,with code 10PLT DOROTHY PERKINS BLACK FLORAL BLOUSON SLEEVE KEYHOLE DETAIL MIDI DRESS,23.4,39.0,40,True,41
2026-10-05,PLT,with code 10PLT PETITE BOOHOO PETITE SOFT CABLE OVERSIZED TIE DETAIL KNITTED MINI DRESS,10.0,30.0,67,True,41
2026-10-05,PLT,with code 10PLT BOOHOO DOUBLE LAYER T-SHIRT DRESS,8.0,22.0,64,True,41
2026-10-05,PLT,with code 10PLT PETITE DOROTHY PERKINS PETITE FLORAL LACE TRIM TIERED PRINTED MINI DRESS,25.0,35.0,29,True,41
2026-10-05,PLT,with code 10PLT BOOHOO SQUARE NECK DEMASK SEQUIN MAXI DRESS,18.75,25.0,25,True,41
2026-10-05,PLT,with code 10PLT KARENMILLEN TECHNO COTTON WOVEN MAXI SHIRT DRESS WITH GOLD CLASPS,104.3,149.0,30,True,41
2026-10-05,PLT,with code 10PLT OASIS RUFFLE TRIM MINI DRESS,15.0,59.0,75,True,41
2026-10-05,PLT,with code 10PLT BOOHOO HALTERNECK SEQUIN WRAP FRONT MINI DRESS,18.75,25.0,25,True,41
2026-10-05,PLT,with code 10PLT PETITE COAST PETITE SEQUIN FLORAL PENCIL DRESS,80.0,129.0,38,True,41
2026-10-05,PLT,with code 10PLT OASIS LAME BALLOON SLEEVE MIDI DRESS,18.0,65.0,72,True,41
2026-10-05,PLT,with code 10PLT BOOHOO RUFFLE ANGEL SLEEVE MIDAXI DRESS,22.5,30.0,25,True,41
2026-10-05,PLT,with code 10PLT OASIS OCCASION FLORAL TWILL STRAPLESS MIDI DRESS,15.0,75.0,80,True,41
2026-10-05,PLT,with code 10PLT OASIS DEVORE TIERED PUFF SLEEVE MINI TEA DRESS,15.0,55.0,73,True,41
2026-10-05,PLT,with code 10PLT BOOHOO STRIPE CROCHET MAXI DRESS,21.0,28.0,25,True,41
2026-10-05,PLT,with code 10PLT PLUS BOOHOO PLUS DOBBY CHIFFON FLORAL FRILL DETAIL MAXI DRESS,30.0,40.0,25,True,41
2026-10-05,PLT,with code 10PLT OASIS FLORAL LACE DETAIL SQUARE NECK MIDI DRESS,20.0,69.0,71,True,41
2026-10-05,PLT,with code 10PLT BOOHOO SCARF DETAIL TRAPEZE FLOOR SWEEPING MAXI DRESS,22.5,30.0,25,True,41
2026-10-05,PLT,with code 10PLT OASIS FLORAL PRINTED HALTER NECK CHIFFON TIERED MAXI DRESS,48.0,69.0,30,True,41
2026-10-05,PLT,with code 10PLT COAST DETACHABLE CAPE GEORGETTE DRESS WITH DIAMANTE BROACH DETAIL,35.0,129.0,73,True,41
2026-10-05,PLT,with code 10PLT COAST TIE BACK SATIN BACK CREPE BRIDESMAID DRESS,40.0,139.0,71,True,41
2026-10-05,PLT,with code 10PLT BOOHOO BENGALINE HALTERNECK PLEATED SKATER DRESS,16.5,22.0,25,True,41
2026-10-05,PLT,with code 10PLT BOOHOO SQUARE NECK FULL SKIRT MINI DRESS,24.0,32.0,25,True,41
2026-10-05,PLT,with code 10PLT MATERNITY BOOHOO MATERNITY ABSTRACT PRINT LETTUCE HEM LONG SLEEVE MAXI DRESS,21.0,28.0,25,True,41
2026-10-05,PLT,with code 10PLT KARENMILLEN PREMIUM CRYSTAL EMBELLISHED JERSEY SLEEVELESS PLUNGE NECK MIDI DRESS,87.0,249.0,65,True,41
2026-10-05,PLT,with code 10PLT BOOHOO MONO GODET HEM MINI DRESS,24.0,32.0,25,True,41
2026-10-05,PLT,with code 10PLT NASTYGAL LACE INSERT SKATER MINI DRESS,27.3,39.0,30,True,41
2026-10-05,PLT,with code 10PLT BOOHOO OBI TIE WAIST TAILORED BLAZER DRESS,25.5,34.0,25,True,42
2026-10-05,PLT,with code 10PLT OASIS STRAPPY PLEATED BRIDESMAID DRESS WITH RUFFLE DETAIL,38.0,129.0,71,True,42
2026-10-05,PLT,with code 10PLT BOOHOO ROLL NECK TUNIC JUMPER DRESS,9.0,12.0,25,True,42
2026-10-05,PLT,with code 10PLT KARENMILLEN TEXTURED COMPACT STRETCH V NECK BUTTON DETAIL MIDI DRESS,77.0,219.0,65,True,42
2026-10-05,PLT,with code 10PLT BOOHOO TONAL POLKA DOT CHIFFON RUFFLE MAXI DRESS,26.25,35.0,25,True,42
2026-10-05,PLT,with code 10PLT KARENMILLEN TAILORED CREPE TIPPED TAILORED MIDI SHIRT DRESS,70.0,199.0,65,True,42
2026-10-05,PLT,with code 10PLT COAST SATIN BACK CREPE RUFFLE WRAP MIDI DRESS,50.0,129.0,61,True,42
2026-10-05,PLT,with code 10PLT PLT label BOOHOO CHIFFON SCARF DETAIL COLD SHOULDER MINI DRESS,18.0,24.0,25,True,42
2026-10-05,PLT,with code 10PLT PLUS BOOHOO PLUS SLINKY RUCHED WRAP MAXI DRESS,22.5,30.0,25,True,42
2026-10-05,PLT,with code 10PLT BOOHOO LONG SLEEVE SLASH NECK TAILORED MINI DRESS,18.75,25.0,25,True,42
2026-10-05,PLT,with code 10PLT KARENMILLEN LIQUID METALLIC SPLIT WOVEN MAXI DRESS,48.0,159.0,70,True,42
2026-10-05,PLT,with code 10PLT PETITE COAST PETITE SQUARE NECK VELVET SEQUIN LONG SLEEVE MAXI DRESS,149.0,149.0,0,False,42
2026-10-05,PLT,with code 10PLT HICCUP STRAPLESS MAXI DRESS DETAIL,27.53,44.8,39,True,42
2026-10-05,PLT,GODDIVA SCALLOPED NECK EMBROIDERED LACE HIGH LOW MIDI DRESS,75.0,135.0,44,True,42
2026-10-05,PLT,FS COLLECTION LONG SLEEVE BACK V NECK SKATER MINI DRESS,34.5,46.0,25,True,42
2026-10-05,PLT,HICCUP HALTER NECK SATIN MAXI DRESS,29.03,56.0,48,True,42
2026-10-05,PLT,TFNC LONDON DELALI ONE SHOULDER BLACK MAXI DRESS,45.0,60.0,25,True,42
2026-10-05,PLT,STYLEWISE SEQUIN EMBELLISHED - COWL NECK - MINI DRESS,28.9,34.0,15,True,42
2026-10-05,PLT,EGO BODY CONTOURING STRAPPY SEQUIN MINI DRESS,23.2,29.0,20,True,42
2026-10-05,PLT,PLUS GODDIVA BARDOT PLEATED MAXI DRESS,65.0,79.0,18,True,42
2026-10-05,PLT,FS COLLECTION POLKA DOT JACQUARD LACE TRIM MIDI DRESS,41.25,55.0,25,True,42
2026-10-05,PLT,FS COLLECTION GOLD STRIPE FOIL V-NECKLINE LONG SLEEVE MAXI DRESS IN GREEN,39.75,53.0,25,True,42
2026-10-05,PLT,FS COLLECTION SEQUIN LEAF DETAILED V NECK BRIDESMAID MAXI DRESS IN TEAL,54.0,72.0,25,True,42
2026-10-05,PLT,FS COLLECTION SEQUIN LEAF DETAILED V NECK BRIDESMAID MAXI DRESS IN BLACK,54.0,72.0,25,True,42
2026-10-05,PLT,GODDIVA GEO SEQUIN LONG SLEEVE MAXI DRESS,52.5,105.0,50,True,42
2026-10-05,PLT,GODDIVA OFF THE SHOULDER PLEATED WAIST MAXI DRESS,39.0,85.0,54,True,42
2026-10-05,PLT,1 FS COLLECTION GOLD STRIPE FOIL V-NECKLINE LONG SLEEVE MAXI DRESS IN BLACK,39.75,53.0,25,True,42
2026-10-05,PLT,FS COLLECTION GOLD STRIPE FOIL V-NECKLINE LONG SLEEVE MAXI DRESS IN NAVY,39.75,53.0,25,True,42
2026-10-05,PLT,WALLIS FLORAL RUFFLE BELTED MIDAXI DRESS,19.5,65.0,70,True,42
2026-10-05,PLT,WALLIS BELTED CONTRAST DETAIL COLLARLESS SHIRT DRESS,39.0,65.0,40,True,42
2026-10-05,PLT,WOVCOR HIGH NECK DRAPED DETAIL ELEGANT MAXI DRESS WITH FLARED SLEEVES,72.61,151.24,52,True,42
2026-10-05,PLT,DOUBLE SECOND CHIFFON DRESS WITH SEQUIN CAPE,70.0,70.0,0,False,42
2026-10-05,PLT,FS COLLECTION POLKA DOT V-NECK MINI DRESS WITH SHIRRED WAIST,34.5,46.0,25,True,42
2026-10-05,PLT,WOVCOR FLOWY V NECK MAXI EVENING DRESS WITH GATHERED WAIST DETAIL,68.41,142.49,52,True,42
2026-10-05,PLT,PINK VANILLA BLACK HALTER MINI DRESS IN POLKA DOT,22.0,22.0,0,False,42
2026-10-05,PLT,TFNC LONDON MYRA WHITE PANTS,32.99,55.0,40,True,42
2026-10-05,PLT,EGO SHORT SLEEVE BANDAGE MINI DRESS,44.0,55.0,20,True,42
2026-10-05,PLT,TALL LONG TALL SALLY TALL KEYHOLE MAXI DRESS,60.0,60.0,0,False,42
2026-10-05,PLT,GODDIVA SATIN MULTI TIE HALTERNECK MAXI DRESS,60.0,75.0,20,True,42
2026-10-05,PLT,HICCUP V-NECK LACE BODYCON MIDI DRESS,29.78,29.78,0,False,42
2026-10-05,PLT,Up to 26% off GODDIVA CORSET BODICE SCUBA & SATIN BARDOT JUMPSUIT,49.0,49.0,0,False,42
2026-10-05,PLT,GODDIVA COWL BACK SEQUIN MAXI,75.0,75.0,0,False,42
2026-10-05,PLT,BUSEM BELTED MIDI DRESS WITH SHIRT COLLAR,28.5,38.0,25,True,42
2026-10-05,PLT,JOLIE MOI DEMI SEQUIN WRAP SLIT BODYCON DRESS,28.5,38.0,25,True,42
2026-10-05,PLT,2 GODDIVA BARDOT SCUBA & CHIFFON COWL MAXI DRESS,56.0,70.0,20,True,42
2026-10-05,PLT,FS COLLECTION SPARKLY V NECK BRIDESMAID MAXI DRESS,54.0,72.0,25,True,42
2026-10-05,PLT,HICCUP A-FORM MIDI DRESS WITH CREW NECK,33.0,45.4,27,True,42
2026-10-05,PLT,GODDIVA LUREX PLEATED BARDOT ONE SHOULDER CAPE MAXI DRESS,48.0,75.0,36,True,42
2026-10-05,PLT,WOVCOR BELTED SHORT SLEEVE MIDI KNITTED DRESS,46.21,96.24,52,True,42
2026-10-05,PLT,WALLIS METALLIC RUFFLE HEM MIDI DRESS,22.5,75.0,70,True,42
2026-10-05,PLT,FS COLLECTION FLORAL VELVET DEVORE RUCHED LONG SLEEVE MIDI DRESS,44.25,59.0,25,True,42
2026-10-05,PLT,HICCUP PATTERNED MAXI DRESS WITH HEART COLLAR,14.63,35.4,59,True,42
2026-10-05,PLT,FS COLLECTION BARDOT PLEATED OCCASION MIDI DRESS,43.5,58.0,25,True,42
2026-10-05,PLT,FS COLLECTION HALF SLEEVES JERSEY MIDI DRESS WITH WRAP NECKLINE IN GREEN,42.0,56.0,25,True,42
2026-10-05,PLT,FS COLLECTION V NECKLINE BUTTON DETAIL SATIN MIDI DRESS,42.0,56.0,25,True,42
2026-10-05,PLT,FS COLLECTION HALF SLEEVES JERSEY MIDI DRESS WITH WRAP NECKLINE,42.0,56.0,25,True,42
2026-10-05,PLT,2 PETITE WALLIS PETITE FLORAL PLEATED CAPE SLEEVE MIDI DRESS,40.0,80.0,50,True,42
2026-10-05,PLT,PETITE WALLIS PETITE BEAD DETAIL TAILORED PENCIL DRESS,39.0,65.0,40,True,42
2026-10-05,PLT,PETITE WALLIS PETITE FLORAL RUFFLE HEM MIDI DRESS,38.5,55.0,30,True,42
2026-10-05,PLT,WALLIS PETITE FLORAL ORGANZA BELTED MIDI DRESS,37.5,75.0,50,True,42
2026-10-05,PLT,PETITE WALLIS PETITE OCCASION COTTON CUTWORK DETAIL SHIRT DRESS,35.0,70.0,50,True,42
2026-10-05,PLT,FS COLLECTION TIE BACK HALTERNECK SLEEVELESS MINI DRESS,33.75,45.0,25,True,42
2026-10-05,PLT,FS COLLECTION HALTER NECK TIE BACK MINI DRESS IN MAGENTA,33.75,45.0,25,True,42
2026-10-05,PLT,WALLIS SCARF PRINT RELACED SHIRT DRESS,33.0,55.0,40,True,42
2026-10-05,PLT,WALLIS FLORAL SCARF SATIN MIDI DRESS,16.25,65.0,75,True,42
2026-10-05,PLT,WALLIS FLORAL RUFFLE BELTED MIDAXI DRESS,16.25,65.0,75,True,42
2026-10-05,PLT,HICCUP PRINTED BODYCON MAXI TULLE DRESS,16.35,39.2,58,True,42
2026-10-05,PLT,BUSEM CASUAL V-NECK MIDI SHIRT DRESS,21.08,47.5,56,True,42
2026-10-05,PLT,PETITE WALLIS PETITE SUMMER COTTON MIDI DRESS,28.0,70.0,60,True,42
2026-10-05,PLT,PETITE WALLIS PETITE LINEN MIX MIDI DRESS,27.5,55.0,50,True,42
2026-10-05,PLT,PINK VANILLA METALLIC SCOOP NECK MINI DRESS,7.5,24.0,69,True,42
2026-10-05,PLT,PETITE WALLIS PETITE GEO JACQUARD PONTE ZIP SHIFT DRESS,22.5,45.0,50,True,42
2026-10-05,PLT,WALLIS FLORAL OTTOMAN TWILL BELTED MIDI DRESS,22.5,75.0,70,True,42
2026-10-05,PLT,WALLIS SUMMER TROPICAL BELTED MAXI DRESS,22.5,45.0,50,True,42
2026-10-05,PLT,WALLIS LINEN BLEND BELTED MIDI DRESS,18.0,45.0,60,True,42
2026-10-05,PLT,HICCUP SLIT DETAILED RUCHED SANDY MAXI DRESS,22.65,30.2,25,True,42
2026-10-05,PLT,WALLIS FLORAL WRAP MIDI DRESS,20.0,50.0,60,True,42
2026-10-05,PLT,HICCUP PRINTED LONG SLEEVE MAXI DRESS WITH BELT,26.55,50.8,48,True,42
2026-10-05,PLT,HICCUP PRINTED LONG SLEEVE VISCOSE MAXI DRESS,14.78,32.6,55,True,43
2026-10-05,PLT,PETITE WALLIS PETITE ABSTRACT TWIST NECK MAXI DRESS,13.5,45.0,70,True,43
2026-10-05,PLT,HICCUP A-FORM MAXI DRESS,9.38,26.3,64,True,43
2026-10-05,PLT,GODDIVA COWL ONE SHOULDER VELVET MAXI DRESS,105.0,135.0,22,True,43
2026-10-05,PLT,PETITE WALLIS PETITE TENCEL TWIST MIDI DRESS,16.25,65.0,75,True,43
2026-10-05,PLT,WOVCOR ROUND NECK SHORT SLEEVE FIT AND FLARE MIDI DRESS,47.41,47.41,0,False,43
2026-10-05,PLT,Up to 58% off WOVCOR BELT-DETAILED WOVEN MIDI DRESS,55.21,114.99,52,True,43
2026-10-05,PLT,PLT label WOVCOR FLORAL MESH BARDOT MIDI DRESS WITH DRAPED DETAIL,48.01,126.24,62,True,43
2026-10-05,PLT,WOVCOR LONG SLEEVE LACE UP WAIST MIDI DRESS,57.61,119.99,52,True,43
2026-10-05,PLT,HICCUP STRAPLESS PRINTED BODYCON MAXI DRESS,16.13,45.8,65,True,43
2026-10-05,PLT,FS COLLECTION V NECK MIDI DRESS WITH SHEER LONG SLEEVE,36.75,49.0,25,True,43
2026-10-05,PLT,HICCUP V-NECK SHORT SLEEVE MINI DRESS,11.03,29.2,62,True,43
2026-10-05,PLT,HICCUP CREW NECK MAXI DRESS WITH CAPE ACCESSORY,23.78,57.0,58,True,43
2026-10-05,PLT,WALLIS OCCASION SATIN AND MESH OVERLAY FIT AND FLARE DRESS,68.0,85.0,20,True,43
2026-10-05,PLT,HICCUP TEXTURED V-NECK MAXI DRESS WITH BUTTON DETAIL,16.58,36.8,55,True,43
2026-10-05,PLT,WALLIS LEOPARD JACQUARD PONTE ZIP SHIFT DRESS,22.5,45.0,50,True,43
2026-10-05,PLT,PETITE WALLIS PETITE CONTRAST LACE BUTTON MIDI DRESS,37.5,75.0,50,True,43
2026-10-05,PLT,WALLIS SPOT JERSEY BELTED MIDI DRESS,20.0,40.0,50,True,43
2026-10-05,PLT,FS COLLECTION PUFF SLEEVE BUTTON-FRONT MIDI DRESS,39.0,52.0,25,True,43
2026-10-05,PLT,WALLIS FLORAL OTTOMAN FIT & FLARE MIDI DRESS,76.5,85.0,10,True,43
2026-10-05,PLT,PETITE WALLIS PETITE JACQUARD PONTE CONTRAST SHIFT DRESS,22.5,45.0,50,True,43
2026-10-05,PLT,WALLIS ABSTRACT JERSEY SHIRRED WAIST MAXI DRESS,24.0,40.0,40,True,43
2026-10-05,PLT,FS COLLECTION DITSY SPOT SHORT SLEEVE WRAP MIDI DRESS,36.0,48.0,25,True,43
2026-10-05,PLT,WALLIS TWIST NECK KEYHOLE PLEATED DRESS,49.5,55.0,10,True,43
2026-10-05,PLT,WALLIS STRIPE JERSEY SHIRRED WAIST MAXI DRESS,24.0,40.0,40,True,43
2026-10-05,PLT,WALLIS LACE SATIN STRAP PENCIL DRESS,45.0,75.0,40,True,43
2026-10-05,PLT,FS COLLECTION V NECK SEQUIN LEAF EMBROIDERED MAXI DRESS,54.0,72.0,25,True,43
2026-10-05,PLT,WALLIS SPOT JERSEY ROLL SLEEVE BELTED MIDI DRESS,24.0,40.0,40,True,43
2026-10-05,PLT,WALLIS LEOPARD PRINT JERSEY PUFF SLEEVE MIDI DRESS,24.0,40.0,40,True,43
2026-10-05,PLT,WALLIS TROPICAL JERSEY SHIRRED WAIST MAXI DRESS,24.0,40.0,40,True,43
2026-10-05,PLT,WALLIS ABSTRACT JERSEY ROLL SLEEVE BELTED MIDI DRESS,24.0,40.0,40,True,43
2026-10-05,PLT,WALLIS FAN PRINT JERSEY PUFF SLEEVE MIDI DRESS,24.0,40.0,40,True,43
2026-10-05,PLT,WALLIS ABSTRACT JERSEY RUCHED PUFF SLEEVE MIDI DRESS,24.0,40.0,40,True,43
2026-10-05,PLT,WALLIS FLORAL OTTOMAN FIT & FLARE MIDI DRESS,42.5,85.0,50,True,43
2026-10-05,PLT,WALLIS MESH LACE TRIM MAXI DRESS,24.0,80.0,70,True,43
2026-10-05,PLT,PETITE WALLIS PETITE FLORAL OTTOMAN FIT & FLARE MIDI DRESS,42.5,85.0,50,True,43
2026-10-05,PLT,PETITE WALLIS PETITE FLORAL RUFFLE PEPLUM MIDI DRESS,26.0,65.0,60,True,43
2026-10-05,PLT,WALLIS SPOT JERSEY RUCHED PUFF SLEEVE MIDI DRESS,24.0,40.0,40,True,43
2026-10-05,PLT,PETITE WALLIS PETITE BURN OUT RUFFLE MIDI DRESS,30.0,60.0,50,True,43
2026-10-05,PLT,WALLIS CHECK BURN OUT RUFFLE MIDI DRESS,37.5,75.0,50,True,43
2026-10-05,PLT,PETITE WALLIS PETITE TAILORED CREPE RUFFLE PENCIL DRESS,45.0,75.0,40,True,43
2026-10-05,PLT,PETITE WALLIS PETITE LEOPARD JERSEY BUTTON MIDI DRESS,20.0,40.0,50,True,43
2026-10-05,PLT,WALLIS FLORAL PRINT BUTTON MIDI SHIRT DRESS,18.0,45.0,60,True,43
2026-10-05,PLT,WALLIS ABSTRACT BELTED MAXI DRESS,18.0,45.0,60,True,43
2026-10-05,PLT,PLUS GODDIVA CAP SLEEVE IRIDESCENT SEQUIN COWL MAXI DRESS,115.0,165.0,30,True,43
2026-10-05,PLT,WALLIS STRIPE JERSEY WRAP MAXI DRESS,12.0,40.0,70,True,43
2026-10-05,PLT,WALLIS FLORAL OTTOMAN FIT & FLARE MIDI DRESS,34.0,85.0,60,True,43
2026-10-05,PLT,WALLIS SPOT OTTOMAN FIT & FLARE MIDI DRESS,42.5,85.0,50,True,43
2026-10-05,PLT,WALLIS LACE CONTRAST COLUMN DRESS,20.0,80.0,75,True,43
2026-10-05,PLT,PETITE WALLIS PETITE FLORAL OTTOMAN TWILL MIDI DRESS,34.0,85.0,60,True,43
2026-10-05,PLT,PETITE WALLIS PETITE PATCHWORK COLUMN MIDI DRESS,32.5,65.0,50,True,43
2026-10-05,PLT,PETITE WALLIS PETITE GEO JERSEY WRAP MIDI DRESS,24.0,40.0,40,True,43
2026-10-05,PLT,WALLIS SUMMER BRODERIE SMOCK DRESS,16.5,55.0,70,True,43
2026-10-05,PLT,FS COLLECTION SEQUIN LEAF DETAILED V NECK BRIDESMAID MAXI DRESS IN GREEN,54.0,72.0,25,True,43
2026-10-05,PLT,PETITE WALLIS PETITE SCUBA CREPE WRAP WAIST MIDI DRESS,39.0,65.0,40,True,43
2026-10-05,PLT,JOLIE MOI LONG SLEEVE PRINTED LACE MIDAXI DRESS,59.25,79.0,25,True,43
2026-10-05,PLT,WALLIS TROPICAL JERSEY BELTED MIDI DRESS,12.0,40.0,70,True,43
2026-10-05,PLT,WALLIS METALLIC RUFFLE HEM MAXI DRESS,22.5,75.0,70,True,43
2026-10-05,PLT,PETITE WALLIS PETITE FLORAL DRAWSTRING SHIRT DRESS,19.5,65.0,70,True,43
2026-10-05,PLT,WALLIS FLORAL PRINT RUFFLE MAXI DRESS,19.5,65.0,70,True,43
2026-10-05,PLT,PETITE WALLIS PETITE METALLIC RUFFLE HEM MAXI DRESS,22.5,75.0,70,True,43
2026-10-05,PLT,WALLIS FLORAL WRAP WAIST MIDI DRESS,32.5,65.0,50,True,43
2026-10-05,PLT,PETITE WALLIS PETITE SUMMER TROPICAL MIDI DRESS,15.0,50.0,70,True,43
2026-10-05,PLT,WALLIS PAISLEY BURN OUT RUFFLE MIDI DRESS,26.0,65.0,60,True,43
2026-10-05,PLT,PETITE WALLIS PETITE CREPE EMBELLSIHED PENCIL DRESS,18.0,60.0,70,True,43
2026-10-05,PLT,WALLIS FLORAL PLACEMENT ORGANZA MIDI DRESS,48.0,80.0,40,True,43
2026-10-05,PLT,GODDIVA GATHERED SHOULDER WRAP NECK DRAPED WAIST MAXI DRESS,59.5,85.0,30,True,43
2026-10-05,PLT,PETITE WALLIS PETITE LACE OVERLAY PENCIL MIDI DRESS,39.0,65.0,40,True,43
2026-10-05,PLT,WALLIS FLORAL BURN OUT RUFFLE MIDI DRESS,21.0,70.0,70,True,43
2026-10-05,PLT,WALLIS SUMMER COTTON DOBBY MAXI DRESS,18.0,45.0,60,True,43
2026-10-05,PLT,WALLIS FLORAL BELTED MIDI SHIRT DRESS,26.0,65.0,60,True,43
2026-10-05,PLT,WALLIS FLORAL CHIFFON SEQUIN INSERT MIDI DRESS,18.0,60.0,70,True,43
2026-10-05,PLT,WALLIS LACE FIT AND FLARE MIDI DRESS,40.0,80.0,50,True,43
2026-10-05,PLT,PETITE WALLIS PETITE CHIFFON LACE INSERT MIDI DRESS,13.0,65.0,80,True,43
2026-10-05,PLT,WALLIS JACQUARD SEAM DETAIL MIDI DRESS,30.0,75.0,60,True,43
2026-10-05,PLT,FS COLLECTION SEQUIN LEAF DETAILED V NECK BRIDESMAID MAXI DRESS IN WINE,54.0,72.0,25,True,43
2026-10-05,PLT,WALLIS POLKA DOT OTTOMAN TWILL MIDI DRESS,30.0,75.0,60,True,43
2026-10-05,PLT,DILVIN SLEEVELESS MIDI BODYCON DRESS WITH SLIT,39.98,53.3,25,True,43
2026-10-05,PLT,PETITE WALLIS PETITE FLORAL BURN OUT RUFFLE SLEEVE MIDI DRESS,35.0,70.0,50,True,44
2026-10-05,PLT,WALLIS SUMMER CHEESECLOTH MIDI DRESS,16.0,40.0,60,True,44
2026-10-05,PLT,PETITE WALLIS PETITE POLKA DOT SCARF MAXI DRESS,19.5,65.0,70,True,44
2026-10-05,PLT,PETITE WALLIS PETITE PAISLEY PINTUCK ZIP MIDI DRESS,27.5,55.0,50,True,44
2026-10-05,PLT,WALLIS SQUARE SEQUIN RUCHED PENCIL DRESS,32.5,65.0,50,True,44
2026-10-05,PLT,GODDIVA COWL NECK GLITTER LUREX MINI DRESS,95.0,95.0,0,False,44
2026-10-05,PLT,WALLIS FLORAL RUFFLE TIE FRONT MAXI DRESS,13.0,65.0,80,True,44
2026-10-05,PLT,PLT label GODDIVA ONE SHOULDER CAPE SCUBA & CHIFFON MAXI DRESS,94.5,135.0,30,True,44
2026-10-05,PLT,PETITE WALLIS PETITE FLORAL CHECK OTTOMAN MIDI DRESS,22.5,75.0,70,True,44
2026-10-05,PLT,WALLIS FLORAL SCARF MAXI DRESS,16.25,65.0,75,True,44
2026-10-05,PLT,PETITE WALLIS PETITE 3D FLORAL BUTTON MIDI DRESS,32.5,65.0,50,True,44
2026-10-05,PLT,WALLIS SLEEVELESS CHECK ORGANZA SHIRT DRESS,19.5,65.0,70,True,44
2026-10-05,PLT,WALLIS TEXTURED ORGANZA PUFF SLEEVE SHIRT DRESS,22.5,75.0,70,True,44
2026-10-05,PLT,PETITE WALLIS PETITE MESH LACE TRIM MAXI DRESS,30.0,75.0,60,True,44
2026-10-05,PLT,WALLIS OCCASION SATIN AND MESH OVERLAY MAXI DRESS,25.5,85.0,70,True,44
2026-10-05,PLT,PETITE WALLIS PETITE FLORAL BURN OUT RUFFLE MIDI DRESS,37.5,75.0,50,True,44
2026-10-05,PLT,PETITE WALLIS PETITE LACE COLLARLESS PLEATED MIDI DRESS,45.0,75.0,40,True,44
2026-10-05,PLT,WALLIS SUMMER FLORAL BELTED MIDI DRESS,12.5,50.0,75,True,44
2026-10-05,PLT,PETITE WALLIS PETITE SUMMER BRODERIE MIDI DRESS,22.0,55.0,60,True,44
2026-10-05,PLT,WALLIS TEXTURED POLKA DOT RUFFLE MIDI DRESS,11.0,55.0,80,True,44
2026-10-05,PLT,PETITE WALLIS PETITE SUMMER FLORAL MAXI DRESSS,22.5,45.0,50,True,44
2026-10-05,PLT,PETITE WALLIS PETITE CREPE COWL PLEATED MIDI DRESS,22.5,75.0,70,True,44
2026-10-05,PLT,PETITE WALLIS PETITE FLORAL DOBBY TIE FRONT MIDI DRESS,24.0,60.0,60,True,44
2026-10-05,PLT,WALLIS OCCASION SCUBA CORSAGE MIDI DRESS,30.0,75.0,60,True,44
2026-10-05,PLT,WALLIS POLKA DOT PLEATED HEM MIDI DRESS,16.25,65.0,75,True,44
2026-10-05,PLT,GODDIVA COWL NECK BACK WING SATIN HIGH LOW MIDI DRESS,40.6,58.0,30,True,44
2026-10-05,PLT,WALLIS FLUTE SLEEVE MIDI DRESS,22.0,55.0,60,True,44
2026-10-05,PLT,WALLIS POLKA DOT ZIP SHIFT DRESS,10.0,50.0,80,True,44
2026-10-05,PLT,PETITE WALLIS PETITE SUMMER SMOCK DRESS,15.0,50.0,70,True,44
2026-10-05,PLT,WALLIS LACE CHIFFON COWL BACK PENCIL DRESS,32.0,80.0,60,True,44
2026-10-05,PLT,GODDIVA BISHOP SLEEVE PEPLUM TOP SCUBA CREPE AND CHIFFON MAXI DRESS,115.5,165.0,30,True,44
2026-10-05,PLT,PETITE WALLIS PETITE BURN OUT CAPE SLEEVE SHIFT DRESS,33.0,55.0,40,True,44
2026-10-05,PLT,WALLIS SUMMER PAISLEY MIDI DRESS,12.5,50.0,75,True,44
2026-10-05,PLT,WOVCOR ONE SHOULDER BOW DETAIL MIDI DRESS,55.81,116.24,52,True,44
2026-10-05,PLT,WOVCOR MESH PANEL HIGH NECK DRAPED MAXI EVENING DRESS,68.41,142.49,52,True,44
2026-10-05,PLT,WOVCOR SHAWL PATTERN BELTED LONG SLEEVE MAXI SHIRT DRESS WITH TIERED HEM,55.21,114.99,52,True,44
2026-10-05,PLT,JOLIE MOI LONG SLEEVE PRINTED LACE MAXI DRESS,58.5,78.0,25,True,44
2026-10-05,PLT,BIANCO LUCCI STRAPLESS FLORAL MAXI DRESS WITH BOW DETAIL,86.85,115.8,25,True,44
2026-10-05,PLT,3 FS COLLECTION LACE TRIM V NECK TIERED MIDI DRESS,46.88,62.5,25,True,44
2026-10-05,PLT,FS COLLECTION SILVER FOIL VELVET LACE TRIM NECKLINE MIDI DRESS,43.5,58.0,25,True,44
2026-10-05,PLT,FS COLLECTION LEAF PRINT BLACK SHIRT DRESS WITH TIE WAIST AND FREE GOLD STRETCH LEAF BELT,36.75,49.0,25,True,44
2026-10-05,PLT,HICCUP PRINTED VISCON MAXI DRESS WITH SHIRT COLLAR,23.78,34.8,32,True,44
2026-10-05,PLT,HICCUP PRINTED LONG SLEEVE VISCOSE MAXI DRESS,16.43,34.2,52,True,44
2026-10-05,PLT,JOLIE MOI ASYMMETRIC NECKLINE MIDAXI DRESS,41.25,55.0,25,True,44
2026-10-05,PLT,1 HICCUP FLOWERING HEART COLLAR MIDI DRESS,20.4,44.6,54,True,44
2026-10-05,PLT,HICCUP PRINTED V-NECK MAXI DRESS WITH BUTTON DETAIL,22.43,29.9,25,True,44
2026-10-05,PLT,WALLIS OCCASION SATIN AND MESH OVERLAY MAXI DRESS,68.0,85.0,20,True,44
2026-10-05,PLT,JOLIE MOI ASYMMETRIC DRAPED MESH MAXI DRESS,59.0,78.0,24,True,44
2026-10-05,PLT,FS COLLECTION V NECK LACE MINI DRESS IN IVORY WHITE,39.0,52.0,25,True,44
2026-10-05,PLT,JOLIE MOI LONG SLEEVE V NECK MESH MAXI DRESS,63.75,85.0,25,True,44
2026-10-05,PLT,WALLIS PALM JERSEY KNOT SIDE COLUMN MIDI DRESS,24.0,40.0,40,True,44
2026-10-05,PLT,HICCUP FLORAL LINEN FEEL CREW NECK MAXI DRESS,17.4,36.3,52,True,44
2026-10-05,PLT,GODDIVA CHIFFON COWL OFF SHOULDER WING TIERED MIDI DRESS,85.0,85.0,0,False,44
2026-10-05,PLT,FS COLLECTION FLORAL PRINT HALTER NECK TIE BACK MINI DRESS IN GREY BLUE,33.75,45.0,25,True,44
2026-10-05,PLT,WALLIS FLORAL SATIN RUFFLE HEM MIDAXI DRESS,30.0,75.0,60,True,44
2026-10-05,PLT,WALLIS GEO JERSEY KNOT SIDE COLUMN MIDI DRESS,24.0,40.0,40,True,44
2026-10-05,PLT,HICCUP MINI VÜCUDA OTURAN HALTER YAKA BENGALIN ELBISE,18.83,36.9,49,True,44
2026-10-05,PLT,WALLIS FLORAL POLKA DOT MIX PLEATED MIDI DRESS,32.5,65.0,50,True,44
2026-10-05,PLT,WALLIS SATIN STRIPE CONTRAST MIDI DRESS,28.0,70.0,60,True,44
2026-10-05,PLT,FS COLLECTION BARDOT PLEATED MIDI DRESS IN ROYAL BLUE,43.5,58.0,25,True,44
2026-10-05,PLT,WALLIS FLORAL BURNOUT SLEEVELESS MIDI DRESS,22.5,75.0,70,True,44
2026-10-05,PLT,WALLIS CHIFFON POLKA DOT BORDER CAPE SLEEVE MIDI DRESS,18.0,60.0,70,True,44
2026-10-05,PLT,WALLIS FLORAL BELTED MIDI DRESS,20.0,50.0,60,True,44
2026-10-05,PLT,PLUS GODDIVA SCUBA & LACE WRAP MAXI DRESS,95.0,115.0,17,True,44
2026-10-05,PLT,FS COLLECTION GOLD STRIPE FOIL V-NECKLINE SHORT SLEEVE DRESS,39.75,53.0,25,True,44
2026-10-05,PLT,WALLIS FLORAL BURN OUT RUFFLE MIDI DRESS,37.5,75.0,50,True,44
2026-10-05,PLT,PETITE WALLIS PETITE TROPICAL JERSEY WRAP MIDI DRESS,24.0,40.0,40,True,44
2026-10-05,PLT,WALLIS FLORAL PRINT SMOCK DRESS,27.5,55.0,50,True,44
2026-10-05,PLT,WALLIS FLORAL WOVEN COLLAR MIDI DRESS,18.0,45.0,60,True,44
2026-10-05,PLT,WALLIS FLORAL OTTOMAN FIT & FLARE MIDI DRESS,51.0,85.0,40,True,44
2026-10-05,PLT,WALLIS FLORAL ORGANZA SHIRT MIDI DRESS,32.0,80.0,60,True,44
2026-10-05,PLT,WALLIS PALM JERSEY WRAP MAXI DRESS,12.0,40.0,70,True,44
2026-10-05,PLT,FS COLLECTION FLUTTER SLEEVE WRAP FRONT MIDI DRESS,39.0,52.0,25,True,44
2026-10-05,PLT,PETITE WALLIS PETITE FLORAL OTTOMAN TWILL BUTTON MIDI DRESS,22.5,75.0,70,True,44
2026-10-05,PLT,PETITE WALLIS PETITE FLORAL ANIMAL MIX ZIP MIDI DRESS,30.0,60.0,50,True,44
2026-10-05,PLT,JOLIE MOI ASYMMETRICAL DRAPED MESH MAXI DRESS,56.25,75.0,25,True,45
2026-10-05,PLT,WALLIS FLORAL PINTUCK ZIP MIDI DRESS,27.5,55.0,50,True,45
2026-10-05,PLT,FS COLLECTION POLKA DOT JACQUARD LACE TRIM MIDI DRESS IN GREEN,41.25,55.0,25,True,45
2026-10-05,PLT,PETITE WALLIS PETITE FLORAL SATIN SCARF MIDI DRESS,19.5,65.0,70,True,45
2026-10-05,PLT,PETITE WALLIS PETITE SCARF PRINT RELAXED SHIRT DRESS,33.0,55.0,40,True,45
2026-10-05,PLT,FS COLLECTION SPARKLY V NECK BRIDESMAID MAXI DRESS IN NAVY,54.0,72.0,25,True,45
2026-10-05,PLT,WALLIS FLORAL PRINT RUFFLE SHIFT DRESS,15.0,50.0,70,True,45
2026-10-05,PLT,PLT label JOLIE MOI SLASH NECK RUCHED MESH MAXI DRESS,59.0,60.0,2,True,45
2026-10-05,PLT,WALLIS ANIMAL PRINT BLOUSON SLEEVE METALLIC MIDI DRESS,35.0,70.0,50,True,45
2026-10-05,PLT,WALLIS FLORAL SATIN MIDI DRESS,39.0,65.0,40,True,45
2026-10-05,PLT,GODDIVA SLINKY SATIN ONE SHOULDER SPLIT MAXI DRESS,38.0,48.0,21,True,45
2026-10-05,PLT,FS COLLECTION BARDOT RUCHED BODYCON MIDI DRESS,43.5,58.0,25,True,45
2026-10-05,PLT,EGO SLEEVELESS POLKA DOT MINI DRESS,12.8,12.8,0,False,45
2026-10-05,PLT,Up to 57% off FS COLLECTION BARDOT PLEATED MIDI DRESS IN RED,43.5,58.0,25,True,45
2026-10-05,PLT,WALLIS FLORAL SATIN CONTRAST MIDI DRESS,21.0,70.0,70,True,45
2026-10-05,PLT,WALLIS FLORAL TIE DETAIL MAXI DRESS,15.0,50.0,70,True,45
2026-10-05,PLT,WALLIS MIXED FLORAL RELAXED SHIRT DRESS,33.0,55.0,40,True,45
2026-10-05,PLT,WALLIS FLORAL PRINT CHIFFON MIDI DRESS,36.0,60.0,40,True,45
2026-10-05,PLT,WALLIS ZIP FRONT FLORAL BORDER CHIFFON MIDI DRESS,27.5,55.0,50,True,45
2026-10-05,PLT,WALLIS MONO LACE PENCIL DRESS,25.5,85.0,70,True,45
2026-10-05,PLT,WALLIS SLOUCHY WRAP KNITTED MIDI DRESS,42.0,60.0,30,True,45
2026-10-05,PLT,PETITE WALLIS PETITE FLORAL PRINT RUFFLE SHIFT DRESS,20.0,50.0,60,True,45
2026-10-05,PLT,JOLIE MOI LONG SLEEVE MESH BODYCON DRESS,56.25,75.0,25,True,45
2026-10-05,PLT,WALLIS MIXED FLORAL RUFFLE MIDI DRESS,22.0,55.0,60,True,45
2026-10-05,PLT,WALLIS FLORAL OTTOMAN FIT & FLARE MIDI DRESS,25.5,85.0,70,True,45
2026-10-05,PLT,PETITE WALLIS PETITE FLORAL RUCHED MIDI DRESS,30.0,50.0,40,True,45
2026-10-05,PLT,PETITE WALLIS PETITE FLORAL PRINT RUFFLE MAXI DRESS,26.0,65.0,60,True,45
2026-10-05,PLT,PETITE WALLIS PETITE FLORAL PRINT CHIFFON MIDI DRESS,36.0,60.0,40,True,45
2026-10-05,PLT,PETITE WALLIS PETITE FLORAL SATIN RUFFLE HEM MIDAXI DRESS,30.0,75.0,60,True,45
2026-10-05,PLT,WALLIS OCCASION VELVET PLEATED CUFF MINI DRESS,12.0,60.0,80,True,45
2026-10-05,PLT,WALLIS SUMMER COTTON FLORAL SHIRT DRESS,30.0,75.0,60,True,45
2026-10-05,PLT,WALLIS FLORAL SATIN JACQUARD RUFFLE MIDI DRESS,32.5,65.0,50,True,45
2026-10-05,PLT,WALLIS FLORAL LACE RUFFLE SLEEVE SHIFT DRESS,24.75,55.0,55,True,45
2026-10-05,PLT,WALLIS FLORAL PRINT PLEATED CAPE SLEEVE MIDI DRESS,17.0,85.0,80,True,45
2026-10-05,PLT,WALLIS FLORAL PRINT PLEATED MAXI DRESS,47.5,95.0,50,True,45
2026-10-05,PLT,PETITE WALLIS PETITE ABSTRACT SHORT SLEEVE SHIRT DRESS,27.0,45.0,40,True,45
2026-10-05,PLT,PETITE WALLIS PETITE SUMMER FLORAL TEA DRESS,27.5,55.0,50,True,45
2026-10-05,PLT,PETITE WALLIS PETITE FLORAL RUFFLE PEPLUM MIDI DRESS,32.5,65.0,50,True,45
2026-10-05,PLT,WALLIS POLKA DOT RUCHED MIDI DRESS,25.0,50.0,50,True,45
2026-10-05,PLT,WALLIS SUMMER FLORAL TEA DRESS,20.0,50.0,60,True,45
2026-10-05,PLT,WALLIS POLKA DOT PRINT CAPE MIDI DRESS,19.5,65.0,70,True,45
2026-10-05,PLT,PETITE WALLIS PETITE FLORAL ZIP FLARE SLEEVE MIDI DRESS,15.75,45.0,65,True,45
2026-10-05,PLT,WALLIS FLORAL SLEEVELESS CHIFFON SHIFT DRESS,20.0,40.0,50,True,45
2026-10-05,PLT,WALLIS SUMMER OMBRE MAXI DRESS,18.0,45.0,60,True,45
2026-10-05,PLT,WALLIS SUMMER POLKA DOT BUTTON TEA DRESS,18.0,45.0,60,True,45
2026-10-05,PLT,PETITE WALLIS PETITE GEO LACE INSERT MAXI DRESS,22.5,45.0,50,True,45
2026-10-05,PLT,PETITE WALLIS PETITE POLKA DOT PRINT PINTUCK MIDI SHIRT DRESS,22.5,75.0,70,True,45
2026-10-05,PLT,WALLIS SUMMER COTTON DOBBY MAXI DRESS,30.0,50.0,40,True,45
2026-10-05,PLT,PETITE WALLIS PETITE ABSTRACT PRINT EMBELLISHED RUFFLE SHIFT DRESS,27.5,55.0,50,True,45
2026-10-05,PLT,TFNC LONDON RYAN JADE GREEN MAXI DRESS,45.0,50.0,10,True,45
2026-10-05,PLT,PETITE WALLIS PETITE FLORAL BURN OUT CAPE SLEEVE MIDI DRESS,26.0,65.0,60,True,45
2026-10-05,PLT,WALLIS LEOPARD WRAP RUFFLE MIDI DRESS,27.5,55.0,50,True,45
2026-10-05,PLT,PETITE WALLIS PETITE FLORAL BUTTON MIDI TEA DRESS,22.0,55.0,60,True,45
2026-10-05,PLT,WALLIS SUMMER COTTON ANIMAL MIDI DRESS,15.0,50.0,70,True,45
2026-10-05,PLT,WOVCOR HALTERNECK SHEER TULLE MAXI EVENING DRESS WITH OMBRE EFFECT,28.21,146.24,81,True,45
2026-10-05,PLT,WALLIS FLORAL PLEATED CAPE SLEEVE MIDI DRESS,32.0,80.0,60,True,45
2026-10-05,PLT,WALLIS PAISLEY METALLIC HALTERNECK MAXI DRESS,51.0,85.0,40,True,45
2026-10-05,PLT,PETITE WALLIS PETITE FLORAL DOBBY RUFFLE MIDI DRESS,29.25,65.0,55,True,45
2026-10-05,PLT,WALLIS LACE RUFFLE SLEEVE MIDI DRESS,32.0,80.0,60,True,45
2026-10-05,PLT,WALLIS FLORAL POLKA DOT BUTTON OTTOMAN TWILL MIDI DRESS,22.5,75.0,70,True,45
2026-10-05,PLT,WALLIS SUMMER STRIPE BELTED MIDI DRESS,12.5,50.0,75,True,45
2026-10-05,PLT,WALLIS GEO PRINT MIRROR DETAIL KIMONO,18.0,90.0,80,True,45
2026-10-05,PLT,WALLIS FLORAL MIXED PRINT RUFFLE MIDI DRESS,19.5,65.0,70,True,45
2026-10-05,PLT,PETITE WALLIS PETITE COTTON DOBBY RUFFLE SHIRT DRESS,20.0,50.0,60,True,45
2026-10-05,PLT,WALLIS FLORAL RUFFLE HEM MIDI DRESS,22.0,55.0,60,True,45
2026-10-05,PLT,WALLIS PALM PRINT PINTUCK MAXI DRESS,18.0,45.0,60,True,45
2026-10-05,PLT,WALLIS SUMMER COTTON TWIST MIDI TEA DRESS,15.0,50.0,70,True,45
2026-10-05,PLT,WALLIS FLORAL FRILL HEM CHIFFON MAXI DRESS,26.0,65.0,60,True,45
2026-10-05,PLT,WALLIS FLORAL PUFF SLEEVE PINTUCK MIDI DRESS,15.0,50.0,70,True,45
2026-10-05,PLT,HICCUP KNIT CREW NECK DRESS,18.23,24.3,25,True,45
2026-10-05,PLT,PETITE WALLIS PETITE FRUIT PRINT ORGANZA BELTED SHIRT DRESS,26.25,75.0,65,True,45
2026-10-05,PLT,WALLIS BURN OUT CAPE SLEEVE SHIFT DRESS,27.5,55.0,50,True,45
2026-10-05,PLT,WALLIS CHIFFON PLEATED SLEEVE MIDI DRESS,32.5,65.0,50,True,45
2026-10-05,PLT,WOVCOR PETER PAN COLLAR PUFF SLEEVE CHIFFON MIDI DRESS,60.01,124.99,52,True,45
2026-10-05,PLT,FS COLLECTION V NECK LACE MINI DRESS IN BLACK,39.0,52.0,25,True,45
2026-10-05,PLT,TALL LONG TALL SALLY TALL WRAP MAXI DRESS,40.0,40.0,0,False,45
2026-10-05,PLT,FS COLLECTION GOLD FOIL LACE TRIM LONG SLEEVE MIDI DRESS,39.0,52.0,25,True,45
2026-10-05,PLT,HICCUP FLORAL V-NECK A-LINE MINI DRESS,9.83,19.0,48,True,45
2026-10-05,PLT,FS COLLECTION ABSTRACT FLORAL PRINT WRAP MINI DRESS IN BLACK,33.75,45.0,25,True,46
2026-10-05,PLT,FS COLLECTION FLORAL PRINT SHORT SLEEVE MINI DRESS IN BLUE,34.5,46.0,25,True,46
2026-10-05,PLT,BIANCO LUCCI ASYMMETRICAL COLLAR MIDI DRESS WITH BOW,26.93,35.9,25,True,46
2026-10-05,PLT,BIANCO LUCCI SLEEVELESS V-NECK MAXI DRESS,28.28,37.7,25,True,46
2026-10-05,PLT,PINK VANILLA LONG SLEEVE GATHERED MINI DRESS,7.5,25.0,70,True,46
2026-10-05,PLT,PINK VANILLA LEMON STRAPPY FLIPPY DRESS,9.0,22.0,59,True,46
2026-10-05,PLT,HICCUP ALLOVER FLOWER PRINT BODYCON MIDI DRESS WITH SLIT,12.38,26.1,53,True,46
2026-10-05,PLT,PLT label PLUS BLUE VANILLA BLACK SLEEVELESS ASYMETRIC MAXI DRESS,25.0,48.0,48,True,46
2026-10-05,PLT,URBAN BLISS CABLE V NECK MIDAXI DRESS,40.0,40.0,0,False,46
2026-10-05,PLT,HICCUP SCOOP NECK CUT OUT LONG SLEEVE MIDI DRESS,15.83,34.0,53,True,46
2026-10-05,PLT,HICCUP SATIN COWL NECK STRAPPY SLIT MAXI DRESS,12.9,30.0,57,True,46
2026-10-05,PLT,HICCUP PRINTED A-FORM MAXI DRESS WITH BELT,17.18,39.2,56,True,46
2026-10-05,PLT,WOVCOR TWIST WAIST CUT OUT SLEEVELESS MAXI DRESS,78.61,163.74,52,True,46
2026-10-05,PLT,FS COLLECTION GOLD FOIL LACE TRIM V NECK MIDI DRESS IN WINE,42.0,56.0,25,True,46
2026-10-05,PLT,URBAN BLISS ROLL NECK DRESS,19.6,28.0,30,True,46
2026-10-05,PLT,FS COLLECTION POLKA DOT FRILL HEM MINI DRESS,33.75,45.0,25,True,46
2026-10-05,PLT,BIANCO LUCCI TEXTURED V-NECK MIDI DRESS WITH SMOCKED WAIST,30.15,40.2,25,True,46
2026-10-05,PLT,PETITE PIXIEGIRL PETITE BUTTON FRONT SLEEVELESS DRESS,10.0,22.99,57,True,46
2026-10-05,PLT,HICCUP STRAPLESS MAXI DRESS WITH SLIT,12.9,41.4,69,True,46
2026-10-05,PLT,BIANCO LUCCI TEXTURED CREPE MIDI DRESS WITH RUFFLE DETAIL,15.83,32.6,51,True,46
2026-10-05,PLT,HICCUP GRAPHIC PRINT SPAGHETTI-STRAP MAXI DRESS,15.53,46.2,66,True,46
2026-10-05,PLT,HICCUP SPAGHETTI STRAP ASYMMETRICAL SIDE CUT OUT MAXI DRESS,14.93,37.1,60,True,46
2026-10-05,PLT,HICCUP ANIMAL PRINT STRAPLESS MAXI DRESS,20.93,42.9,51,True,46
2026-10-05,PLT,BIANCO LUCCI V-NECK FLOWERING MAXI DRESS WITH BOW,32.4,43.2,25,True,46
2026-10-05,PLT,HICCUP COTTON V-NECK CUT-OUT BUTTONED DETAIL MINI DRESS,15.9,33.3,52,True,46
2026-10-05,PLT,HICCUP ONE SHOULDER MIDI DRESS WITH A SIDE CUT OUT,11.33,30.3,63,True,46
2026-10-05,PLT,HICCUP ROUND NECK SLEEVELESS MINI BODYCON DRESS,15.9,33.0,52,True,46
2026-10-05,PLT,BIANCO LUCCI SQUARE COLLAR A-FORM MIDI DRESS WITH BINDING DETAIL,25.35,33.8,25,True,46
2026-10-05,PLT,PLUS KARENMILLEN PLUS SIZE SOFT TAILORED WATERFALL SLEEVE MAXI DRESS,49.0,139.0,65,True,46
2026-10-05,PLT,with code 10PLT PLUS BOOHOO PLUS HIGH NECK SEAM DETAIL KNITTED MINI JUMPER DRESS,20.25,27.0,25,True,46
2026-10-05,PLT,with code 10PLT PLUS BOOHOO PLUS GOLD BUTTON DOWN BLAZER DRESS,26.25,35.0,25,True,46
2026-10-05,PLT,with code 10PLT PLUS BOOHOO PLUS ANGEL SLEEVE RUCHED ASYMMETRIC WAIST MAXI DRESS,24.0,32.0,25,True,46
2026-10-05,PLT,with code 10PLT BOOHOO CINCHED HEM KNITTED MINI DRESS,24.0,32.0,25,True,46
2026-10-05,PLT,with code 10PLT PLUS BOOHOO PLUS SQUARE NECK PLEATED SKATER DRESS,21.0,28.0,25,True,46
2026-10-05,PLT,with code 10PLT BOOHOO CORSET PANELLED HIGH NECK TAILORED MINI DRESS,19.5,26.0,25,True,46
2026-10-05,PLT,with code 10PLT BOOHOO LACE ONE SHOULDER HIGH NECK MAXI DRESS,31.5,42.0,25,True,46
2026-10-05,PLT,with code 10PLT BOOHOO TONAL LEOPARD PRINT FIT & FLARE MESH MIDAXI DRESS,22.5,30.0,25,True,46
2026-10-05,PLT,with code 10PLT BOOHOO COLLAR DETAIL STRIPE OVERSIZED RUGBY KNITTED MINI DRESS,24.0,32.0,25,True,46
2026-10-05,PLT,with code 10PLT BOOHOO TONAL ZEBRA PRINT FIT & FLARE MESH MIDAXI DRESS,22.5,30.0,25,True,46
2026-10-05,PLT,with code 10PLT BOOHOO TONAL POLKA DOT FIT & FLARE MESH MIDAXI DRESS,22.5,30.0,25,True,46
2026-10-05,PLT,with code 10PLT PLUS BOOHOO PLUS HIGH NECK DRAPE DETAIL SLEEVELESS MAXI DRESS,25.5,34.0,25,True,46
2026-10-05,PLT,with code 10PLT PLUS BOOHOO PLUS CHIFFON MIX CAPE SLEEVE CORSET MINI DRESS,31.5,42.0,25,True,46
2026-10-05,PLT,with code 10PLT PLUS BOOHOO PLUS BARDOT LONG SLEEVE HALTERNECK MAXI DRESS,25.5,34.0,25,True,46
2026-10-05,PLT,with code 10PLT PLUS BOOHOO PLUS SATIN AND CHIFFON MIX PLEATED MAXI DRESS,26.25,35.0,25,True,46
2026-10-05,PLT,with code 10PLT BOOHOO TALL CAPE SLEEVE MIDI BODYCON DRESS,22.5,30.0,25,True,46
2026-10-05,PLT,with code 10PLT BOOHOO CREPE HIGH NECK POCKET DETAIL MINI DRESS,16.5,22.0,25,True,46
2026-10-05,PLT,with code 10PLT PLUS BOOHOO PLUS CRINKLE TEXTURED SATIN & LACE MAXI DRESS,27.0,36.0,25,True,46
2026-10-05,PLT,with code 10PLT PETITE WALLIS PETITE SCUBA COLLAR DETAIL PENCIL DRESS,75.0,75.0,0,False,46
2026-10-05,PLT,DOROTHY PERKINS SEQUIN DETAIL BELTED MINI DRESS,39.0,39.0,0,False,46
2026-10-05,PLT,with code 10PLT KARENMILLEN FLORAL JACQUARD CORSETED WOVEN MAXI DRESS,229.0,229.0,0,False,46
2026-10-05,PLT,with code 10PLT PETITE WALLIS PETITE JERSEY SEQUIN COLLAR MIDI DRESS,55.0,55.0,0,False,46
2026-10-05,PLT,PETITE BOOHOO PETITE SOFT KNIT OVERSIZED KNITTED ZIP NECK JUMPER DRESS,16.5,22.0,25,True,46
2026-10-05,PLT,with code 10PLT BOOHOO SOFT KNIT BUTTON THROUGH MIDI KNITTED DRESS,21.0,28.0,25,True,46
2026-10-05,PLT,with code 10PLT PETITE BOOHOO PETITE ROLL NECK SUPER SOFT KNITTED MAXI DRESS,9.0,12.0,25,True,46
2026-10-05,PLT,with code 10PLT TALL BOOHOO TALL DISC SEQUIN BANDEAU MINI DRESS,14.0,45.0,69,True,46
2026-10-05,PLT,with code 10PLT OASIS OCCASION FLORAL LACE BODICE TIERED MIDI DRESS,18.0,79.0,77,True,46
2026-10-05,PLT,with code 10PLT PLUS YOURS GATHERED FRONT MAXI DRESS,53.0,53.0,0,False,46
2026-10-05,PLT,JOLIE MOI CORA SLEEVELESS CHIFFON MAXI DRESS,55.0,79.0,30,True,46
2026-10-05,PLT,COAST SHORT SLEEVE 3D FLOWER BELTED MIDI DRESS,90.3,129.0,30,True,46
2026-10-05,PLT,with code 10PLT PETITE KARENMILLEN PETITE SQUARE NECK TAILORED FULL SKIRTED MAXI DRESS,70.0,199.0,65,True,46
2026-10-05,PLT,with code 10PLT PLUS KARENMILLEN PLUS SIZE PHOTOGRAPHIC FLORAL CRINKLE GEORGETTE HIGH NECK COLD SHOULDER WOVEN MAXI DRESS,111.3,159.0,30,True,46
2026-10-05,PLT,with code 10PLT KARENMILLEN DENIM PLACED STUDS TIE BELTED SHORT SLEEVE FULL MIDI DRESS,55.0,159.0,65,True,46
2026-10-05,PLT,with code 10PLT WAREHOUSE DEVORE PLUNGE NECK WAISTED MIDI DRESS,39.0,79.0,51,True,46
2026-10-05,PLT,with code 10PLT KARENMILLEN COTTON LINEN 3D FLORAL BUBBLE HEM MIDI DRESS,80.0,229.0,65,True,46
2026-10-05,PLT,with code 10PLT PETITE BOOHOO PETITE CAPE SLEEVE MIDI BODYCON DRESS,26.25,35.0,25,True,46
2026-10-05,PLT,with code 10PLT PETITE BOOHOO PETITE KNITTED SLASH NECK MAXI DRESS,24.0,32.0,25,True,46
2026-10-05,PLT,with code 10PLT PETITE COAST PETITE FLORAL LACE COLLARED MIDI DRESS,89.4,149.0,40,True,46
2026-10-05,PLT,with code 10PLT KARENMILLEN PREMIUM CRYSTAL EMBELLISHED MIDI DRESS,160.3,229.0,30,True,46
2026-10-05,PLT,with code 10PLT BOOHOO TAILORED A-LINE MINI DRESS,19.5,26.0,25,True,46
2026-10-05,PLT,with code 10PLT BOOHOO LACE HEM SLIP DRESS,22.5,30.0,25,True,46
2026-10-05,PLT,with code 10PLT BOOHOO BOW DETAIL WOVEN SHIFT DRESS,8.0,22.0,64,True,46
2026-10-05,PLT,with code 10PLT PETITE BOOHOO PETITE SMUDGE PRINT SKATER SHIRT DRESS,14.25,19.0,25,True,46
2026-10-05,PLT,with code 10PLT KARENMILLEN SPOT PRINT VISCOSE GEORGETTE CAPE SLEEVE RUFFLE WOVEN MAXI DRESS,110.0,219.0,50,True,46
2026-10-05,PLT,with code 10PLT KARENMILLEN FRUIT PRINT TIE SHOULDER TWILL MINI DRESS,97.3,139.0,30,True,46
2026-10-05,PLT,with code 10PLT KARENMILLEN CONTRAST TIE SHOULDER TWILL MINI DRESS,97.3,139.0,30,True,46
2026-10-05,PLT,with code 10PLT KARENMILLEN DENIM PUSSYBOW BUTTON DOWN MIDI DRESS,111.3,159.0,30,True,46
2026-10-05,PLT,with code 10PLT COAST CROSS NECK BOW DETAIL PENCIL DRESS,89.1,99.0,10,True,46
2026-10-05,PLT,with code 10PLT PETITE KARENMILLEN PETITE DENIM FUNNEL NECK FULL SKIRTED DRESS,104.3,149.0,30,True,46
2026-10-05,PLT,with code 10PLT COAST BANDEAU RUFFLE STRETCH CREPE MAXI DRESS,103.2,129.0,20,True,47
2026-10-05,PLT,with code 10PLT KARENMILLEN COTTON CUTWORK WOVEN HALTER MIDI DRESS,81.0,269.0,70,True,47
2026-10-05,PLT,with code 10PLT PLUS COAST PLUS LONG SLEEVE BARDOT FULL SKIRTED PONTE MIDI DRESS,129.0,129.0,0,False,47
2026-10-05,PLT,with code 10PLT PLUS BOOHOO PLUS FLORAL LONG SLEEVE CHIFFON MINI SKATER DRESS,21.0,28.0,25,True,47
2026-10-05,PLT,with code 10PLT KARENMILLEN CRYSTAL EMBELLISHED HALTER WOVEN MAXI DRESS,154.0,439.0,65,True,47
2026-10-05,PLT,with code 10PLT BOOHOO MIXED ANIMAL PRINT RUCHED BODY MAXI DRESS,21.0,28.0,25,True,47
2026-10-05,PLT,with code 10PLT PLT label PETITE DOROTHY PERKINS PETITE FLORAL TIE WAIST MIDI SHIRT DRESS,44.1,49.0,10,True,47
2026-10-05,PLT,with code 10PLT KARENMILLEN SOFT TAILORED COLOUR BLOCK DETAIL HALTER NECK MAXI DRESS,66.0,189.0,65,True,47
2026-10-05,PLT,with code 10PLT BOOHOO BASIC RIB LONG SLEEVE MAXI DRESS,12.0,16.0,25,True,47
2026-10-05,PLT,with code 10PLT PETITE COAST PETITE SHORT SLEEVE 3D FLOWER BELTED MIDI DRESS,129.0,129.0,0,False,47
2026-10-05,PLT,with code 10PLT BOOHOO SHORT SLEEVE CINCHED WAIST DENIM DRESS,24.0,32.0,25,True,47
2026-10-05,PLT,with code 10PLT COAST JACQUARD BELTED BANDEAU PENCIL DRESS,70.0,119.0,41,True,47
2026-10-05,PLT,with code 10PLT PETITE COAST PETITE HIGH NECK CORSAGE DETAIL MIDI DRESS,129.0,129.0,0,False,47
2026-10-05,PLT,with code 10PLT PETITE KARENMILLEN PETITE FLUID STRIPE COTTON MIX WOVEN MAXI HALTER DRESS,84.0,169.0,50,True,47
2026-10-05,PLT,with code 10PLT KARENMILLEN LEATHER TIE BELTED MIDI DRESS,175.0,499.0,65,True,47
2026-10-05,PLT,with code 10PLT BOOHOO SATIN CORSET DETAIL MAXI DRESS WITH NECK SCARF,26.25,35.0,25,True,47
2026-10-05,PLT,with code 10PLT COAST EMBROIDERED ORGANZA LONG SLEEVE MIDI SHIRT DRESS,149.0,149.0,0,False,47
2026-10-05,PLT,with code 10PLT PETITE COAST PETITE BUTTON THROUGH BELTED PROM DRESS,35.0,129.0,73,True,47
2026-10-05,PLT,with code 10PLT COAST CAPE SLEEVE SEQUIN MAXI DRESS,119.2,149.0,20,True,47
2026-10-05,PLT,with code 10PLT PETITE KARENMILLEN PETITE SOFT TAILORED HALTER NECK OPEN BACK MAXI DRESS,72.0,179.0,60,True,47
2026-10-05,PLT,with code 10PLT KARENMILLEN CHECK PRINT SCARF DETAIL VISCOSE WOVEN MIDI DRESS,111.3,159.0,30,True,47
2026-10-05,PLT,with code 10PLT KARENMILLEN JACQUARD BANDEAU FULL SKIRTED MIDI DRESS,97.3,139.0,30,True,47
2026-10-05,PLT,with code 10PLT KARENMILLEN COMPACT STRETCH STAB STITCH SQUARE NECK TAILORED PENCIL MAXI DRESS,70.0,199.0,65,True,47
2026-10-05,PLT,with code 10PLT KARENMILLEN SILK COTTON TRAILING FLORAL PUFF SLEEVE MIDI DRESS,77.0,219.0,65,True,47
2026-10-05,PLT,with code 10PLT COAST LISA TAN FLORAL PRINTED FULL SKIRTED MIDI DRESS,50.0,139.0,64,True,47
2026-10-05,PLT,KARENMILLEN KHAKI STRIPE COLLARED SHIRT DRESS,118.3,169.0,30,True,47
2026-10-05,PLT,with code 10PLT PETITE KARENMILLEN PETITE SHIRRED V NECK BELT DETAIL WOVEN MAXI DRESS,68.0,169.0,60,True,47
2026-10-05,PLT,with code 10PLT KARENMILLEN KNITTED MILANO RUFFLE DRAMA DETAIL MIDI DRESS,159.0,159.0,0,False,47
2026-10-05,PLT,with code 10PLT KARENMILLEN RIBBED CREW NECK KNITTED MAXI DRESS,119.0,119.0,0,False,47
2026-10-05,PLT,with code 10PLT PETITE KARENMILLEN PETITE MULTI FLUID STRIPE COTTON MIX WOVEN HALTER DRESS,118.3,169.0,30,True,47
2026-10-05,PLT,with code 10PLT COAST MUSE WRAP TOP STRAPPY MIDI DRESS WITH SEQUIN SKIRT,119.2,149.0,20,True,47
2026-10-05,PLT,with code 10PLT PETITE COAST PETITE COAST MUSE ASYMMETRIC HEM DRAPE DETAIL MIDI DRESS WITH GOLD TRIM,119.0,119.0,0,False,47
2026-10-05,PLT,with code 10PLT COAST BOW DETAIL ROUND NECK MIDAXI DRESS,129.0,129.0,0,False,47
2026-10-05,PLT,with code 10PLT BOOHOO MESH FLOWER PRINT BANDEAU MAXI DRESS,19.5,26.0,25,True,47
2026-10-05,PLT,with code 10PLT BOOHOO CHIFFON COWL NECK FLORAL RUFFLE DETAIL MAXI DRESS,30.0,40.0,25,True,47
2026-10-05,PLT,with code 10PLT PETITE BOOHOO PETITE ASYMMETRIC BLURRED FLORAL RUCHED MINI DRESS,19.5,26.0,25,True,47
2026-10-05,PLT,with code 10PLT KARENMILLEN COMPACT STRETCH LACE DETAIL MIDI DRESS,99.0,199.0,50,True,47
2026-10-05,PLT,with code 10PLT COAST LISA TAN TWILL HI-LO FLORAL PRINTED MIDI DRESS,104.3,149.0,30,True,47
2026-10-05,PLT,with code 10PLT DOROTHY PERKINS GOLD VELVET SEQUIN MINI DRESS,68.0,85.0,20,True,47
2026-10-05,PLT,with code 10PLT COAST SATIN JACQUARD LONG SLEEVE PEPLUM TIERED MIDI DRESS,83.3,119.0,30,True,47
2026-10-05,PLT,with code 10PLT KARENMILLEN COTTON CUTWORK BELTED MIDI DRESS,150.0,299.0,50,True,47
2026-10-05,PLT,with code 10PLT COAST FEATHER SHOULDER DETAIL V NECK SATIN MAXI DRESS,149.0,149.0,0,False,47
2026-10-05,PLT,with code 10PLT BOOHOO PLUNGE FRONT HIGH NECK TAILORED MINI DRESS,33.75,45.0,25,True,47
2026-10-05,PLT,with code 10PLT COAST V NECK SATIN JACQUARD RUFFLE MIDI DRESS,95.2,119.0,20,True,47
2026-10-05,PLT,with code 10PLT COAST SATIN LACE TIERED DRESS,149.0,149.0,0,False,47
2026-10-05,PLT,with code 10PLT TALL BOOHOO TALL BASIC SUPERSOFT SHORT SLEEVE SKATER DRESS,16.5,22.0,25,True,47
2026-10-05,PLT,with code 10PLT BOOHOO BENGALINE GOLD TRIM HIGH NECK MINI DRESS,18.75,25.0,25,True,47
2026-10-05,PLT,with code 10PLT BOOHOO GOLD BUTTON FITTED TAILORED BLAZER DRESS,14.0,45.0,69,True,47
2026-10-05,PLT,with code 10PLT PETITE KARENMILLEN PETITE VISCOSE GEORGETTE DROP HEM WOVEN HALTER NECK MAXI DRESS,99.0,199.0,50,True,47
2026-10-05,PLT,with code 10PLT BOOHOO SOFT KNIT OVERSIZED KNITTED ZIP NECK JUMPER DRESS,16.5,22.0,25,True,47
2026-10-05,PLT,with code 10PLT COAST ONE SHOULDER STRETCH CREPE MAXI DRESS,99.0,99.0,0,False,47
2026-10-05,PLT,with code 10PLT BOOHOO STRAPPY CAMI FLOOR SWEEPING MAXI DRESS,22.5,30.0,25,True,47
2026-10-05,PLT,with code 10PLT DOROTHY PERKINS NAVY SPOT PRINT RUFFLE SLEEVE EMPIRE JERSEY MIDI DRESS,18.0,39.0,54,True,47
2026-10-05,PLT,with code 10PLT MISSPAP PREMIUM SLEEVELESS TIE NECK SATIN MAXI,41.3,59.0,30,True,47
2026-10-05,PLT,with code 10PLT PETITE COAST PETITE OFF THE SHOULDER ASYMMETRIC HEM SATIN MIDI DRESS,95.2,119.0,20,True,47
2026-10-05,PLT,with code 10PLT PETITE COAST PETITE FEATHER SHOULDER DETAIL V NECK SATIN WEDDING DRESS,104.3,149.0,30,True,47
2026-10-05,PLT,with code 10PLT KARENMILLEN COMPACT VISCOSE CORSET MAXI DRESS,181.3,259.0,30,True,47
2026-10-05,PLT,with code 10PLT PETITE KARENMILLEN PETITE TWIST DETAIL STUDDED JERSEY MAXI DRESS,89.0,179.0,50,True,47
2026-10-05,PLT,with code 10PLT BOOHOO LEOPARD ROSE PRINT FLARED SLEEVE MINI DRESS,18.75,25.0,25,True,47
2026-10-05,PLT,with code 10PLT PETITE KARENMILLEN PETITE COMPACT STRETCH SQUARE NECK TAILORED FULL SKIRTED MAXI DRESS,139.3,199.0,30,True,47
2026-10-05,PLT,with code 10PLT COAST PUFF SLEEVE SATIN DRAPE MAXI DRESS,129.0,129.0,0,False,47
2026-10-05,PLT,with code 10PLT KARENMILLEN FIGURE FORM WOVEN BANDAGE MIX DRESS,45.0,129.0,65,True,47
2026-10-05,PLT,with code 10PLT COAST PLEATED MESH MIDAXI DRESS,129.0,129.0,0,False,47
2026-10-05,PLT,with code 10PLT DOROTHY PERKINS LACE TRIM SEQUIN MINI DRESS,36.0,45.0,20,True,47
2026-10-05,PLT,with code 10PLT NASTYGAL SEQUIN CONTRAST LACE TRIM MINI DRESS,41.3,59.0,30,True,47
2026-10-05,PLT,with code 10PLT BOOHOO ZEBRA PRINT DENIM DRESS,22.5,30.0,25,True,47
2026-10-05,PLT,with code 10PLT PLUS BOOHOO PLUS TEXTURED CHIFFON GODET HEM MIDI DRESS,22.5,30.0,25,True,47
2026-10-05,PLT,with code 10PLT COAST MUSE SATIN DRAPE DETAIL STRAPPY MIDI DRESS,60.0,119.0,50,True,47
2026-10-05,PLT,with code 10PLT COAST SATIN PLEATED WRAP DRESS,129.0,129.0,0,False,47
2026-10-05,PLT,with code 10PLT KARENMILLEN GEO PRINT VISCOSE WOVEN MAXI SHIRT DRESS,76.3,109.0,30,True,47
2026-10-05,PLT,with code 10PLT KARENMILLEN STRONG SHOULDER TWIST DETAIL SCUBA CREPE JERSEY DRESS,139.0,139.0,0,False,47
2026-10-05,PLT,with code 10PLT MISSPAP POLKA DOT SCOOP NECK BALLOON MINI DRESS,38.0,59.0,36,True,47
2026-10-05,PLT,with code 10PLT COAST BARDOT PONTE COLUMN MIDI DRESS,20.0,99.0,80,True,47
2026-10-05,PLT,with code 10PLT PLUS KARENMILLEN PLUS SIZE VISCOSE GEORGETTE DROP HEM ANIMAL PRINT WOVEN HALTERNECK MAXI DRESS,99.0,199.0,50,True,47
2026-10-05,PLT,with code 10PLT KARENMILLEN SATIN TUX BACK DETAIL TAILORED MIDI DRESS,70.0,199.0,65,True,47
2026-10-05,PLT,with code 10PLT KARENMILLEN SEQUIN KEYHOLE FIT FLARE MIDI DRESS,90.3,129.0,30,True,47
2026-10-05,PLT,with code 10PLT KARENMILLEN JACQUARD DENIM DRESS,139.3,199.0,30,True,47
2026-10-05,PLT,with code 10PLT TALL BOOHOO TALL FLORAL MESH SQUARE NECK RUCHED MIDI DRESS,21.0,28.0,25,True,47
2026-10-05,PLT,with code 10PLT COAST BOW ONE SHOULDER MIDI WEDDING DRESS,83.3,119.0,30,True,48
2026-10-05,PLT,with code 10PLT BOOHOO HIGH NECK SEAM DETAIL KNITTED MINI JUMPER DRESS,18.75,25.0,25,True,48
2026-10-05,PLT,with code 10PLT KARENMILLEN DENIM MILITARY MIDI DRESS,97.3,139.0,30,True,48
2026-10-05,PLT,with code 10PLT KARENMILLEN CONTRAST DETAIL HALTERNECK MIDI DRESS,110.0,219.0,50,True,48
2026-10-05,PLT,with code 10PLT PLUS BOOHOO PLUS PEACH WRAP DRESS,24.0,32.0,25,True,48
2026-10-05,PLT,with code 10PLT COAST BLOUSON SLEEVE V NECK SEQUIN FLORAL MESH MIDAXI DRESS,45.0,139.0,68,True,48
2026-10-05,PLT,with code 10PLT PETITE KARENMILLEN PETITE FOREVER VISCOSE BLEND RIB KNIT CHIFFON SLEEVE MIDI DRESS,69.3,99.0,30,True,48
2026-10-05,PLT,with code 10PLT PLT label BOOHOO CHUNKY KNIT COLLARED V NECK JUMPER DRESS,18.75,25.0,25,True,48
2026-10-05,PLT,with code 10PLT COAST WRAP BODICE BLOUSON SLEEVE SATIN MIDI DRESS,99.0,99.0,0,False,48
2026-10-05,PLT,with code 10PLT DOROTHY PERKINS DP LUXE JACQUARD MINI DRESS,60.0,75.0,20,True,48
2026-10-05,PLT,with code 10PLT KARENMILLEN RIB KNITTED CREW NECK MIDI DRESS,60.0,119.0,50,True,48
2026-10-05,PLT,with code 10PLT COAST VELVET AND SATIN SLEEVELESS MINI DRESS,99.0,99.0,0,False,48
2026-10-05,PLT,with code 10PLT KARENMILLEN COMPACT STRETCH DOUBLE BREASTED BELTED TIPPED TAILORED MIDI DRESS,119.0,239.0,50,True,48
2026-10-05,PLT,with code 10PLT PETITE OASIS PETITE VOLUME SLEEVE V NECK MESH BRIDESMAID MAXI DRESS,99.0,99.0,0,False,48
2026-10-05,PLT,with code 10PLT KARENMILLEN POLISHED TAILORED DRAPE NECK FULL SKIRT DRESS,62.0,179.0,65,True,48
2026-10-05,PLT,with code 10PLT PETITE KARENMILLEN PETITE MAXI DRAPED FRINGE KNITTED MINI DRESS,89.0,179.0,50,True,48
2026-10-05,PLT,with code 10PLT KARENMILLEN DENIM DROPPED WAIST FULL SKIRTED MIDI DRESS,52.0,149.0,65,True,48
2026-10-05,PLT,with code 10PLT COAST LISA TAN POLKA DOT CAP SLEEVE MIDI DRESS,129.0,129.0,0,False,48
2026-10-05,PLT,with code 10PLT COAST VELVET CROSS NECK PLEATED SATIN SKIRT MIDI DRESS,129.0,129.0,0,False,48
2026-10-05,PLT,with code 10PLT COAST STRAPPY CREPE MAXI DRESS,129.0,129.0,0,False,48
2026-10-05,PLT,with code 10PLT KARENMILLEN TWILL COLLARED WOVEN MAXI DRESS,69.0,139.0,50,True,48
2026-10-05,PLT,with code 10PLT KARENMILLEN STUDDED DETAIL MAXI DRESS,70.0,199.0,65,True,48
2026-10-05,PLT,with code 10PLT PETITE KARENMILLEN PETITE TAILORED SATIN CLEAN MAXI DRESS,139.3,199.0,30,True,48
2026-10-05,PLT,with code 10PLT PETITE KARENMILLEN PETITE DRAPEY CREPE RUCHED DETAIL MAXI DRESS,104.3,149.0,30,True,48
2026-10-05,PLT,with code 10PLT KARENMILLEN DENIM DROPPED WAIST FULL SKIRTED MIDI DRESS,104.3,149.0,30,True,48
2026-10-05,PLT,with code 10PLT PETITE DOROTHY PERKINS PETITE BLACK LONG SLEEVE WRAP MIDI DRESS,44.1,49.0,10,True,48
2026-10-05,PLT,with code 10PLT BOOHOO BENGALINE HALTER NECK V WAIST MIDAXI DRESS,21.0,28.0,25,True,48
2026-10-05,PLT,with code 10PLT PETITE COAST PETITE LONG SLEEVE SQUARE NECK JACQUARD MINI WEDDING DRESS WITH BOW DETAIL,71.4,119.0,40,True,48
2026-10-05,PLT,with code 10PLT PLUS BOOHOO PLUS TEXTURED TIE DETAIL MAXI DRESS,19.5,26.0,25,True,48
2026-10-05,PLT,with code 10PLT KARENMILLEN POLISHED TAILORED TRIM DETAIL COLUMN MIDI DRESS,59.0,169.0,65,True,48
2026-10-05,PLT,with code 10PLT KARENMILLEN DOUBLE CLOTH ABSTRACT PRINT BALLOON SLEEVE MIDI DRESS,80.0,159.0,50,True,48
2026-10-05,PLT,with code 10PLT PETITE KARENMILLEN PETITE PLEATED TWIST FRONT WOVEN HALTER MIDI DRESS,129.0,129.0,0,False,48
2026-10-05,PLT,with code 10PLT BOOHOO SQUARE NECK RUCHED MESH MIDAXI DRESS,18.75,25.0,25,True,48
2026-10-05,PLT,with code 10PLT COAST ONE SHOULDER BOW DETAIL LACE BRIDESMAID DRESS,32.0,139.0,77,True,48
2026-10-05,PLT,with code 10PLT KARENMILLEN MONO FLORAL PRINTED STUDDED DETAIL MAXI DRESS,70.0,199.0,65,True,48
2026-10-05,PLT,with code 10PLT KARENMILLEN COTTON POPLIN 3D PLEAT DETAIL WOVEN MIDI DRESS,51.0,169.0,70,True,48
2026-10-05,PLT,with code 10PLT KARENMILLEN RUFFLE DETAIL VISCOSE KNITTED MINI DRESS,90.3,129.0,30,True,48
2026-10-05,PLT,with code 10PLT KARENMILLEN TAILORED COTTON SATEEN HALTER FULL MIDI DRESS,60.0,199.0,70,True,48
2026-10-05,PLT,with code 10PLT KARENMILLEN ONE SHOULDER TWILL MIDI DRESS,111.3,159.0,30,True,48
2026-10-05,PLT,with code 10PLT KARENMILLEN JACQUARD ASYMMETRIC SLEEVE MIDI DRESSS,118.3,169.0,30,True,48
2026-10-05,PLT,with code 10PLT PLUS BOOHOO PLUS CHIFFON RUFFLE MAXI DRESS,28.5,38.0,25,True,48
2026-10-05,PLT,with code 10PLT COAST COWL NECK SLEEVELESS SATIN MIDI DRESS,30.0,79.0,62,True,48
2026-10-05,PLT,with code 10PLT PLUS COAST PLUS LACE SLEEVELESS SATIN CONTRAST MIDI SKIRT DRESS,35.0,129.0,73,True,48
2026-10-05,PLT,with code 10PLT BOOHOO CHIFFON GODET HEM CAPE DETAIL MINI DRESS,21.0,28.0,25,True,48
2026-10-05,PLT,with code 10PLT OASIS RUST SATIN TWIST FRONT ANGEL SLEEVE MIDI BRIDESMAID DRESS,55.2,69.0,20,True,48
2026-10-05,PLT,with code 10PLT TALL BOOHOO TALL 2 IN 1 LACE FIT AND FLARE MAXI DRESS,33.75,45.0,25,True,48
2026-10-05,PLT,with code 10PLT COAST LACE FRILL SLEEVE HIGH NECK MIDI DRESS,40.0,99.0,60,True,48
2026-10-05,PLT,with code 10PLT TALL BOOHOO TALL BASIC SHORT SLEEVE MAXI DRESS,13.5,18.0,25,True,48
2026-10-05,PLT,with code 10PLT PETITE COAST PETITE CAP SLEEVE DRAPE MIDI DRESS,89.1,99.0,10,True,48
2026-10-05,PLT,with code 10PLT COAST SLEEVELESS SATIN BRIDESMAID DRESS,95.2,119.0,20,True,48
2026-10-05,PLT,with code 10PLT COAST OFF THE SHOULDER BOW ORGANZA MIDI DRESS,28.0,99.0,72,True,48
2026-10-05,PLT,with code 10PLT PLUS BOOHOO PLUS MESH RUCHED DROP HEM MAXI DRESS,21.75,29.0,25,True,48
2026-10-05,PLT,with code 10PLT BOOHOO TAILORED STRUCTURED CINCHED WAIST PLEATED BLAZER DRESS,25.0,48.0,48,True,48
2026-10-05,PLT,with code 10PLT COAST BANDAGE BODICE PUFF ORGANZA SLEEVE MIDI DRESS,129.0,129.0,0,False,48
2026-10-05,PLT,with code 10PLT BOOHOO TEXTURED WOVEN FOLD OVER SLIP MIDI DRESS,16.5,22.0,25,True,48
2026-10-05,PLT,with code 10PLT PETITE KARENMILLEN PETITE BAROQUE PRINT BELT DETAIL VISCOSE MINI SHIRT DRESS,111.3,159.0,30,True,48
2026-10-05,PLT,with code 10PLT PLUS KARENMILLEN PLUS SIZE COMPACT STRETCH DROPPED WAIST FULL SKIRTED MIDI DRESS,91.0,259.0,65,True,48
2026-10-05,PLT,with code 10PLT PLUS KARENMILLEN PLUS SIZE TRIM TAILORED MIDI PENCIL DRESS,167.3,239.0,30,True,48
2026-10-05,PLT,with code 10PLT KARENMILLEN FOREVER DENIM MAXI SHIRT DRESS,83.3,119.0,30,True,48
2026-10-05,PLT,with code 10PLT KARENMILLEN TAILORED SATIN CUTWORK HALTER MIDI DRESS,115.0,229.0,50,True,48
2026-10-05,PLT,with code 10PLT KARENMILLEN PONTE AND GEORGETTE MIX BALLOON SLEEVE CUT OUT DETAIL PLEATED MAXI DRESS,65.0,129.0,50,True,48
2026-10-05,PLT,with code 10PLT KARENMILLEN KNIT CONTRAST COLLAR POINTELLE SLEEVELESS MIDI DRESS,42.0,119.0,65,True,48
2026-10-05,PLT,with code 10PLT COAST SLEEVELESS RUFFLE PLEAT SATIN BACK CREPE DRESS,103.2,129.0,20,True,48
2026-10-05,PLT,with code 10PLT PETITE COAST PETITE LACE TRIM DETAIL EMBROIDERED MESH MIDI DRESS,159.0,159.0,0,False,48
2026-10-05,PLT,with code 10PLT PLUS KARENMILLEN PLUS SIZE FOREVER STRUCTURED CREPE BELTED MIDI DRESS,139.3,199.0,30,True,48
2026-10-05,PLT,with code 10PLT PETITE OASIS PETITE ANGEL SLEEVE STATEMENT EMBELLISHED MAXI DRESS,45.0,139.0,68,True,48
2026-10-05,PLT,with code 10PLT BOOHOO SLINKY RUCHED WRAP LONG SLEEVE MAXI DRESS,24.0,32.0,25,True,48
2026-10-05,PLT,with code 10PLT COAST HALTERNECK EMBELLISHED FRINGE MIDI DRESS,127.2,159.0,20,True,48
2026-10-05,PLT,with code 10PLT KARENMILLEN TENCEL BLEND TAILORED V NECK ZIP DETAIL MAXI DRESS,87.0,249.0,65,True,48
2026-10-05,PLT,with code 10PLT KARENMILLEN COTTON LINEN EMBROIDERED BANDEAU MIDI DRESS,56.0,159.0,65,True,48
2026-10-05,PLT,with code 10PLT COAST SLEEVELESS V NECK EMBELLISHED MINI DRESS,116.1,129.0,10,True,48
2026-10-05,PLT,with code 10PLT BOOHOO PREMIUM BANDAGE UNDERBUST DETAIL MINI DRESS,30.0,40.0,25,True,48
2026-10-05,PLT,with code 10PLT KARENMILLEN CRYSTAL EMBELLISHED FRINGED WOVEN MIDI DRESS,144.0,359.0,60,True,48
2026-10-05,PLT,with code 10PLT KARENMILLEN BEADED FRINGED SLEEVELESS WOVEN MIDI DRESS,133.0,379.0,65,True,48
2026-10-05,PLT,with code 10PLT PLUS BOOHOO PLUS LARGE FLORAL RUCHED MINI SHIFT DRESS,21.0,28.0,25,True,48
2026-10-05,PLT,with code 10PLT WAREHOUSE PREMIUM VISCOSE BLEND METALLIC JACQUARD MAXI,109.0,109.0,0,False,48
2026-10-05,PLT,with code 10PLT PETITE COAST PETITE ONE SHOULDER SATIN MAXI BRIDESMAID DRESS WITH GOLD TRIM,89.1,99.0,10,True,48
2026-10-05,PLT,with code 10PLT BOOHOO V NECK LONG SLEEVE KNITTED MAXI DRESS,21.0,28.0,25,True,48
2026-10-05,PLT,with code 10PLT COAST BARDOT WATERFALL CREPE MIDI BRIDAL DRESS,77.4,129.0,40,True,49
2026-10-05,PLT,with code 10PLT COAST BOW SHOULDER EMBELLISHED MIDI DRESS,70.0,159.0,56,True,49
2026-10-05,PLT,with code 10PLT KARENMILLEN CUTWORK DETAIL BELTED STRAPPY MIDI DRESS,74.0,149.0,50,True,49
2026-10-05,PLT,with code 10PLT COAST SATIN JACQUARD TIERED BLOUSON SLEEVE MIDI DRESS,83.3,119.0,30,True,49
2026-10-05,PLT,with code 10PLT KARENMILLEN LINEN BLEND BEADED CUTWORK STRAPPY MIDI DRESS,150.0,299.0,50,True,49
2026-10-05,PLT,with code 10PLT KARENMILLEN EMBROIDERED DETAIL ORGANDIE MIDI DRESS,90.0,299.0,70,True,49
2026-10-05,PLT,with code 10PLT PETITE KARENMILLEN PETITE ONE SHOULDER TWILL MIDI DRESS,111.3,159.0,30,True,49
2026-10-05,PLT,with code 10PLT PLT label KARENMILLEN TAILORED LINEN WRAP TIE WAISTED MAXI DRESS,87.0,249.0,65,True,49
2026-10-05,PLT,with code 10PLT PETITE COAST PETITE SATIN PLEAT BODICE FULL SKIRT WEDDING DRESS,143.2,179.0,20,True,49
2026-10-05,PLT,with code 10PLT BOOHOO PREMIUM PLISSE WRAP FRONT MAXI DRESS,26.25,35.0,25,True,49
2026-10-05,PLT,with code 10PLT PETITE KARENMILLEN PETITE COTTON POPLIN PLEAT DETAIL HALTERNECK WOVEN MAXI DRESS,66.0,189.0,65,True,49
2026-10-05,PLT,with code 10PLT COAST LISA TAN LACE TRIM PLACEMENT PRINT MIDI DRESS,45.0,139.0,68,True,49
2026-10-05,PLT,with code 10PLT PLUS BOOHOO PLUS ZIP THROUGH HIGH NECK KNITTED MINI DRESS,26.25,35.0,25,True,49
2026-10-05,PLT,with code 10PLT BOOHOO CREW NECK FLARED SLEEVE KNITTED MINI DRESS,16.5,22.0,25,True,49
2026-10-05,PLT,with code 10PLT PETITE OASIS PETITE BOW DETAIL HALTER NECK BARDOT DRESS,20.0,65.0,69,True,49
2026-10-05,PLT,with code 10PLT COAST PLEAT DETAIL LACE TRIM MAXI DRESS,50.0,129.0,61,True,49
2026-10-05,PLT,with code 10PLT TALL BOOHOO TALL FLORAL MESH FLARED SLEEVE MINI DRESS,21.0,28.0,25,True,49
2026-10-05,PLT,with code 10PLT BOOHOO BASIC SUPER SOFT SHORT SLEEVE MAXI DRESS,13.5,18.0,25,True,49
2026-10-05,PLT,with code 10PLT NASTYGAL COTTON VOILE LACE TRIM TIE FRONT PUFF SLEEVE MINI DRESS,24.5,35.0,30,True,49
2026-10-05,PLT,with code 10PLT OASIS OCCASION VELVET SEQUIN HIGH NECK MIDI DRESS,47.2,59.0,20,True,49
2026-10-05,PLT,with code 10PLT PLUS BOOHOO PLUS GODET HEM MAXI DRESS,39.0,52.0,25,True,49
2026-10-05,PLT,with code 10PLT PETITE COAST PETITE RUFFLE SLEEVE SATIN BACK CREPE WRAP DRESS,99.0,99.0,0,False,49
2026-10-05,PLT,with code 10PLT KARENMILLEN TAILORED SATIN CLEAN MAXI DRESS,99.0,199.0,50,True,49
2026-10-05,PLT,with code 10PLT KARENMILLEN COTTON SATEEN DRAMA SLEEVE STUDDED WOVEN MAXI SHIRT DRESS,64.0,159.0,60,True,49
2026-10-05,PLT,with code 10PLT COAST OFF THE SHOULDER ASYMMETRIC HEM SATIN MIDI DRESS,95.2,119.0,20,True,49
2026-10-05,PLT,with code 10PLT PETITE COAST PETITE PRINTED LONG SLEEVE PLEATED TIERED MIDAXI DRESS,97.3,139.0,30,True,49
2026-10-05,PLT,with code 10PLT PLUS KARENMILLEN PLUS SIZE TRIM DETAIL ORGANDIE MIDI SHIRT DRESS,84.0,169.0,50,True,49
2026-10-05,PLT,with code 10PLT COAST STRETCH MESH CORSET MAXI DRESS WITH SCARF DETAIL,103.2,129.0,20,True,49
2026-10-05,PLT,with code 10PLT PLUS BOOHOO PLUS FLORAL CHIFFON RUFFLE MINI DRESS,26.25,35.0,25,True,49
2026-10-05,PLT,with code 10PLT PETITE COAST PETITE V NECK LACE BODICE PEPLUM MIDI DRESS,149.0,149.0,0,False,49
2026-10-05,PLT,with code 10PLT WAREHOUSE CHIFFON ASYMMETRIC DOUBLE LAYER BANDEAU MAXI DRESS,51.0,85.0,40,True,49
2026-10-05,PLT,with code 10PLT DOROTHY PERKINS FLORAL KEYHOLE MIDI DRESS,28.0,35.0,20,True,49
2026-10-05,PLT,with code 10PLT PETITE KARENMILLEN PETITE VISCOSE SATIN FLORAL PRINT HALTER NECK MAXI DRESS,89.0,179.0,50,True,49
2026-10-05,PLT,with code 10PLT BOOHOO CHUNKY KNIT COLLARED V NECK JUMPER DRESS,18.75,25.0,25,True,49
2026-10-05,PLT,with code 10PLT PLUS BOOHOO PLUS TAFFETA BOW BACK PUFF SLEEVE SKATER DRESS,26.25,35.0,25,True,49
2026-10-05,PLT,with code 10PLT PETITE KARENMILLEN PETITE PRINTED METALLIC FLORAL WOVEN MAXI DRESS,84.0,169.0,50,True,49
2026-10-05,PLT,with code 10PLT PETITE KARENMILLEN PETITE CRINKLE GEORGETTE FLORAL PRINT ONE SHOULDER WOVEN MAXI DRESS,109.0,219.0,50,True,49
2026-10-05,PLT,with code 10PLT KARENMILLEN TAILORED FULL SKIRT MIDI DRESS,70.0,199.0,65,True,49
2026-10-05,PLT,with code 10PLT WAREHOUSE DROPPED WAIST FRINGED HEM SATIN MIDAXI DRESS,75.0,75.0,0,False,49
2026-10-05,PLT,with code 10PLT PETITE KARENMILLEN PETITE CRYSTAL EMBELLISHED WOVEN SPLIT MAXI,202.0,289.0,30,True,49
2026-10-05,PLT,with code 10PLT KARENMILLEN CUTWORK COTTON COLLARED WOVEN SHIRT DRESS,63.0,179.0,65,True,49
2026-10-05,PLT,with code 10PLT KARENMILLEN TAILORED DRESS,139.3,199.0,30,True,49
2026-10-05,PLT,with code 10PLT COAST SCALLOP NECK BOW BACK WEDDING DRESS,116.1,129.0,10,True,49
2026-10-05,PLT,with code 10PLT PETITE KARENMILLEN PETITE COMPACT STRETCH COTTON MIX TAILORED FULL SKIRTED MIDI DRESS,80.0,229.0,65,True,49
2026-10-05,PLT,with code 10PLT PETITE KARENMILLEN PETITE TWIST FRONT VISCOSE KNITTED BARDOT MIDI DRESS,129.0,129.0,0,False,49
2026-10-05,PLT,with code 10PLT COAST MONO SPOT RACES DROP WAIST BOW SHOULDER MIDI DRESS,104.3,149.0,30,True,49
2026-10-05,PLT,with code 10PLT COAST SQUARE NECK STATEMENT SLEEVE MAXI FISHTAIL WEDDING DRESS,149.0,149.0,0,False,49
2026-10-05,PLT,with code 10PLT BOOHOO TAILORED POCKET DETAIL MINI DRESS,28.5,38.0,25,True,49
2026-10-05,PLT,with code 10PLT PLUS BOOHOO PLUS WESTERN DENIM SHORT SLEEVE MINI DRESS,22.5,30.0,25,True,49
2026-10-05,PLT,with code 10PLT COAST WRAP FRONT CONTOUR COLLECTIVE BRIDESMAID DRESS,60.0,119.0,50,True,49
2026-10-05,PLT,with code 10PLT BOOHOO WESTERN DENIM SHORT SLEEVE MINI DRESS,24.0,32.0,25,True,49
2026-10-05,PLT,with code 10PLT TALL BOOHOO TALL BLURRED FLORAL TIERED RUFFLE CROCHET SMOCK DRESS,30.0,40.0,25,True,49
2026-10-05,PLT,with code 10PLT PLUS BOOHOO PLUS FAUX SUEDE SHORT SLEEVE PLEATED MINI DRESS,31.5,42.0,25,True,49
2026-10-05,PLT,with code 10PLT BOOHOO CREPE HIGH NECK POCKET DETAIL MINI DRESS,17.25,23.0,25,True,49
2026-10-05,PLT,with code 10PLT BOOHOO TONAL ANIMAL LONG SLEEVE MAXI DRESS,15.0,20.0,25,True,49
2026-10-05,PLT,with code 10PLT COAST LACE TRIM TIERED ORGANZA MIDI DRESS,149.0,149.0,0,False,49
2026-10-05,PLT,with code 10PLT MISSPAP PREMIUM TIE NECK MAXI DRESS,38.5,55.0,30,True,49
2026-10-05,PLT,with code 10PLT COAST ONE SHOULDER SATIN MAXI BRIDESMAID DRESS WITH GOLD TRIM,45.0,99.0,55,True,49
2026-10-05,PLT,with code 10PLT PETITE OASIS PETITE LONG SLEEVE PRINTED MESH MIDI DRESS,71.2,89.0,20,True,49
2026-10-05,PLT,with code 10PLT PETITE COAST PETITE LACE TRIM CREPE DRESS,139.0,139.0,0,False,49
2026-10-05,PLT,with code 10PLT PETITE WAREHOUSE BEADED EMBROIDERED SLIP MINI DRESS,40.0,75.0,47,True,49
2026-10-05,PLT,with code 10PLT COAST LONG SLEEVE BARDOT CREPE PENCIL DRESS,99.0,99.0,0,False,49
2026-10-05,PLT,with code 10PLT KARENMILLEN SATIN VISCOSE PRINTED SOFT MIDI DRESS,78.0,259.0,70,True,49
2026-10-05,PLT,with code 10PLT OASIS LEOPARD PRINT RUFFLE MESH MAXI DRESS,89.0,89.0,0,False,49
2026-10-05,PLT,with code 10PLT PLUS KARENMILLEN PLUS SIZE SPOT PRINT PLEATED SLUB ORGANDIE PEPLUM WOVEN MAXI DRESS,99.0,199.0,50,True,49
2026-10-05,PLT,with code 10PLT COAST BANDEAU CREPE SATIN MAXI DRESS,149.0,149.0,0,False,49
2026-10-05,PLT,with code 10PLT KARENMILLEN POINTELLE FRILL SLEEVE KNIT MIDI DRESS,42.0,119.0,65,True,49
2026-10-05,PLT,with code 10PLT PETITE KARENMILLEN PETITE ZEBRA JACQUARD KNIT FULL SKIRTED MIDI DRESS,104.3,149.0,30,True,49
2026-10-05,PLT,with code 10PLT BOOHOO BASIC SUPERSOFT SHORT SLEEVE SKATER DRESS,15.0,20.0,25,True,49
2026-10-05,PLT,with code 10PLT PLUS BOOHOO PLUS ANIMAL RUFFLE MAXI DRESS,27.0,36.0,25,True,49
2026-10-05,PLT,with code 10PLT BOOHOO ABSTRACT PRINT SHEER MESH PLUNGE MAXI BEACH DRESS,15.0,20.0,25,True,49
2026-10-05,PLT,with code 10PLT PLUS BOOHOO PLUS WIDE PLISSE WRAP SHIRT DRESS,18.75,25.0,25,True,49
2026-10-05,PLT,with code 10PLT BOOHOO BARDOT FLARED SLEEVE CORSET DETAIL MINI DRESS,30.0,40.0,25,True,49
2026-10-05,PLT,with code 10PLT PLUS BOOHOO PLUS V PLUNGE TASSEL WITH SCARF DETAIL MINI DRESS,11.0,32.0,66,True,49
2026-10-05,PLT,with code 10PLT KARENMILLEN MILITARY BUTTON DETAIL BANDAGE MAXI DRESS,111.3,159.0,30,True,49
2026-10-05,PLT,with code 10PLT KARENMILLEN KNITTED ZIP NECK PU MIX PLEATED MINI DRESS,52.0,149.0,65,True,49
2026-10-05,PLT,with code 10PLT PETITE KARENMILLEN PETITE ORGANZA HIGH NECK BELTED MIDI DRESS,97.3,139.0,30,True,49
2026-10-05,PLT,with code 10PLT KARENMILLEN VISCOSE BLEND BELTED SQUARE NECK TAILORED PENCIL DRESS,63.0,179.0,65,True,49
2026-10-05,PLT,with code 10PLT KARENMILLEN CLUSTER SEQUIN & CRYSTAL EMBELLISHED BANDEAU TAILORED MINI DRESS,91.0,259.0,65,True,50
2026-10-05,PLT,with code 10PLT PLUS KARENMILLEN PLUS SIZE PUFF SLEEVE METALLIC TEXTURED MIDI DRESS,90.3,129.0,30,True,50
2026-10-05,PLT,with code 10PLT PLUS KARENMILLEN PLUS SIZE GEO PRINT HAMMERED SATIN TIE WAIST WOVEN MIDI DRESS,59.0,119.0,50,True,50
2026-10-05,PLT,with code 10PLT DOROTHY PERKINS VELVET SEQUIN WRAP MIDI DRESS,52.0,65.0,20,True,50
2026-10-05,PLT,with code 10PLT PLUS BOOHOO PLUS WOVEN BOW DETAIL SHIFT DRESS,26.25,35.0,25,True,50
2026-10-05,PLT,with code 10PLT BOOHOO LACE DRAPE DETAIL MIDAXI DRESS,25.5,34.0,25,True,50
2026-10-05,PLT,with code 10PLT BOOHOO SLINKY PLUNGE FRONT SCARF DETAIL LONG SLEEVE MINI DRESS,7.0,24.0,71,True,50
2026-10-05,PLT,with code 10PLT PLT label COAST LIGHTWEIGHT CORDED LACE PANELLED BRIDESMAID DRESS,60.0,119.0,50,True,50
2026-10-05,PLT,with code 10PLT COAST BARDOT ORIGAMI SATIN MAXI DRESS,149.0,149.0,0,False,50
2026-10-05,PLT,with code 10PLT BOOHOO TEXTURED CHIFFON FLORAL GODET HEM MINI DRESS,21.0,28.0,25,True,50
2026-10-05,PLT,with code 10PLT BOOHOO LEOPARD PUFF SLEEVE MIDAXI DRESS,19.5,26.0,25,True,50
2026-10-05,PLT,with code 10PLT PLUS BOOHOO PLUS RUCHED LONG SLEEVE DRAPE DETAIL MINI DRESS,22.5,30.0,25,True,50
2026-10-05,PLT,with code 10PLT TALL BOOHOO TALL LACE DETAIL MIDAXI T-SHIRT DRESS,16.5,22.0,25,True,50
2026-10-05,PLT,with code 10PLT PLUS BOOHOO PLUS MESH RUFFLE LACE UP SKATER DRESS,20.25,27.0,25,True,50
2026-10-05,PLT,with code 10PLT KARENMILLEN COMPACT STRETCH TAB DETAIL FULL SKIRTED MIDI DRESS,91.0,259.0,65,True,50
2026-10-05,PLT,with code 10PLT COAST JACQUARD TIERED MIDI DRESS,35.0,129.0,73,True,50
2026-10-05,PLT,with code 10PLT PETITE COAST PETITE CHIFFON COWL BACK DETAIL WEDDING DRESS,104.3,149.0,30,True,50
2026-10-05,PLT,with code 10PLT DOROTHY PERKINS WRAP VELVET SEQUIN LONG SLEEVE MINI DRESS,39.2,49.0,20,True,50
2026-10-05,PLT,with code 10PLT BOOHOO BENGALINE RUCHED BUST STRAPPY SKATER DRESS,18.0,24.0,25,True,50
2026-10-05,PLT,with code 10PLT PLUS BOOHOO PLUS SUPER SOFT FLOATY SLEEVE MIDAXI DRESS,19.5,26.0,25,True,50
2026-10-05,PLT,with code 10PLT PETITE COAST PETITE TWISTED HALTERNECK SATIN MAXI BRIDESMAID DRESS,69.3,99.0,30,True,50
2026-10-05,PLT,with code 10PLT KARENMILLEN CORSET BODICE PLEATED MAXI DRESS,80.0,229.0,65,True,50
2026-10-05,PLT,with code 10PLT PLUS KARENMILLEN PLUS SIZE EMBELLISHED DETAIL ORGANDIE BELTED SHIRT DRESS,209.3,299.0,30,True,50
2026-10-05,PLT,with code 10PLT PETITE COAST PETITE LONG SLEEVE LINEAR EMBELLISHED WEDDING DRESS,174.3,249.0,30,True,50
2026-10-05,PLT,with code 10PLT WAREHOUSE PREMIUM BURNOUT CHIFFON ANIMAL MAXI DRESS,85.0,85.0,0,False,50
2026-10-05,PLT,with code 10PLT COAST OFF THE SHOULDER LONG SLEEVE BANDAGE MIDI DRESS WITH PLEATED SATIN SKIRT,129.0,129.0,0,False,50
2026-10-05,PLT,with code 10PLT PETITE KARENMILLEN PETITE TAILORED COTTON SATEEN PENCIL BELTED MIDI DRESS,89.0,179.0,50,True,50
2026-10-05,PLT,with code 10PLT KARENMILLEN COTTON LINEN CORNELLI EMBROIDERED STRAPPY WOVEN MIDI DRESS,87.0,249.0,65,True,50
2026-10-05,PLT,with code 10PLT PETITE KARENMILLEN PETITE VISCOSE SATIN FLORAL PRINT ASYMMETRIC SHOULDER MAXI DRESS,90.0,179.0,50,True,50
2026-10-05,PLT,with code 10PLT KARENMILLEN SOFT TAILORED HALTER NECK OPEN BACK MAXI DRESS,63.0,179.0,65,True,50
2026-10-05,PLT,with code 10PLT PETITE COAST PETITE OFF SHOULDER SATIN SIDE TIE MIDI DRESS,99.0,99.0,0,False,50
2026-10-05,PLT,with code 10PLT COAST PLEATED SLEEVE BEADED FLORAL MIDI DRESS,90.0,169.0,47,True,50
2026-10-05,PLT,with code 10PLT COAST METALLIC FLORAL EMBROIDERED MESH MIDI DRESS,119.0,119.0,0,False,50
2026-10-05,PLT,with code 10PLT PLUS COAST PLUS RIBBED BANDAGE BUTTON DOWN MIDI DRESS,103.2,129.0,20,True,50
2026-10-05,PLT,with code 10PLT KARENMILLEN DRAMA RUFFLE ASYMMETRIC MINI DRESS,35.0,99.0,65,True,50
2026-10-05,PLT,with code 10PLT PETITE COAST PETITE VELVET SLEEVELESS EMBELLISHED MIDI DRESS,179.0,179.0,0,False,50
2026-10-05,PLT,with code 10PLT COAST PEPLUM DETAIL SLEEVELESS BELTED DRESS,129.0,129.0,0,False,50
2026-10-05,PLT,with code 10PLT KARENMILLEN SCATTERED FLORAL COTTON POPLIN BONED DETAIL WOVEN MIDI DRESS,63.0,179.0,65,True,50
2026-10-05,PLT,with code 10PLT PETITE BOOHOO PETITE FLORAL CHIFFON VOLUME SLEEVE MAXI DRESS,26.25,35.0,25,True,50
2026-10-05,PLT,with code 10PLT BOOHOO RUCHED RUFFLE HEM MINI DRESS,24.0,32.0,25,True,50
2026-10-05,PLT,with code 10PLT BOOHOO BANDEAU MINI DRESS WITH CHIFFON DRAPE,24.0,32.0,25,True,50
2026-10-05,PLT,with code 10PLT BOOHOO WRAP FRONT RUCHED WAIST MINI DRESS,18.0,24.0,25,True,50
2026-10-05,PLT,with code 10PLT KARENMILLEN JACQUARD MAXI TAILORED DRESS,99.0,199.0,50,True,50
2026-10-05,PLT,with code 10PLT KARENMILLEN FLORAL PRINT LAYERED TULLE HALTERNECK MAXI DRESS,118.3,169.0,30,True,50
2026-10-05,PLT,with code 10PLT PLUS COAST PLUS PONTE MIDI DRESS WITH SQUARE NECKLINE,95.2,119.0,20,True,50
2026-10-05,PLT,with code 10PLT KARENMILLEN CONTRAST STRIPE VISCOSE STRAPPY DRESS,51.0,169.0,70,True,50
2026-10-05,PLT,with code 10PLT COAST V BACK BELTED DRAPE SKIRT MIDI DRESS,107.1,119.0,10,True,50
2026-10-05,PLT,with code 10PLT KARENMILLEN COTTON LINEN CORNELLI EMBROIDERY OPEN BACK WOVEN MIDI DRESS,94.0,269.0,65,True,50
2026-10-05,PLT,with code 10PLT COAST LACE TRIM PLACEMENT PRINT 3/4 SLEEVE MIDI DRESS,110.0,129.0,15,True,50
2026-10-05,PLT,with code 10PLT KARENMILLEN ORGANZA HIGH NECK BELTED MIDI DRESS,97.3,139.0,30,True,50
2026-10-05,PLT,with code 10PLT KARENMILLEN LONG SLEEVE SLINKY DRAPE RUCHED DETAIL MAXI DRESS,129.0,129.0,0,False,50
2026-10-05,PLT,with code 10PLT COAST V NECK MAXI DRESS IN SEQUIN LACE WITH EMBELLISHMENT TRIM,149.0,149.0,0,False,50
2026-10-05,PLT,with code 10PLT COAST 2 IN 1 DRESS WITH PLEATED SKIRT,50.0,129.0,61,True,50
2026-10-05,PLT,with code 10PLT PETITE KARENMILLEN PETITE COTTON SATEEN DRAMA SLEEVE STUDDED WOVEN MAXI SHIRT DRESS,56.0,159.0,65,True,50
2026-10-05,PLT,with code 10PLT BOOHOO OFF THE SHOULDER WRAP FRONT MIDAXI DRESS,21.0,28.0,25,True,50
2026-10-05,PLT,with code 10PLT PLUS COAST PLUS LACE INSERT LONG SLEEVE PLEATED MIDI DRESS,35.0,129.0,73,True,50
2026-10-05,PLT,with code 10PLT PLUS BOOHOO PLUS SUPER SOFT BATWING DRESS,21.0,28.0,25,True,50
2026-10-05,PLT,with code 10PLT KARENMILLEN PREMIUM RUCHED LONG SLEEVED JERSEY MAXI DRESS,104.3,149.0,30,True,50
2026-10-05,PLT,with code 10PLT KARENMILLEN SHORT SLEEVE PU TIPPED MILITARY BANDAGE MINI DRESS,111.3,159.0,30,True,50
2026-10-05,PLT,with code 10PLT COAST LACE CAPE TOP BELTED PENCIL MIDI DRESS,83.3,119.0,30,True,50
2026-10-05,PLT,with code 10PLT PETITE KARENMILLEN PETITE BEADED CAPE DETAIL MAXI DRESS,149.0,299.0,50,True,50
2026-10-05,PLT,with code 10PLT KARENMILLEN COTTON CUTWORK BELTED MIDI DRESS,120.0,299.0,60,True,50
2026-10-05,PLT,with code 10PLT KARENMILLEN STRIPE COLLARED WOVEN MIDI DRESS,72.0,179.0,60,True,50
2026-10-05,PLT,with code 10PLT COAST VELVET SLEEVELESS BOW AND JEWEL DETAIL MIDI DRESS,129.0,129.0,0,False,50
2026-10-05,PLT,with code 10PLT COAST METALLIC BLOUSON SLEEVE TIE WRAP PLEATED MIDI DRESS,119.0,119.0,0,False,50
2026-10-05,PLT,with code 10PLT PETITE COAST PETITE SATIN BARDOT BRIDESMAID MAXI DRESS WITH WAIST RUCHING DETAIL,30.0,119.0,75,True,50
2026-10-05,PLT,with code 10PLT PETITE BOOHOO PETITE OVERSIZED KNITTED HOODY MINI DRESS,18.75,25.0,25,True,50
2026-10-05,PLT,with code 10PLT COAST LACE SHIRT MIDI DRESS,35.0,139.0,75,True,50
2026-10-05,PLT,with code 10PLT PLUS BOOHOO PLUS SOFT TOUCH RUCHED WAIST MAXI DRESS,24.0,32.0,25,True,50
2026-10-05,PLT,with code 10PLT BOOHOO PREMIUM BANDAGE TASSLE DETAIL MINI DRESS,33.75,45.0,25,True,50
2026-10-05,PLT,with code 10PLT KARENMILLEN DRAMA FRILL MAXI DRESS,78.0,259.0,70,True,50
2026-10-05,PLT,with code 10PLT COAST SHAWL BACK TWO IN ONE CONTOUR COLLECTIVE BRIDESMAID DRESS,75.0,129.0,42,True,50
2026-10-05,PLT,with code 10PLT COAST PLEAT DETAIL LACE TRIM MAXI DRESS,129.0,129.0,0,False,50
2026-10-05,PLT,with code 10PLT BOOHOO RUCHED HIGH NECK MIDAXI DRESS,6.0,23.0,74,True,50
2026-10-05,PLT,with code 10PLT BOOHOO JERSEY CREPE CREPE DETAIL MINI DRESS,19.5,26.0,25,True,51
2026-10-05,PLT,with code 10PLT BOOHOO SHIRRED RACER NECK SMOCK DRESS,9.0,24.0,63,True,51
2026-10-05,PLT,with code 10PLT WAREHOUSE VISCOSE DRAPED SCARF DETAIL CUT-OUT MIDAXI DRESS,79.0,79.0,0,False,51
2026-10-05,PLT,with code 10PLT KARENMILLEN SPLIT SLEEVE ASYMMETRIC DETAIL MIDI DRESS,83.3,119.0,30,True,51
2026-10-05,PLT,with code 10PLT KARENMILLEN STRUCTURED TAILORED BELTED MIDI DRESS,77.0,219.0,65,True,51
2026-10-05,PLT,with code 10PLT COAST BOW BANDAGE MIDI DRESS,129.0,129.0,0,False,51
2026-10-05,PLT,with code 10PLT PLT label PETITE KARENMILLEN PETITE ARCHIVE COLLECTION -BOW DETAIL CREPE BANDEAU MIDI DRESS,87.0,349.0,75,True,51
2026-10-05,PLT,with code 10PLT COAST BOW EMBELLISHED SLEEVE MINI HEN DRESS,104.3,149.0,30,True,51
2026-10-05,PLT,with code 10PLT COAST COAST MUSE CORSAGE HALTERNECK PLEATED MAXI DRESS,103.2,129.0,20,True,51
2026-10-05,PLT,with code 10PLT COAST LACE BARDOT BRIDESMAID DRESS,32.0,139.0,77,True,51
2026-10-05,PLT,with code 10PLT PETITE KARENMILLEN PETITE PONTE AND GEORGETTE MIX BALLOON SLEEVE CUT OUT DETAIL PLEATED MAXI DRESS,64.0,129.0,50,True,51
2026-10-05,PLT,with code 10PLT BOOHOO SLASH NECK ANIMAL SUPER SOFT MAXI DRESS,13.5,18.0,25,True,51
2026-10-05,PLT,with code 10PLT PETITE BOOHOO PETITE WESTERN DENIM SHORT SLEEVE MINI DRESS,21.0,28.0,25,True,51
2026-10-05,PLT,with code 10PLT KARENMILLEN COMPACT STRETCH BUTTON DETAIL STRAIGHT PENCIL DRESS,77.0,219.0,65,True,51
2026-10-05,PLT,with code 10PLT COAST RUFFLE SLEEVE SATIN BACK CREPE MIDI WRAP DRESS,20.0,99.0,80,True,51
2026-10-05,PLT,with code 10PLT PETITE KARENMILLEN PETITE TAILORED SATIN BUTTON THROUGH MIDI DRESS,124.0,249.0,50,True,51
2026-10-05,PLT,with code 10PLT COAST ONE SHOULDER RUFFLE DETAIL SATIN MAXI DRESS,149.0,149.0,0,False,51
2026-10-05,PLT,with code 10PLT PETITE COAST COAST HONOURED PETITE TWIST HALTERNECK SATIN MAXI BRIDESMAID DRESS,50.0,99.0,49,True,51
2026-10-05,PLT,with code 10PLT KARENMILLEN ASYMMETRIC BARDOT TAILORED MID PENCIL DRESS,139.3,199.0,30,True,51
2026-10-05,PLT,with code 10PLT TALL BOOHOO TALL CAPE SLEEVE MIDI BODYCON DRESS,18.0,24.0,25,True,51
2026-10-05,PLT,with code 10PLT KARENMILLEN VISCOSE LINEN WOVEN MAXI PROM DRESS,63.0,179.0,65,True,51
2026-10-05,PLT,with code 10PLT KARENMILLEN SCOOP NECK JERSEY COTTON MIX MAXI DRESS,36.0,119.0,70,True,51
2026-10-05,PLT,with code 10PLT PETITE KARENMILLEN PETITE CRYSTAL APPLIQUE ANGEL SLEEVE WOVEN MIDAXI DRESS,164.0,469.0,65,True,51
2026-10-05,PLT,with code 10PLT NASTYGAL PREMIUM HAND EMBELLISHED CELESTIAL COWL NECK MAXI BEACH DRESS,97.3,139.0,30,True,51
2026-10-05,PLT,with code 10PLT KARENMILLEN RIB KNIT POLO ZIP UP MIDI DRESS,45.0,129.0,65,True,51
2026-10-05,PLT,with code 10PLT KARENMILLEN COMPACT STRETCH BUTTON DETAIL MINI DRESS,70.0,199.0,65,True,51
2026-10-05,PLT,with code 10PLT KARENMILLEN PETITE CUTWORK COTTON COLLARED WOVEN SHIRT DRESS,63.0,179.0,65,True,51
2026-10-05,PLT,with code 10PLT PETITE WAREHOUSE PETITE PREMIUM DISPERSED FLORAL MAXI DRESS,109.0,109.0,0,False,51
2026-10-05,PLT,with code 10PLT PETITE KARENMILLEN PETITE PHOTOGRAPHIC FLORAL ORGANZA SCARF DETAIL WOVEN MAXI DRESS,104.3,149.0,30,True,51
2026-10-05,PLT,with code 10PLT DOROTHY PERKINS PATCHWORK FLORAL WRAP FRONT PUFF SLEEVE TIERED MAXI DRESS,22.0,45.0,51,True,51
2026-10-05,PLT,with code 10PLT PETITE KARENMILLEN PETITE PLEATED SLUB ORGANDIE OMBRE WOVEN MAXI DRESS,99.0,199.0,50,True,51
2026-10-05,PLT,with code 10PLT PETITE KARENMILLEN PETITE TAILORED BELTED MIDI SKIRT PENCIL DRESS,129.0,129.0,0,False,51
2026-10-05,PLT,with code 10PLT COAST LACE MIDI DRESS WITH BOW BELT,50.0,149.0,66,True,51
2026-10-05,PLT,with code 10PLT BOOHOO TAILORED BANDEAU FOLDOVER DETAIL STRUCTURED MINI DRESS,28.5,38.0,25,True,51
2026-10-05,PLT,with code 10PLT PLUS BOOHOO PLUS CHIFFON GODET SKATER,21.0,28.0,25,True,51
2026-10-05,PLT,with code 10PLT PETITE DOROTHY PERKINS PETITE FRILL YOKE DENIM DRESS,22.0,45.0,51,True,51
2026-10-05,PLT,with code 10PLT BOOHOO WRAP FRONT HIGH NECK MINI DRESS,21.0,28.0,25,True,51
2026-10-05,PLT,with code 10PLT BOOHOO CHIFFON RUFFLE DETAIL MAXI DRESS,30.0,40.0,25,True,51
2026-10-05,PLT,with code 10PLT MATERNITY BOOHOO MATERNITY DOUBLE SLINKY ONE SHOULDER RUCHED MAXI DRESS,22.5,30.0,25,True,51
2026-10-05,PLT,with code 10PLT PETITE DOROTHY PERKINS PETITE VELVET SEQUIN MIDI DRESS,52.0,65.0,20,True,51
2026-10-05,PLT,with code 10PLT KARENMILLEN GEO JACQUARD KNIT MAXI DRESS,45.0,129.0,65,True,51
2026-10-05,PLT,with code 10PLT BOOHOO OFF THE SHOULDER MESH MAXI DRESS,22.5,30.0,25,True,51
2026-10-05,PLT,with code 10PLT KARENMILLEN TEXTURED ORGANZA MIX SLEEVELESS SHIRT DRESS,63.0,179.0,65,True,51
2026-10-05,PLT,with code 10PLT KARENMILLEN VISCOSE WOVEN STRIPE CONTRAST BLUE FLORAL MINI DRESS,52.0,149.0,65,True,51
2026-10-05,PLT,with code 10PLT KARENMILLEN PREMIUM VISCOSE LINEN WOVEN MIDI DRESS WITH STUD DETAIL,70.0,199.0,65,True,51
2026-10-05,PLT,with code 10PLT KARENMILLEN COTTON CUTWORK WOVEN SHIRT MIDI DRESS,70.0,199.0,65,True,51
2026-10-05,PLT,with code 10PLT WAREHOUSE PREMIUM FLORAL BORDER PRINT FLUTED SLEEVE MAXI,79.0,79.0,0,False,51
2026-10-05,PLT,with code 10PLT COAST ONE SHOULDER FRINGE MAXI DRESS,95.2,119.0,20,True,51
2026-10-05,PLT,with code 10PLT COAST EMBELLISHED MIDI DRESS WITH GODET PLEATS,45.0,139.0,68,True,51
2026-10-05,PLT,with code 10PLT PETITE KARENMILLEN PETITE CUPRO UTILITY TWILL WOVEN SHIRT DRESS WITH BELT DETAIL,80.0,199.0,60,True,51
2026-10-05,PLT,with code 10PLT COAST LISA TAN POLKA DOT COLLARED V NECK CREPE MIDI DRESS,139.0,139.0,0,False,51
2026-10-05,PLT,with code 10PLT COAST LONG SLEEVE SCALLOP CUT OUT DETAIL ORGANZA MIDI DRESS,149.0,149.0,0,False,51
2026-10-05,PLT,with code 10PLT PETITE COAST PETITE POLKA DOT TIERED ORGANZA MIDI DRESS,129.0,129.0,0,False,51
2026-10-05,PLT,with code 10PLT BOOHOO BUTTON DETAIL KNITTED MINI DRESS,24.0,32.0,25,True,51
2026-10-05,PLT,with code 10PLT COAST ONE SHOULDER TWIST FRONT PENCIL DRESS,40.0,119.0,66,True,51
2026-10-05,PLT,with code 10PLT COAST LISA TAN BOW SHOULDER CREPE FULL SKIRT MIDI DRESS,129.0,129.0,0,False,51
2026-10-05,PLT,with code 10PLT PLUS BOOHOO PLUS HAMMERED TWIST FRONT SHIFT DRESS,15.0,20.0,25,True,51
2026-10-05,PLT,with code 10PLT TALL BOOHOO TALL CREW NECK FLARED SLEEVE KNITTED MINI DRESS,15.0,20.0,25,True,51
2026-10-05,PLT,with code 10PLT PETITE COAST PETITE SQUARE NECK MIDI DRESS,116.1,129.0,10,True,51
2026-10-05,PLT,with code 10PLT BOOHOO BRUSHED RIB ROLL NECK MINI DRESS,15.0,20.0,25,True,51
2026-10-05,PLT,with code 10PLT COAST SEQUIN TWEED MINI WEDDING DRESS WITH PEARL TRIM AND BOW DETAIL,79.2,99.0,20,True,51
2026-10-05,PLT,with code 10PLT WAREHOUSE BANDEAU BODICE PLEATED CHIFFON MIDI DRESS,79.0,79.0,0,False,51
2026-10-05,PLT,with code 10PLT KARENMILLEN FIGURE FORM BANDAGE TAFFETA BOW KNIT MINI DRESS,52.0,149.0,65,True,51
2026-10-05,PLT,with code 10PLT KARENMILLEN VISCOSE RIB PU MIX TAB DETAIL PLEATED KNIT MINI DRESS,52.0,149.0,65,True,51
2026-10-05,PLT,with code 10PLT PETITE BOOHOO PETITE BURNOUT FLORAL GODET HEM MINI DRESS,21.0,28.0,25,True,51
2026-10-05,PLT,with code 10PLT COAST ROLL NECK LONG SLEEVE CREPE BELTED MIDI DRESS,119.0,119.0,0,False,51
2026-10-05,PLT,with code 10PLT PETITE KARENMILLEN PETITE MILITARY TRIM RIB KNIT COLLARED MAXI DRESS,64.0,129.0,50,True,51
2026-10-05,PLT,with code 10PLT COAST COAST MUSE BATWING EMBELLISHED MIDI DRESS,100.0,199.0,50,True,51
2026-10-05,PLT,with code 10PLT PETITE KARENMILLEN PETITE FIGURE FORM BANDAGE STRAPPY KNIT MAXI DRESS,104.3,149.0,30,True,51
2026-10-05,PLT,with code 10PLT COAST EMBROIDERED MESH AND LACE BLOUSON SLEEVE BELTED MIDI DRESS,90.3,129.0,30,True,51
2026-10-05,PLT,with code 10PLT NASTYGAL POLKA DOT BUTTON DOWN EXTREME FLARED SLEEVE MINI DRESS,34.3,49.0,30,True,51
2026-10-05,PLT,with code 10PLT KARENMILLEN SHIRRED ANIMAL PRINT V NECK TRIM DETAIL WOVEN MIDI DRESS,63.0,179.0,65,True,51
2026-10-05,PLT,with code 10PLT PETITE KARENMILLEN PETITE ELEGANT CROSS HALTER RIBBED KNIT MAXI DRESS,104.3,149.0,30,True,51
2026-10-05,PLT,with code 10PLT COAST PLUNGE V FULL SKIRTED JACQUARD MIDI DRESS,104.3,149.0,30,True,51
2026-10-05,PLT,with code 10PLT PETITE COAST PETITE COAST MUSE VELVET HIGH NECK TIE DETAIL MAXI DRESS,129.0,129.0,0,False,51
2026-10-05,PLT,with code 10PLT KARENMILLEN OMBRE KNIT HIGH NECK SLEEVELESS MAXI DRESS,60.0,149.0,60,True,51
2026-10-05,PLT,with code 10PLT KARENMILLEN CHAIN STITCH WIDE SHOULDER KNITTED MIDI DRESS,90.3,129.0,30,True,51
2026-10-05,PLT,with code 10PLT COAST LACE WRAP TOP PLEAT TUX MIDI DRESS,104.3,149.0,30,True,52
2026-10-05,PLT,with code 10PLT TALL BOOHOO TALL LINEN LOOK VOLUME SLEEVE TIERED MIDAXI DRESS,14.0,26.0,46,True,52
2026-10-05,PLT,with code 10PLT KARENMILLEN STRIPE STRAPPY WOVEN MIDI DRESS,84.0,169.0,50,True,52
2026-10-05,PLT,with code 10PLT PETITE OASIS PETITE PRINTED TULLE MAXI DRESS,71.2,89.0,20,True,52
2026-10-05,PLT,with code 10PLT PETITE KARENMILLEN PETITE PREMIUM VISCOSE LINEN WOVEN SHIRT DRESS WITH GOLD BUCKLE BELT,64.0,159.0,60,True,52
2026-10-05,PLT,with code 10PLT KARENMILLEN POINTELLE KNIT PANELLED BARDOT MIDI DRESS,90.3,129.0,30,True,52
2026-10-05,PLT,with code 10PLT KARENMILLEN JACQUARD COWL NECK CAPE SLEEVE MIDI DRESS,111.3,159.0,30,True,52
2026-10-05,PLT,with code 10PLT PLT label BOOHOO TONAL FLORAL CHIFFON RUFFLE DETAIL MAXI DRESS,26.25,35.0,25,True,52
2026-10-05,PLT,with code 10PLT COAST TWIST CAPE SLEEVE CONTOUR COLLECTIVE BRIDESMAID DRESS,60.0,119.0,50,True,52
2026-10-05,PLT,with code 10PLT COAST EMBROIDERED TRAILING FLORAL CAPE DETAIL TIERED BRIDESMAID DRESS,70.0,169.0,59,True,52
2026-10-05,PLT,with code 10PLT PLUS BOOHOO PLUS TIE DETAIL PLUNGE CORSET SKATER DRESS,17.25,23.0,25,True,52
2026-10-05,PLT,with code 10PLT KARENMILLEN SHIRRED V NECK BELT DETAIL WOVEN MAXI DRESS,59.0,169.0,65,True,52
2026-10-05,PLT,with code 10PLT KARENMILLEN KNIT RIB WITH CONTRAST DETAIL MIDI DRESS,83.3,119.0,30,True,52
2026-10-05,PLT,with code 10PLT PETITE COAST PETITE PUFF SLEEVE JACQUARD MINI DRESS,79.2,99.0,20,True,52
2026-10-05,PLT,with code 10PLT COAST COAST HONOURED SLEEVELESS COWL NECK SATIN MAXI BRIDESMAID DRESS,111.2,139.0,20,True,52
2026-10-05,PLT,with code 10PLT PLUS COAST PLUS SIZE LONG SLEEVE LACE MAXI DRESS,149.0,149.0,0,False,52
2026-10-05,PLT,with code 10PLT KARENMILLEN DENIM CUT OUT HALTERNECK MIDI DRESS,85.0,169.0,50,True,52
2026-10-05,PLT,with code 10PLT KARENMILLEN LINEN BLEND BEADED CUTWORK MIDI DRESS,90.0,299.0,70,True,52
2026-10-05,PLT,with code 10PLT PETITE KARENMILLEN PETITE SLEEVELESS TULLE MAXI DRESS,111.3,159.0,30,True,52
2026-10-05,PLT,with code 10PLT COAST LISA TAN BOW SHOULDER JACQUARD MIDI DRESS,45.0,129.0,65,True,52
2026-10-05,PLT,with code 10PLT COAST LACE BOW SHOULDER PENCIL MIDI DRESS,104.3,149.0,30,True,52
2026-10-05,PLT,with code 10PLT PLUS KARENMILLEN PLUS SIZE SEQUIN BELTED FULL MIDI DRESS,139.3,199.0,30,True,52
2026-10-05,PLT,with code 10PLT BOOHOO BARREL SLEEVE TAILORED BLAZER DRESS,33.75,45.0,25,True,52
2026-10-05,PLT,with code 10PLT COAST PEARL BEADED OVERLAY GEORGETTE MAXI DRESS,199.0,199.0,0,False,52
2026-10-05,PLT,with code 10PLT TALL BOOHOO TALL CAPE SLEEVE MIDI BODYCON DRESS,22.5,30.0,25,True,52
2026-10-05,PLT,with code 10PLT BOOHOO POLKA DOT PRINTED MESH HEM T-SHIRT DRESS,18.75,25.0,25,True,52
2026-10-05,PLT,with code 10PLT COAST SEQUIN AND FRINGE EMBELLISHED BRIDAL MINI DRESS,104.3,149.0,30,True,52
2026-10-05,PLT,with code 10PLT COAST DRAPED BARDOT CORSET SATIN BLACK MAXI DRESS,89.1,99.0,10,True,52
2026-10-05,PLT,with code 10PLT MATERNITY BOOHOO MATERNITY CAPE SLEEVE MIDI BODYCON DRESS,24.0,32.0,25,True,52
2026-10-05,PLT,with code 10PLT BOOHOO LACE HEM STRUCTURED BLAZER DRESS,33.75,45.0,25,True,52
2026-10-05,PLT,with code 10PLT PLUS BOOHOO PLUS POLKA DOT MAXI DRESS,28.5,38.0,25,True,52
2026-10-05,PLT,with code 10PLT MATERNITY BOOHOO MATERNITY TWIST BARDOT MAXI DRESS,22.5,30.0,25,True,52
2026-10-05,PLT,with code 10PLT COAST LONG FLARE SLEEVE PLEATED JACQUARD MIDI DRESS,116.1,129.0,10,True,52
2026-10-05,PLT,with code 10PLT KARENMILLEN LACE WITH VELVET DETAIL HALTER NECK MAXI DRESS,83.3,119.0,30,True,52
2026-10-05,PLT,with code 10PLT PLUS KARENMILLEN WHITLEY NEILL PLUS SIZE PREMIUM CRYSTAL EMBELLISHED MIDI DRESS,160.3,229.0,30,True,52
2026-10-05,PLT,with code 10PLT BOOHOO SLASH NECK FLORAL SUPER SOFT MAXI DRESS,13.5,18.0,25,True,52
2026-10-05,PLT,with code 10PLT COAST CHIFFON CAPE PENCIL DRESS,80.0,99.0,19,True,52
2026-10-05,PLT,with code 10PLT KARENMILLEN STRUCTURED SATIN PEPLUM MIDI DRESS,89.0,179.0,50,True,52
2026-10-05,PLT,with code 10PLT KARENMILLEN TAILORED SATIN CUTWORK MINI DRESS,84.0,169.0,50,True,52
2026-10-05,PLT,with code 10PLT BOOHOO BASIC SUPERSOFT FLARE SLEEVE SCOOP BACK MAXI DRESS,16.5,22.0,25,True,52
2026-10-05,PLT,with code 10PLT PLUS BOOHOO PLUS CHIFFON COWL NECK LONG SLEEVE MAXI DRESS,22.5,30.0,25,True,52
2026-10-05,PLT,with code 10PLT BOOHOO BENGALINE KEYHOLE SKATER DRESS,15.0,22.0,32,True,52
2026-10-05,PLT,with code 10PLT BOOHOO BANDEAU MINI DRESS WITH SATIN DRAPE,28.5,38.0,25,True,52
2026-10-05,PLT,with code 10PLT BOOHOO PREMIUM HOTFIX RUCHED FRONT MIDAXI DRESS,48.75,65.0,25,True,52
2026-10-05,PLT,with code 10PLT KARENMILLEN HAMMERED SATIN WITH COWL NECK STRAPPY WOVEN MAXI DRESS,42.0,119.0,65,True,52
2026-10-05,PLT,with code 10PLT WAREHOUSE CORSAGE DETAIL PANELLED MAXI SPOT DRESS,79.0,79.0,0,False,52
2026-10-05,PLT,with code 10PLT PETITE KARENMILLEN PETITE FRUIT PRINT EMBELLISHED COLLAR TWILL MIDI DRESS,125.3,179.0,30,True,52
2026-10-05,PLT,with code 10PLT COAST COAST MUSE HEAVILY EMBELLISHED MAXI DRESS WITH CAPE SLEEVES,229.0,229.0,0,False,52
2026-10-05,PLT,with code 10PLT KARENMILLEN MONO GEO SILK COTTON WOVEN STRAPPY DRESS,80.0,229.0,65,True,52
2026-10-05,PLT,with code 10PLT PLUS BOOHOO PLUS WOVEN CHIFFON DRAPE SKATER DRESS,26.25,35.0,25,True,52
2026-10-05,PLT,with code 10PLT PETITE COAST COAST HONOURED PETITE PLUNGE NECK STRUCTURED SATIN BOW BACK WEDDING DRESS,104.3,149.0,30,True,52
2026-10-05,PLT,with code 10PLT KARENMILLEN COTTON CUTWORK WOVEN HALTER MIDI DRESS,108.0,269.0,60,True,52
2026-10-05,PLT,with code 10PLT COAST EMBROIDERED MESH LACE TRIM PLEATED SKIRT MIDI DRESS,149.0,149.0,0,False,52
2026-10-05,PLT,with code 10PLT WAREHOUSE STRAPLESS STRUCTURED BODICE SATIN MIDI DRESS,75.0,75.0,0,False,52
2026-10-05,PLT,with code 10PLT KARENMILLEN COMPACT STRETCH BELTED TAILORED PENCIL MIDI DRESS,80.0,229.0,65,True,52
2026-10-05,PLT,with code 10PLT COAST LONG SLEEVE APPLIQUE FLORAL MIDI DRESS,103.2,129.0,20,True,52
2026-10-05,PLT,with code 10PLT BOOHOO BENGALINE LACE DETAIL CAMI BODYCON DRESS,15.0,20.0,25,True,52
2026-10-05,PLT,with code 10PLT KARENMILLEN PLEATED SLUB ORGANDIE PEPLUM WOVEN MAXI DRESS,139.3,199.0,30,True,52
2026-10-05,PLT,with code 10PLT KARENMILLEN LACE RUFFLE HEM MIDI DRESS,118.3,169.0,30,True,52
2026-10-05,PLT,with code 10PLT KARENMILLEN MULTI FLUID STRIPE COTTON MIX WOVEN HALTER DRESS,84.0,169.0,50,True,52
2026-10-05,PLT,with code 10PLT KARENMILLEN CRINKLE GEORGETTE FLORAL PRINT ONE SHOULDER WOVEN MAXI DRESS,110.0,219.0,50,True,52
2026-10-05,PLT,with code 10PLT OASIS WINE SATIN TIE SHOULDER MIDI BRIDESMAID DRESS,55.2,69.0,20,True,52
2026-10-05,PLT,with code 10PLT KARENMILLEN VISCOSE GEORGETTE WOVEN BELTED MAXI DRESS,59.0,169.0,65,True,52
2026-10-05,PLT,with code 10PLT COAST BARDOT FLORAL JACQUARD MIDI DRESS,119.2,149.0,20,True,52
2026-10-05,PLT,with code 10PLT PLUS COAST PLUS LACE ANGEL SLEEVE MIDI DRESS,103.2,129.0,20,True,52
2026-10-05,PLT,with code 10PLT PETITE KARENMILLEN PETITE TAILORED SATIN KEYHOLE CUT OUT MIDI DRESS,52.0,149.0,65,True,52
2026-10-05,PLT,with code 10PLT OASIS CONTRAST TIERED MINI DRESS,15.0,55.0,73,True,52
2026-10-05,PLT,with code 10PLT BOOHOO COWL NECK FLARE SLEEVE MINI DRESS,22.5,30.0,25,True,52
2026-10-05,PLT,with code 10PLT BOOHOO LARGE FLORAL BANDEAU SCARF DETAIL MIDAXI DRESS,21.0,28.0,25,True,52
2026-10-05,PLT,with code 10PLT KARENMILLEN ABSTRACT PRINT RUFFLE SLEEVE BUTTON THROUGH MIDI DRESS,44.0,109.0,60,True,52
2026-10-05,PLT,with code 10PLT BOOHOO HIGH NECK BUTTON DETAIL TAILORED BLAZER DRESS,33.75,45.0,25,True,52
2026-10-05,PLT,with code 10PLT BOOHOO LONG SLEEVE COLLARLESS TAILORED MINI DRESS,19.0,40.0,53,True,52
2026-10-05,PLT,with code 10PLT BOOHOO SUPER SOFT LONG SLEEVE MINI DRESS,10.5,14.0,25,True,52
2026-10-05,PLT,with code 10PLT COAST BANDEAU 3D FLOWER PRINTED PENCIL DRESS,110.0,139.0,21,True,52
2026-10-05,PLT,with code 10PLT KARENMILLEN VISCOSE BLEND SLINKY SHEER LACE DETAIL KNIT MAXI DRESS,48.0,159.0,70,True,52
2026-10-05,PLT,with code 10PLT COAST CORSET DETAIL CONTOUR COLLECTIVE BRIDESMAID DRESS,70.0,129.0,46,True,52
2026-10-05,PLT,with code 10PLT WAREHOUSE PREMIUM FLORAL TIE NECK COWL DRESS,99.0,99.0,0,False,53
2026-10-05,PLT,with code 10PLT KARENMILLEN MILITARY BUTTON UP SLEEVED KNITTED MIDI DRESS,104.3,149.0,30,True,53
2026-10-05,PLT,with code 10PLT KARENMILLEN CRYSTAL EMBELLISHED RUCHED DETAIL SLEEVELESS MIDI DRESS,63.0,179.0,65,True,53
2026-10-05,PLT,with code 10PLT KARENMILLEN COTTON CUTWORK TWILL WOVEN MINI DRESS,219.0,219.0,0,False,53
2026-10-05,PLT,with code 10PLT KARENMILLEN CHIFFON FLORAL PRINT HALTER NECK WOVEN MAXI DRESS,79.0,159.0,50,True,53
2026-10-05,PLT,with code 10PLT PLT label COAST HALTER SATIN MIDI DRESS WITH PEARL,119.2,149.0,20,True,53
2026-10-05,PLT,with code 10PLT COAST SATIN LACE PUFF SLEEVE MIDI DRESS,111.3,159.0,30,True,53
2026-10-05,PLT,with code 10PLT PETITE DOROTHY PERKINS PETITE RUCHED VELVET SEQUIN MINI DRESS,40.5,45.0,10,True,53
2026-10-05,PLT,with code 10PLT KARENMILLEN FOIL METALLIC FIGURE FORM BANDAGE FRINGED KNIT MAXI DRESS,104.3,149.0,30,True,53
2026-10-05,PLT,with code 10PLT DOROTHY PERKINS WRAP MIDI DRESS,39.0,39.0,0,False,53
2026-10-05,PLT,with code 10PLT PLUS BOOHOO PLUS SHEER HEM SLEEVELESS MAXI DRESS,21.0,28.0,25,True,53
2026-10-05,PLT,with code 10PLT PETITE COAST PETITE PLEATED LACE MIDI DRESS,149.0,149.0,0,False,53
2026-10-05,PLT,with code 10PLT KARENMILLEN SATIN VISCOSE PRINTED DRAPE COWL NECK MAXI DRESS,115.0,229.0,50,True,53
2026-10-05,PLT,with code 10PLT KARENMILLEN BOUCLE TAILORED TIE NECK SATIN MIX MIDI DRESS,92.0,229.0,60,True,53
2026-10-05,PLT,with code 10PLT COAST LACE TRIM COLOUR BLOCK BELTED MIDI DRESS,149.0,149.0,0,False,53
2026-10-05,PLT,with code 10PLT DOROTHY PERKINS CHIFFON KEYHOLE WRAP MINI DRESS,28.0,35.0,20,True,53
2026-10-05,PLT,with code 10PLT KARENMILLEN COMPACT VISCOSE ASYMMETRIC DETAIL MAXI DRESS,114.0,229.0,50,True,53
2026-10-05,PLT,with code 10PLT PETITE KARENMILLEN PETITE CRINKLE CROSS FRONT GEORGETTE WOVEN MAXI DRESS,84.0,169.0,50,True,53
2026-10-05,PLT,with code 10PLT KARENMILLEN TAFFETA TWILL SQUARE NECK STRAPPY MIDI DRESS,118.3,169.0,30,True,53
2026-10-05,PLT,with code 10PLT DOROTHY PERKINS BOW BACK LONG SLEEVE VELVET MINI DRESS,31.5,35.0,10,True,53
2026-10-05,PLT,with code 10PLT DOROTHY PERKINS SWEETHEART NECK VELVET MIDI DRESS,37.8,42.0,10,True,53
2026-10-05,PLT,with code 10PLT KARENMILLEN HOTFIX STUDDED LONG SLEEVE SHIRT WOVEN MAXI DRESS,66.0,189.0,65,True,53
2026-10-05,PLT,with code 10PLT COAST LISA TAN SATIN HIGH LOW MIDI DRESS WITH BOW DETAIL,50.0,129.0,61,True,53
2026-10-05,PLT,with code 10PLT PETITE KARENMILLEN PETITE COMPACT STRETCH TAILORED BELTED MIDI PENCIL DRESS,60.0,199.0,70,True,53
2026-10-05,PLT,with code 10PLT COAST TWIST FRONT CAPE SLEEVE PENCIL MIDI DRESS WITH PEPLUM,71.4,119.0,40,True,53
2026-10-05,PLT,with code 10PLT KARENMILLEN PETITE TECHNO COTTON WOVEN SHORT DRESS WITH GOLD CLASPS,50.0,99.0,49,True,53
2026-10-05,PLT,with code 10PLT COAST LONG SLEEVE V NECK PLEATED MIDI DRESS WITH BELT,103.2,129.0,20,True,53
2026-10-05,PLT,with code 10PLT COAST PEARL BUTTON TAILORED BODICE WITH PLEATED SKIRT MIDI DRESS,134.1,149.0,10,True,53
2026-10-05,PLT,with code 10PLT COAST BANDAGE KNIT FRINGED HEM MIDI DRESS,89.1,99.0,10,True,53
2026-10-05,PLT,with code 10PLT KARENMILLEN ORGANZA COLLARED MAXI DRESS,111.3,159.0,30,True,53
2026-10-05,PLT,with code 10PLT PETITE KARENMILLEN PETITE FIGURE FORM BANDAGE TASSEL HEM KNITTED DRESS,79.0,159.0,50,True,53
2026-10-05,PLT,with code 10PLT PETITE COAST PETITE CREPE RUFFLE DRESS WITH LOW BACK,60.0,139.0,57,True,53
2026-10-05,PLT,with code 10PLT COAST TIERED LACE MIDI DRESS WITH FLUTTER SLEEVE & TRIMS,100.0,159.0,37,True,53
2026-10-05,PLT,with code 10PLT BOOHOO ZIP NECK KNITTED MINI DRESS,21.0,28.0,25,True,53
2026-10-05,PLT,with code 10PLT BOOHOO BASIC SUPERSOFT HIGH NECK RUCHED WAIST MIDAXI DRESS,18.75,25.0,25,True,53
2026-10-05,PLT,with code 10PLT PLUS COAST PLUS SATIN WRAP FRONT MIDI DRESS WITH FLARE SLEEVE,89.1,99.0,10,True,53
2026-10-05,PLT,with code 10PLT KARENMILLEN SLINKY DRAPE KNIT POWER SHOULDER FUNNEL DRESS,83.3,119.0,30,True,53
2026-10-05,PLT,with code 10PLT KARENMILLEN VISCOSE CREPE FLORAL LONG SLEEVE MIDI DRESS,49.0,139.0,65,True,53
2026-10-05,PLT,with code 10PLT KARENMILLEN TAFFETA RUFFLE DETAIL MINI DRESS,80.0,159.0,50,True,53
2026-10-05,PLT,with code 10PLT KARENMILLEN COTTON SATEEN FLORAL WOVEN BELTED MAXI SHIRT DRESS,189.0,189.0,0,False,53
2026-10-05,PLT,with code 10PLT COAST CAP SLEEVE FLORAL CHIFFON MIDI DRESS,69.3,99.0,30,True,53
2026-10-05,PLT,with code 10PLT KARENMILLEN COTTON POPLIN PLEAT DETAIL HALTERNECK WOVEN MAXI DRESS,66.0,189.0,65,True,53
2026-10-05,PLT,with code 10PLT KARENMILLEN STRIPE COTTON MIX WOVEN MAXI HALTER DRESS,84.0,169.0,50,True,53
2026-10-05,PLT,with code 10PLT NASTYGAL COIN AND TASSEL EMBELLISHED MAXI DRESS,69.3,99.0,30,True,53
2026-10-05,PLT,with code 10PLT PETITE DOROTHY PERKINS PETITE NAVY SPOT CONTRAST SLEEVE BUTTON FRONT TIERED HEM MIDI DRESS,33.6,42.0,20,True,53
2026-10-05,PLT,with code 10PLT PLUS BOOHOO PLUS DENIM UTILITY BELT SHIFT DRESS,26.25,35.0,25,True,53
2026-10-05,PLT,with code 10PLT COAST HOTFIX DIAMANTE BANDEAU BRIDAL MINI DRESS,119.0,119.0,0,False,53
2026-10-05,PLT,with code 10PLT TALL BOOHOO TALL MIXED ANIMAL MESH FLARED SLEEVE MINI DRESS,21.0,28.0,25,True,53
2026-10-05,PLT,with code 10PLT OASIS HAND EMBELLISHED LONG SLEEVE MIDI DRESS,135.2,169.0,20,True,53
2026-10-05,PLT,with code 10PLT KARENMILLEN SLINKY DRAPE KNITTED BANANA SLEEVE FUNNEL NECK MIDI DRESS,118.0,118.0,0,False,53
2026-10-05,PLT,with code 10PLT PETITE KARENMILLEN PETITE PREMIUM VISCOSE LINEN TAILORED BELTED FULL SKIRTED MIDI DRESS,134.0,269.0,50,True,53
2026-10-05,PLT,with code 10PLT TALL BOOHOO TALL BASIC LONG SLEEVE MAXI DRESS,15.0,20.0,25,True,53
2026-10-05,PLT,with code 10PLT BOOHOO HALTERNECK RUFFLE DETAIL MIDI DRESS,26.25,35.0,25,True,53
2026-10-05,PLT,with code 10PLT PETITE WAREHOUSE PETITE TULLE EMBROIDERED RUFFLE TIERED MAXI DRESS,89.0,89.0,0,False,53
2026-10-05,PLT,with code 10PLT COAST OFF SHOULDER SATIN SIDE TIE MIDI DRESS,30.0,99.0,70,True,53
2026-10-05,PLT,with code 10PLT PLUS BOOHOO PLUS PRINTED MESH LOW BACK MAXI DRESS,21.0,28.0,25,True,53
2026-10-05,PLT,with code 10PLT COAST TIERED SKIRT EMBROIDERED MESH LONG SLEEVE MIDI DRESS,149.0,149.0,0,False,53
2026-10-05,PLT,with code 10PLT KARENMILLEN FLORAL APPLIQUE WOVEN HALTER WOVEN TIER MAXI DRESS,63.0,179.0,65,True,53
2026-10-05,PLT,with code 10PLT KARENMILLEN TENCEL BLEND TAILORED COWL NECK MIDI DRESS,77.0,219.0,65,True,53
2026-10-05,PLT,with code 10PLT COAST BANDEAU RUFFLE STRETCH CREPE MAXI DRESS,90.3,129.0,30,True,53
2026-10-05,PLT,with code 10PLT COAST PLEAT COLD SHOULDER BRIDESMAID DRESS,60.0,139.0,57,True,53
2026-10-05,PLT,with code 10PLT PETITE KARENMILLEN PETITE LINEN MATTE SEQUIN COLLARED MIDI DRESS,109.0,219.0,50,True,53
2026-10-05,PLT,with code 10PLT PETITE WAREHOUSE PETITE PREMIUM BURNOUT CHIFFON FLORAL MAXI DRESS,85.0,85.0,0,False,53
2026-10-05,PLT,with code 10PLT PETITE KARENMILLEN PETITE COMPACT STRETCH BUTTON DETAIL STRAIGHT PENCIL DRESS,77.0,219.0,65,True,53
2026-10-05,PLT,with code 10PLT COAST EMBELLISHED CHIFFON MAXI DRESS,160.3,229.0,30,True,53
2026-10-05,PLT,with code 10PLT COAST BANDEAU ASYMMETRIC MESH BELTED MAXI DRESS,129.0,129.0,0,False,53
2026-10-05,PLT,with code 10PLT KARENMILLEN BEADED CAPE DETAIL MAXI DRESS,149.0,299.0,50,True,53
2026-10-05,PLT,with code 10PLT COAST LISA TAN FAN DETAIL CREPE MIDI DRESS,119.0,119.0,0,False,53
2026-10-05,PLT,COAST LACE TRIM DETAIL LONG SLEEVE MIDI DRESS,95.2,119.0,20,True,53
2026-10-05,PLT,with code 10PLT PETITE KARENMILLEN PETITE HERRINGBONE TEXTURE UTILITY DRESS,114.0,229.0,50,True,53
2026-10-05,PLT,with code 10PLT BOOHOO COTTON COLLARED PLEATED MINI DRESS,17.25,23.0,25,True,53
2026-10-05,PLT,with code 10PLT TALL BOOHOO TALL MESH SQUARE NECK RUCHED MINI DRESS,16.5,22.0,25,True,53
2026-10-05,PLT,with code 10PLT KARENMILLEN COMPACT STRETCH ASYMMETRIC NECKLINE DRAPED MIDI DRESS,70.0,199.0,65,True,53
2026-10-05,PLT,with code 10PLT COAST SCOOP NECK FULL SKIRTED TWILL BRIDESMAID DRESS,97.3,139.0,30,True,53
2026-10-05,PLT,with code 10PLT PLUS COAST PLUS SHORT SLEEVE LACE MIDI DRESS,60.0,179.0,66,True,53
2026-10-05,PLT,with code 10PLT KARENMILLEN CRINKLE GEORGETTE CAPE BLUR PRINT WOVEN MAXI DRESS,48.0,159.0,70,True,54
2026-10-05,PLT,with code 10PLT PETITE DOROTHY PERKINS PETITE JACQUARD RUFFLE LONG SLEEVE MINI DRESS,40.5,45.0,10,True,54
2026-10-05,PLT,with code 10PLT COAST BARDOT LACE PENCIL MIDI DRESS,62.3,89.0,30,True,54
2026-10-05,PLT,with code 10PLT PETITE KARENMILLEN PETITE TRIM DETAIL ORGANDIE MIDI SHIRT DRESS,85.0,169.0,50,True,54
2026-10-05,PLT,with code 10PLT PETITE KARENMILLEN PETITE TAFFETA RUFFLE DETAIL MINI DRESS,79.0,159.0,50,True,54
2026-10-05,PLT,with code 10PLT PETITE KARENMILLEN PETITE VISCOSE BLEND FILAMENT FULL SKIRT KNIT SHORT SLEEVE MIDI DRESS,52.0,149.0,65,True,54
2026-10-05,PLT,with code 10PLT PETITE KARENMILLEN PETITE KNIT JACQUARD STRIPE DETAIL SHORT SLEEVE MIDI DRESS,63.0,179.0,65,True,54
2026-10-05,PLT,with code 10PLT PLT label BOOHOO CORSET PANELLED HIGH NECK TAILORED MINI DRESS,19.5,26.0,25,True,54
2026-10-05,PLT,with code 10PLT PLUS BOOHOO PLUS SLEEVELESS SEAM DETAIL DENIM MINI DRESS,26.25,35.0,25,True,54
2026-10-05,PLT,with code 10PLT PLUS BOOHOO PLUS LINEN LOOK PUFF SLEEVE SHIRRED WAIST SKATER DRESS,9.0,28.0,68,True,54
2026-10-05,PLT,with code 10PLT BOOHOO PREMIUM BANDAGE SCOOP NECK MIDAXI DRESS,33.75,45.0,25,True,54
2026-10-05,PLT,with code 10PLT MISSPAP ASYMMETRIC SHOULDER BOW DETAIL BRIDESMAID DRESS,49.0,70.0,30,True,54
2026-10-05,PLT,with code 10PLT COAST ONE SHOULDER TWILL GOWN WITH DIAMANTE BROOCH,99.0,99.0,0,False,54
2026-10-05,PLT,with code 10PLT DOROTHY PERKINS DP LUXE METALLIC JACQUARD BLOUSON SLEEVE MINI DRESS,44.0,55.0,20,True,54
2026-10-05,PLT,with code 10PLT PETITE BOOHOO PETITE ASYMMETRIC RUCHED MINI DRESS,18.75,25.0,25,True,54
2026-10-05,PLT,with code 10PLT MATERNITY BOOHOO MATERNITY RIB TIE DETAIL MAXI DRESS,13.0,21.0,38,True,54
2026-10-05,PLT,with code 10PLT BOOHOO OVERSIZED KNITTED HOODY MINI DRESS,18.75,25.0,25,True,54
2026-10-05,PLT,with code 10PLT BOOHOO HAMMERED FLARED SLEEVE SHIRRED MINI DRESS,18.75,25.0,25,True,54
2026-10-05,PLT,with code 10PLT TALL BOOHOO TALL SUPER SOFT LONG SLEEVE MINI DRESS,11.25,15.0,25,True,54
2026-10-05,PLT,with code 10PLT BOOHOO WRAP FRONT RUCHED WAIST MINI DRESS WITH LONG SLEEVES,19.5,26.0,25,True,54
2026-10-05,PLT,with code 10PLT BOOHOO TEXTURED SATIN CORSET DETAIL MAXI DRESS,31.5,42.0,25,True,54
2026-10-05,PLT,with code 10PLT KARENMILLEN STRIPE SIDE TAB PENCIL MIDI DRESS,69.0,229.0,70,True,54
2026-10-05,PLT,with code 10PLT WAREHOUSE TULLE FLORAL PLUNGE NECK FLUTTER SLEEVE TIER MAXI DRESS,109.0,109.0,0,False,54
2026-10-05,PLT,with code 10PLT PLUS COAST PLUS 2 IN 1 WRAP MIDI DRESS WITH PLEATED SKIRT,103.2,129.0,20,True,54
2026-10-05,PLT,with code 10PLT COAST LISA TAN COLLARED CREPE WAISTCOAT MIDI DRESS,50.0,129.0,61,True,54
2026-10-05,PLT,with code 10PLT COAST COAST MUSE BOW FRONT SATIN MAXI DRESS,149.0,149.0,0,False,54
2026-10-05,PLT,with code 10PLT PETITE KARENMILLEN PETITE SATIN SOFT MIDI DRESS,99.0,199.0,50,True,54
2026-10-05,PLT,with code 10PLT TALL BOOHOO TALL LACE STRAPPY MAXI DRESS,26.25,35.0,25,True,54
2026-10-05,PLT,with code 10PLT COAST LACE TRIM DETAIL EMBROIDERED MESH MIDI DRESS,143.1,159.0,10,True,54
2026-10-05,PLT,with code 10PLT PETITE KARENMILLEN PETITE SOFT TAILORED COLOUR BLOCK HIGH NECK PLEATED MIDI DRESS,100.0,199.0,50,True,54
2026-10-05,PLT,with code 10PLT KARENMILLEN DOUBLE BREASTED BELTED TIPPED TAILORED MIDI DRESS,69.0,229.0,70,True,54
2026-10-05,PLT,with code 10PLT KARENMILLEN FLORAL PRINT VISCOSE GEORGETTE CAPE SLEEVE RUFFLE WOVEN MAXI DRESS,110.0,110.0,0,False,54
2026-10-05,PLT,with code 10PLT KARENMILLEN RIB KNIT MILITARY TRIM LONG SLEEVE MAXI DRESS,90.3,129.0,30,True,54
2026-10-05,PLT,with code 10PLT KARENMILLEN BANDAGE FIGURE FORM KNIT EMBELLISHED STRAPPY MAXI DRESS,118.3,169.0,30,True,54
2026-10-05,PLT,with code 10PLT PETITE BOOHOO PETITE PLUNGE RUFFLE FLARE SLEEVE WOVEN MAXI DRESS,28.5,38.0,25,True,54
2026-10-05,PLT,with code 10PLT MISSPAP RUFFLE DETAIL OPEN BACK MAXI DRESS,15.0,55.0,73,True,54
2026-10-05,PLT,with code 10PLT DOROTHY PERKINS DP LUXE LINEAR SEQUIN WRAP FRONT MINI DRESS,47.2,59.0,20,True,54
2026-10-05,PLT,with code 10PLT COAST CRYSTAL TRIM PONTE LONG SLEEVE MIDI WEDDING DRESS,119.2,149.0,20,True,54
2026-10-05,PLT,with code 10PLT BOOHOO BURNOUT FLORAL ANGEL SLEEVE MIDAXI DRESS,27.0,36.0,25,True,54
2026-10-05,PLT,with code 10PLT PETITE BOOHOO PETITE HIGH NECK SEAM DETAIL KNITTED MINI JUMPER DRESS,18.75,25.0,25,True,54
2026-10-05,PLT,with code 10PLT DOROTHY PERKINS GREEN SPOT LONG SLEEVE SHIRRED CUFF MIDI DRESS,31.2,39.0,20,True,54
2026-10-05,PLT,with code 10PLT KARENMILLEN TAILORED LINEN STATEMENT BUTTON FRONT PENCIL MIDI DRESS,70.0,199.0,65,True,54
2026-10-05,PLT,with code 10PLT TALL BOOHOO TALL MESH LEOPARD FLORAL COWL NECK MAXI DRESS,18.75,25.0,25,True,54
2026-10-05,PLT,with code 10PLT TALL BOOHOO TALL SLINKY TWIST DETAIL MAXI DRESS,21.75,29.0,25,True,54
2026-10-05,PLT,with code 10PLT PLUS BOOHOO PLUS LACE GODET SKATER MINI DRESS,22.5,30.0,25,True,54
2026-10-05,PLT,with code 10PLT COAST SCALLOP DETAIL TWILL COLUMN BRIDESMAID DRESS,59.4,99.0,40,True,54
2026-10-05,PLT,with code 10PLT BOOHOO SQUARE NECK MIXED RIB KNITTED MIDAXI DRESS,22.5,30.0,25,True,54
2026-10-05,PLT,with code 10PLT OASIS DEEP V FLUTED SLEEVE MAXI WEDDING DRESS,80.1,89.0,10,True,54
2026-10-05,PLT,with code 10PLT KARENMILLEN TEXTURED PINSTRIPE BANDEAU TAILORED MIDI DRESS,63.0,179.0,65,True,54
2026-10-05,PLT,with code 10PLT OASIS FLORAL LACE TRIM DOBBY CHIFFON TIERED MIDAXI DRESS,55.2,69.0,20,True,54
2026-10-05,PLT,with code 10PLT COAST GOLD TRIM DETAIL SLEEVELESS DRAPE MAXI DRESS,89.1,99.0,10,True,54
2026-10-05,PLT,with code 10PLT OASIS PETITE LACE PUFF SLEEVE PLEATED MIDI DRESS,71.2,89.0,20,True,54
2026-10-05,PLT,with code 10PLT KARENMILLEN VISCOSE BLEND FILAMENT FULL SKIRT KNIT SHORT SLEEVE MIDI DRESS,52.0,149.0,65,True,54
2026-10-05,PLT,with code 10PLT KARENMILLEN FIGURE FORM BANDAGE FRINGE KNIT HALTER NECK MIDI DRESS,104.3,149.0,30,True,54
2026-10-05,PLT,with code 10PLT TALL BOOHOO TALL BASIC SUPERSOFT ROLL NECK CAP SLEEVE MIDI DRESS,16.5,22.0,25,True,54
2026-10-05,PLT,with code 10PLT KARENMILLEN PREMIUM COTTON TAILORED FABRIC BELTED BUCKLE MIDI DRESS,80.0,229.0,65,True,54
2026-10-05,PLT,with code 10PLT COAST BARDOT SCUBA MIDI DRESS,80.1,89.0,10,True,54
2026-10-05,PLT,with code 10PLT BOOHOO SATIN DRAPE LONG SLEEVE MINI DRESS,30.0,40.0,25,True,54
2026-10-05,PLT,with code 10PLT BOOHOO HIGH NECK BUTTON DETAIL RUCHED MINI DRESS,16.5,22.0,25,True,54
2026-10-05,PLT,with code 10PLT BOOHOO LONG SLEEVE DRAPE FRONT MINI DRESS,8.0,25.0,68,True,54
2026-10-05,PLT,with code 10PLT PETITE COAST PETITE LACE INSERT MIDI DRESS,119.0,119.0,0,False,54
2026-10-05,PLT,with code 10PLT BOOHOO HAMMERED COWL NECK GODET HEM MINI DRESS,18.0,24.0,25,True,54
2026-10-05,PLT,with code 10PLT PLUS BOOHOO PLUS CINCHED DETAIL SHIRT DRESS,18.75,25.0,25,True,54
2026-10-05,PLT,with code 10PLT MISSPAP HIGH NECK COWL BACK BRIDESMAID DRESS,25.0,70.0,64,True,54
2026-10-05,PLT,with code 10PLT DOROTHY PERKINS PETITE VELVET EMBELLISHED NECKLINE STRUCTURED MIDI DRESS,40.5,45.0,10,True,54
2026-10-05,PLT,with code 10PLT BOOHOO OFF THE SHOULDER LONG SLEEVE BODYCON MINI DRESS,17.25,23.0,25,True,54
2026-10-05,PLT,with code 10PLT KARENMILLEN PHOTOGRAPHIC FLORAL ORGANZA SCARF DETAIL WOVEN MAXI DRESS,104.3,149.0,30,True,54
2026-10-05,PLT,with code 10PLT COAST WRAP WAIST CREPE LONG SLEEVE BRIDESMAID DRESS,95.2,119.0,20,True,54
2026-10-05,PLT,with code 10PLT KARENMILLEN SATIN TUX SHORT SLEEVE TAILORED MIDI DRESS,160.3,229.0,30,True,54
2026-10-05,PLT,with code 10PLT KARENMILLEN CUTWORK COTTON HALTERNECK TIE DETAIL WOVEN MIDI DRESS,70.0,199.0,65,True,54
2026-10-05,PLT,with code 10PLT KARENMILLEN LAYERED TULLE HALTERNECK MAXI DRESS,111.3,159.0,30,True,54
2026-10-05,PLT,with code 10PLT KARENMILLEN BURNOUT EMBELLISHED AND BEADED OPEN BACK WOVEN MAXI DRESS,99.0,399.0,75,True,54
2026-10-05,PLT,with code 10PLT KARENMILLEN CRYSTAL NECK TRIM VISCOSE RIBBED MAXI DRESS WITH GODETS,139.0,139.0,0,False,54
2026-10-05,PLT,with code 10PLT PLUS KARENMILLEN PLUS SIZE JACQUARD ASYMMETRIC SLEEVE MIDI DRESSS,118.3,169.0,30,True,54
2026-10-05,PLT,with code 10PLT COAST CHIFFON CAPE PENCIL DRESS,50.0,99.0,49,True,54
2026-10-05,PLT,with code 10PLT PLUS BOOHOO PLUS RUCHED SQUARE NECK SKATER DRESS,16.5,22.0,25,True,54
2026-10-05,PLT,with code 10PLT PETITE KARENMILLEN PETITE COTTON CUTWORK BALLOON SLEEVE WOVEN MIDI DRESS,150.0,299.0,50,True,54
2026-10-05,PLT,with code 10PLT PETITE DOROTHY PERKINS PETITE DP LUXE VELVET DOUBLE FLUTTER MIDI DRESS,39.2,49.0,20,True,54
2026-10-05,PLT,with code 10PLT DOROTHY PERKINS VELVET EMBELLISHED NECKLINE STRUCTURED MINI DRESS,35.1,39.0,10,True,55
2026-10-05,PLT,with code 10PLT DOROTHY PERKINS CREAM FLORAL BUTTON FRONT FRILL PUFF SLEEVE MIDI DRESS,12.0,39.0,69,True,55
2026-10-05,PLT,with code 10PLT TALL BOOHOO TALL CHIFFON RUFFLE DETAIL FLORAL ASYMMETRIC MIDI DRESS,12.0,30.0,60,True,55
2026-10-05,PLT,with code 10PLT KARENMILLEN LACE INSERT SATIN VISCOSE BIAS CUT MAXI DRESS,51.0,169.0,70,True,55
2026-10-05,PLT,with code 10PLT KARENMILLEN EMBELLISHED SHORT SLEEVE WOVEN MINI DRESS,85.0,169.0,50,True,55
2026-10-05,PLT,with code 10PLT KARENMILLEN JACQUARD DENIM FULL SKIRTED MIDI DRESS,63.0,179.0,65,True,55
2026-10-05,PLT,with code 10PLT COAST BOW SHOULDER FLORAL CORSAGE DETAIL DRESS,35.0,139.0,75,True,55
2026-10-05,PLT,with code 10PLT PLT label COAST VELVET SEQUIN ONE SHOULDER MIDI DRESS,129.0,129.0,0,False,55
2026-10-05,PLT,with code 10PLT KARENMILLEN SPOT JACQUARD SQUARE NECK TAILORED FULL SKIRTED MIDI DRESS,87.0,249.0,65,True,55
2026-10-05,PLT,with code 10PLT PETITE COAST PETITE PRINTED JACQUARD SHIRT DRESS WITH BELT,119.2,149.0,20,True,55
2026-10-05,PLT,with code 10PLT KARENMILLEN COTTON POPLIN BUTTON UP MIDI DRESS,56.0,159.0,65,True,55
2026-10-05,PLT,with code 10PLT KARENMILLEN FLORAL STUDDED MAXI DRESS,139.3,199.0,30,True,55
2026-10-05,PLT,with code 10PLT KARENMILLEN TEXTURED GEO KNITTED VISCOSE MIDI DRESS,90.3,129.0,30,True,55
2026-10-05,PLT,with code 10PLT COAST LONG SLEEVE PLEATED CREPE MIDAXI DRESS,129.0,129.0,0,False,55
2026-10-05,PLT,with code 10PLT PLUS BOOHOO PLUS LEOPARD CHIFFON PUFF SLEEVE RUFFLE MAXI DRESS,27.0,36.0,25,True,55
2026-10-05,PLT,with code 10PLT MISSPAP SATIN COWL WRAP NECK MAXI BRIDESMAID DRESS,45.5,65.0,30,True,55
2026-10-05,PLT,with code 10PLT PETITE COAST COAST HONOURED PETITE SLEEVELESS COWL BACK MAXI BRIDESMAID DRESS,77.4,129.0,40,True,55
2026-10-05,PLT,with code 10PLT PLUS BOOHOO PLUS ZEBRA ASYMMETRIC SKATER DRESS,24.0,32.0,25,True,55
2026-10-05,PLT,with code 10PLT KARENMILLEN TAILORED CHECK BELTED MINI DRESS,66.0,189.0,65,True,55
2026-10-05,PLT,with code 10PLT KARENMILLEN KNIT STRIPE LOW BACK BELTED MIDI DRESS,56.0,159.0,65,True,55
2026-10-05,PLT,with code 10PLT TALL BOOHOO TALL SLINKY RUCHED WRAP LONG SLEEVE MAXI DRESS,24.0,32.0,25,True,55
2026-10-05,PLT,with code 10PLT PLUS BOOHOO PLUS OVERSIZED DENIM SHIRT DRESS,22.5,30.0,25,True,55
2026-10-05,PLT,with code 10PLT WAREHOUSE BANDEAU BODICE PLEATED CHIFFON MIDI DRESS,47.0,79.0,41,True,55
2026-10-05,PLT,with code 10PLT BOOHOO HIGH NECK BUTTON FRONT LONG SLEEVE MIDAXI DRESS,21.0,28.0,25,True,55
2026-10-05,PLT,with code 10PLT DOROTHY PERKINS JACQUARD BUTTON FRONT LONG SLEEVE MIDI DRESS,49.5,55.0,10,True,55
2026-10-05,PLT,with code 10PLT KARENMILLEN PLUNGE NECKLINE VISCOSE CREPE RUCHED FRONT DRESS,69.0,139.0,50,True,55
2026-10-05,PLT,with code 10PLT PETITE KARENMILLEN PETITE TEXTURED SATEEN LACE HALTER NECK BELTED MIDI DRESS,100.0,199.0,50,True,55
2026-10-05,PLT,with code 10PLT PETITE COAST PETITE CREPE RUFFLE DRESS WITH LOW BACK,111.2,139.0,20,True,55
2026-10-05,PLT,with code 10PLT PETITE KARENMILLEN PETITE COTTON CUTWORK COLLARED WOVEN MINI DRESS,100.0,199.0,50,True,55
2026-10-05,PLT,with code 10PLT PLUS KARENMILLEN PLUS SIZE SCENIC PRINT COTTON SATEEN SHIRT DRESS,74.0,149.0,50,True,55
2026-10-05,PLT,with code 10PLT PETITE KARENMILLEN PETITE MONO GEO SILK COTTON WOVEN STRAPPY DRESS,80.0,229.0,65,True,55
2026-10-05,PLT,with code 10PLT COAST SCALLOP EMBELLISHED PLEATED MIDI DRESS,149.0,149.0,0,False,55
2026-10-05,PLT,with code 10PLT PETITE KARENMILLEN PETITE ESSENTIAL TECHNO SHIRT SLEEVE WOVEN SHIRT DRESS WITH GOLD HARDWARE,90.3,129.0,30,True,55
2026-10-05,PLT,with code 10PLT COAST COAST MUSE TIE SHOULDER EMBROIDERED MESH MIDI DRESS,100.0,139.0,28,True,55
2026-10-05,PLT,with code 10PLT KARENMILLEN TAILORED TOP STITCH DETAIL BELTED MIDI DRESS,59.0,169.0,65,True,55
2026-10-05,PLT,with code 10PLT COAST 3D FLORAL BARDOT MIDI DRESSS,149.0,149.0,0,False,55
2026-10-05,PLT,with code 10PLT COAST ONE SHOULDER TWILL GOWN WITH DIAMANTE BROOCH,89.1,99.0,10,True,55
2026-10-05,PLT,with code 10PLT OASIS LIGHT BLUE COWL HALTERNECK SATIN MAXI BRIDESMAID DRESS,63.2,79.0,20,True,55
2026-10-05,PLT,with code 10PLT OASIS SEQUIN COWL NECK MAXI WEDDING DRESS,80.1,89.0,10,True,55
2026-10-05,PLT,with code 10PLT KARENMILLEN SOFT TAILORED CONTRAST GODET DETAIL MIDI DRESS,92.0,229.0,60,True,55
2026-10-05,PLT,with code 10PLT KARENMILLEN COMPACT STRETCH STRAPPY ASYMMETRIC HEM MAXI DRESS,92.0,229.0,60,True,55
2026-10-05,PLT,with code 10PLT KARENMILLEN VOILE EMBROIDERED CUTWORK BALLOON SLEEVE WOVEN MAXI DRESS,105.0,299.0,65,True,55
2026-10-05,PLT,with code 10PLT KARENMILLEN COMPACT STRETCH TAILORED COLOUR BLOCK FULL SKIRTED MIDI DRESS,84.0,239.0,65,True,55
2026-10-05,PLT,with code 10PLT PLUS BOOHOO PLUS LACE DROP HEM RUCHED MAXI DRESS,21.0,28.0,25,True,55
2026-10-05,PLT,with code 10PLT COAST CAPE SLEEVE PENCIL V NECK MIDI DRESS,99.0,99.0,0,False,55
2026-10-05,PLT,with code 10PLT KARENMILLEN BRUSH STROKE PRINT TWILL WOVEN MAXI SHIRT DRESS,45.0,129.0,65,True,55
2026-10-05,PLT,with code 10PLT PETITE OASIS PETITE OCCASION SEQUIN FLARE SLEEVE MINI DRESS,53.1,59.0,10,True,55
2026-10-05,PLT,with code 10PLT PETITE KARENMILLEN PETITE MILITARY BUTTON DETAIL BANDAGE MAXI DRESS,111.3,159.0,30,True,55
2026-10-05,PLT,with code 10PLT TALL BOOHOO TALL RUCHED LONG SLEEVE DRAPE DETAIL MINI DRESS,22.5,30.0,25,True,55
2026-10-05,PLT,with code 10PLT PLUS BOOHOO PLUS LONG SLEEVE LACE T-SHIRT DRESS,18.75,25.0,25,True,55
2026-10-05,PLT,with code 10PLT COAST LACE SHIRT MINI BELTED DRESS,125.1,139.0,10,True,55
2026-10-05,PLT,with code 10PLT KARENMILLEN KNIT STITCH DETAIL SLEEVELESS MIDI DRESS,56.0,159.0,65,True,55
2026-10-05,PLT,with code 10PLT PETITE KARENMILLEN PETITE SOFT TAILORED COLOUR BLOCK DETAIL MIDI DRESS,99.0,199.0,50,True,55
2026-10-05,PLT,with code 10PLT KARENMILLEN COMPACT STRETCH BELTED SEAMED FULL SKIRTED MIDI DRESS,84.0,239.0,65,True,55
2026-10-05,PLT,with code 10PLT KARENMILLEN SCENIC PRINT COTTON SATEEN SHIRT DRESS,75.0,149.0,50,True,55
2026-10-05,PLT,with code 10PLT KARENMILLEN CRINKLE GEORGETTE STRAPPY BLUR PRINT WOVEN MIDI DRESS,124.0,249.0,50,True,55
2026-10-05,PLT,with code 10PLT PETITE COAST PETITE VELVET MINI DRESS SATIN PUFF SLEEVE,89.1,99.0,10,True,55
2026-10-05,PLT,with code 10PLT COAST BANDAGE LONG SLEEVE DRESS WITH PLEATED SKIRT,103.2,129.0,20,True,55
2026-10-05,PLT,with code 10PLT PETITE KARENMILLEN PETITE WOOL LOOK RIB DETAIL LONG SLEEVE KNITTED DRESS,90.3,129.0,30,True,55
2026-10-05,PLT,with code 10PLT PETITE KARENMILLEN PETITE MONO FLORAL PRINTED STUDDED DETAIL MAXI DRESS,70.0,199.0,65,True,55
2026-10-05,PLT,with code 10PLT PETITE KARENMILLEN PETITE POINTELLE FRILL SLEEVE KNIT MIDI DRESS,45.0,129.0,65,True,55
2026-10-05,PLT,with code 10PLT KARENMILLEN KNIT POINTELLE CONTRAST COLLARED MIDI DRESS,64.0,159.0,60,True,55
2026-10-05,PLT,with code 10PLT PETITE KARENMILLEN PETITE BEADED COWL DETAIL MAXI DRESS,165.0,329.0,50,True,55
2026-10-05,PLT,with code 10PLT COAST WRAP WAIST DETAIL HIGH NECK MIDI DRESS WITH CAPE,116.1,129.0,10,True,55
2026-10-05,PLT,with code 10PLT PLUS BOOHOO PLUS TONAL FLORAL LONG SLEEVE MAXI DRESS,16.5,22.0,25,True,55
2026-10-05,PLT,with code 10PLT KARENMILLEN COMPACT STRETCH SQUARE NECK KNITTED FLIPPY DRESS,45.0,129.0,65,True,55
2026-10-05,PLT,with code 10PLT PETITE KARENMILLEN PETITE LACE DETAIL STRAPPY MIDI DRESS,99.0,199.0,50,True,55
2026-10-05,PLT,with code 10PLT PLUS BOOHOO PLUS ANGEL SLEEVE MIDAXI DRESS,22.5,30.0,25,True,55
2026-10-05,PLT,with code 10PLT BOOHOO LINEN LOOK SHIRRED SKATER DRESS,8.0,22.0,64,True,55
2026-10-05,PLT,with code 10PLT COAST EMBROIDERED MESH PUFF SLEEVE PLEAT SKIRT MIDI DRESS,149.0,149.0,0,False,55
2026-10-05,PLT,with code 10PLT COAST PLEATED LACE MIDI DRESS,149.0,149.0,0,False,55
2026-10-05,PLT,with code 10PLT PLUS KARENMILLEN PLUS SIZE PLEATED BEAD DETAIL HALTERNECK MAXI DRESS,149.0,149.0,0,False,55
2026-10-05,PLT,with code 10PLT OASIS SATIN COWL NECK MAXI BRIDESMAID DRESS,20.0,89.0,78,True,55
2026-10-05,PLT,with code 10PLT BOOHOO HAMMERED BUTTON FRONT FITTED SHIRT DRESS,21.0,28.0,25,True,55
2026-10-05,PLT,with code 10PLT PETITE KARENMILLEN PETITE FLORAL STUDDED MAXI DRESS,139.3,199.0,30,True,55
2026-10-05,PLT,with code 10PLT COAST LISA TAN STRAPPY FULL SKIRTED JACQUARD MIDI DRESS,50.0,129.0,61,True,56
2026-10-05,PLT,with code 10PLT PETITE KARENMILLEN PETITE VISCOSE LINEN FLORAL PRINT WOVEN PROM DRESS,109.0,219.0,50,True,56
2026-10-05,PLT,with code 10PLT KARENMILLEN BANDAGE FIGURE FORM KNIT EMBELLISHED MAXI DRESS,84.0,169.0,50,True,56
2026-10-05,PLT,with code 10PLT BOOHOO ANIMAL PRINTED SQUARE NECK RUCHED MESH BODYCON DRESS,18.75,25.0,25,True,56
2026-10-05,PLT,with code 10PLT BOOHOO LEOPARD CHIFFON RUFFLE MAXI DRESS,27.0,36.0,25,True,56
2026-10-05,PLT,with code 10PLT BOOHOO LEOPARD CHIFFON RUFFLE SHIFT DRESS,23.25,31.0,25,True,56
2026-10-05,PLT,with code 10PLT PLT label BOOHOO OVERSIZED DENIM SHIRT DRESS,26.25,35.0,25,True,56
2026-10-05,PLT,with code 10PLT PLUS KARENMILLEN PLUS SIZE SEQUIN HALTER NECK HANKY HEM MAXI DRESS,84.0,169.0,50,True,56
2026-10-05,PLT,with code 10PLT PLUS BOOHOO PLUS BENGALINE CORSET LONG SLEEVE SKATER DRESS,20.0,30.0,33,True,56
2026-10-05,PLT,with code 10PLT PETITE DOROTHY PERKINS PETITE SHIRRED DETAIL BLOUSON SLEEVE MIDI DRESS,31.2,39.0,20,True,56
2026-10-05,PLT,with code 10PLT KARENMILLEN VISCOSE SATIN HALTER NECK MAXI DRESS,74.0,149.0,50,True,56
2026-10-05,PLT,with code 10PLT KARENMILLEN CONTRAST TOPSTITCH SEAM DETAIL MIDI DRESS,48.0,159.0,70,True,56
2026-10-05,PLT,with code 10PLT MISSPAP PREMIUM SATIN BOW BACK BIAS CUT BRIDESMAID DRESS,45.5,65.0,30,True,56
2026-10-05,PLT,with code 10PLT BOOHOO DOUBLE LAYER RUCHED BODICE FRONT SPLIT MAXI DRESS,10.0,30.0,67,True,56
2026-10-05,PLT,with code 10PLT PETITE KARENMILLEN PETITE DRAPEY CREPE MAXI DRESS WITH GATHERED CAPE DETAIL,75.0,149.0,50,True,56
2026-10-05,PLT,with code 10PLT COAST LONG SLEEVE BODYCON SEQUIN MIDI DRESS,95.2,119.0,20,True,56
2026-10-05,PLT,with code 10PLT OASIS MINI BOW BANDEAU MESH BRIDESMAID MAXI DRESS,89.1,99.0,10,True,56
2026-10-05,PLT,with code 10PLT PETITE KARENMILLEN PETITE PREMIUM COTTON TAILORED FABRIC BELTED BUCKLE MIDI DRESS,80.0,229.0,65,True,56
2026-10-05,PLT,with code 10PLT WAREHOUSE CHIFFON SHIRRED FRILL DETAIL HIGH NECK MIDI DRESS,20.0,69.0,71,True,56
2026-10-05,PLT,with code 10PLT PLUS COAST PLUS DRAPE SIDE CAP SLEEVE MIDI DRESS,28.0,119.0,76,True,56
2026-10-05,PLT,with code 10PLT BOOHOO TEXTURED SATIN HALTERNECK DRAPE DETAIL MINI DRESS,24.0,32.0,25,True,56
2026-10-05,PLT,with code 10PLT KARENMILLEN STRUCTURED CREPE TAILORED KEYHOLE ROUNDED A LINE MIDAXI DRESS,139.3,199.0,30,True,56
2026-10-05,PLT,with code 10PLT BOOHOO TONAL FLORAL CHIFFON RUFFLE MAXI DRESS,26.25,35.0,25,True,56
2026-10-05,PLT,with code 10PLT PLUS BOOHOO PLUS POLKA DOT VOLUME SLEEVE SATIN MIDAXI DRESS,21.0,28.0,25,True,56
2026-10-05,PLT,with code 10PLT BOOHOO BURNOUT FLORAL ANGEL SLEEVE MIDAXI DRESS,28.5,38.0,25,True,56
2026-10-05,PLT,with code 10PLT KARENMILLEN FIGURE FORM BANDAGE STRAPPY KNIT MAXI DRESS,104.3,149.0,30,True,56
2026-10-05,PLT,with code 10PLT COAST OFF THE SHOULDER WRAP SKIRT CREPE MIDI DRESS,129.0,129.0,0,False,56
2026-10-05,PLT,with code 10PLT PLUS COAST PLUS PLUNGE NECK WATERFALL ORGANZA JACQUARD MAXI DRESS,149.0,149.0,0,False,56
2026-10-05,PLT,with code 10PLT PLUS KARENMILLEN PLUS SIZE VISCOSE GEORGETTE ROSETTE RUFFLE HALTERNECK MAXI DRESS,94.0,189.0,50,True,56
2026-10-05,PLT,with code 10PLT PETITE KARENMILLEN PETITE SHORT SLEEVE PU TIPPED MILITARY BANDAGE MINI DRESS,79.0,159.0,50,True,56
2026-10-05,PLT,with code 10PLT KARENMILLEN TAILORED ROLL NECK PENCIL MIDI DRESS,70.0,199.0,65,True,56
2026-10-05,PLT,with code 10PLT BOOHOO BUTTON DOWN ASYMMETRIC MINI DRESS,7.0,24.0,71,True,56
2026-10-05,PLT,with code 10PLT PLUS BOOHOO PLUS PRINTED BUTTON DETAIL RUFFLE SLEEVE MAXI DRESS,28.5,38.0,25,True,56
2026-10-05,PLT,with code 10PLT PETITE COAST COAST HONOURED PETITE SATIN BACK CREPE V NECK TIE SHOULDER MAXI BRIDESMAID DRESS,25.0,129.0,81,True,56
2026-10-05,PLT,with code 10PLT KARENMILLEN VISCOSE BLEND SHEER DETAIL KNIT FLIPPY MINI DRESS,59.0,119.0,50,True,56
2026-10-05,PLT,with code 10PLT DOROTHY PERKINS JACQUARD MIDI SHIRT DRESS,31.2,39.0,20,True,56
2026-10-05,PLT,with code 10PLT PLUS BOOHOO PLUS FLORAL MESH ASYMMETRIC MAXI DRESS,26.25,35.0,25,True,56
2026-10-05,PLT,with code 10PLT PETITE KARENMILLEN PETITE VISCOSE GEORGETTE DROP HEM ANIMAL PRINT WOVEN HALTERNECK MAXI DRESS,99.0,199.0,50,True,56
2026-10-05,PLT,with code 10PLT WAREHOUSE EMBROIDERED BANDEAU MIDI DRESS,40.0,75.0,47,True,56
2026-10-05,PLT,with code 10PLT PLUS BOOHOO PLUS LINEN LOOK STRAPPY SHIRRED TIRED SMOCK DRESS,18.75,25.0,25,True,56
2026-10-05,PLT,with code 10PLT COAST SATIN DRAPE SHOULDER PLEATED SKIRT MIDI DRESS,116.1,129.0,10,True,56
2026-10-05,PLT,with code 10PLT PLUS BOOHOO PLUS CHIFFON PUFF SLEEVE RUFFLE MAXI DRESS,26.25,35.0,25,True,56
2026-10-05,PLT,with code 10PLT PLUS BOOHOO PLUS ZEBRA WRAP RUFFLE SKATER DRESS,13.5,18.0,25,True,56
2026-10-05,PLT,with code 10PLT DOROTHY PERKINS BLACK CHIFFON LONG SLEEVE SHIRRED WAIST MINI DRESS,28.0,35.0,20,True,56
2026-10-05,PLT,with code 10PLT KARENMILLEN LACE INSERT PINTUCK DETAIL MIDI DRESS,219.0,219.0,0,False,56
2026-10-05,PLT,with code 10PLT PLUS BOOHOO PLUS FLORAL RUCHED MINI SHIFT DRESS,21.0,28.0,25,True,56
2026-10-05,PLT,with code 10PLT KARENMILLEN COMPACT VISCOSE ASYMMETRIC DETAIL MINI DRESS,114.0,229.0,50,True,56
2026-10-05,PLT,with code 10PLT COAST SATIN SKIRT VELVET BODICE WITH CONTRAST BOW MAXI DRESS,69.3,99.0,30,True,56
2026-10-05,PLT,with code 10PLT COAST LACE NECK TRIM SHORT SLEEVE PENCIL MIDI DRESS,119.2,149.0,20,True,56
2026-10-05,PLT,with code 10PLT COAST V NECK SLEEVELESS BANDAGE MIDI DRESS,90.3,129.0,30,True,56
2026-10-05,PLT,with code 10PLT PETITE KARENMILLEN PETITE VISCOSE LINEN PALM TREE BELTED DROP WAIST WOVEN MIDI DRESS,94.0,189.0,50,True,56
2026-10-05,PLT,with code 10PLT KARENMILLEN FLORAL APPLIQUE STRUCTURED WOVEN MINI DRESS,69.3,99.0,30,True,56
2026-10-05,PLT,with code 10PLT COAST 3D CORSAGE STRUCTURED SATIN MAXI DRESS,134.1,149.0,10,True,56
2026-10-05,PLT,with code 10PLT KARENMILLEN PREMIUM VISCOSE LINEN BELTED WOVEN MIDAXI DRESS WITH GOLD HARDWARE DETAIL,56.0,159.0,65,True,56
2026-10-05,PLT,with code 10PLT KARENMILLEN EMBELLISHED COSY KNITTED MIDI DRESS,104.3,149.0,30,True,56
2026-10-05,PLT,with code 10PLT PETITE COAST PETITE CROSS OVER NECK PLEATED MIDI DRESS,129.0,129.0,0,False,56
2026-10-05,PLT,with code 10PLT COAST EMBROIDERED MAXI DRESS WITH GODET DETAIL,120.0,189.0,37,True,56
2026-10-05,PLT,with code 10PLT KARENMILLEN TAILORED LINEN TAB WAIST PENCIL MIDI DRESS,87.0,249.0,65,True,56
2026-10-05,PLT,with code 10PLT PLUS BOOHOO PLUS RUCHED BUST SKATER DRESS,21.0,28.0,25,True,56
2026-10-05,PLT,with code 10PLT KARENMILLEN STRUCTURED RUCHED DETAIL MIDI DRESS,63.0,179.0,65,True,56
2026-10-05,PLT,with code 10PLT PLUS BOOHOO PLUS POLKA DOT RUCHED DROP WAIST MAXI DRESS,24.0,32.0,25,True,56
2026-10-05,PLT,with code 10PLT PLUS BOOHOO PLUS BRODERIE SCALLOPPED NECK CORSET SKATER DRESS,17.0,28.0,39,True,56
2026-10-05,PLT,with code 10PLT TALL BOOHOO TALL HIGH NECK SEAM DETAIL KNITTED MINI JUMPER DRESS,18.75,25.0,25,True,56
2026-10-05,PLT,with code 10PLT COAST LISA TAN LACE PRINTED PLEATED MIDI DRESS,70.0,129.0,46,True,56
2026-10-05,PLT,with code 10PLT KARENMILLEN SATIN TWILL TRIM DETAIL STRUCTURED ASYMMETRIC NECK TAILORED MIDI DRESS,66.0,189.0,65,True,56
2026-10-05,PLT,with code 10PLT 1 COAST COAST HONOURED RUFFLE GEORGETTE MAXI BRIDESMAID DRESS,40.0,99.0,60,True,56
2026-10-05,PLT,with code 10PLT PETITE COAST COAST HONOURED PETITE PREMIUM CREPE PLUNGE NECK FISHTAIL WEDDING DRESS,134.1,149.0,10,True,56
2026-10-05,PLT,with code 10PLT COAST BOW WAIST DETAIL CAP SLEEVE MIDI DRESS,83.3,119.0,30,True,56
2026-10-05,PLT,with code 10PLT KARENMILLEN TAILORED FOLD DETAIL MIDI PENCIL DRESS,66.0,219.0,70,True,56
2026-10-05,PLT,with code 10PLT KARENMILLEN MARBLED PRINTED MESH JERSEY HIGH NECK MINI DRESS,39.0,79.0,51,True,56
2026-10-05,PLT,with code 10PLT PETITE KARENMILLEN PETITE GEO PRINT HAMMERED SATIN TIE WAIST WOVEN MIDI DRESS,59.0,119.0,50,True,56
2026-10-05,PLT,with code 10PLT KARENMILLEN VISCOSE RIB PU MIX TAB DETAIL PLEATED KNIT MIDI DRESS,59.0,169.0,65,True,56
2026-10-05,PLT,with code 10PLT PLUS KARENMILLEN PLUS SIZE COMPACT STRETCH COTTON MIX TAILORED FULL SKIRTED MIDI DRESS,80.0,229.0,65,True,56
2026-10-05,PLT,with code 10PLT COAST BOW BANDAGE MIDI DRESS,116.1,129.0,10,True,57
2026-10-05,PLT,with code 10PLT COAST SATIN RUCHED DETAIL OFF THE SHOULDER MAXI WEDDING DRESS,83.3,119.0,30,True,57
2026-10-05,PLT,with code 10PLT MATERNITY BOOHOO MATERNITY BARDOT RUCHED FLARE SLEEVE MAXI DRESS,21.0,28.0,25,True,57
2026-10-05,PLT,with code 10PLT DOROTHY PERKINS GREEN PATCHWORK FLUTTER SLEEVE FRILL YOKE PRINTED CHIFFON MIDAXI DRESS,22.0,45.0,51,True,57
2026-10-05,PLT,with code 10PLT PETITE KARENMILLEN PETITE TAFFETA TWILL PUFF SLEEVE MIDI DRESS,97.3,139.0,30,True,57
2026-10-05,PLT,with code 10PLT BOOHOO TAILORED TIE SHOULDER SKATER DRESS,14.0,35.0,60,True,57
2026-10-05,PLT,with code 10PLT COAST HIGH NECK CAPE GEORGETTE MIDI DRESS,30.0,99.0,70,True,57
2026-10-05,PLT,with code 10PLT PLT label COAST DEVORE MESH DRAPE SHOULDER BRIDESMAID MAXI DRESS,116.1,129.0,10,True,57
2026-10-05,PLT,with code 10PLT KARENMILLEN COMPACT STRETCH EMBELLISHED TRIM TAILORED BELTED MINI DRESS,104.0,259.0,60,True,57
2026-10-05,PLT,with code 10PLT KARENMILLEN SILK COTTON SCENIC PRINT BALLOON SLEEVE WOVEN MAXI DRESS,94.0,269.0,65,True,57
2026-10-05,PLT,with code 10PLT COAST V NECK FLORAL JACQUARD MIDI DRESS,99.0,99.0,0,False,57
2026-10-05,PLT,with code 10PLT COAST LONG PLEATED SLEEVE BLAZER WRAP MINI DRESS,116.1,129.0,10,True,57
2026-10-05,PLT,with code 10PLT BOOHOO BENGALINE MESH DETAIL HIGH NECK MIDAXI DRESS,21.0,28.0,25,True,57
2026-10-05,PLT,with code 10PLT DOROTHY PERKINS SHIRRED WAIST LONG SLEEVE MIDI DRESS,31.2,39.0,20,True,57
2026-10-05,PLT,with code 10PLT BOOHOO BEACH CROCHET CORSAGE DETAIL MAXI DRESS,14.0,32.0,56,True,57
2026-10-05,PLT,with code 10PLT KARENMILLEN COMPACT STRETCHED LACE DETAIL MIDI DRESS,125.0,249.0,50,True,57
2026-10-05,PLT,with code 10PLT KARENMILLEN SIGNATURE CREPE HANKY SEAM DETAIL MIDI DRESS,179.0,179.0,0,False,57
2026-10-05,PLT,with code 10PLT MISSPAP OPEN BACK MESH RUCHED MAXI DRESS,18.0,49.0,63,True,57
2026-10-05,PLT,with code 10PLT PETITE KARENMILLEN PETITE SOFT TAILORED HALTER NECK OPEN BACK MAXI DRESS,100.0,199.0,50,True,57
2026-10-05,PLT,with code 10PLT PETITE KARENMILLEN PETITE VISCOSE LINEN BELTED DROP WAIST WOVEN MIDI DRESS,89.0,179.0,50,True,57
2026-10-05,PLT,with code 10PLT KARENMILLEN COMPACT STRETCH TRIM DETAIL TAILORED MAXI DRESS,80.0,229.0,65,True,57
2026-10-05,PLT,with code 10PLT BOOHOO COLLARED BOUCLE KNITTED MINI JUMPER DRESS,22.5,30.0,25,True,57
2026-10-05,PLT,with code 10PLT COAST PONTE BARDOT MAXI WEDDING DRESS,116.1,129.0,10,True,57
2026-10-05,PLT,with code 10PLT KARENMILLEN BANDAGE HIGH NECK BUCKLE TRIM MIDI DRESS,45.0,129.0,65,True,57
2026-10-05,PLT,with code 10PLT BOOHOO DROPPED HEM DENIM DRESS,26.25,35.0,25,True,57
2026-10-05,PLT,with code 10PLT PETITE BOOHOO PETITE SCOOP NECK STRAPPY MAXI DRESS,11.25,15.0,25,True,57
2026-10-05,PLT,with code 10PLT PLUS BOOHOO PLUS DENIM ZIP UP SHIFT DRESS,24.75,33.0,25,True,57
2026-10-05,PLT,with code 10PLT NASTYGAL THE UTILITY DENIM SHORT SLEEVE BELTED SHIRT DRESS,27.3,39.0,30,True,57
2026-10-05,PLT,with code 10PLT BOOHOO TIE SHOULDER SQUARE NECK SKATER DRESS,16.5,22.0,25,True,57
2026-10-05,PLT,with code 10PLT COAST TWISTED HALTERNECK SATIN MAXI BRIDESMAID DRESS,40.0,99.0,60,True,57
2026-10-05,PLT,with code 10PLT WAREHOUSE PREMIUM SATIN DRAPED CAPE MINI DRESS,59.0,59.0,0,False,57
2026-10-05,PLT,with code 10PLT COAST SCALLOP DETAIL TWILL COLUMN WEDDING DRESS,69.3,99.0,30,True,57
2026-10-05,PLT,with code 10PLT BOOHOO SLASH NECK BUBBLE HEM MINI DRESS,16.5,22.0,25,True,57
2026-10-05,PLT,with code 10PLT BOOHOO LEOPARD PRINT RUCHED STRAPPY MINI DRESS,16.5,22.0,25,True,57
2026-10-05,PLT,with code 10PLT BOOHOO TEXTURED SEQUIN FLARED SLEEVE MINI DRESS,24.0,32.0,25,True,57
2026-10-05,PLT,with code 10PLT COAST BANDEAU MAXI GOWN WITH ROSE CORSAGE,89.1,99.0,10,True,57
2026-10-05,PLT,with code 10PLT WAREHOUSE PREMIUM SATIN OPEN BACK MAXI DRESS,35.0,75.0,53,True,57
2026-10-05,PLT,with code 10PLT KARENMILLEN DENIM CUT OUT LONG SLEEVE MIDI DRESS,118.3,169.0,30,True,57
2026-10-05,PLT,with code 10PLT COAST PARTY METALLIC LONG SLEEVE MINI DRESS,119.0,119.0,0,False,57
2026-10-05,PLT,with code 10PLT PETITE KARENMILLEN PETITE POLISHED TAILORED COWL NECK SLEEVELESS MIDI DRESS,77.0,219.0,65,True,57
2026-10-05,PLT,with code 10PLT COAST FLORAL EMBELLISHED CAPE MIDI DRESS,125.3,179.0,30,True,57
2026-10-05,PLT,with code 10PLT COAST ONE SHOULDER DRAPE WAIST ASYMMETRIC MIDI DRESS,99.0,99.0,0,False,57
2026-10-05,PLT,with code 10PLT KARENMILLEN BAROQUE PRINT BELT DETAIL VISCOSE MINI SHIRT DRESS,111.3,159.0,30,True,57
2026-10-05,PLT,with code 10PLT KARENMILLEN FIGURE FORM BANDAGE ANGEL SLEEVE KNIT MINI DRESS,139.0,139.0,0,False,57
2026-10-05,PLT,with code 10PLT COAST FLORAL EMBELLISHED TULLE WEDDING DRESS,174.3,249.0,30,True,57
2026-10-05,PLT,with code 10PLT KARENMILLEN PETAL PRINT ORGANZA MAXI SHIRT DRESS,111.3,159.0,30,True,57
2026-10-05,PLT,with code 10PLT TALL BOOHOO TALL SLASH NECK FLORAL PRINT GODET HEM MIDAXI DRESS,21.0,28.0,25,True,57
2026-10-05,PLT,with code 10PLT PETITE COAST PETITE SLEEVELESS BOW SHOULDER MIDI DRESS WITH BODICE,90.3,129.0,30,True,57
2026-10-05,PLT,with code 10PLT BOOHOO LARGE GOLD BUTTON TRIM BLAZER DRESS,11.0,40.0,73,True,57
2026-10-05,PLT,with code 10PLT PETITE COAST PETITE POLKA DOT TIERED ORGANZA MIDI DRESS,70.0,129.0,46,True,57
2026-10-05,PLT,with code 10PLT PETITE KARENMILLEN PETITE PUFF SLEEVE METALLIC TEXTURED MIDI DRESS,90.3,129.0,30,True,57
2026-10-05,PLT,with code 10PLT OASIS LONG SLEEVE PRINTED MESH MIDI DRESS,80.1,89.0,10,True,57
2026-10-05,PLT,with code 10PLT BOOHOO HALTER NECK DROPPED WRAP WAIST MAXI DRESS,21.0,28.0,25,True,57
2026-10-05,PLT,with code 10PLT COAST LONG SLEEVE FLORAL SEQUIN MAXI DRESS,149.0,149.0,0,False,57
2026-10-05,PLT,with code 10PLT OASIS STRAPPY V NECK MAXI WEDDING DRESS WITH SCARF,80.1,89.0,10,True,57
2026-10-05,PLT,with code 10PLT BOOHOO PLISSE HALTERNECK MINI DRESS,12.0,35.0,66,True,57
2026-10-05,PLT,with code 10PLT PETITE KARENMILLEN PETITE FRUIT PRINT TIE SHOULDER TWILL MINI DRESS,97.3,139.0,30,True,57
2026-10-05,PLT,with code 10PLT KARENMILLEN COTTON HALTERNECK WOVEN MIDI DRESS WITH DROPPED WAIST DETAIL,64.0,129.0,50,True,57
2026-10-05,PLT,with code 10PLT KARENMILLEN COMPACT STRETCH VISCOSE MAXI DRESS,91.0,259.0,65,True,57
2026-10-05,PLT,with code 10PLT PETITE KARENMILLEN PETITE SOFT TAILORED CHECK GODET DETAIL MIDI DRESS,80.0,229.0,65,True,57
2026-10-05,PLT,with code 10PLT KARENMILLEN BOTANICAL PRINT WOVEN BALLOON SLEEVE MAXI DRESS,70.0,199.0,65,True,57
2026-10-05,PLT,with code 10PLT COAST CAP SLEEVE PLEATED SKIRT MIDI WEDDING GUEST DRESS,129.0,129.0,0,False,57
2026-10-05,PLT,with code 10PLT COAST LISA TAN LACE PLEATED PRINTED MIDI DRESS,149.0,149.0,0,False,57
2026-10-05,PLT,with code 10PLT PETITE KARENMILLEN PETITE TECHNO COTTON WOVEN MAXI SHIRT DRESS WITH GOLD CLASPS,104.3,149.0,30,True,57
2026-10-05,PLT,with code 10PLT KARENMILLEN EMBELLISHED BOW MINI DRESS WITH EMBELLISHED DETAILING,90.3,129.0,30,True,57
2026-10-05,PLT,with code 10PLT PETITE KARENMILLEN PETITE FOREVER RIB KNIT MILITARY TRIM MAXI DRESS,83.3,119.0,30,True,57
2026-10-05,PLT,with code 10PLT MISSPAP FAUX LEATHER CUT OUT DETAIL MINI DRESS,31.5,45.0,30,True,57
2026-10-05,PLT,with code 10PLT DOROTHY PERKINS PONTE BUTTON POCKET DRESS,31.2,39.0,20,True,57
2026-10-05,PLT,with code 10PLT WAREHOUSE BEADED EMBROIDERED SLIP MINI DRESS,40.0,75.0,47,True,57
2026-10-05,PLT,with code 10PLT KARENMILLEN EMBROIDERED DETAIL HALTERNECK DRESS,77.0,219.0,65,True,57
2026-10-05,PLT,with code 10PLT BOOHOO BENGALINE LONG SLEEVE FULL SKIRT MINI DRESS,19.5,26.0,25,True,57
2026-10-05,PLT,with code 10PLT KARENMILLEN TWIST FRONT VISCOSE KNITTED BARDOT MIDI DRESS,90.3,129.0,30,True,57
2026-10-05,PLT,with code 10PLT BOOHOO FLORAL CHIFFON RUFFLE DETAIL MAXI DRESS,31.5,42.0,25,True,57
2026-10-05,PLT,with code 10PLT BOOHOO TEXTURED HALTERNECK BLOUSON MINI DRESS,8.0,25.0,68,True,57
2026-10-05,PLT,with code 10PLT KARENMILLEN TILE PRINT SILK COTTON VOLUME SLEEVE WOVEN MAXI DRESS,80.0,229.0,65,True,57
2026-10-05,PLT,with code 10PLT KARENMILLEN TEXTURED FLORAL WOVEN MIDI DRESS,54.0,179.0,70,True,57
2026-10-05,PLT,with code 10PLT DOROTHY PERKINS BLACK LACE DETAIL MINI DRESS,49.5,55.0,10,True,58
2026-10-05,PLT,with code 10PLT KARENMILLEN COTTON POPLIN TIE NECK MIDI DRESS,84.0,169.0,50,True,58
2026-10-05,PLT,with code 10PLT WAREHOUSE CHIFFON HIGH NECK TRAPEZE MAXI DRESS,41.0,69.0,41,True,58
2026-10-05,PLT,with code 10PLT KARENMILLEN PREMIUM VISCOSE LINEN TAILORED ASYMMETRIC NECK FULL SKIRTED MIDI DRESS,101.0,289.0,65,True,58
2026-10-05,PLT,with code 10PLT BOOHOO SHOULDER PAD DETAIL RUCHED WAIST MINI DRESS,16.5,22.0,25,True,58
2026-10-05,PLT,with code 10PLT PLUS BOOHOO PLUS TEXTURED FLARE SLEEVE MAXI DRESS,37.5,50.0,25,True,58
2026-10-05,PLT,with code 10PLT PLT label PETITE KARENMILLEN PETITE CRYSTAL TRIM VELVET MINI DRESS WITH HIGH NECK,139.0,139.0,0,False,58
2026-10-05,PLT,with code 10PLT PLUS BOOHOO PLUS GOLD TRIM RUCHED MIDAXI DRESS,28.5,38.0,25,True,58
2026-10-05,PLT,with code 10PLT PLUS BOOHOO PLUS BARDOT OFF THE SHOULDER MAXI DRESS,25.5,34.0,25,True,58
2026-10-05,PLT,with code 10PLT KARENMILLEN CRYSTAL EMBELLISHED MIDI DRESS,84.0,239.0,65,True,58
2026-10-05,PLT,with code 10PLT BOOHOO RIB GOLD BUTTON DETAIL BARDOT MAXI DRESS,21.0,28.0,25,True,58
2026-10-05,PLT,with code 10PLT PETITE BOOHOO PETITE LACE BABY DOLL FLARE SLEEVE MINI DRESS,12.0,35.0,66,True,58
2026-10-05,PLT,with code 10PLT BOOHOO OVERSIZED BUCKLE DETAIL TAILORED BLAZER DRESS,18.0,45.0,60,True,58
2026-10-05,PLT,with code 10PLT OASIS V NECK BUTTON DETAIL FLORAL MESH MIDI DRESS,99.0,99.0,0,False,58
2026-10-05,PLT,with code 10PLT KARENMILLEN STRIPE COLLARED WOVEN MIDI DRESS,90.0,179.0,50,True,58
2026-10-05,PLT,with code 10PLT MISSPAP HIGH NECK COWL BACK BRIDESMAID DRESS,49.0,70.0,30,True,58
2026-10-05,PLT,with code 10PLT KARENMILLEN DRAPEY CREPE MAXI DRESS WITH GATHERED CAPE DETAIL,74.0,149.0,50,True,58
2026-10-05,PLT,with code 10PLT PETITE COAST PETITE SATIN SKIRT VELVET BODICE WITH CONTRAST BOW DRESS,89.1,99.0,10,True,58
2026-10-05,PLT,with code 10PLT PETITE COAST LISA TAN PETITE TWILL BARDOT WAISTED MIDI WEDDING DRESS,77.4,129.0,40,True,58
2026-10-05,PLT,with code 10PLT COAST LISA TAN HALTERNECK TRAILING FLORAL MIDI DRESS,65.0,139.0,53,True,58
2026-10-05,PLT,with code 10PLT PLUS KARENMILLEN PLUS SIZE PETAL PRINT ORGANZA MAXI SHIRT DRESS,111.3,159.0,30,True,58
2026-10-05,PLT,with code 10PLT PETITE KARENMILLEN PETITE VISCOSE BLEND KNITTED SLEEVELESS MIDI DRESS,69.3,99.0,30,True,58
2026-10-05,PLT,with code 10PLT PETITE KARENMILLEN PETITE TAILORED LINEN BLEND CONTRAST STITCH MIDI DRESS,114.0,229.0,50,True,58
2026-10-05,PLT,with code 10PLT COAST JACQUARD SLEEVELESS MIDI DRESS WITH SATIN WAISTBAND,104.3,149.0,30,True,58
2026-10-05,PLT,with code 10PLT BOOHOO STRIPE CORSET DETAIL SHIRT DRESS,22.5,30.0,25,True,58
2026-10-05,PLT,with code 10PLT MISSPAP SQUARE NECK A LINE MIDI DRESS,42.0,60.0,30,True,58
2026-10-05,PLT,with code 10PLT PETITE KARENMILLEN PETITE ABSTRACT PRINT ORGANZA COLLARED MAXI DRESS,111.3,159.0,30,True,58
2026-10-05,PLT,with code 10PLT COAST V NECK FULL SKIRTED SLEEVELESS MIDI DRESS,129.0,129.0,0,False,58
2026-10-05,PLT,with code 10PLT BOOHOO BARREL SLEEVE CONCEALED BUTTON TAILORED DRESS,33.75,45.0,25,True,58
2026-10-05,PLT,with code 10PLT PETITE DOROTHY PERKINS PETITE DP LUXE STAR JACQUARD RUFFLE SHIFT MINI DRESS,12.0,55.0,78,True,58
2026-10-05,PLT,with code 10PLT BOOHOO BENGALINE WRAP FRONT RUCHED SHIRT DRESS,22.5,30.0,25,True,58
2026-10-05,PLT,with code 10PLT DOROTHY PERKINS PONTE HIGH NECK BUTTON MINI DRESS,31.2,39.0,20,True,58
2026-10-05,PLT,with code 10PLT KARENMILLEN FAUX LEATHER BELTED MIDI DRESS,104.3,149.0,30,True,58
2026-10-05,PLT,with code 10PLT PETITE KARENMILLEN PETITE VOILE EMBROIDERED CUTWORK BALLOON SLEEVE WOVEN MAXI DRESS,105.0,299.0,65,True,58
2026-10-05,PLT,with code 10PLT DOROTHY PERKINS SQUARE NECK BLOUSON SLEEVE VELVET MINI DRESS,35.1,39.0,10,True,58
2026-10-05,PLT,with code 10PLT COAST BARDOT FRINGE DETAIL BANDAGE MIDI DRESS,129.0,129.0,0,False,58
2026-10-05,PLT,with code 10PLT COAST CAPE SLEEVE WRAP SKIRT MIDI DRESS,107.1,119.0,10,True,58
2026-10-05,PLT,with code 10PLT PETITE COAST PETITE 3D CORSAGE HIGH LOW DRESS,107.1,119.0,10,True,58
2026-10-05,PLT,with code 10PLT MATERNITY BOOHOO MATERNITY MESH DITSY MIDAXI DRESS,18.75,25.0,25,True,58
2026-10-05,PLT,with code 10PLT PLUS BOOHOO PLUS DOUBLE LAYER ASYMMETRIC TRIM DETAIL MAXI DRERSS,21.0,28.0,25,True,58
2026-10-05,PLT,with code 10PLT BOOHOO TAILORED WRAP FRONT STRUCTURED BLAZER DRESS,19.0,45.0,58,True,58
2026-10-05,PLT,with code 10PLT COAST SLEEVELESS METALLIC PLEATED MAXI DRESS WITH PEPLUM,45.0,149.0,70,True,58
2026-10-05,PLT,with code 10PLT KARENMILLEN SATIN BACK CREPE TAILORED BARDOT MAXI DRESS,181.3,259.0,30,True,58
2026-10-05,PLT,with code 10PLT KARENMILLEN COMPACT STRETCH BUTTON TAILORED MIDI DRESS,77.0,219.0,65,True,58
2026-10-05,PLT,with code 10PLT COAST DROP WAIST DETAIL MAXI WEDDING DRESS,159.2,199.0,20,True,58
2026-10-05,PLT,with code 10PLT COAST SATIN PLEATED MIDI WRAP DRESS,50.0,129.0,61,True,58
2026-10-05,PLT,with code 10PLT PLUS BOOHOO OMBRE MESH ASYMMETRIC MAXI DRESS,14.0,35.0,60,True,58
2026-10-05,PLT,with code 10PLT PETITE BOOHOO PETITE LINEN LOOK VOLUME SLEEVE MINI DRESS,9.0,25.0,64,True,58
2026-10-05,PLT,with code 10PLT BOOHOO BENGALINE PLUNGE A-LINE MINI DRESS,15.75,21.0,25,True,58
2026-10-05,PLT,with code 10PLT PLUS KARENMILLEN PLUS SIZE CHECK TAILORED DRESS,139.3,199.0,30,True,58
2026-10-05,PLT,with code 10PLT KARENMILLEN CRYSTAL EMBELLISHED TIE DETAIL HALTER NECK MAXI DRESS,99.0,199.0,50,True,58
2026-10-05,PLT,with code 10PLT KARENMILLEN TEXTURED TAILORED TWILL BANDEAU MIDI DRESS,42.0,119.0,65,True,58
2026-10-05,PLT,with code 10PLT PETITE KARENMILLEN PETITE STRIPE SIDE TAB PENCIL MIDI DRESS,69.0,229.0,70,True,58
2026-10-05,PLT,with code 10PLT PETITE COAST PETITE PLACEMENT PRINT FRILL SLEEVE MIDI DRESS,40.0,129.0,69,True,58
2026-10-05,PLT,with code 10PLT PLUS KARENMILLEN PLUS SIZE DOUBLE BREASTED BELTED TIPPED TAILORED MIDI DRESS,114.0,229.0,50,True,58
2026-10-05,PLT,with code 10PLT COAST SCUBA MAXI WEDDING DRESS,89.1,99.0,10,True,58
2026-10-05,PLT,with code 10PLT PLUS BOOHOO PLUS STRAPPY SHIRRED SKATER DRESS,14.0,30.0,53,True,58
2026-10-05,PLT,with code 10PLT COAST VELVET HALTER NECK EMBELLISHED FLORAL MAXI DRESS,179.0,179.0,0,False,58
2026-10-05,PLT,with code 10PLT PETITE COAST PETITE SHORT SLEEVE JACQUARD MIDI DRESS WITH BELT,149.0,149.0,0,False,58
2026-10-05,PLT,with code 10PLT KARENMILLEN ROSETTE DETAIL VELVET MIDI DRESS,149.0,149.0,0,False,58
2026-10-05,PLT,with code 10PLT KARENMILLEN CRYSTAL EMBELLISHED LONG SLEEVE WOVEN MAXI DRESS,171.0,489.0,65,True,58
2026-10-05,PLT,with code 10PLT OASIS EMBELLISHED DRAPE BOW WEDDING MINI DRESS,80.1,89.0,10,True,58
2026-10-05,PLT,with code 10PLT KARENMILLEN COTTON LINEN 3D FLORAL MIDI DRESS,80.0,229.0,65,True,58
2026-10-05,PLT,with code 10PLT DOROTHY PERKINS JACQUARD RUFFLE WRAP LONG SLEEVE MIDI DRESS,49.5,55.0,10,True,58
2026-10-05,PLT,with code 10PLT KARENMILLEN WOVEN KNIT MIX PLEATED MIDI DRESS,45.0,129.0,65,True,58
2026-10-05,PLT,with code 10PLT BOOHOO STRAPPY MINI DRESS,8.0,20.0,60,True,58
2026-10-05,PLT,with code 10PLT KARENMILLEN CRYSTAL EMBELLISHED WOVEN THIGH SPLIT MAXI,116.0,289.0,60,True,58
2026-10-05,PLT,with code 10PLT DOROTHY PERKINS DP LUXE DIAMANTE SATIN PUFF SLEEVE MINI DRESS,47.2,59.0,20,True,58
2026-10-05,PLT,with code 10PLT KARENMILLEN PLEAT DETAIL PONTE KEYHOLE MIDI DRESS,90.3,129.0,30,True,58
2026-10-05,PLT,with code 10PLT COAST VELVET TUX MIDI DRESS WITH SATIN LAPEL,129.0,129.0,0,False,58
2026-10-05,PLT,with code 10PLT COAST SHORT SLEEVE BANDAGE MIDI DRESS,95.2,119.0,20,True,58
2026-10-05,PLT,with code 10PLT KARENMILLEN LACE SLEEVELESS WOVEN MIDI DRESS,48.0,119.0,60,True,58
2026-10-05,PLT,with code 10PLT COAST BANDEAU CREPE SATIN MAXI DRESS,134.1,149.0,10,True,58
2026-10-05,PLT,with code 10PLT KARENMILLEN EMBELLISHED FIGURE FORM BANDAGE SLEEVELESS KNIT MAXI DRESS,74.0,149.0,50,True,58
2026-10-05,PLT,with code 10PLT KARENMILLEN BANDAGE BANDEAU CONTRAST KNITTED MIDI DRESS,69.3,99.0,30,True,58
2026-10-05,PLT,with code 10PLT KARENMILLEN SUEDE TIE BELT MIDI DRESS,210.0,599.0,65,True,58
2026-10-05,PLT,with code 10PLT COAST LACE INSERT MIDI DRESS,119.0,119.0,0,False,59
2026-10-05,PLT,with code 10PLT DOROTHY PERKINS PINK DITSY CHIFFON PLEATED YOKE MINI DRESS,35.1,39.0,10,True,59
2026-10-05,PLT,with code 10PLT PETITE WAREHOUSE PETITE SHIMMER SATIN FOLDOVER BARDOT BIAS MIDI DRESS,69.0,69.0,0,False,59
2026-10-05,PLT,with code 10PLT OASIS EMERALD COWL HALTERNECK SATIN MAXI BRIDESMAID DRESS,79.0,79.0,0,False,59
2026-10-05,PLT,with code 10PLT COAST ASYMETRIC NECKLINE WITH BOW DETAIL CREPE MIDI WEDDING DRESS,69.3,99.0,30,True,59
2026-10-05,PLT,with code 10PLT MATERNITY BOOHOO MATERNITY MESH BARDOT MAXI DRESS,24.0,32.0,25,True,59
2026-10-05,PLT,with code 10PLT TALL BOOHOO TALL PLEATED CHIFFON HIGH NECK FLARE SLEEVE MINI DRESS,24.0,32.0,25,True,59
2026-10-05,PLT,with code 10PLT PLT label BOOHOO COTTON RUCHED WRAP SHIRT DRESS,12.0,30.0,60,True,59
2026-10-05,PLT,with code 10PLT PLUS BOOHOO PLUS LEOPARD RUFFLE MINI SKIRT SHIRT DRESS,24.0,32.0,25,True,59
2026-10-05,PLT,with code 10PLT BOOHOO SOFT KNIT SEAM DETAIL KNITTED MINI DRESS,15.0,20.0,25,True,59
2026-10-05,PLT,with code 10PLT DOROTHY PERKINS VELVET SEQUIN MINI DRESS,45.0,45.0,0,False,59
2026-10-05,PLT,with code 10PLT KARENMILLEN COMPACT STRETCH DROPPED WAIST FULL SKIRTED MIDI DRESS,91.0,259.0,65,True,59
2026-10-05,PLT,with code 10PLT PETITE OASIS PETITE VELVET ROSE PRINT MAXI DRESS,79.2,99.0,20,True,59
2026-10-05,PLT,with code 10PLT PETITE COAST PETITE LONG SLEEVE EMBROIDERED MAXI DRESS,70.0,159.0,56,True,59
2026-10-05,PLT,with code 10PLT KARENMILLEN SHEER VISCOSE GEORGETTE SKETCHY ANIMAL WOVEN COWL BACK MAXI DRESS,44.0,179.0,75,True,59
2026-10-05,PLT,with code 10PLT DOROTHY PERKINS DP LUXE SEQUIN STRAPPY MIDI DRESS,55.2,69.0,20,True,59
2026-10-05,PLT,with code 10PLT COAST PRINTED COTTON TWILL MINI DRESS,35.0,79.0,56,True,59
2026-10-05,PLT,with code 10PLT PETITE KARENMILLEN PETITE FIGURE FORM WOVEN BANDAGE MIX DRESS,45.0,129.0,65,True,59
2026-10-05,PLT,with code 10PLT COAST FLORAL PONTE EMBELLISHED MIDI DRESS,65.0,189.0,66,True,59
2026-10-05,PLT,with code 10PLT KARENMILLEN RIB KNIT TRIM DETAIL FULL SKIRT SHORT SLEEVE MIDI DRESS,52.0,129.0,60,True,59
2026-10-05,PLT,with code 10PLT PLUS KARENMILLEN PLUS SIZE BLURRED FLORAL CROSS DETAIL TULLE MAXI DRESS,118.3,169.0,30,True,59
2026-10-05,PLT,with code 10PLT COAST LACE SHORT SLEEVE COLLARED MIDI DRESS,149.0,149.0,0,False,59
2026-10-05,PLT,with code 10PLT KARENMILLEN CRYSTAL TRIM VELVET MINI DRESS WITH HIGH NECK,139.0,139.0,0,False,59
2026-10-05,PLT,with code 10PLT COAST SLEEVELESS LACE BODICE WITH SATIN SKIRT MIDI DRESS,119.2,149.0,20,True,59
2026-10-05,PLT,with code 10PLT PETITE OASIS PETITE METALLIC LACE DETAIL MIDI SLIP DRESS,52.0,65.0,20,True,59
2026-10-05,PLT,with code 10PLT PETITE COAST PETITE PLEATED DETAIL BODICE AND SKIRT SLEEVELESS MIDI DRESS,116.1,129.0,10,True,59
2026-10-05,PLT,with code 10PLT PLUS BOOHOO PLUS DOUBLE LAYER ASYMMETRIC TRIM DETAIL MAXI DRERSS,11.0,28.0,61,True,59
2026-10-05,PLT,with code 10PLT BOOHOO CREPE ASYM NECK SKATER MIDI DRESS,22.5,30.0,25,True,59
2026-10-05,PLT,with code 10PLT KARENMILLEN FLORAL APPLIQUE BELTED MIDI DRESS,78.0,259.0,70,True,59
2026-10-05,PLT,with code 10PLT PETITE KARENMILLEN PETITE TAFFETA ROSETTE NECK TAILORED PLEAT GATHERED MAXI DRESS,99.0,399.0,75,True,59
2026-10-05,PLT,with code 10PLT PETITE KARENMILLEN PETITE DOUBLE BREASTED BELTED TIPPED TAILORED MIDI DRESS,69.0,229.0,70,True,59
2026-10-05,PLT,with code 10PLT KARENMILLEN EMBELLISHED PLEATED WOVEN MAXI DRESS,108.0,309.0,65,True,59
2026-10-05,PLT,with code 10PLT OASIS SATIN BOW FRONT SQUARE NECK MINI DRESS,18.0,59.0,69,True,59
2026-10-05,PLT,with code 10PLT PLUS BOOHOO PLUS BLURRED FLORAL RUCHED MESH MAXI DRESS,24.0,32.0,25,True,59
2026-10-05,PLT,with code 10PLT BOOHOO RUCHED BUST DRAPE FRONT SATIN MAXI DRESS,26.25,35.0,25,True,59
2026-10-05,PLT,with code 10PLT PETITE KARENMILLEN PETITE FIGURE FORM BANDAGE FEATHER DETAIL BANDEAU KNIT MIDI DRESS,63.0,179.0,65,True,59
2026-10-05,PLT,with code 10PLT COAST WRAP FRONT SHORT SLEEVE MINI DRESS,79.2,99.0,20,True,59
2026-10-05,PLT,with code 10PLT BOOHOO BASIC SUPERSOFT ROLL NECK SLEEVELESS MINI DRESS,16.5,22.0,25,True,59
2026-10-05,PLT,with code 10PLT PETITE BOOHOO PETITE SLINKY TWIST DETAIL MAXI DRESS,21.75,29.0,25,True,59
2026-10-05,PLT,with code 10PLT PLUS BOOHOO PLUS PLISSE FLARED SLEEVE TIE SHIRT DRESS,18.75,25.0,25,True,59
2026-10-05,PLT,with code 10PLT MATERNITY BOOHOO MATERNITY ABSTRACT RUCHED MESH MAXI DRESS,21.0,28.0,25,True,59
2026-10-05,PLT,with code 10PLT BOOHOO LINEN LOOK TIE WAIST SLEEVELESS BLAZER DRESS,12.0,35.0,66,True,59
2026-10-05,PLT,with code 10PLT BOOHOO LEOPARD PRINT SHORT SLEEVE DENIM DRESS,26.25,35.0,25,True,59
2026-10-05,PLT,with code 10PLT MISSPAP SATIN COWL WRAP NECK MAXI BRIDESMAID DRESS,45.0,65.0,31,True,59
2026-10-05,PLT,with code 10PLT KARENMILLEN COMPACT STRETCH SEAM DETAIL TAILORED FULL SKIRTED MIDI DRESS,104.0,259.0,60,True,59
2026-10-05,PLT,with code 10PLT PETITE KARENMILLEN PETITE DRAMA RUFFLE ASYMMETRIC MIDI DRESS,42.0,119.0,65,True,59
2026-10-05,PLT,with code 10PLT BOOHOO CHIFFON FLORAL RUFFLE DETAIL ASYMMETRIC MIDI DRESS,20.0,30.0,33,True,59
2026-10-05,PLT,with code 10PLT BOOHOO BURNOUT DRAPED DETAIL MAXI DRESS,28.5,38.0,25,True,59
2026-10-05,PLT,with code 10PLT PETITE OASIS PETITE COWL BACK PREMIUM JERSEY MIDI DRESS,71.2,89.0,20,True,59
2026-10-05,PLT,with code 10PLT COAST EMBELLISHED CHIFFON MAXI DRESS,183.2,229.0,20,True,59
2026-10-05,PLT,with code 10PLT PETITE COAST PETITE BOW FRONT SHORT SLEEVE BANDAGE MIDI DRESS,149.0,149.0,0,False,59
2026-10-05,PLT,with code 10PLT PETITE KARENMILLEN PETITE JACQUARD ASYMMETRIC SLEEVE MIDI DRESSS,118.3,169.0,30,True,59
2026-10-05,PLT,with code 10PLT PETITE KARENMILLEN PETITE FLORAL APPLIQUE BELTED MIDI DRESS,129.0,259.0,50,True,59
2026-10-05,PLT,with code 10PLT PETITE KARENMILLEN PETITE FLORAL PRINT VISCOSE GEORGETTE CAPE SLEEVE RUFFLE WOVEN MAXI DRESS,153.3,219.0,30,True,59
2026-10-05,PLT,with code 10PLT PLUS BOOHOO PLUS WRAP FRONT SHIRT DRESS,19.5,26.0,25,True,59
2026-10-05,PLT,with code 10PLT COAST BARDOT WATERFALL CREPE MIDI DRESS,90.3,129.0,30,True,59
2026-10-05,PLT,with code 10PLT MISSPAP TAILORED DOUBLE BREASTED SLEEVELESS BLAZER DRESS,48.3,69.0,30,True,59
2026-10-05,PLT,with code 10PLT COAST PRINTED JACQUARD SHIRT DRESS WITH BELT,104.3,149.0,30,True,59
2026-10-05,PLT,with code 10PLT KARENMILLEN COTTON LINEN PRINTED 3D FLORAL BUBBLE HEM MIDI DRESS,84.0,239.0,65,True,59
2026-10-05,PLT,with code 10PLT PETITE COAST PETITE LACE FRILL SLEEVE HIGH NECK MIDI DRESS,99.0,99.0,0,False,59
2026-10-05,PLT,with code 10PLT MATERNITY BOOHOO MATERNITY VELVET SEQUIN WRAP MIDI DRESS,33.75,45.0,25,True,59
2026-10-05,PLT,with code 10PLT BOOHOO CRINKLE CHIFFON & LACE LAYERED MAXI DRESS,26.0,38.0,32,True,59
2026-10-05,PLT,with code 10PLT BOOHOO BENGALINE BANDEAU WITH POLKA DOT PRINTED MESH HEM,18.75,25.0,25,True,59
2026-10-05,PLT,with code 10PLT KARENMILLEN DRAMA FRILL MIDI DRESS,60.0,199.0,70,True,59
2026-10-05,PLT,with code 10PLT BOOHOO FLORAL ASYMMETRIC RUCHED MINI DRESS,22.5,30.0,25,True,59
2026-10-05,PLT,with code 10PLT BOOHOO SQUARE NECK EMBROIDERED STRAPPY SLIP DRESS,12.75,17.0,25,True,59
2026-10-05,PLT,with code 10PLT KARENMILLEN DENIM ZIP UP MIDI DRESS,104.3,149.0,30,True,59
2026-10-05,PLT,with code 10PLT PETITE OASIS PETITE MINI BOW BANDEAU MESH BRIDESMAID MAXI DRESS,69.3,99.0,30,True,59
2026-10-05,PLT,with code 10PLT COAST LISA TAN BANDAGE BODICE PLEAT SKIRT BOW DETAIL MIDI DRESS,69.3,99.0,30,True,59
2026-10-05,PLT,with code 10PLT OASIS PRINTED DROPPED CURVED WAIST LONG SLEEVE MAXI DRESS,32.0,65.0,51,True,59
2026-10-05,PLT,with code 10PLT COAST PLEATED LACE MIDI DRESS,70.0,149.0,53,True,59
2026-10-05,PLT,with code 10PLT BOOHOO FLORAL FLARED SLEEVE MESH MINI DRESS,21.0,28.0,25,True,59
2026-10-05,PLT,with code 10PLT COAST RUFFLE SHOULDER PIPED BANDAGE MIDI DRESS,129.0,129.0,0,False,59
2026-10-05,PLT,with code 10PLT KARENMILLEN TEXTURED COMPACT STRETCH TAILORED BELTED MINI DRESS,70.0,199.0,65,True,59
2026-10-05,PLT,with code 10PLT PLT label KARENMILLEN COTTON LINEN PRINTED 3D FLORAL BUBBLE HEM MIDI DRESS,84.0,239.0,65,True,60
2026-10-05,PLT,with code 10PLT KARENMILLEN PRINTED METALLIC FLORAL WOVEN MAXI DRESS,85.0,169.0,50,True,60
2026-10-05,PLT,with code 10PLT PETITE BOOHOO PETITE VELVET SEQUIN BOW BACK MINI DRESS,31.5,42.0,25,True,60
2026-10-05,PLT,with code 10PLT BOOHOO PLUNGE FRONT OPEN BACK SATIN MAXI DRESS,26.25,35.0,25,True,60
2026-10-05,PLT,with code 10PLT BOOHOO CHIFFON RUCHED WAIST PANELLED MINI DRESS,16.5,22.0,25,True,60
2026-10-05,PLT,with code 10PLT BOOHOO SATIN & LACE ASYMMETRIC SLIP DRESS,12.0,30.0,60,True,60
2026-10-05,PLT,with code 10PLT KARENMILLEN COMPACT STRETCH VISCOSE BANDEAU MAXI DRESS,80.0,229.0,65,True,60
2026-10-05,PLT,with code 10PLT PETITE KARENMILLEN PETITE VISCOSE GEORGETTE BUTTERFLY PRINT ROSETTE HALTERNECK MAXI DRESS,100.0,199.0,50,True,60
2026-10-05,PLT,with code 10PLT KARENMILLEN CUTWORK EMBROIDERED WOVEN MAXI DRESS WITH PLEATED GODETS,100.0,249.0,60,True,60
2026-10-05,PLT,with code 10PLT COAST CREPE WRAP WAIST PLEATED MIDI DRESS,90.0,119.0,24,True,60
2026-10-05,PLT,with code 10PLT KARENMILLEN ZEBRA JACQUARD KNIT FULL SKIRTED MIDI DRESS,104.3,149.0,30,True,60
2026-10-05,PLT,with code 10PLT COAST LISA TAN SATIN MIDI DRESS WITH BOW DETAIL,30.0,129.0,77,True,60
2026-10-05,PLT,with code 10PLT COAST PUFF SLEEVE STRUCTURED WEDDING DRESS,127.2,159.0,20,True,60
2026-10-05,PLT,with code 10PLT KARENMILLEN TWIST DETAIL VELVET JERSEY MAXI DRESS,139.0,139.0,0,False,60
2026-10-05,PLT,with code 10PLT KARENMILLEN GEORGETTE FEATHER EMBELLISHED HALTER NECK WOVEN MAXI DRESS,200.0,499.0,60,True,60
2026-10-05,PLT,with code 10PLT COAST HEAVILY EMBELLISHED MAXI DRESS,229.0,229.0,0,False,60
2026-10-05,PLT,with code 10PLT BOOHOO BLURRED FLORAL BARDOT TIE FRONT MINI DRESS,8.0,28.0,71,True,60
2026-10-05,PLT,with code 10PLT KARENMILLEN DRAPEY CREPE V NECK BACK SLEEVED MAXI DRESS,49.0,139.0,65,True,60
2026-10-05,PLT,with code 10PLT OASIS VELVET LONG SLEEVE MINI DRESS,55.2,69.0,20,True,60
2026-10-05,PLT,with code 10PLT BOOHOO LEOPARD FLORAL RUCHED BODICE MAXI DRESS,26.25,35.0,25,True,60
2026-10-05,PLT,with code 10PLT KARENMILLEN VISCOSE WOVEN COBALT FLORAL MINI DRESS,52.0,149.0,65,True,60
2026-10-05,PLT,with code 10PLT MISSPAP PREMIUM SATIN BOW BACK BIAS CUT BRIDESMAID DRESS,45.0,65.0,31,True,60
2026-10-05,PLT,with code 10PLT KARENMILLEN SILK COTTON FLORAL STRAPPY MIDI DRESS,60.0,199.0,70,True,60
2026-10-05,PLT,with code 10PLT OASIS BUTTER YELLOW ANGEL SLEEVE WRAP BODICE CHIFFON BRIDESMAID MAXI DRESS,69.0,69.0,0,False,60
2026-10-05,PLT,with code 10PLT KARENMILLEN TEXTURED RUFFLE WOVEN MIDI PROM DRESS,94.0,269.0,65,True,60
2026-10-05,PLT,with code 10PLT KARENMILLEN SPOT DRAPE DETAIL VISCOSE WOVEN MAXI DRESS,64.0,159.0,60,True,60
2026-10-05,PLT,with code 10PLT PETITE KARENMILLEN PETITE COLD SHOULDER 3D FLORAL APPLIQUE WOVEN MAXI DRESS,112.0,319.0,65,True,60
2026-10-05,PLT,with code 10PLT KARENMILLEN STRUCTURED SATIN FULL SKIRTED MIDI DRESS,125.3,179.0,30,True,60
2026-10-05,PLT,with code 10PLT COAST HALTER SATIN MIDI WEDDING DRESS WITH PEARL,104.3,149.0,30,True,60
2026-10-05,PLT,with code 10PLT TALL BOOHOO TALL BURNOUT FLORAL RUFFLE WRAP DRESS,22.5,30.0,25,True,60
2026-10-05,PLT,with code 10PLT KARENMILLEN LACE HALTER WOVEN MIDI DRESS,66.0,189.0,65,True,60
2026-10-05,PLT,with code 10PLT PLUS BOOHOO PLUS LACE ASYMMETRIC BARDOT SKATER DRESS,21.0,34.0,38,True,60
2026-10-05,PLT,with code 10PLT KARENMILLEN VISCOSE GEORGETTE CAPE SLEEVE RUFFLE WOVEN MAXI DRESS,84.0,169.0,50,True,60
2026-10-05,PLT,with code 10PLT KARENMILLEN CUTWORK AND EMBROIDERY LINEN VISCOSE WOVEN MAXI DRESS,105.0,299.0,65,True,60
2026-10-05,PLT,with code 10PLT KARENMILLEN STRUCTURED VISCOSE SATIN ANIMAL PRINT TAILORED PROM MINI DRESS,67.0,269.0,75,True,60
2026-10-05,PLT,with code 10PLT KARENMILLEN COTTON BORDER CUTWORK MAXI DRESS WITH LADDER LACE TRIM,105.0,299.0,65,True,60
2026-10-05,PLT,with code 10PLT KARENMILLEN EMBROIDERED COTTON TWILL WOVEN MAXI DRESS,70.0,199.0,65,True,60
2026-10-05,PLT,with code 10PLT KARENMILLEN DENIM PRINTED MIDI DRESS,56.0,159.0,65,True,60
2026-10-05,PLT,with code 10PLT PETITE COAST PETITE BOW SHOULDER BELTED LACE DRESS,30.0,109.0,72,True,60
2026-10-05,PLT,with code 10PLT PETITE KARENMILLEN PETITE EMBROIDERED ORGANDIE BALLOON WOVEN MINI DRESS,85.0,339.0,75,True,60
2026-10-05,PLT,with code 10PLT PLUS KARENMILLEN PLUS SIZE MARBLED PRINT MESH RUCHED MAXI DRESS,49.0,99.0,51,True,60
2026-10-05,PLT,with code 10PLT PETITE KARENMILLEN PETITE PREMIUM VISCOSE LINEN WOVEN MIDI DRESS WITH STUD DETAIL,70.0,199.0,65,True,60
2026-10-05,PLT,with code 10PLT COAST TWILL SLEEVELESS COLUMN BRIDESMAID DRESS WITH STATEMENT BOW BACK,79.2,99.0,20,True,60
2026-10-05,PLT,with code 10PLT KARENMILLEN SPOT PRINT PLEATED SLUB ORGANDIE PEPLUM WOVEN MAXI DRESS,99.0,199.0,50,True,60
2026-10-05,PLT,with code 10PLT COAST ONE SHOULDER MAXI DRESS IN LACE WITH CAPE SLEEVE,129.0,129.0,0,False,60
2026-10-05,PLT,with code 10PLT DOROTHY PERKINS DP HEN TIE SHOULDER DROPPED WAIST FLORAL MIDI DRESS,39.2,49.0,20,True,60
2026-10-05,PLT,with code 10PLT BOOHOO FLORAL TEXTURED CHIFFON LACE UP FRONT MINI DRESS,22.5,30.0,25,True,60
2026-10-05,PLT,with code 10PLT COAST DIAMANTE BOW DETAIL V NECK MINI DRESS,60.0,99.0,39,True,60
2026-10-05,PLT,with code 10PLT BOOHOO LONG SLEEVE CINCHED WAIST DENIM DRESS,24.0,32.0,25,True,60
2026-10-05,PLT,with code 10PLT PETITE KARENMILLEN PETITE CRYSTAL EMBELLISHED WOVEN MAXI DRESS WITH REMOVEABLE CAPE,489.0,489.0,0,False,60
2026-10-05,PLT,with code 10PLT PETITE KARENMILLEN PETITE HAND BEADED PLACEMENT CRYSTAL MINI DRESS,399.0,399.0,0,False,60
2026-10-05,PLT,with code 10PLT COAST 3D CORSAGE HALTERNECK DRAPE SATIN MAXI DRESS,129.0,129.0,0,False,60
2026-10-05,PLT,with code 10PLT PETITE COAST PETITE LACE BODICE SHORT SLEEVE SATIN SKIRT MIDI DRESS,139.0,139.0,0,False,60
2026-10-05,PLT,with code 10PLT COAST EMBROIDERED MESH LACE TRIM SHORT SLEEVE MIDI DRESS,149.0,149.0,0,False,60
2026-10-05,PLT,with code 10PLT COAST PLEATED SATIN MIDI DRESS,119.0,119.0,0,False,60
2026-10-05,PLT,with code 10PLT COAST PLEATED LONG SLEEVE EMBROIDERED BODICE HIGH NECK MIDI DRESS,139.0,139.0,0,False,60
2026-10-05,PLT,with code 10PLT PETITE KARENMILLEN PETITE CRYSTAL NECK TRIM VISCOSE RIBBED MAXI DRESS WITH GODETS,139.0,139.0,0,False,60
2026-10-05,PLT,with code 10PLT PETITE KARENMILLEN PETITE EMBROIDERED HALTERNECK PLEATED MIDI DRESS,299.0,299.0,0,False,60
2026-10-05,PLT,with code 10PLT COAST EMBROIDERED MESH SHORT CAPE SLEEVE MAXI DRESS,169.0,169.0,0,False,60
2026-10-05,PLT,with code 10PLT COAST SLEEVELESS JERSEY DRAPE DETAIL MIDI DRESS,89.0,89.0,0,False,60
2026-10-05,PLT,with code 10PLT KARENMILLEN RUFFLE DETAIL SATIN VISCOSE HALTERNECK MAXI DRESS,66.0,189.0,65,True,60
2026-10-05,PLT,with code 10PLT KARENMILLEN GEO PRINTED VISCOSE GEORGETTE PRINTED WOVEN MAXI SHIRT DRESS,56.0,159.0,65,True,60
2026-10-05,PLT,with code 10PLT PETITE OASIS PETITE OCCASION SEQUIN SHOULDER PAD MINI DRESS,53.1,59.0,10,True,61
2026-10-05,PLT,with code 10PLT OASIS VELVET BOW DETAIL CRYSTAL TRIM MINI DRESS,55.2,69.0,20,True,61
2026-10-05,PLT,with code 10PLT BOOHOO SQUARE NECK RUCHED MESH MIDI BODYCON DRESS,19.5,26.0,25,True,61
2026-10-05,PLT,with code 10PLT KARENMILLEN STRETCH DRAPEY CREPE RUCHED HANKY HEM MIDI DRESS,40.0,99.0,60,True,61
2026-10-05,PLT,with code 10PLT PETITE KARENMILLEN PETITE FIGURE FORM BANDAGE STRAPPY TASSEL HEM KNITTED DRESS,79.0,159.0,50,True,61
2026-10-05,PLT,with code 10PLT PLUS BOOHOO PLUS ABSTRACT RUCHED MINI SHIFT DRESS,21.0,28.0,25,True,61
2026-10-05,PLT,with code 10PLT PLT label BOOHOO LONG SLEEVE SKATER MINI DRESS,17.25,23.0,25,True,61
2026-10-05,PLT,with code 10PLT MATERNITY BOOHOO MATERNITY DOUBLE SLINKY RACKER NECK MAXI DRESS,21.0,28.0,25,True,61
2026-10-05,PLT,with code 10PLT PETITE KARENMILLEN PETITE JACQUARD DENIM FULL SKIRTED MIDI DRESS,63.0,179.0,65,True,61
2026-10-05,PLT,with code 10PLT KARENMILLEN LONG SLEEVE JERSEY MAXI DRESS,42.0,119.0,65,True,61
2026-10-05,PLT,with code 10PLT DOROTHY PERKINS BUBBLE SLEEVE TRIM DETAIL MIDI DRESS,12.0,39.0,69,True,61
2026-10-05,PLT,with code 10PLT BOOHOO FLARED SLEEVE LACE TRIM MINI DRESS,9.0,25.0,64,True,61
2026-10-05,PLT,with code 10PLT BOOHOO PUFF SLEEVE DENIM MINI DRESS,25.5,34.0,25,True,61
2026-10-05,PLT,with code 10PLT BOOHOO TEXTURED DRAPE WRAP FRONT MINI DRESS,7.0,22.0,68,True,61
2026-10-05,PLT,with code 10PLT KARENMILLEN CONTRAST STRIPE VISCOSE MAXI HALTER DRESS,51.0,169.0,70,True,61
2026-10-05,PLT,with code 10PLT KARENMILLEN VISCOSE LINEN PALM TREE BELTED DROP WAIST WOVEN MIDI DRESS,57.0,189.0,70,True,61
2026-10-05,PLT,with code 10PLT DOROTHY PERKINS TEAL RUCHED VELVET SEQUIN MINI DRESS,60.0,75.0,20,True,61
2026-10-05,PLT,with code 10PLT KARENMILLEN COMPACT STRETCH VISCOSE TIE NECK TAILORED FULL SKIRTED MIDI DRESS,87.0,249.0,65,True,61
2026-10-05,PLT,with code 10PLT COAST EMBROIDERED FLORAL BLOUSON BODICE PENCIL MIDI DRESS,179.0,179.0,0,False,61
2026-10-05,PLT,with code 10PLT COAST PEARL CAP SLEEVE PONTE MAXI DRESS,159.0,159.0,0,False,61
2026-10-05,PLT,with code 10PLT COAST BEADED STRAP COWL NECK WEDDING DRESS,134.1,149.0,10,True,61
2026-10-05,PLT,with code 10PLT KARENMILLEN COMPACT STRETCH RUFFLE PEPLUM BELTED PENCIL MIDI DRESS,80.0,229.0,65,True,61
2026-10-05,PLT,with code 10PLT KARENMILLEN FLORAL JACQUARD ASYMMETRIC NECK PENCIL DRESS,97.3,139.0,30,True,61
2026-10-05,PLT,with code 10PLT KARENMILLEN COMPACT STRETCH BANDEAU MINI DRESS,111.3,159.0,30,True,61
2026-10-05,PLT,with code 10PLT COAST ORGANZA PRINTED MIDI SHIRT DRESS,134.1,149.0,10,True,61
2026-10-05,PLT,with code 10PLT PETITE KARENMILLEN PETITE CRYSTAL EMBELLISHED COWL BACK MAXI DRESS,104.0,259.0,60,True,61
2026-10-05,PLT,with code 10PLT MATERNITY BOOHOO MATERNITY SLEEVELESS CROCHET MAXI BEACH DRESS,22.5,30.0,25,True,61
2026-10-05,PLT,with code 10PLT COAST SLEEVELESS V BACK VELVET EMBELLISHED MIDI DRESS,199.0,199.0,0,False,61
2026-10-05,PLT,with code 10PLT COAST WRAP WAIST DETAIL PLEATED V NECK MAXI DRESS WITH SPLIT,134.1,149.0,10,True,61
2026-10-05,PLT,with code 10PLT COAST BODICE FULL SKIRT WEDDING DRESS,195.3,279.0,30,True,61
2026-10-05,PLT,with code 10PLT PLUS BOOHOO PLUS FLORAL RUFFLE MAXI DRESS,25.5,34.0,25,True,61
2026-10-05,PLT,with code 10PLT BOOHOO SLINKY TRIM DETAIL ASYMMETRIC MINI DRESS,9.0,25.0,64,True,61
2026-10-05,PLT,with code 10PLT PLUS BOOHOO PLUS T SHIRT MINI DRESS,13.5,18.0,25,True,61
2026-10-05,PLT,with code 10PLT KARENMILLEN COMPACT STRETCH SWEETHEART NECKLINE MIDI DRESS,84.0,239.0,65,True,61
2026-10-05,PLT,with code 10PLT KARENMILLEN TAILORED SATIN KEYHOLE CUT OUT MIDI DRESS,42.0,119.0,65,True,61
2026-10-05,PLT,with code 10PLT BOOHOO RUCHED TAILORED A-LINE DRESS,21.75,29.0,25,True,61
2026-10-05,PLT,with code 10PLT COAST PETITE EMBROIDERED LONG SLEEVE BELTED MIDI DRESS,70.0,169.0,59,True,61
2026-10-05,PLT,with code 10PLT BOOHOO BASIC RIB RACER NECK MAXI,11.25,15.0,25,True,61
2026-10-05,PLT,with code 10PLT PLUS BOOHOO PLUS RUCHED BODICE ASYM NECK MAXI DRESS,26.25,35.0,25,True,61
2026-10-05,PLT,with code 10PLT COAST COAST HONOURED DRAPE ONE SHOULDER SATIN MAXI BRIDESMAID DRESS,95.2,119.0,20,True,61
2026-10-05,PLT,with code 10PLT 1 COAST PONTE BARDOT MAXI DRESS,129.0,129.0,0,False,61
2026-10-05,PLT,with code 10PLT COAST PRINTED SATIN JACQUARD TWIST FRONT MIDI DRESS,90.3,129.0,30,True,61
2026-10-05,PLT,with code 10PLT BOOHOO PREMIUM BANDAGE TRIM DETAIL HALTER MINI DRESS,30.0,40.0,25,True,61
2026-10-05,PLT,with code 10PLT PETITE WAREHOUSE PETITE CHIFFON CUT OUT WAIST RUFFE MAXI DRESS,35.0,65.0,46,True,61
2026-10-05,PLT,with code 10PLT COAST EMBELLISHED MAXI WEDDING DRESS WITH GODET PLEATS,125.3,179.0,30,True,61
2026-10-05,PLT,with code 10PLT COAST LISA TAN TWILL VOLUME BELTED MIDI DRESS,35.0,139.0,75,True,61
2026-10-05,PLT,with code 10PLT PLUS BOOHOO PLUS FLORAL PRINT HALTER NECK MAXI DRESS,24.0,32.0,25,True,61
2026-10-05,PLT,with code 10PLT PETITE KARENMILLEN PETITE ORGANZA COLLARED MAXI DRESS,111.3,159.0,30,True,61
2026-10-05,PLT,with code 10PLT PETITE KARENMILLEN PETITE LONG SLEEVE SLINKY DRAPE RUCHED DETAIL MAXI DRESS,129.0,129.0,0,False,61
2026-10-05,PLT,with code 10PLT COAST ORGANZA LACE TRIM MIDI DRESS,149.0,149.0,0,False,61
2026-10-05,PLT,with code 10PLT DOROTHY PERKINS GATHERED WAISTBAND DETAIL CHIFFON MINI DRESS,28.0,35.0,20,True,61
2026-10-05,PLT,with code 10PLT COAST HIGH NECK BEADED COLUMN MIDI DRESS,179.0,179.0,0,False,61
2026-10-05,PLT,with code 10PLT PLUS BOOHOO PLUS BASIC RIB RACER NECK MIDI DRESS,15.0,20.0,25,True,61
2026-10-05,PLT,with code 10PLT PETITE COAST PETITE COAST MUSE PLEATED CAPE DETAIL METALLIC MAXI DRESS WITH TIE,129.0,129.0,0,False,61
2026-10-05,PLT,with code 10PLT KARENMILLEN SHIRRED V NECK TRIM DETAIL WOVEN MIDI DRESS,63.0,179.0,65,True,61
2026-10-05,PLT,with code 10PLT KARENMILLEN PRINTED POPLIN PLEATED MIDI DRESS,51.0,169.0,70,True,61
2026-10-05,PLT,with code 10PLT PETITE WAREHOUSE PETITE SATIN KNOT FRONT CUT OUT MIDI DRESS,69.0,69.0,0,False,61
2026-10-05,PLT,with code 10PLT COAST PRINTED LONG SLEEVE V NECK PEPLUM MIDI DRESS,90.3,129.0,30,True,61
2026-10-05,PLT,with code 10PLT KARENMILLEN LINEN BLEND BEADED CUTWORK STRAPPY MIDI DRESS,90.0,299.0,70,True,61
2026-10-05,PLT,with code 10PLT MISSPAP SATIN COWL WRAP NECK MAXI DRESS,45.5,65.0,30,True,61
2026-10-05,PLT,with code 10PLT COAST V NECK ORGANZA LACE FULL SKIRTED MIDI DRESS,110.0,129.0,15,True,61
2026-10-05,PLT,with code 10PLT MATERNITY BOOHOO MATERNITY FRILL SLEEVE MIDAXI DRESS,18.75,25.0,25,True,61
2026-10-05,PLT,with code 10PLT COAST CHIFFON CAPE PENCIL DRESS,99.0,99.0,0,False,61
2026-10-05,PLT,with code 10PLT TALL BOOHOO TALL CHIFFON RUFFLE FLOOR SWEEPING MAXI DRESS,22.5,30.0,25,True,61
2026-10-05,PLT,with code 10PLT PLUS BOOHOO PLUS SOFT RIB RUFFLE HEM SMOCK DRESS,11.25,15.0,25,True,61
2026-10-05,PLT,with code 10PLT BOOHOO HALTERNECK TIE BACK PUFF BALL MINI DRESS,13.0,38.0,66,True,61
2026-10-05,PLT,with code 10PLT BOOHOO BARRELL SLEEVE CONCEALED BUTTON BLAZER DRESS,31.5,42.0,25,True,61
2026-10-05,PLT,with code 10PLT KARENMILLEN JERSEY CREPE DRAPED DETAIL MAXI DRESS,129.0,129.0,0,False,61
2026-10-05,PLT,with code 10PLT KARENMILLEN CRYSTAL EMBELLISHED WOVEN DRAPE DETAIL MAXI DRESS,133.0,379.0,65,True,61
2026-10-05,PLT,with code 10PLT KARENMILLEN DENIM TAILORED BELTED COLLARED FULL MIDI DRESS,101.0,169.0,40,True,61
2026-10-05,PLT,with code 10PLT COAST CORSAGE PLEATED PENCIL DRESS,40.0,119.0,66,True,61
2026-10-05,PLT,with code 10PLT BOOHOO LINEN LOOK VOLUME SLEEVE TIERED MIDAXI DRESS,13.0,26.0,50,True,61
2026-10-05,PLT,with code 10PLT OASIS COLD SHOULDER MESH BRIDESMAID MAXI DRESS,80.1,89.0,10,True,61
2026-10-05,PLT,with code 10PLT MISSPAP CHIFFON SPOT SHOULDER PAD MINI DRESS,10.0,45.0,78,True,61
2026-10-05,PLT,with code 10PLT TALL KARENMILLEN TALL EMBROIDERED APPLIQUE STRAPPY MIDI DRESS,97.0,389.0,75,True,61
2026-10-05,PLT,with code 10PLT COAST BANDAGE LONG SLEEVE PEPLUM BELTED MIDI DRESS WITH JEWEL TRIM,116.1,129.0,10,True,61
2026-10-05,PLT,with code 10PLT KARENMILLEN POINTELLE FRILL SLEEVE KNIT MIDI DRESS,45.0,129.0,65,True,61
2026-10-05,PLT,with code 10PLT KARENMILLEN ROSE EMBROIDERED COTTON TWILL WOVEN SHIRT DRESS WITH EYELETS,105.0,299.0,65,True,62
2026-10-05,PLT,with code 10PLT PETITE COAST PETITE SLEEVELESS RUFFLE PLEAT SATIN BACK CREPE DRESS,50.0,129.0,61,True,62
2026-10-05,PLT,with code 10PLT PLUS BOOHOO PLUS V NECK SKATER DRESS,19.0,28.0,32,True,62
2026-10-05,PLT,with code 10PLT PLUS BOOHOO PLUS LEOPARD RUFFLE SMOCK DRESS,18.75,25.0,25,True,62
2026-10-05,PLT,with code 10PLT KARENMILLEN BAROQUE BALLOON SLEEVE MAXI DRESS,70.0,199.0,65,True,62
2026-10-05,PLT,with code 10PLT BOOHOO TAILORED SCARF DETAIL SHOULDER PAD BLAZER DRESS,16.0,48.0,67,True,62
2026-10-05,PLT,with code 10PLT KARENMILLEN HIGH NECK TIE DETAIL ASYMMETRIC MIDI DRESS,83.3,119.0,30,True,62
2026-10-05,PLT,with code 10PLT PLT label BOOHOO TEXTURED SATIN HALTERNECK DRAPE DETAIL MINI DRESS,24.0,32.0,25,True,62
2026-10-05,PLT,with code 10PLT KARENMILLEN SOFT TAILORED COLOUR BLOCK DETAIL MIDI DRESS,70.0,199.0,65,True,62
2026-10-05,PLT,with code 10PLT KARENMILLEN SHEER VISCOSE GEORGETTE SKETCHY FLORAL DEEP V WOVEN HALTER NECK DRESS,50.0,199.0,75,True,62
2026-10-05,PLT,with code 10PLT DOROTHY PERKINS BUTTON FRONT FRILL SLEEVE MIDAXI DRESS,18.0,42.0,57,True,62
2026-10-05,PLT,with code 10PLT PLUS BOOHOO PLUS V NECK LONG SLEEVE KNITTED MAXI DRESS,21.0,28.0,25,True,62
2026-10-05,PLT,with code 10PLT PETITE DOROTHY PERKINS PETITE BERRY DITSY FRILL SHOULDER MIDI DRESS,28.0,35.0,20,True,62
2026-10-05,PLT,with code 10PLT BOOHOO HIGH NECK STRUCTURED TAILORED MINI DRESS,23.25,31.0,25,True,62
2026-10-05,PLT,with code 10PLT KARENMILLEN DOUBLE PEPLUM HEM LACE MIDI DRESS,179.0,179.0,0,False,62
2026-10-05,PLT,with code 10PLT COAST LISA TAN SCARF DETAIL LACE MIDI DRESS WITH GODETS,50.0,99.0,49,True,62
2026-10-05,PLT,with code 10PLT KARENMILLEN BANDAGE KNIT CONTRAST CROSS FRONT DRESS,97.3,139.0,30,True,62
2026-10-05,PLT,with code 10PLT PLUS BOOHOO PLUS SUPER SOFT FLOATY SLEEVE SKATER DRESS,16.5,22.0,25,True,62
2026-10-05,PLT,with code 10PLT BOOHOO CHIFFON FLORAL FLARED SLEEVE MINI DRESS,22.5,30.0,25,True,62
2026-10-05,PLT,with code 10PLT BOOHOO SUPER SOFT KNOT WAIST MINI DRESS,15.0,20.0,25,True,62
2026-10-05,PLT,with code 10PLT COAST PLEATED NECKLINE BELTED CREPE MIDI DRESS,79.2,99.0,20,True,62
2026-10-05,PLT,with code 10PLT PETITE BOOHOO PETITE BASIC 3/4 SLEEVE V NECK MINI DRESS,13.5,18.0,25,True,62
2026-10-05,PLT,with code 10PLT COAST EMBROIDERED FLORAL MIDI DRESS,159.0,159.0,0,False,62
2026-10-05,PLT,with code 10PLT COAST VELVET CAPE DETAIL MAXI DRESS,99.0,99.0,0,False,62
2026-10-05,PLT,with code 10PLT TALL BOOHOO TALL SLINKY RUCHED WRAP MAXI DRESS,22.5,30.0,25,True,62
2026-10-05,PLT,with code 10PLT PLUS BOOHOO PLUS SOFT RIB HIGH NECK SKATER DRESS,15.0,20.0,25,True,62
2026-10-05,PLT,with code 10PLT OASIS SLASH NECK SLEEVE DETAIL JUMPER DRESS,39.2,49.0,20,True,62
2026-10-05,PLT,with code 10PLT KARENMILLEN EMBELLISHED ONE SHOULDER PRINTED MAXI DRESS,90.0,299.0,70,True,62
2026-10-05,PLT,with code 10PLT PETITE KARENMILLEN PETITE WOOL LOOK MILITARY DOUBLE BREASTED KNITTED DRESS,75.0,149.0,50,True,62
2026-10-05,PLT,with code 10PLT PLUS DOROTHY PERKINS PLUS ANGEL SLEEVE LACE TRIM MIDI DRESS,18.0,42.0,57,True,62
2026-10-05,PLT,with code 10PLT KARENMILLEN DENIM SLEEVELESS MIDI BUTTON DETAIL MIDI DRESS,45.0,129.0,65,True,62
2026-10-05,PLT,with code 10PLT KARENMILLEN KNITTED MIDI DRESS WITH PU DETAILING,74.0,149.0,50,True,62
2026-10-05,PLT,with code 10PLT KARENMILLEN BANDAGE FIGURE FORM CUT OUT KNITTED MIDI DRESS,129.0,129.0,0,False,62
2026-10-05,PLT,with code 10PLT PETITE COAST PETITE STRAPLESS SATIN MINI WEDDING DRESS WITH HEM PEARL TRIM,119.0,119.0,0,False,62
2026-10-05,PLT,with code 10PLT BOOHOO PREMIUM JERSEY TIE FRONT T SHIRT DRESS,18.0,26.0,31,True,62
2026-10-05,PLT,with code 10PLT MISSPAP TAILORED BARDOT BLAZER MINI DRESS,26.0,70.0,63,True,62
2026-10-05,PLT,with code 10PLT NASTYGAL FLORAL LACE OVERLAY HALTER NECK MINI DRESS,24.5,35.0,30,True,62
2026-10-05,PLT,with code 10PLT KARENMILLEN TAILORED PUFF SLEEVE TRIM V NECK DETAIL MINI DRESS,42.0,119.0,65,True,62
2026-10-05,PLT,with code 10PLT BOOHOO CORD MILKMAID SKATER DRESS,21.0,28.0,25,True,62
2026-10-05,PLT,with code 10PLT COAST NOTCH NECK DETAIL TWILL MIDI DRESS,79.2,99.0,20,True,62
2026-10-05,PLT,with code 10PLT MATERNITY BOOHOO MATERNITY BLURRED FLORAL PRINT MESH RUCHED DETAIL LONG SLEEVE MIDAXI DRESS,21.0,28.0,25,True,62
2026-10-05,PLT,with code 10PLT OASIS OCCASION VELVET HIGH NECK MIDI DRESS,47.2,59.0,20,True,62
2026-10-05,PLT,with code 10PLT KARENMILLEN COTTON CUTWORK TWILL WOVEN MINI DRESS,66.0,219.0,70,True,62
2026-10-05,PLT,with code 10PLT NASTYGAL EMBELLISHED GRID LACE UP FRONT MINI DRESS,104.3,149.0,30,True,62
2026-10-05,PLT,with code 10PLT COAST LISA TAN CAP SLEEVE JACQUARD FULL SKIRTED MIDI DRESS,77.4,129.0,40,True,62
2026-10-05,PLT,with code 10PLT PLUS BOOHOO PLUS BENGALINE RUCHED BUBBLE HEM MINI DRESS,18.75,25.0,25,True,62
2026-10-05,PLT,with code 10PLT MATERNITY BOOHOO MATERNITY TEXTURED BUTTON DETAIL MAXI DRESS,15.75,21.0,25,True,62
2026-10-05,PLT,with code 10PLT PLUS KARENMILLEN PLUS SIZE TAILORED PINSTRIPE COLLARED MAXI DRESS,129.0,259.0,50,True,62
2026-10-05,PLT,with code 10PLT PLUS BOOHOO PLUS RUFFLE WRAP DETAIL MAXI DRESS,24.0,32.0,25,True,62
2026-10-05,PLT,with code 10PLT PLUS BOOHOO PLUS SLASH NECK DRAPE SIDE DRESS,21.0,28.0,25,True,62
2026-10-05,PLT,with code 10PLT PLUS BOOHOO PLUS TEXTURED CHIFFON GODET HEM MINI DRESS,19.5,26.0,25,True,62
2026-10-05,PLT,with code 10PLT BOOHOO BEACH CROCHET GOLD STARFISH TRIM STRAPPY MAXI DRESS,14.0,30.0,53,True,62
2026-10-05,PLT,with code 10PLT BOOHOO BASIC ASYMMETRIC NECKLINE MIDI DRESS,16.5,22.0,25,True,62
2026-10-05,PLT,with code 10PLT BOOHOO COLLARLESS DRAPE DETAIL BLAZER DRESS,13.0,40.0,68,True,62
2026-10-05,PLT,with code 10PLT MISSPAP PREMIUM PANELLED BONDED SATIN DRESS,15.0,79.0,81,True,62
2026-10-05,PLT,with code 10PLT PETITE BOOHOO PETITE HIGH NECK SUPER SOFT KNITTED MINI DRESS,13.5,18.0,25,True,62
2026-10-05,PLT,with code 10PLT MATERNITY BOOHOO MATERNITY RUCHED BODICE ASYM NECK MAXI DRESS,26.25,35.0,25,True,62
2026-10-05,PLT,with code 10PLT PLUS BOOHOO PLUS SLEEVE DENIM MINI DRESS,26.25,35.0,25,True,62
2026-10-05,PLT,with code 10PLT PETITE KARENMILLEN PETITE CONTRAST WAVE KNIT A-LINE KNITTED STRAPPY DRESS,56.0,159.0,65,True,62
2026-10-05,PLT,with code 10PLT COAST LISA TAN MEGA BOW TWILL MIDI DRESS,30.0,149.0,80,True,62
2026-10-05,PLT,with code 10PLT PETITE DOROTHY PERKINS PETITE FLORAL TIE DETAIL DROP HEM PRINTED MINI DRESS,15.0,39.0,62,True,62
2026-10-05,PLT,with code 10PLT PETITE COAST PETITE PRINTED FLORAL MESH MIDAXI DRESS,149.0,149.0,0,False,62
2026-10-05,PLT,with code 10PLT COAST PLACEMENT PRINT COLLARED SHIRT DRESS,116.1,129.0,10,True,62
2026-10-05,PLT,with code 10PLT BOOHOO CHIFFON CAPE DETAIL CORSET MINI DRESS,33.75,45.0,25,True,62
2026-10-05,PLT,with code 10PLT COAST SLEEVELESS BUTTON DETAIL SATIN SKIRT MIDI DRESS,119.0,119.0,0,False,62
2026-10-05,PLT,with code 10PLT COAST BELTED VELVET MIDI DRESS,129.0,129.0,0,False,62
2026-10-05,PLT,with code 10PLT PETITE KARENMILLEN PETITE PHOTOGRAPHIC FLORAL CRINKLE GEORGETTE HIGH NECK COLD SHOULDER WOVEN MAXI DRESS,159.0,159.0,0,False,62
2026-10-05,PLT,with code 10PLT KARENMILLEN ASYMMETRIC DRAPE SATIN BACK CREPE TAILORED MAXI DRESS,119.0,239.0,50,True,62
2026-10-05,PLT,with code 10PLT BOOHOO POLKA DOT BANDEAU PEP HEM MIDAXI DRESS,16.5,22.0,25,True,62
2026-10-05,PLT,with code 10PLT COAST PLEATED FRONT ONE SHOULDER GOWN,129.0,129.0,0,False,62
2026-10-05,PLT,with code 10PLT PLUS BOOHOO PLUS PUFF SLEEVE SKATER DRESS,26.25,35.0,25,True,62
2026-10-05,PLT,with code 10PLT BOOHOO VOLUME SLEEVE MILKMAID MIDAXI DRESS,21.0,28.0,25,True,62
2026-10-05,PLT,with code 10PLT PLUS BOOHOO PLUS GOLD BUTTON WAISTCOAT DRESS,12.0,35.0,66,True,62
2026-10-05,PLT,with code 10PLT KARENMILLEN VISCOSE RIB CONTRAST COLOUR BUTTON KNIT MIDI DRESS,89.0,179.0,50,True,62
2026-10-05,PLT,with code 10PLT TALL BOOHOO TALL SOFT KNIT OVERSIZED KNITTED ZIP NECK JUMPER DRESS,16.5,22.0,25,True,62
2026-10-05,PLT,with code 10PLT PLUS COAST PLUS SIZE STRUCTURED SATIN FULL SKIRT WEDDING DRESS,89.4,149.0,40,True,63
2026-10-05,PLT,with code 10PLT KARENMILLEN COTTON CUTWORK STRAPPY WOVEN MIDI DRESS,72.0,239.0,70,True,63
2026-10-05,PLT,with code 10PLT BOOHOO PREMIUM BANDAGE LACE TRIM MINI DRESS,30.0,40.0,25,True,63
2026-10-05,PLT,with code 10PLT DOROTHY PERKINS DP LUXE BRONZE MULTI SEQUIN MINI DRESS,71.2,89.0,20,True,63
2026-10-05,PLT,with code 10PLT BOOHOO SQUARE NECK TAILORED MINI DRESS,21.0,28.0,25,True,63
2026-10-05,PLT,with code 10PLT DOROTHY PERKINS DP LUXE VELVET DOUBLE FLUTTER COLOUR BLOCK MIDI DRESS,39.2,49.0,20,True,63
2026-10-05,PLT,with code 10PLT PETITE KARENMILLEN PETITE FLORAL PRINT COTTON SATEEN SHIRT MIDI DRESS,79.0,159.0,50,True,63
2026-10-05,PLT,with code 10PLT PLT label PETITE KARENMILLEN PETITE TEXTURED SATIN RUFFLE DETAIL MIDI DRESS,74.0,149.0,50,True,63
2026-10-05,PLT,with code 10PLT PETITE KARENMILLEN PETITE VISCOSE BLEND SHEER SKIRT MAXI KNIT DRESS,49.0,139.0,65,True,63
2026-10-05,PLT,with code 10PLT PLUS KARENMILLEN PLUS SIZE MULTI FLUID STRIPE COTTON MIX WOVEN HALTER DRESS,84.0,169.0,50,True,63
2026-10-05,PLT,with code 10PLT COAST LISA TAN COLLARED PRINTED MIDI DRESS,40.0,139.0,71,True,63
2026-10-05,PLT,with code 10PLT KARENMILLEN GRAPHIC FLORAL PRINT COTTON SATEEN WOVEN HALTER DRESS,52.0,149.0,65,True,63
2026-10-05,PLT,with code 10PLT DOROTHY PERKINS ORANGE ANIMAL PUFF SLEEVE WAISTED MIDI DRESS,20.0,39.0,49,True,63
2026-10-05,PLT,with code 10PLT BOOHOO FAUX SUEDE PANELLED SHIFT DRESS,10.0,35.0,71,True,63
2026-10-05,PLT,with code 10PLT PLUS BOOHOO PLUS RUCHED WAIST GOLD TRIM MIDAXI DRESS,26.25,35.0,25,True,63
2026-10-05,PLT,with code 10PLT PETITE KARENMILLEN PETITE TILE PRINT SATIN VISCOSE HALTERNECK MAXI DRESS,100.0,199.0,50,True,63
2026-10-05,PLT,with code 10PLT PETITE BOOHOO PETITE SMUDGE PRINT RUFFLE WOVEN WRAP DRESS,11.62,15.5,25,True,63
2026-10-05,PLT,with code 10PLT MISSPAP TAILORED DOUBLE BREASTED BLAZER DRESS,48.3,69.0,30,True,63
2026-10-05,PLT,with code 10PLT BOOHOO VOLUME SLEEVE FIT & FLARE MINI DRESS,10.0,22.0,55,True,63
2026-10-05,PLT,with code 10PLT BOOHOO TAILORED A LINE MINI DRESS WITH LONG SLEEVES,22.5,30.0,25,True,63
2026-10-05,PLT,with code 10PLT KARENMILLEN BEADED COWL DETAIL MAXI DRESS,165.0,329.0,50,True,63
2026-10-05,PLT,with code 10PLT PETITE KARENMILLEN PETITE TAFFETA RUFFLE DETAIL MIDI DRESS,89.0,179.0,50,True,63
2026-10-05,PLT,with code 10PLT KARENMILLEN FOREVER STRIPE COTTON POPLIN DRAMA SLEEVE WOVEN WRAP DETAIL SHIRT DRESS,104.3,149.0,30,True,63
2026-10-05,PLT,with code 10PLT MISSPAP PREMIUM SATIN BOW BACK DETAIL BRIDESMAIDS DRESS,41.0,59.0,31,True,63
2026-10-05,PLT,with code 10PLT KARENMILLEN SATIN PLEATED WOVEN MIDI DRESS,59.0,169.0,65,True,63
2026-10-05,PLT,with code 10PLT PETITE WAREHOUSE PETITE CORSAGE DETAIL PANELLED MAXI SPOT DRESS,79.0,79.0,0,False,63
2026-10-05,PLT,with code 10PLT PETITE KARENMILLEN PETITE STRIPE STRAPPY WOVEN MIDI DRESS,85.0,169.0,50,True,63
2026-10-05,PLT,with code 10PLT COAST NOTCH NECK FLORAL BORDER PRINT JACQUARD MIDI DRESS,119.2,149.0,20,True,63
2026-10-05,PLT,with code 10PLT KARENMILLEN TAILORED DENIM TRENCH BELTED FULL SKIRTED MIDI DRESS,195.3,279.0,30,True,63
2026-10-05,PLT,with code 10PLT BOOHOO BOLERO DRAPE MINI DRESS,21.0,28.0,25,True,63
2026-10-05,PLT,with code 10PLT KARENMILLEN VISCOSE WOVEN PRINTED COWL NECK MIDI DRESS,38.0,109.0,65,True,63
2026-10-05,PLT,with code 10PLT PETITE KARENMILLEN PETITE SOFT TAILORED HALTER NECK OPEN BACK MAXI DRESS,199.0,199.0,0,False,63
2026-10-05,PLT,with code 10PLT KARENMILLEN KNIT POINTELLE STITCH DETAIL MIDI DRESS,64.0,129.0,50,True,63
2026-10-05,PLT,with code 10PLT KARENMILLEN LACE UP DETAIL KNITTED HALTER CROSS FRONT MAXI DRESS,111.3,159.0,30,True,63
2026-10-05,PLT,with code 10PLT COAST ASYMMETRIC NECKLINE SCUBA CREPE BLACK TIE MAXI DRESS,99.0,99.0,0,False,63
2026-10-05,PLT,with code 10PLT PLUS BOOHOO PLUS COTTON ELASTANE TIE DETAIL MINI DRESS,18.75,25.0,25,True,63
2026-10-05,PLT,with code 10PLT PLUS BOOHOO PLUS POLKA DOT SATIN LACE PANEL ANGEL SLEEVE MAXI DRESS,31.5,42.0,25,True,63
2026-10-05,PLT,with code 10PLT KARENMILLEN TECHNO COTTON WOVEN SHORT SHIRT DRESS WITH GOLD CLASP,49.0,99.0,51,True,63
2026-10-05,PLT,with code 10PLT BOOHOO LONG SLEEVE BARDOT STRUCTURED SKATER DRESS,26.25,35.0,25,True,63
2026-10-05,PLT,with code 10PLT BOOHOO OFF THE SHOULDER WRAP FRONT MINI DRESS,18.75,25.0,25,True,63
2026-10-05,PLT,with code 10PLT BOOHOO BANDEAU RUCHED BUBBLE HEM MINI DRESS,10.0,25.0,60,True,63
2026-10-05,PLT,with code 10PLT BOOHOO HALLOWEEN SKELETON PRINT T-SHIRT DRESS,11.25,15.0,25,True,63
2026-10-05,PLT,with code 10PLT OASIS WINE COWL HALTERNECK SATIN MAXI BRIDESMAID DRESS,63.2,79.0,20,True,63
2026-10-05,PLT,with code 10PLT COAST LONG SLEEVE FLARE SLEEVE COWL BACK SEQUIN WEDDING DRESS,199.0,199.0,0,False,63
2026-10-05,PLT,with code 10PLT KARENMILLEN PREMIUM TAILORED LINEN HIGH NECK ONE SHOULDER FULL MIDI DRESS,101.0,289.0,65,True,63
2026-10-05,PLT,with code 10PLT KARENMILLEN COTTON POPLIN CROSS OVER HALTER NECK WOVEN MIDI DRESS,48.0,159.0,70,True,63
2026-10-05,PLT,with code 10PLT BOOHOO SLINKY TRIM DETAIL RUCHED MAXI DRESS,14.0,28.0,50,True,63
2026-10-05,PLT,with code 10PLT DOROTHY PERKINS BRONZE RUCHED VELVET SEQUIN MINI DRESS,60.0,75.0,20,True,63
2026-10-05,PLT,with code 10PLT PETITE DOROTHY PERKINS PETITE JACQUARD MIDI SHIRT DRESS,35.1,39.0,10,True,63
2026-10-05,PLT,with code 10PLT PETITE KARENMILLEN PETITE SPRING TWEED TAILORED MINI DRESS,49.0,199.0,75,True,63
2026-10-05,PLT,with code 10PLT KARENMILLEN MARBLED PRINT MESH RUCHED MAXI DRESS,40.0,99.0,60,True,63
2026-10-05,PLT,with code 10PLT PETITE KARENMILLEN PETITE SOFT TAILORED CONTRAST GODET DETAIL MIDI DRESS,92.0,229.0,60,True,63
2026-10-05,PLT,with code 10PLT KARENMILLEN VISCOSE CREPE CHAIN PRINT LONG SLEEVE MIDI DRESS,49.0,139.0,65,True,63
2026-10-05,PLT,with code 10PLT BOOHOO SLEEVELESS SEAM DETAIL DENIM MINI DRESS,24.0,32.0,25,True,63
2026-10-05,PLT,with code 10PLT NASTYGAL GINGHAM ASYMMETRIC NECK TAILORED DRESS,34.3,49.0,30,True,63
2026-10-05,PLT,with code 10PLT PLUS BOOHOO PLUS SLEEVELESS BOW DETAIL SKATER DRESS,18.75,25.0,25,True,63
2026-10-05,PLT,with code 10PLT PLUS BOOHOO PLUS PUFF SLEEVE SMOCK DRESS,21.0,28.0,25,True,63
2026-10-05,PLT,with code 10PLT BOOHOO MESH BLURRED FLORAL COWL NECK MAXI DRESS,24.0,32.0,25,True,63
2026-10-05,PLT,with code 10PLT KARENMILLEN VISCOSE SATIN FLORAL PRINT ASYMMETRIC SHOULDER MAXI DRESS,72.0,179.0,60,True,63
2026-10-05,PLT,with code 10PLT COAST SATIN FRINGE HEM WRAP WAIST MIDI DRESS,119.0,119.0,0,False,63
2026-10-05,PLT,with code 10PLT KARENMILLEN FLORAL APPLIQUE CORSET DETAIL WOVEN MIDI DRESS,139.3,199.0,30,True,63
2026-10-05,PLT,with code 10PLT KARENMILLEN CUTWORK EMBROIDERY WOVEN MIDI PROM DRESS,78.0,259.0,70,True,63
2026-10-05,PLT,with code 10PLT NASTYGAL SATIN FLORAL RUFFLE MINI DRESS,20.3,29.0,30,True,63
2026-10-05,PLT,with code 10PLT COAST SHORT SLEEVE CREPE MIDI DRESS WITH LACE PLEATED SKIRT,119.2,149.0,20,True,63
2026-10-05,PLT,with code 10PLT PETITE OASIS PETITE FLORAL EMBELLISHED MESH ANGEL SLEEVE MAXI DRESS,40.0,129.0,69,True,63
2026-10-05,PLT,with code 10PLT PETITE KARENMILLEN PETITE BOTANICAL EMBROIDERY ORGANDIE ANGEL SLEEVE MIDI DRESS,120.0,299.0,60,True,63
2026-10-05,PLT,with code 10PLT BOOHOO SUPER SOFT DRAPE FRONT MINI DRESS,19.5,26.0,25,True,63
2026-10-05,PLT,with code 10PLT COAST FLORAL OVERLAY HIGH LOW WEDDING DRESS WITH TRAIN,179.1,199.0,10,True,63
2026-10-05,PLT,with code 10PLT COAST CROSS OVER DETAIL CREPE PENCIL MIDI DRESS,90.3,129.0,30,True,63
2026-10-05,PLT,with code 10PLT PETITE COAST PETITE EMBROIDERED MESH LACE TRIM SHORT SLEEVE MIDI DRESS,134.1,149.0,10,True,63
2026-10-05,PLT,with code 10PLT KARENMILLEN SLEEVELESS TULLE MAXI DRESS,111.3,159.0,30,True,63
2026-10-05,PLT,with code 10PLT KARENMILLEN FRUIT PRINT EMBELLISHED COLLAR TWILL MIDI DRESS,125.3,179.0,30,True,63
2026-10-05,PLT,with code 10PLT KARENMILLEN FEATHER FIGURE FORM BANDAGE KNIT MAXI DRESS,56.0,159.0,65,True,63
2026-10-05,PLT,with code 10PLT KARENMILLEN VISCOSE BLEND RIB KNIT CHIFFON SLEEVE MIDI DRESS,69.3,99.0,30,True,63
2026-10-05,PLT,with code 10PLT PLUS BOOHOO PLUS GOLD BUTTON SLEEVELESS SKATER SHIRT DRESS,24.0,32.0,25,True,63
2026-10-05,PLT,with code 10PLT COAST FEATHER SHOULDER DETAIL V NECK SATIN MAXI DRESS,50.0,149.0,66,True,64
2026-10-05,PLT,with code 10PLT COAST CAP SLEEVE PEARL EMBELLISHED PENCIL DRESS,132.3,189.0,30,True,64
2026-10-05,PLT,with code 10PLT BOOHOO BRUSHED RIB WRAP MINI DRESS,18.75,25.0,25,True,64
2026-10-05,PLT,with code 10PLT KARENMILLEN STUD DETAIL MAXI DRESS,259.0,259.0,0,False,64
2026-10-05,PLT,with code 10PLT KARENMILLEN MODAL DROP WAIST MIDI DRESS,80.0,199.0,60,True,64
2026-10-05,PLT,with code 10PLT TALL KARENMILLEN TALL TAILORED DRAPEY BODICE ASYMMETRIC MIDI DRESS,55.0,219.0,75,True,64
2026-10-05,PLT,with code 10PLT PLT label PETITE KARENMILLEN PETITE COTTON POPLIN TIE NECK MIDI DRESS,84.0,169.0,50,True,64
2026-10-05,PLT,with code 10PLT COAST LACE HEM CROSS FRONT HALTER SATIN DRESS,99.0,99.0,0,False,64
2026-10-05,PLT,with code 10PLT COAST EMBELLISHED LONG SLEEVE FLORAL MAXI DRESS,199.0,199.0,0,False,64
2026-10-05,PLT,with code 10PLT BOOHOO BENGALINE GODET HEM MINI DRESS,19.5,26.0,25,True,64
2026-10-05,PLT,with code 10PLT PETITE KARENMILLEN PETITE BLOCK COLOUR RACKED RIB KNITTED MIDI DRESS,64.0,129.0,50,True,64
2026-10-05,PLT,with code 10PLT PLUS BOOHOO PLUS COWL BACK FULL SKIRT MIDI DRESS,22.5,30.0,25,True,64
2026-10-05,PLT,with code 10PLT KARENMILLEN COLD SHOULDER 3D FLORAL APPLIQUE WOVEN MAXI DRESS,112.0,319.0,65,True,64
2026-10-05,PLT,with code 10PLT COAST PLACEMENT PRINT WRAP FRONT MAXI DRESS,134.1,149.0,10,True,64
2026-10-05,PLT,with code 10PLT NASTYGAL THE DENIM HALTERNECK WAISTCOAT DRESS,27.3,39.0,30,True,64
2026-10-05,PLT,with code 10PLT WAREHOUSE STRAPLESS STRUCTURED BODICE SATIN MIDI DRESS,79.0,79.0,0,False,64
2026-10-05,PLT,with code 10PLT BOOHOO BENGALINE MESH DETAIL PLUNGE FRONT MINI DRESS,16.5,22.0,25,True,64
2026-10-05,PLT,with code 10PLT PETITE BOOHOO PETITE SOFT KNIT SEAM DETAIL KNITTED MINI DRESS,15.0,20.0,25,True,64
2026-10-05,PLT,with code 10PLT OASIS DROP WAIST BUTTON UP DENIM MIDI DRESS,28.0,55.0,49,True,64
2026-10-05,PLT,with code 10PLT PLUS BOOHOO PLUS DENIM UTILITY BELT SHIFT DRESS,25.5,34.0,25,True,64
2026-10-05,PLT,with code 10PLT KARENMILLEN VISCOSE CREPE ABSTRACT HALTER NECK MIDI DRESS,42.0,119.0,65,True,64
2026-10-05,PLT,with code 10PLT WAREHOUSE POLKA DOT COCOON SLEEVE TAILORED MINI DRESS,75.0,75.0,0,False,64
2026-10-05,PLT,with code 10PLT PLUS COAST PLUS SATIN WRAP MIDI DRESS WITH FRINGE DETAIL,83.3,119.0,30,True,64
2026-10-05,PLT,with code 10PLT KARENMILLEN ANIMAL SILK COTTON PLUNGE MAXI DRESS,80.0,229.0,65,True,64
2026-10-05,PLT,with code 10PLT COAST LISA TAN EMBROIDERED MESH MIDI DRESS,65.0,139.0,53,True,64
2026-10-05,PLT,with code 10PLT PETITE KARENMILLEN PETITE TEXTURED COMPACT STRETCH HIGH NECK BELTED MINI DRESS,77.0,219.0,65,True,64
2026-10-05,PLT,with code 10PLT PETITE KARENMILLEN PETITE CRINKLE GEORGETTE STRAPPY BLUR PRINT WOVEN MIDI DRESS,124.0,249.0,50,True,64
2026-10-05,PLT,with code 10PLT KARENMILLEN CRINKLE GEORGETTE FLORAL PRINT HALTER NECK WOVEN MAXI DRESS,114.0,229.0,50,True,64
2026-10-05,PLT,with code 10PLT KARENMILLEN HAND EMBELLISHED GEORGETTE MINI DRESS,139.3,199.0,30,True,64
2026-10-05,PLT,with code 10PLT COAST BOW SHOULDER CREPE MIDI DRESS,129.0,129.0,0,False,64
2026-10-05,PLT,with code 10PLT COAST CHIFFON CAPE PENCIL MIDI DRESS,99.0,99.0,0,False,64
2026-10-05,PLT,with code 10PLT COAST LACE BODICE PEPLUM MIDI DRESS,149.0,149.0,0,False,64
2026-10-05,PLT,with code 10PLT WAREHOUSE FLORAL PRINT PINTUCK AND RUFFLE MIDI DRESS,42.0,79.0,47,True,64
2026-10-05,PLT,with code 10PLT BOOHOO BEACHWEAR ESSENTIALS POLKA DOT MAXI DRESS,8.0,20.0,60,True,64
2026-10-05,PLT,with code 10PLT KARENMILLEN TAILORED LINEN BLEND CONTRAST STITCH MIDI DRESS,115.0,229.0,50,True,64
2026-10-05,PLT,with code 10PLT PLUS BOOHOO PLUS SOFT TOUCH RUFFLE DETAIL MAXI DRESS,26.25,35.0,25,True,64
2026-10-05,PLT,with code 10PLT COAST EMBELLISHED CAPE MAXI DRESS,80.0,169.0,53,True,64
2026-10-05,PLT,with code 10PLT WAREHOUSE BARDOT GATHERED SEAM DETAIL TULLE MAXI DRESS,90.0,129.0,30,True,64
2026-10-05,PLT,with code 10PLT BOOHOO GROWN ON NECK BELTED SHIFT DRESS,18.75,25.0,25,True,64
2026-10-05,PLT,with code 10PLT PETITE DOROTHY PERKINS PETITE LACE TRIM LONG SLEEVE PRINTED MINI DRESS,10.0,35.0,71,True,64
2026-10-05,PLT,with code 10PLT KARENMILLEN COMPACT STRETCH TAILORED PLEATED SKIRT MIDI DRESS,124.0,249.0,50,True,64
2026-10-05,PLT,with code 10PLT COAST TWILL BARDOT PLEAT DETAIL COLUMN DETAIL MAXI BRIDESMAID DRESS,79.2,99.0,20,True,64
2026-10-05,PLT,with code 10PLT COAST CROSS OVER HIGH NECK SLEEVELESS BELTED MIDI DRESS,99.0,99.0,0,False,64
2026-10-05,PLT,with code 10PLT COAST BOW BACK SCALLOP NECK MINI HEN DRESS,119.0,119.0,0,False,64
2026-10-05,PLT,with code 10PLT COAST COAST COUTURE SATIN BONED BODICE SLEEVELESS RUCHED DETAIL MAXI DRESS,149.0,149.0,0,False,64
2026-10-05,PLT,with code 10PLT PLUS BOOHOO PLUS MONO PRINT MIDI SMOCK DRESS,15.75,21.0,25,True,64
2026-10-05,PLT,with code 10PLT MISSPAP SATIN ASYMMETRIC STRAP PLEATED WAIST LOW BACK MAXI BRIDESMAID DRESS,38.5,55.0,30,True,64
2026-10-05,PLT,with code 10PLT 1 MISSPAP EMBELLISHED COWL NECK MINI DRESS,52.5,75.0,30,True,64
2026-10-05,PLT,with code 10PLT BOOHOO POLKA DOT FULL SKIRT MINI DRESS,18.75,25.0,25,True,64
2026-10-05,PLT,with code 10PLT COAST SLEEVELESS ROUND NECK SASH WAIST MAXI BRIDESMAID DRESS,99.0,99.0,0,False,64
2026-10-05,PLT,with code 10PLT BOOHOO KNITTED STRIPE LONG SLEEVE MAXI DRESS,27.0,36.0,25,True,64
2026-10-05,PLT,with code 10PLT KARENMILLEN TEXTURED DROP WAIST WOVEN MIDI DRESS,49.0,139.0,65,True,64
2026-10-05,PLT,with code 10PLT BOOHOO CHIFFON RUFFLE STRAPPY MAXI DRESS,24.75,33.0,25,True,64
2026-10-05,PLT,with code 10PLT BOOHOO SHOULDER PAD PLUNGE FRONT MINI DRESS,22.5,30.0,25,True,64
2026-10-05,PLT,with code 10PLT BOOHOO COTTON POPLIN PUFF BALL MINI DRESS,8.0,20.0,60,True,64
2026-10-05,PLT,with code 10PLT MISSPAP BUSTIER LACE HEM MAXI DRESS,31.5,45.0,30,True,64
2026-10-05,PLT,with code 10PLT KARENMILLEN VISCOSE GEORGETTE DROP HEM ANIMAL PRINT WOVEN HALTERNECK MAXI DRESS,100.0,199.0,50,True,64
2026-10-05,PLT,with code 10PLT KARENMILLEN TAILORED LINEN TAB WAIST DETAIL FULL SKIRT MIDI DRESS,87.0,249.0,65,True,64
2026-10-05,PLT,with code 10PLT KARENMILLEN BLOCK COLOUR RACKED RIB KNITTED MIDI DRESS,65.0,129.0,50,True,64
2026-10-05,PLT,with code 10PLT DOROTHY PERKINS TIE NECK METALLIC JACQUARD BLOUSON SLEEVE MIDAXI DRESS,49.5,55.0,10,True,64
2026-10-05,PLT,with code 10PLT PETITE COAST PETITE EMBELLISHED MAXI DRESS WITH GODET PLEATS,179.0,179.0,0,False,64
2026-10-05,PLT,with code 10PLT COAST COLOUR BLOCK PANELLED MIDI DRESS,116.1,129.0,10,True,64
2026-10-05,PLT,with code 10PLT COAST CONTOUR COLLECTIVE SHAWL BACK TWO IN ONE MAXI DRESS,116.1,129.0,10,True,64
2026-10-05,PLT,with code 10PLT PETITE KARENMILLEN PETITE DIP DYE DETAIL SHORT SLEEVE KNITTED MAXI DRESS,118.3,169.0,30,True,64
2026-10-05,PLT,with code 10PLT COAST 2 IN 1 DRESS WITH PLEATED SKIRT,129.0,129.0,0,False,64
2026-10-05,PLT,with code 10PLT COAST FEATHER NECKLINE BARDOT VELVET PENCIL MIDI DRESS,149.0,149.0,0,False,64
2026-10-05,PLT,with code 10PLT PLUS BOOHOO PLUS HIGH NECK SEAM DETAIL KNITTED MINI JUMPER DRESS,21.0,28.0,25,True,64
2026-10-05,PLT,with code 10PLT BOOHOO COTTON POPLIN HALTER NECK PLEATED MINI DRESS,15.0,22.0,32,True,64
2026-10-05,PLT,with code 10PLT COAST BLAZER BRIDAL MINI DRESS WITH OPEN BACK,119.2,149.0,20,True,64
2026-10-05,PLT,with code 10PLT PETITE OASIS PETITE LACE TRIM DETAIL MINI DRESS,55.2,69.0,20,True,64
2026-10-05,PLT,with code 10PLT KARENMILLEN FLORAL EMBROIDERED ORGANZA BANDEAU DRESS,130.0,259.0,50,True,64
2026-10-05,PLT,with code 10PLT KARENMILLEN SLUB SELF STRIPE SCARF DETAIL WOVEN MAXI DRESS,44.0,109.0,60,True,64
2026-10-05,PLT,with code 10PLT COAST EMBROIDERED HIGH NECK PANEL DETAILED MIDI DRESS,80.0,159.0,50,True,64
2026-10-05,PLT,with code 10PLT PETITE OASIS PETITE FAN FLORAL EMBELLISHED ANGEL SLEEVE MAXI DRESS,70.0,139.0,50,True,64
2026-10-05,PLT,with code 10PLT KARENMILLEN JERSEY AND GEORGETTE MIX BELTED PLEAT MIDI DRESS,64.0,129.0,50,True,64
2026-10-05,PLT,with code 10PLT KARENMILLEN TAILORED BELTED MIDI SKIRT PENCIL DRESS,90.3,129.0,30,True,64
2026-10-05,PLT,with code 10PLT PLT label PETITE OASIS PETITE FAN FLORAL EMBELLISHED ANGEL SLEEVE MAXI DRESS,70.0,139.0,50,True,65
2026-10-05,PLT,with code 10PLT MISSPAP PREMIUM CHIFFON RUFFLE MAXI DRESS,18.0,65.0,72,True,65
2026-10-05,PLT,with code 10PLT KARENMILLEN THIGH HIGH SPLIT EMBELLISHED WOVEN FRINGED MIDI DRESS,164.0,469.0,65,True,65
2026-10-05,PLT,with code 10PLT KARENMILLEN POLKA DOT CRINKLE COLD SHOULDER GEORGETTE WOVEN MAXI DRESS,63.0,179.0,65,True,65
2026-10-05,PLT,with code 10PLT KARENMILLEN TEXTURED TAILORED TWILL FULL SKIRT MIDI DRESS,68.0,169.0,60,True,65
2026-10-05,PLT,with code 10PLT KARENMILLEN COMPACT STRETCH BOW TIE NECK FULL SKIRTED MIDI DRESS,72.0,239.0,70,True,65
2026-10-05,PLT,with code 10PLT COAST HIGH NECK DRAPE CONTOUR COLLECTIVE BRIDESMAID DRESS,95.2,119.0,20,True,65
2026-10-05,PLT,with code 10PLT COAST SLEEVELESS CREPE MIDI DRESS WITH BOW DETAIL STRAPS,45.0,79.0,43,True,65
2026-10-05,PLT,with code 10PLT COAST CORSAGE PENCIL WEDDING DRESS,50.0,179.0,72,True,65
2026-10-05,PLT,with code 10PLT DOROTHY PERKINS DP LUXE TWIST FRONT KEYHOLE MINI DRESS,44.1,49.0,10,True,65
2026-10-05,PLT,with code 10PLT COAST SATIN FRINGE HEM WRAP WAIST MIDI DRESS,35.0,119.0,71,True,65
2026-10-05,PLT,with code 10PLT COAST SATIN BARDOT BRIDESMAID MAXI DRESS WITH WAIST RUCHING DETAIL,83.3,119.0,30,True,65
2026-10-05,PLT,with code 10PLT COAST V NECK WRAP DETAIL CREPE MAXI BRIDESMAID DRESS,95.2,119.0,20,True,65
2026-10-05,PLT,with code 10PLT PLUS BOOHOO PLUS BASIC SUPERSOFT FLARE SLEEVE MAXI DRESS,18.75,25.0,25,True,65
2026-10-05,PLT,with code 10PLT PLUS BOOHOO PLUS SLASH NECK MIXED ROSE PRINT FLARE SLEEVE MINI DRESS,21.0,28.0,25,True,65
2026-10-05,PLT,with code 10PLT COAST FLORAL BARDOT MAXI DRESS,50.0,149.0,66,True,65
2026-10-05,PLT,with code 10PLT BOOHOO EMBROIDERED SQUARE NECK FULL SKIRT MINI DRESS,12.0,24.0,50,True,65
2026-10-05,PLT,with code 10PLT COAST PREMIUM HAND EMBELLISHED MAXI DRESS,229.0,229.0,0,False,65
2026-10-05,PLT,with code 10PLT WAREHOUSE DENIM SHIRT MINI DRESS,59.0,59.0,0,False,65
2026-10-05,PLT,with code 10PLT COAST CAP SLEEVE DRAPE MIDI DRESS,89.1,99.0,10,True,65
2026-10-05,PLT,with code 10PLT PETITE KARENMILLEN PETITE CUTWORK COTTON HALTERNECK TIE DETAIL WOVEN MIDI DRESS,70.0,199.0,65,True,65
2026-10-05,PLT,with code 10PLT TALL KARENMILLEN TALL KNITTED ZIP NECK PU MIX PLEATED MINI DRESS,52.0,149.0,65,True,65
2026-10-05,PLT,with code 10PLT COAST CAPE DETAIL EMBELLISHED MINI DRESS,159.0,159.0,0,False,65
2026-10-05,PLT,with code 10PLT PETITE BOOHOO PETITE SLINKY SCOOP NECK LONG SLEEVE MAXI DRESS,14.25,19.0,25,True,65
2026-10-05,PLT,with code 10PLT COAST SEQUIN TOP PENCIL SKIRT WEDDING DRESS,134.1,149.0,10,True,65
2026-10-05,PLT,with code 10PLT COAST GODDESS DRAPE WEDDING DRESS,134.1,149.0,10,True,65
2026-10-05,PLT,with code 10PLT BOOHOO HIGH NECK DRAPE SCULPT SLINKY MINI DRESS,21.0,28.0,25,True,65
2026-10-05,PLT,with code 10PLT PETITE DOROTHY PERKINS PETITE LACE TRIM SEQUIN MINI DRESS,36.0,45.0,20,True,65
2026-10-05,PLT,with code 10PLT OASIS OCCASION VELVET RUFFLE HEM MINI DRESS,47.2,59.0,20,True,65
2026-10-05,PLT,with code 10PLT COAST PLEATED BODICE FISHTAIL MAXI DRESS,50.0,149.0,66,True,65
2026-10-05,PLT,with code 10PLT WAREHOUSE PRINT MIX TIE NECK CHIFFON PANELLED MAXI DRESS,79.0,79.0,0,False,65
2026-10-05,PLT,with code 10PLT KARENMILLEN CHECK TAILORED DRESS,139.3,199.0,30,True,65
2026-10-05,PLT,with code 10PLT BOOHOO STRAPPY CHIFFON FLOWER DETAIL MINI DRESS,26.25,35.0,25,True,65
2026-10-05,PLT,with code 10PLT PETITE KARENMILLEN PETITE FLORAL PRINT BELT DETAIL VISCOSE MINI SHIRT DRESS,111.3,159.0,30,True,65
2026-10-05,PLT,with code 10PLT TALL BOOHOO TALL COLLARED BUTTON DOWN OVERSIZED KNITTED JUMPER DRESS,16.5,22.0,25,True,65
2026-10-05,PLT,with code 10PLT KARENMILLEN VELVET AND SATIN MIX BUTTON MIDI DRESS,174.3,249.0,30,True,65
2026-10-05,PLT,with code 10PLT COAST FLORAL MINI PROM HEN DRESS,77.4,129.0,40,True,65
2026-10-05,PLT,with code 10PLT COAST PETITE LISA TAN BOW SHOULDER SATIN MIDI DRESS,40.0,139.0,71,True,65
2026-10-05,PLT,with code 10PLT PETITE KARENMILLEN PETITE HOTFIX STUDDED LONG SLEEVE SHIRT WOVEN MAXI DRESS,66.0,189.0,65,True,65
2026-10-05,PLT,with code 10PLT KARENMILLEN VISCOSE LINEN WOVEN HALTER NECK MIDI DRESS,52.0,129.0,60,True,65
2026-10-05,PLT,with code 10PLT KARENMILLEN FLORAL PRINT TIE NECK WOVEN BALLOON SLEEVE MIDAXI DRESS,90.3,129.0,30,True,65
2026-10-05,PLT,with code 10PLT BOOHOO LONG SLEEVE COLLARLESS TAILORED MINI DRESS,31.5,42.0,25,True,65
2026-10-05,PLT,with code 10PLT PLUS BOOHOO PLUS WRAP SIDE RUCHED SHIRT DRESS,19.5,26.0,25,True,65
2026-10-05,PLT,with code 10PLT BOOHOO COTTON POPLIN PUFF SLEEVE MAXI DRESS,18.75,25.0,25,True,65
2026-10-05,PLT,with code 10PLT PLUS BOOHOO PLUS PUFF SLEEVE V NECK MAXI DRESS,18.0,24.0,25,True,65
2026-10-05,PLT,with code 10PLT COAST FRILL SLEEVE V NECK MIDI DRESS,35.0,139.0,75,True,65
2026-10-05,PLT,with code 10PLT BOOHOO TONAL ZEBRA PRINTED PUDDLE HEM MAXI DRESS,21.0,28.0,25,True,65
2026-10-05,PLT,with code 10PLT BOOHOO BEACH CROCHET CORSAGE TIE BACK MAXI DRESS,12.0,30.0,60,True,65
2026-10-05,PLT,with code 10PLT BOOHOO BANDEAU PEPLUM CHIFFON MIX MAXI DRESS,31.5,42.0,25,True,65
2026-10-05,PLT,with code 10PLT KARENMILLEN PLEATED MAXI DRESS,72.0,179.0,60,True,65
2026-10-05,PLT,with code 10PLT PLUS BOOHOO PLUS V NECK PUFF SLEEVE SMOCK DRESS,21.0,28.0,25,True,65
2026-10-05,PLT,with code 10PLT KARENMILLEN PREMIUM SLINKY CREPE EMBELLISHED CUT OUT MAXI DRESS,49.0,139.0,65,True,65
2026-10-05,PLT,with code 10PLT KARENMILLEN VISCOSE GEORGETTE FLORAL STRAPPY WOVEN MAXI DRESS,85.0,169.0,50,True,65
2026-10-05,PLT,with code 10PLT PETITE COAST PETITE PEPLUM LACE MIDI DRESS,55.0,139.0,60,True,65
2026-10-05,PLT,with code 10PLT KARENMILLEN CRYSTAL EMBELLISHED WOVEN PLUNGE DETAIL MAXI DRESS,126.0,359.0,65,True,65
2026-10-05,PLT,with code 10PLT KARENMILLEN FRINGED BEADED HALTER NECK WOVEN MAXI DRESS,219.0,439.0,50,True,65
2026-10-05,PLT,with code 10PLT PETITE COAST PETITE VELVET FLORAL EMBELLISHED MAXI PENCIL DRESS,229.0,229.0,0,False,65
2026-10-05,PLT,with code 10PLT COAST PRINTED BARDOT TWILL MIDI DRESS WITH LACE INSERT,149.0,149.0,0,False,65
2026-10-05,PLT,with code 10PLT KARENMILLEN TAILORED SHOULDER TRIM DETAIL RUCHED PENCIL DRESS,139.3,199.0,30,True,65
2026-10-05,PLT,with code 10PLT COAST CAP SLEEVE BANDAGE HANKY HEM BELTED MIDI DRESS,116.1,129.0,10,True,65
2026-10-05,PLT,with code 10PLT COAST PLEAT DETAIL V NECK BRIDESMAID MAXI DRESS,83.4,139.0,40,True,65
2026-10-05,PLT,with code 10PLT BOOHOO CHIFFON MIX PANELLED SMOCK DRESS,10.0,30.0,67,True,65
2026-10-05,PLT,with code 10PLT PLUS BOOHOO PLUS CHIFFON RUFFLE SKATER DRESS,21.0,28.0,25,True,65
2026-10-05,PLT,with code 10PLT PLT label PLUS BOOHOO PLUS PUFF SLEEVE V NECK MAXI DRESS,18.0,24.0,25,True,66
2026-10-05,PLT,with code 10PLT KARENMILLEN SATIN TWILL DRAPED WAIST STRUCTURED TAILORED MAXI DRESS,70.0,199.0,65,True,66
2026-10-05,PLT,with code 10PLT NASTYGAL FESTIVAL OMBRE BEADED TASSEL MINI DRESS,118.3,169.0,30,True,66
2026-10-05,PLT,with code 10PLT WAREHOUSE VELVET SEQUIN ONE SHOULDER MIDI DRESS,79.0,79.0,0,False,66
2026-10-05,PLT,with code 10PLT BOOHOO BENGALINE BUST CUP DETAIL CAMI STRAP MIDAXI DRESS,18.75,25.0,25,True,66
2026-10-05,PLT,with code 10PLT BOOHOO TIE KEYHOLE SHIFT DRESS,16.5,22.0,25,True,66
2026-10-05,PLT,with code 10PLT KARENMILLEN TAFFETA BARDOT FIGURE FORM MAXI DRESS,74.0,149.0,50,True,66
2026-10-05,PLT,with code 10PLT KARENMILLEN PHOTOGRAPHIC FLORAL ORGANZA SCARF DETAIL WOVEN MAXI DRESS,60.0,149.0,60,True,66
2026-10-05,PLT,with code 10PLT PETITE KARENMILLEN PETITE ROSE EMBROIDERED COTTON TWILL WOVEN SHIRT DRESS WITH EYELETS,105.0,299.0,65,True,66
2026-10-05,PLT,with code 10PLT DOROTHY PERKINS VELVET SEQUIN COLLAR WRAP DETAIL MINI DRESS,40.5,45.0,10,True,66
2026-10-05,PLT,with code 10PLT COAST LISA TAN BARDOT BANDAGE HI-LO PRINTED MIDI DRESS,116.1,129.0,10,True,66
2026-10-05,PLT,with code 10PLT KARENMILLEN SEQUIN STRAPPY WOVEN MAXI DRESS,160.3,229.0,30,True,66
2026-10-05,PLT,with code 10PLT COAST LONG SLEEVE LACE AND PLEATED MIDI SHIRT DRESS,134.1,149.0,10,True,66
2026-10-05,PLT,with code 10PLT KARENMILLEN BANDAGE FIGURE FORM CHIFFON SLEEVE KNIT DRESS,75.0,149.0,50,True,66
2026-10-05,PLT,with code 10PLT KARENMILLEN SEQUIN BANDEAU TRAIN DETAIL MINI DRESS,97.3,139.0,30,True,66
2026-10-05,PLT,with code 10PLT PETITE KARENMILLEN PETITE MILITARY BUTTON UP SLEEVED KNITTED MIDI DRESS,149.0,149.0,0,False,66
2026-10-05,PLT,with code 10PLT PETITE KARENMILLEN PETITE FIGURE FORM BANDAGE ANGEL SLEEVE KNIT MINI DRESS,139.0,139.0,0,False,66
2026-10-05,PLT,with code 10PLT KARENMILLEN CRYSTAL EMBELLISHED COWL BACK MAXI DRESS,104.0,259.0,60,True,66
2026-10-05,PLT,with code 10PLT PLUS BOOHOO PLUS SUPER SOFT KNOT WAIST SHORT SLEEVE MAXI DRESS,15.0,20.0,25,True,66
2026-10-05,PLT,with code 10PLT WAREHOUSE STRUCTURED PUFF SLEEVE BARDOT MIDI DRESS,35.0,59.0,41,True,66
2026-10-05,PLT,with code 10PLT PLUS BOOHOO PLUS HIGH NECK TIE FRONT KEYHOLE MINI DRESS,18.75,25.0,25,True,66
2026-10-05,PLT,with code 10PLT OASIS POINTELLE SCALLOP DETAIL MINI KNITTED DRESS,49.0,49.0,0,False,66
2026-10-05,PLT,with code 10PLT BOOHOO FLORAL CORSET DETAIL MINI DRESS,28.5,38.0,25,True,66
2026-10-05,PLT,with code 10PLT PETITE KARENMILLEN PETITE STRONG SHOULDER SEQUIN MIDI DRESS,149.0,149.0,0,False,66
2026-10-05,PLT,with code 10PLT DOROTHY PERKINS DP LUXE SPARKLE PLISSE JERSEY HIGH NECK MINI DRESS,44.0,55.0,20,True,66
2026-10-05,PLT,with code 10PLT COAST SHORT SLEEVE SQUARE NECK JACQUARD MINI WEDDING DRESS WITH BOW DETAIL,107.1,119.0,10,True,66
2026-10-05,PLT,with code 10PLT PETITE KARENMILLEN PETITE CRYSTAL EMBELLISHED ORGANDIE STRAPPY PROM DRESS,157.0,449.0,65,True,66
2026-10-05,PLT,with code 10PLT OASIS RUFFLE DENIM MIDI DRESS,32.0,65.0,51,True,66
2026-10-05,PLT,with code 10PLT PLUS BOOHOO PLUS COTTON ELASTANE CINCHED WAIST SKATER DRESS,16.5,22.0,25,True,66
2026-10-05,PLT,with code 10PLT PLUS KARENMILLEN PLUS SIZE EMBROIDERED HALTERNECK PLEATED MIDI DRESS,299.0,299.0,0,False,66
2026-10-05,PLT,with code 10PLT BOOHOO TEXTURED VOLUME SKIRT MIDAXI DRESS,22.5,30.0,25,True,66
2026-10-05,PLT,with code 10PLT KARENMILLEN PU TIPPED DETAIL ZIP THROUGH BANDAGE KNIT MIDI DRESS,59.0,169.0,65,True,66
2026-10-05,PLT,with code 10PLT BOOHOO POLKA DOT SATIN & LACE CONTOUR PANEL MAXI DRESS,30.0,40.0,25,True,66
2026-10-05,PLT,with code 10PLT PETITE KARENMILLEN PETITE VISCOSE SATIN ASYMMETRIC RUFFLE MIDI DRESS,169.0,169.0,0,False,66
2026-10-05,PLT,with code 10PLT PLUS KARENMILLEN PLUS SIZE VISCOSE FLORAL PRINT WOVEN MAXI DRESS,125.3,179.0,30,True,66
2026-10-05,PLT,with code 10PLT COAST CAPE SHOULDER EMBELLISHED WEDDING DRESS,199.0,199.0,0,False,66
2026-10-05,PLT,with code 10PLT PETITE KARENMILLEN PETITE COMPACT STRETCH BELTED SEAMED FULL SKIRTED MIDI DRESS,84.0,239.0,65,True,66
2026-10-05,PLT,with code 10PLT WAREHOUSE EMBROIDERED ORGANZA OPEN BACK DETAIL MAXI DRESS,44.0,99.0,56,True,66
2026-10-05,PLT,with code 10PLT DOROTHY PERKINS DP LUXE BOW DETAIL VELVET SEQUIN MINI DRESS,44.1,49.0,10,True,66
2026-10-05,PLT,with code 10PLT TALL KARENMILLEN TALL QUILTED APPLIQUE ORGANDIE ANGEL SLEEVE WOVEN MAXI DRESS,140.0,399.0,65,True,66
2026-10-05,PLT,with code 10PLT KARENMILLEN GEORGETTE PLACED CUTWORK HALTER WOVEN MIDI DRESS,169.0,339.0,50,True,66
2026-10-05,PLT,with code 10PLT COAST TWEED BELTED TULIP SLEEVE MINI DRESS WITH PEARL BUTTONS,116.1,129.0,10,True,66
2026-10-05,PLT,with code 10PLT PETITE COAST PETITE VELVET LACE SHORT SLEEVE MINI DRESS,129.0,129.0,0,False,66
2026-10-05,PLT,with code 10PLT COAST LACE TRIM PRINTED ORGANZA MIDI DRESS,119.2,149.0,20,True,66
2026-10-05,PLT,with code 10PLT PETITE BOOHOO PETITE V NECK SHORT SLEEVE KNITTED MINI DRESS,16.5,22.0,25,True,66
2026-10-05,PLT,with code 10PLT KARENMILLEN COMPACT STRETCH STRAPPY ASYMMETRIC HEM MAXI DRESS,160.3,229.0,30,True,66
2026-10-05,PLT,with code 10PLT COAST SLEEVELESS TIE SHOULDER EMBELLISHED WEDDING DRESS,107.4,179.0,40,True,66
2026-10-05,PLT,with code 10PLT PLUS BOOHOO PLUS FLORAL BURNOUT DIPPED HEM MINI DRESS,12.0,28.0,57,True,66
2026-10-05,PLT,with code 10PLT KARENMILLEN SCARF DETAIL VISCOSE WOVEN MIDI DRESS,104.3,149.0,30,True,66
2026-10-05,PLT,with code 10PLT BOOHOO TROPICAL PRINT COLUMN MAXI DRESS,24.0,32.0,25,True,66
2026-10-05,PLT,with code 10PLT COAST PLACEMENT PRINT PLEAT DRESS,90.3,129.0,30,True,66
2026-10-05,PLT,with code 10PLT KARENMILLEN COMPACT STRETCH SEAM DETAIL TAILORED MINI DRESS,77.0,219.0,65,True,66
2026-10-05,PLT,with code 10PLT KARENMILLEN VISCOSE WOVEN DRAPE DETAIL CHAIN PRINT DRESS,52.0,149.0,65,True,67
2026-10-05,PLT,with code 10PLT NASTYGAL CHIFFON POLKA DOT NECK TIE ELASTICATED HEM MINI DRESS,24.5,35.0,30,True,67
2026-10-05,PLT,with code 10PLT PLT label KARENMILLEN COMPACT STRETCH RUFFLE DETAIL ASYMMETRIC PENCIL DRESS,70.0,199.0,65,True,67
2026-10-05,PLT,with code 10PLT WAREHOUSE SELF STRIPE CHIFFON SHEER LAYERED MAXI DRESS,55.0,55.0,0,False,67
2026-10-05,PLT,with code 10PLT PETITE DOROTHY PERKINS PETITE PRINTED FRILL DETAIL BLOUSON SLEEVE MINI DRESS,12.0,42.0,71,True,67
2026-10-05,PLT,with code 10PLT PETITE KARENMILLEN PETITE VISCOSE SATIN HALTER NECK MAXI DRESS,104.3,149.0,30,True,67
2026-10-05,PLT,with code 10PLT DOROTHY PERKINS LEOPARD COLLARED BUTTON DETAIL PUFF SLEEVE MIDI DRESS,12.0,39.0,69,True,67
2026-10-05,PLT,with code 10PLT DOROTHY PERKINS CHIFFON SHIRRED WAIST MIDI DRESS,44.1,49.0,10,True,67
2026-10-05,PLT,with code 10PLT KARENMILLEN CONTRAST WAVE KNIT A-LINE KNITTED STRAPPY DRESS,39.0,159.0,75,True,67
2026-10-05,PLT,with code 10PLT PLUS BOOHOO PLUS SOFT RIB TIE FRONT SMOCK DRESS,17.25,23.0,25,True,67
2026-10-05,PLT,with code 10PLT KARENMILLEN FOREVER SOFT TAILORED COLOUR BLOCK HIGH NECK PLEATED MIDI DRESS,100.0,199.0,50,True,67
2026-10-05,PLT,with code 10PLT KARENMILLEN VISCOSE SATIN FLORAL PRINT HALTER NECK MAXI DRESS,89.0,179.0,50,True,67
2026-10-05,PLT,with code 10PLT PLUS BOOHOO PLUS DRAPE RUCHED BODY MAXI DRESS,22.5,30.0,25,True,67
2026-10-05,PLT,with code 10PLT TALL BOOHOO TALL CHUNKY KNIT COLLARED V NECK JUMPER DRESS,18.75,25.0,25,True,67
2026-10-05,PLT,with code 10PLT OASIS FRINGE DETAIL CREW NECK MINI DRESS,39.2,49.0,20,True,67
2026-10-05,PLT,with code 10PLT KARENMILLEN TAILORED DENIM DETAIL A LINE MINI DRESS,70.0,199.0,65,True,67
2026-10-05,PLT,with code 10PLT BOOHOO SCULPT STRAPPY MINI DRESS,26.25,35.0,25,True,67
2026-10-05,PLT,with code 10PLT BOOHOO LEATHER LOOK BANDEAU MINI DRESS,26.25,35.0,25,True,67
2026-10-05,PLT,with code 10PLT OASIS MONO SPOT CONTRAST PIPING MIDI DRESS,30.0,59.0,49,True,67
2026-10-05,PLT,with code 10PLT KARENMILLEN CRYSTAL CORSET MAXI DRESS,108.0,359.0,70,True,67
2026-10-05,PLT,with code 10PLT COAST FEATHER PRINT ONE SHOULDER PEPLUM DETAIL MIDI DRESS,99.0,99.0,0,False,67
2026-10-05,PLT,with code 10PLT PLUS KARENMILLEN PLUS SIZE PLEAT DETAIL PONTE KEYHOLE MIDI DRESS,129.0,129.0,0,False,67
2026-10-05,PLT,with code 10PLT PLUS BOOHOO PLUS SLEEVELESS BOW DETAIL SKATER DRESS,19.5,26.0,25,True,67
2026-10-05,PLT,with code 10PLT PETITE BOOHOO PETITE CHIFFON RUFFLE POLKA DOT STRAPPY MAXI DRESS,28.5,38.0,25,True,67
2026-10-05,PLT,with code 10PLT PLUS BOOHOO PLUS ASYMMETRIC SKATER DRESS,18.0,35.0,49,True,67
2026-10-05,PLT,with code 10PLT KARENMILLEN TWIST DETAIL STUDDED JERSEY MAXI DRESS,54.0,179.0,70,True,67
2026-10-05,PLT,with code 10PLT PETITE BOOHOO PETITE ROLL NECK CHUNKY KNIT MINI DRESS,18.75,25.0,25,True,67
2026-10-05,PLT,with code 10PLT MISSPAP PREMIUM TAILORED CHAIN BELTED MINI DRESS,20.0,79.0,75,True,67
2026-10-05,PLT,with code 10PLT TALL BOOHOO TALL V NECK LONG SLEEVE KNITTED MAXI DRESS,21.0,28.0,25,True,67
2026-10-05,PLT,with code 10PLT BOOHOO SOFT TOUCH RUCHED WRAP MAXI DRESS,22.5,30.0,25,True,67
2026-10-05,PLT,with code 10PLT BOOHOO LACE PLUNGE FRONT TIE WAIST BODYCON DRESS,16.0,28.0,43,True,67
2026-10-05,PLT,with code 10PLT PLUS BOOHOO PLUS TIERED HEM BANDEAU MAXI DRESS,13.0,32.0,59,True,67
2026-10-05,PLT,with code 10PLT COAST SEQUIN EMBELLISHED FEATHER TRIM LONG SLEEVE MAXI WEDDING DRESS,199.0,199.0,0,False,67
2026-10-05,PLT,with code 10PLT KARENMILLEN TAILORED COTTON SATEEN FULL MIDI DRESS,60.0,199.0,70,True,67
2026-10-05,PLT,with code 10PLT COAST HIGH NECK EMBROIDERED MESH MINI WEDDING DRESS,90.3,129.0,30,True,67
2026-10-05,PLT,with code 10PLT OASIS TRAILING CAMELIA JERSEY BANDEAU MAXI DRESS,35.0,85.0,59,True,67
2026-10-05,PLT,with code 10PLT COAST TWIST NECK RUFFLE GEORGETTE MAXI DRESS,107.1,119.0,10,True,67
2026-10-05,PLT,with code 10PLT BOOHOO BASIC SUPERSOFT ROLL NECK CAP SLEEVE MIDI DRESS,16.5,22.0,25,True,67
2026-10-05,PLT,with code 10PLT PETITE KARENMILLEN PETITE TAILORED PINSTRIPE COLLARED MAXI DRESS,129.0,259.0,50,True,67
2026-10-05,PLT,with code 10PLT KARENMILLEN SATIN CONTRAST DETAIL WOVEN MIDI DRESS,59.0,169.0,65,True,67
2026-10-05,PLT,with code 10PLT PETITE KARENMILLEN PETITE LACE POCKET DETAIL MIDI DRESS,169.0,169.0,0,False,67
2026-10-05,PLT,with code 10PLT BOOHOO ROLL NECK CHUNKY KNIT MINI DRESS,19.5,26.0,25,True,67
2026-10-05,PLT,with code 10PLT PLUS BOOHOO PLUS BENGALINE CORSET LONG SLEEVE SKATER DRESS,22.5,30.0,25,True,67
2026-10-05,PLT,with code 10PLT PLUS BOOHOO PLUS V NECK BLOUSON SLEEVE VOLUME SMOCK DRESS,11.0,28.0,61,True,67
2026-10-05,PLT,with code 10PLT KARENMILLEN COTTON HALTER NECK WOVEN MIDI DRESS WITH DROPPED WAIST DETAIL,60.0,119.0,50,True,67
2026-10-05,PLT,with code 10PLT KARENMILLEN COTTON DIAMONTE DETAIL WOVEN MIDI DRESS,57.0,189.0,70,True,67
2026-10-05,PLT,with code 10PLT KARENMILLEN ITALIAN STRUCTURED TEXTURED SATIN BANDEAU TAILORED MAXI DRESS,56.0,279.0,80,True,67
2026-10-05,PLT,with code 10PLT PLUS KARENMILLEN PLUS SIZE LONG SLEEVE JERSEY MAXI DRESS,42.0,119.0,65,True,67
2026-10-05,PLT,with code 10PLT DOROTHY PERKINS ANIMAL PRINTED PANEL DETAIL BELTED SHIRT DRESS,33.6,42.0,20,True,67
2026-10-05,PLT,with code 10PLT KARENMILLEN CHIFFON FLORAL PRINT STRAPPY WOVEN MAXI DRESS,89.0,179.0,50,True,67
2026-10-05,PLT,with code 10PLT BOOHOO SLASH NECK FIT & FLARE MICRO MINI DRESS,21.75,29.0,25,True,67
2026-10-05,PLT,with code 10PLT COAST PRINTED FLORAL MESH MIDI DRESS,129.0,129.0,0,False,67
2026-10-05,PLT,with code 10PLT BOOHOO ROLL NECK SUPER SOFT KNITTED MAXI DRESS,24.0,32.0,25,True,67
2026-10-05,PLT,with code 10PLT KARENMILLEN CONTRAST DETAIL HANKY HEM SHIRT DRESS,80.0,229.0,65,True,67
2026-10-05,PLT,with code 10PLT PLUS BOOHOO PLUS DOUBLE LAYER RUCHED SHOULDER SKATER DRESS,22.5,30.0,25,True,67
2026-10-05,PLT,with code 10PLT PLUS BOOHOO PLUS LACE PANEL SKATER DRESS,21.0,28.0,25,True,67
2026-10-05,PLT,with code 10PLT COAST DRAPE SHOULDER AND WAIST MIDI DRESS,99.0,99.0,0,False,67
2026-10-05,PLT,with code 10PLT KARENMILLEN POPLIN PLEATED MIDI DRESS,85.0,169.0,50,True,67
2026-10-05,PLT,with code 10PLT PETITE KARENMILLEN PETITE COTTON CUTWORK WOVEN SHIRT MIDI DRESS,70.0,199.0,65,True,67
2026-10-05,PLT,with code 10PLT BOOHOO PREMIUM CROCHET LACE OFF THE SHOULDER MINI DRESS,26.0,38.0,32,True,67
2026-10-05,PLT,with code 10PLT COAST LACE TRIM TIERED PUFF SLEEVE PRINTED MIDI DRESS,90.3,129.0,30,True,67
2026-10-05,PLT,with code 10PLT KARENMILLEN FLORAL PRINT FRILL DETAIL VISCOSE MAXI DRESS,150.0,299.0,50,True,67
2026-10-05,PLT,with code 10PLT KARENMILLEN COMPACT STETCH & PU TURN LOCK HIGH NECK TAILORED MIDI DRESS,174.3,249.0,30,True,67
2026-10-05,PLT,with code 10PLT KARENMILLEN PINSTRIPE FOREVER PENCIL MIDI DRESS,160.3,229.0,30,True,67
2026-10-05,PLT,with code 10PLT KARENMILLEN BANDAGE KNIT LACE FIGURE FORM MIDI DRESS,111.3,159.0,30,True,67
2026-10-05,PLT,with code 10PLT KARENMILLEN STUDDED PONTE JERSEY MIDI DRESS,64.0,129.0,50,True,67
2026-10-05,PLT,with code 10PLT PETITE COAST PETITE LONG SLEEVE PLEATED CREPE MIDAXI DRESS,50.0,129.0,61,True,67
2026-10-05,PLT,with code 10PLT PETITE COAST PETITE JACQUARD MINI DRESS WITH JEWEL TRIM,119.0,119.0,0,False,67
2026-10-05,PLT,with code 10PLT COAST SLEEVELESS TWEED BODICE DIAMANTE BUTTON SATIN PLEAT SKIRT MIDI DRESS,116.1,129.0,10,True,67
2026-10-05,PLT,with code 10PLT PLT label KARENMILLEN PINSTRIPE FOREVER PENCIL MIDI DRESS,160.3,229.0,30,True,68
2026-10-05,PLT,with code 10PLT KARENMILLEN COMPACT STRETCH HIGH NECK CLEAN PENCIL MIDI DRESS,63.0,179.0,65,True,68
2026-10-05,PLT,with code 10PLT BOOHOO ZEBRA PRINTED MESH MIDAXI DRESS,16.5,22.0,25,True,68
2026-10-05,PLT,with code 10PLT PETITE COAST PETITE PLACEMENT PRINT PLEATED V NECK MIDI DRESS,90.3,129.0,30,True,68
2026-10-05,PLT,with code 10PLT KARENMILLEN PREMIUM VISCOSE LINEN WOVEN WRAP DRESS WITH STUD DETAIL,84.0,239.0,65,True,68
2026-10-05,PLT,with code 10PLT KARENMILLEN STRIPE FABRIC DETAIL FLUID SHORT SLEEVE MIDI DRESS,63.0,179.0,65,True,68
2026-10-05,PLT,with code 10PLT BOOHOO BOW DETAIL WOVEN BANDEAU MINI DRESS,13.0,22.0,41,True,68
2026-10-05,PLT,with code 10PLT PETITE COAST PETITE BARDOT ORIGAMI SATIN WEDDING DRESS,149.0,149.0,0,False,68
2026-10-05,PLT,with code 10PLT COAST COTTON RUFFLE PLEATED MIDI DRESS,40.0,139.0,71,True,68
2026-10-05,PLT,with code 10PLT WAREHOUSE LONG SLEEVE COWL NECK FLORAL PRINT RUFFLE DETAIL MAXI DRESS,22.0,75.0,71,True,68
2026-10-05,PLT,with code 10PLT NASTYGAL CELESTIAL PLACEMENT BEADED MINI DRESS,118.3,169.0,30,True,68
2026-10-05,PLT,with code 10PLT PETITE KARENMILLEN PETITE CUTWORK EMBROIDERED WOVEN MAXI DRESS WITH PLEATED GODETS,124.0,249.0,50,True,68
2026-10-05,PLT,with code 10PLT COAST LONG SLEEVE SEQUIN MAXI DRESS,149.0,149.0,0,False,68
2026-10-05,PLT,with code 10PLT PETITE COAST PETITE V NECK LACE BODICE LONG SLEEVE MIDI DRESS WITH TIERED SKIRT,149.0,149.0,0,False,68
2026-10-05,PLT,with code 10PLT KARENMILLEN SOFT TAILORED COLOUR BLOCK HIGH NECK PLEATED MIDI DRESS,80.0,199.0,60,True,68
2026-10-05,PLT,with code 10PLT PLUS BOOHOO PLUS CHIFFON RUFFLE MINI DRESS,26.25,35.0,25,True,68
2026-10-05,PLT,with code 10PLT BOOHOO TEXTURED CHIFFON RUCHED WAIST HALTERNECK MINI DRESS,18.0,30.0,40,True,68
2026-10-05,PLT,with code 10PLT BOOHOO TEXTURED CHIFFON GODET HEM MINI DRESS,19.5,26.0,25,True,68
2026-10-05,PLT,with code 10PLT MISSPAP PANELLED KNITTED RIB MINI DRESS,31.5,45.0,30,True,68
2026-10-05,PLT,with code 10PLT BOOHOO MIXED LEOPARD PRINTED MESH FLARE SLEEVE MINI DRESS,24.0,32.0,25,True,68
2026-10-05,PLT,with code 10PLT BOOHOO COTTON POPLIN SHIRRED FRONT TIE MINI DRESS,16.5,22.0,25,True,68
2026-10-05,PLT,with code 10PLT KARENMILLEN SQUARE NECK TAILORED FULL SKIRTED MAXI DRESS,99.0,199.0,50,True,68
2026-10-05,PLT,with code 10PLT BOOHOO PASTEL FLORAL VOLUME SLEEVE MINI DRESS,16.0,25.0,36,True,68
2026-10-05,PLT,with code 10PLT KARENMILLEN GEORGETTE CAPE SLEEVE RUFFLE FLORAL PRINT WOVEN MAXI DRESS,66.0,219.0,70,True,68
2026-10-05,PLT,with code 10PLT PETITE KARENMILLEN PETITE VISCOSE GEORGETTE CAPE SLEEVE RUFFLE WOVEN MAXI DRESS,85.0,169.0,50,True,68
2026-10-05,PLT,with code 10PLT COAST LISA TAN 3D CORSAGE ONE SHOULDER TWILL MIDI DRESS,45.0,149.0,70,True,68
2026-10-05,PLT,DOROTHY PERKINS BERRY FLORAL DP LUXE WRAP FRONT TIERED MINI DRESS,36.0,45.0,20,True,68
2026-10-05,PLT,with code 10PLT NASTYGAL (AZ) HAMMERED SATIN TIE FRONT LACE CUTWORK MAXI DRESS,34.3,49.0,30,True,68
2026-10-05,PLT,with code 10PLT COAST CORSAGE SATIN PENCIL DRESS,100.0,129.0,22,True,68
2026-10-05,PLT,with code 10PLT COAST SCUBA MAXI DRESS,89.1,99.0,10,True,68
2026-10-05,PLT,with code 10PLT PETITE KARENMILLEN PETITE SATIN VISCOSE HALTERNECK MAXI DRESS,89.0,179.0,50,True,68
2026-10-05,PLT,with code 10PLT WAREHOUSE CHIFFON WRAP KNOT FRONT MAXI DRESS,35.0,59.0,41,True,68
2026-10-05,PLT,with code 10PLT OASIS EMERALD SATIN OPEN BACK DETAIL MAXI BRIDESMAID DRESS,63.2,79.0,20,True,68
2026-10-05,PLT,with code 10PLT COAST CREPE RUFFLE MIDI DRESS WITH LOW BACK,50.0,139.0,64,True,68
2026-10-05,PLT,with code 10PLT KARENMILLEN EMBROIDERED DETAIL ORGANDIE BELTED SHIRT DRESS,149.0,299.0,50,True,68
2026-10-05,PLT,with code 10PLT COAST SLEEVELESS SATIN BRIDESMAID DRESS,32.0,119.0,73,True,68
2026-10-05,PLT,with code 10PLT KARENMILLEN SOFT TAILORED CHECK GODET DETAIL MIDI DRESS,80.0,229.0,65,True,68
2026-10-05,PLT,with code 10PLT KARENMILLEN POLISHED TAILORED CORSET DETAIL MIDI DRESS,57.0,229.0,75,True,68
2026-10-05,PLT,with code 10PLT PETITE KARENMILLEN PETITE POLISHED LINEN BLEND ASYMMETRIC FOLD DETAIL TAILORED MIDI PENCIL DRESS,70.0,199.0,65,True,68
2026-10-05,PLT,with code 10PLT PETITE COAST PETITE PRINTED ORGANZA BARDOT MIDI DRESS,70.0,129.0,46,True,68
2026-10-05,PLT,with code 10PLT PETITE KARENMILLEN PETITE SCUBA DRAMA RUFFLE HEM WOVEN MAXI DRESS,59.0,169.0,65,True,68
2026-10-05,PLT,with code 10PLT COAST LONG SLEEVE PLEATED LACE TRIM MIDAXI DRESS,119.2,149.0,20,True,68
2026-10-05,PLT,with code 10PLT KARENMILLEN EMBELLISHED ONE SHOULDER PRINTED MAXI DRESS,149.0,299.0,50,True,68
2026-10-05,PLT,with code 10PLT NASTYGAL EMBELLISHED CONTRAST CUT OUT MINI DRESS,48.3,69.0,30,True,68
2026-10-05,PLT,with code 10PLT TALL BOOHOO TALL WESTERN DENIM SHORT SLEEVE MINI DRESS,21.0,28.0,25,True,68
2026-10-05,PLT,with code 10PLT KARENMILLEN ABSTRACT PRINT ORGANZA COLLARED MAXI DRESS,111.3,159.0,30,True,68
2026-10-05,PLT,with code 10PLT KARENMILLEN STRETCH DRAPEY CREPE RUCHED PLUNGE NECK BATWING SLEEVE MAXI DRESS,59.0,119.0,50,True,68
2026-10-05,PLT,with code 10PLT COAST FEATHER SHOULDER DETAIL V NECK SATIN WEDDING DRESS,89.4,149.0,40,True,68
2026-10-05,PLT,with code 10PLT COAST METALLIC PLEATED HALTER NECK PEPLUM MAXI DRESS,129.0,129.0,0,False,68
2026-10-05,PLT,with code 10PLT BOOHOO BASIC SUPERSOFT DEEP V NECK CAP SLEEVE MIDI DRESS,18.75,25.0,25,True,68
2026-10-05,PLT,with code 10PLT COAST LACE SHIRT MINI BELTED DRESS,50.0,139.0,64,True,68
2026-10-05,PLT,with code 10PLT KARENMILLEN SATIN VISCOSE DRAPE COWL NECK MAXI DRESS,80.0,229.0,65,True,68
2026-10-05,PLT,with code 10PLT NASTYGAL GRAPHIC FLORAL RUFFLE LACE TRIM BUBBLE HEM MINI DRESS,27.3,39.0,30,True,68
2026-10-05,PLT,with code 10PLT COAST COAST HONOURED SLASH NECK PUDDLE WEDDING DRESS,107.4,179.0,40,True,68
2026-10-05,PLT,with code 10PLT COAST PRINTED BARDOT TWILL MIDI DRESS WITH LACE INSERT,119.2,149.0,20,True,68
2026-10-05,PLT,with code 10PLT KARENMILLEN FAUX LEATHER TRENCH MIDI DRESS,118.3,169.0,30,True,68
2026-10-05,PLT,with code 10PLT KARENMILLEN RUFFLE TRIM KNITTED MAXI DRESS,52.0,149.0,65,True,68
2026-10-05,PLT,with code 10PLT MATERNITY BOOHOO MATERNITY UNDER BUMP TIE DROP HEM MAXI,21.0,28.0,25,True,68
2026-10-05,PLT,with code 10PLT KARENMILLEN VISCOSE SATIN CREPE PRINTED RUFFLE DETAIL MIDI DRESS,189.0,189.0,0,False,68
2026-10-05,PLT,with code 10PLT COAST LONG SLEEVE DRAPE DETAIL WRAP SKIRT MIDI DRESS,119.0,119.0,0,False,69
2026-10-05,PLT,with code 10PLT PLUS BOOHOO PLUS MESH ASYMMETRIC RUCHED TIE MINI DRESS,25.5,34.0,25,True,69
2026-10-05,PLT,with code 10PLT KARENMILLEN PUFF SLEEVE HAND-EMBELLISHED COLUMN MIDI DRESS,179.0,359.0,50,True,69
2026-10-05,PLT,with code 10PLT KARENMILLEN TAILORED STRETCH FULL SKIRTED MIDI DRESS,129.0,259.0,50,True,69
2026-10-05,PLT,with code 10PLT KARENMILLEN POLISHED TAILORED COWL NECK SLEEVELESS MIDI DRESS,77.0,219.0,65,True,69
2026-10-05,PLT,with code 10PLT PETITE COAST PETITE HIGH NECK FLORAL SEQUIN MAXI DRESS,70.0,199.0,65,True,69
2026-10-05,PLT,with code 10PLT COAST SATIN WOVEN BRIDAL MINI DRESS,50.0,129.0,61,True,69
2026-10-05,PLT,with code 10PLT PLT label PLUS DOROTHY PERKINS PLUS CRINKLE JERSEY FLUTTER SLEEVE BUTTON FRONT MIDI DRESS,14.0,35.0,60,True,69
2026-10-05,PLT,with code 10PLT PETITE COAST PETITE EMBROIDERED CUTOUT BELTED SHIRT DRESS,40.0,149.0,73,True,69
2026-10-05,PLT,with code 10PLT COAST SHORT SLEEVE SHIRT JACQUARD MIDI DRESS,89.4,149.0,40,True,69
2026-10-05,PLT,with code 10PLT PETITE KARENMILLEN PETITE PREMIUM BEADED EMBELLISHED WOVEN MIDAXI CAPE DRESS,192.0,549.0,65,True,69
2026-10-05,PLT,with code 10PLT DOROTHY PERKINS PAISLEY TIE DETAIL DROP HEM PRINTED MINI DRESS,15.0,39.0,62,True,69
2026-10-05,PLT,with code 10PLT BOOHOO TAILORED A LINE MINI DRESS,21.0,28.0,25,True,69
2026-10-05,PLT,with code 10PLT BOOHOO BRODERIE SCALLOPED HEM SHIFT DRESS,14.0,25.0,44,True,69
2026-10-05,PLT,with code 10PLT PETITE COAST PETITE DRAPE HIGH NECK PLEATED SKIRT MIDI DRESS,90.3,129.0,30,True,69
2026-10-05,PLT,with code 10PLT KARENMILLEN FLORAL PRINT VISCOSE SATIN CREPE WOVEN MIDI DRESS,84.0,239.0,65,True,69
2026-10-05,PLT,with code 10PLT COAST OFF THE SHOULDER JACQUARD FULL SKIRTED MIDI DRESS,119.2,149.0,20,True,69
2026-10-05,PLT,with code 10PLT COAST PLUNGE V FULL SKIRTED JACQUARD WEDDING DRESS,143.2,179.0,20,True,69
2026-10-05,PLT,with code 10PLT KARENMILLEN STRONG SHOULDER SEQUIN MIDI DRESS,149.0,149.0,0,False,69
2026-10-05,PLT,with code 10PLT OASIS CHAMPAGNE COWL NECK OPEN BACK MIDI BRIDESMAID DRESS,79.0,79.0,0,False,69
2026-10-05,PLT,with code 10PLT MATERNITY BOOHOO MATERNITY PLISSE BATWING MIDAXI DRESS,13.0,25.0,48,True,69
2026-10-05,PLT,with code 10PLT COAST MUSE EMBELLISHED SHORT SLEEVE MAXI DRESS,206.1,229.0,10,True,69
2026-10-05,PLT,with code 10PLT DOROTHY PERKINS ZEBRA FLUFFY KNITTED DRESS,31.2,39.0,20,True,69
2026-10-05,PLT,with code 10PLT PETITE COAST PETITE PLEATED MESH PRINTED CAPE MAXI DRESS WITH GEMSTONES,149.0,149.0,0,False,69
2026-10-05,PLT,with code 10PLT PETITE BOOHOO PETITE SLEEVELESS FLIPPY HEM DENIM DRESS,22.5,30.0,25,True,69
2026-10-05,PLT,with code 10PLT PETITE COAST PETITE SLEEVELESS V BACK VELVET EMBELLISHED MIDI DRESS,179.1,199.0,10,True,69
2026-10-05,PLT,with code 10PLT KARENMILLEN VISCOSE GEORGETTE SLEEVELESS FLORAL PRINT WOVEN MIDI DRESS,66.0,219.0,70,True,69
2026-10-05,PLT,with code 10PLT KARENMILLEN TAILORED DENIM BELTED MINI DRESS,77.0,219.0,65,True,69
2026-10-05,PLT,with code 10PLT WAREHOUSE EMBROIDERED AND PINTUCK DETAIL MIDI DRESS WITH FRINGING,47.0,89.0,47,True,69
2026-10-05,PLT,with code 10PLT PETITE KARENMILLEN PETITE VISCOSE LINEN FLORAL PRINT WOVEN PROM DRESS,77.0,219.0,65,True,69
2026-10-05,PLT,with code 10PLT PETITE OASIS PETITE 3D FLORAL LINEAR BEADWORK TIE SHOULDER DRESS,75.0,139.0,46,True,69
2026-10-05,PLT,with code 10PLT PETITE OASIS PETITE CELESTIAL MESH MAXI DRESS,119.2,149.0,20,True,69
2026-10-05,PLT,with code 10PLT COAST CUTOUT PRINTED ORGANZA MIDI DRESS,134.1,149.0,10,True,69
2026-10-05,PLT,with code 10PLT KARENMILLEN BONDED LACE MINI DRESS,189.0,189.0,0,False,69
2026-10-05,PLT,with code 10PLT BOOHOO CREPE ASYM NECK DRAPE MIDI DRESS,21.0,28.0,25,True,69
2026-10-05,PLT,with code 10PLT PETITE KARENMILLEN PETITE FOREVER TAILORED STRUCTURED CREPE FOREVER PLEAT BELTED MIDI DRESS,153.3,219.0,30,True,69
2026-10-05,PLT,with code 10PLT COAST CROCHET MAXI DRESS WITH SATIN TRIM,30.0,89.0,66,True,69
2026-10-05,PLT,with code 10PLT PLUS BOOHOO PLUS HALTERNECK POPLIN MAXI DRESS,22.5,30.0,25,True,69
2026-10-05,PLT,with code 10PLT PETITE COAST COAST HONOURED PETITE DRAPE ONE SHOULDER SATIN MAXI BRIDESMAID DRESS,83.3,119.0,30,True,69
2026-10-05,PLT,with code 10PLT COAST BARDOT PEARL BUTTON LONG SLEEVE PENCIL MIDI DRESS,129.0,129.0,0,False,69
2026-10-05,PLT,with code 10PLT PLUS BOOHOO PLUS COLLARED BOUCLE KNITTED MINI JUMPER DRESS,24.75,33.0,25,True,69
2026-10-05,PLT,with code 10PLT MISSPAP STRUCTURED BABYDOLL MINI DRESS,38.0,55.0,31,True,69
2026-10-05,PLT,with code 10PLT BOOHOO SATIN LACE COWL NECK MAXI SLIP DRESS,11.0,30.0,63,True,69
2026-10-05,PLT,with code 10PLT BOOHOO VOLUME SLEEVE MILKMAID MINI DRESS,16.0,24.0,33,True,69
2026-10-05,PLT,with code 10PLT COAST FEATHER HEM MINI WEDDING DRESS,90.3,129.0,30,True,69
2026-10-05,PLT,with code 10PLT BOOHOO CROCHET KNIT V NECK MINI DRESS,8.0,20.0,60,True,69
2026-10-05,PLT,with code 10PLT PETITE COAST PETITE PETITE PLEAT DETAIL LACE TRIM MAXI DRESS,129.0,129.0,0,False,69
2026-10-05,PLT,with code 10PLT DOROTHY PERKINS DP LUXE JACQUARD BLOUSON SLEEVE TIERED SKIRT MINI DRESS,44.0,55.0,20,True,69
2026-10-05,PLT,with code 10PLT KARENMILLEN EMBROIDERED APPLIQUE STRAPPY MIDI DRESS,97.0,389.0,75,True,69
2026-10-05,PLT,with code 10PLT KARENMILLEN SLINKY VISCOSE COLOUR BLOCK FULL SKIRTED KNIT SLEEVELESS MIDI DRESS,52.0,149.0,65,True,69
2026-10-05,PLT,with code 10PLT BOOHOO TEXTURED FLARED SLEEVE OPEN BACK MINI DRESS,18.75,25.0,25,True,69
2026-10-05,PLT,with code 10PLT BOOHOO TONAL FLORAL LONG SLEEVE MAXI DRESS,15.0,20.0,25,True,69
2026-10-05,PLT,with code 10PLT COAST WRAP FRONT SATIN MAXI DRESS,129.0,129.0,0,False,69
2026-10-05,PLT,with code 10PLT COAST COAST MUSE CHIFFON EMBELLISHED MINI DRESS WITH BLOUSON SLEEVES,151.2,189.0,20,True,69
2026-10-05,PLT,with code 10PLT BOOHOO POLKA DOT COWL CAMI SLIP DRESS,22.5,30.0,25,True,69
2026-10-05,PLT,with code 10PLT COAST ONE SHOULDER FEATHER CUFF VELVET BURNOUT MAXI DRESS,149.0,149.0,0,False,69
2026-10-05,PLT,with code 10PLT OASIS WINE SATIN OPEN BACK DETAIL MAXI BRIDESMAID DRESS,63.2,79.0,20,True,69
2026-10-05,PLT,with code 10PLT COAST LONG SLEEVE ORGANZA MIDI DRESS WITH BELT,149.0,149.0,0,False,69
2026-10-05,PLT,with code 10PLT KARENMILLEN TEXTURED TWEED CONTRAST COLLAR PLEATED TAILORED MINI DRESS,77.0,219.0,65,True,69
2026-10-05,PLT,with code 10PLT BOOHOO LINEN LOOK STRUCTURED OFF SHOULDER MINI DRESS,22.5,30.0,25,True,69
2026-10-05,PLT,with code 10PLT KARENMILLEN STRETCH TWILL BELTED SAFARI MINI DRESS,125.3,179.0,30,True,69
2026-10-05,PLT,with code 10PLT KARENMILLEN TRIM DETAIL ORGANDIE MIDI SHIRT DRESS,118.3,169.0,30,True,69
2026-10-05,PLT,with code 10PLT BOOHOO SUPER SOFT 3/4 SLEEVE MINI DRESS,10.5,14.0,25,True,69
2026-10-05,PLT,with code 10PLT BOOHOO SUPER SOFT RUCHED WAIST FLARED SLEEVE MAXI DRESS,7.0,22.0,68,True,69
2026-10-05,PLT,with code 10PLT PETITE COAST PETITE COWL NECK CORSET DRAPE SATIN MAXI WEDDING DRESS,119.2,149.0,20,True,69
2026-10-05,PLT,with code 10PLT KARENMILLEN TAILORED COLLARED LONG SLEEVE MIDI DRESS,80.0,199.0,60,True,69
2026-10-05,PLT,with code 10PLT WAREHOUSE JACQUARD BLOUSON SLEEVE MINI DRESS,79.0,79.0,0,False,69
2026-10-05,PLT,with code 10PLT BOOHOO TEXTURED FLARED SLEEVE VOLUME SKIRT MIDAXI DRESS,22.5,30.0,25,True,69
2026-10-05,PLT,with code 10PLT OASIS LACE TRIM DOBBY CHIFFON TIERED MIDAXI DRESS,55.2,69.0,20,True,69
2026-10-05,PLT,with code 10PLT BOOHOO SHIRRED BODY MINI DRESS WITH BRODERIE HEM,14.0,25.0,44,True,69
2026-10-05,PLT,with code 10PLT COAST CORSAGE DETAIL CORSET FULL SKIRTED WEDDING DRESS,224.1,249.0,10,True,69
2026-10-05,PLT,with code 10PLT WAREHOUSE SATIN SCOOP NECK BIAS MIDI SLIP DRESS,49.0,49.0,0,False,69
2026-10-05,PLT,with code 10PLT KARENMILLEN STRIPE FABRIC DETAIL FLUID HALTER MAXI DRESS,68.0,169.0,60,True,69
2026-10-05,PLT,with code 10PLT PETITE COAST PETITE ASYMMETRIC NECKLINE SCUBA CREPE BLACK TIE DRESS,119.0,119.0,0,False,69
2026-10-05,PLT,with code 10PLT PETITE BOOHOO PETITE CRINKLE DROP WAIST RACER MAXI DRESS,18.75,25.0,25,True,69
2026-10-05,PLT,with code 10PLT COAST BOW ONE SHOULDER VELVET BRIDESMAID MAXI DRESS,116.1,129.0,10,True,69
2026-10-05,PLT,with code 10PLT KARENMILLEN PREMIUM CRYSTAL EMBELLISHED JERSEY COWL NECK MINI DRESS,80.0,199.0,60,True,69
2026-10-05,PLT,with code 10PLT OASIS FLORAL PRINT RUFFLE MESH MAXI DRESS,80.1,89.0,10,True,70
2026-10-05,PLT,with code 10PLT PETITE KARENMILLEN PETITE VISCOSE SATIN V NECK LONG SLEEVE WOVEN MIDI DRESS,66.0,189.0,65,True,70
2026-10-05,PLT,with code 10PLT PLUS BOOHOO PLUS GOLD BUTTON SHIFT SHIRT DRESS,11.0,32.0,66,True,70
2026-10-05,PLT,with code 10PLT BOOHOO DRAPE FRONT TAILORED MINI DRESS,14.0,45.0,69,True,70
2026-10-05,PLT,with code 10PLT BOOHOO SHIRRED BODY MINI DRESS WITH BRODERIE HEM,10.0,25.0,60,True,70
2026-10-05,PLT,with code 10PLT KARENMILLEN TAILORED CREPE CAPE ASYMMETRIC CAPE NECK DETAIL MIDI DRESS,59.0,169.0,65,True,70
2026-10-05,PLT,with code 10PLT PLUS DOROTHY PERKINS PLUS ANGEL SLEEVE LACE TRIM MIDI DRESS,15.0,42.0,64,True,70
2026-10-05,PLT,with code 10PLT PLT label COAST STRUCTURED SATIN BOW DETAIL BRIDAL MINI DRESS,79.2,99.0,20,True,70
2026-10-05,PLT,with code 10PLT PETITE KARENMILLEN PETITE POLISHED TAILORED CORSET DETAIL MIDI DRESS,57.0,229.0,75,True,70
2026-10-05,PLT,with code 10PLT COAST BUTTON THROUGH BELTED PROM DRESS,90.3,129.0,30,True,70
2026-10-05,PLT,with code 10PLT COAST SLEEVELESS TIERED DETAIL CREPE MIDI DRESS,129.0,129.0,0,False,70
2026-10-05,PLT,with code 10PLT COAST DRAPED SHOULDER HALTER NECK BEADED MAXI DRESS,143.2,179.0,20,True,70
2026-10-05,PLT,with code 10PLT COAST ASYMMETRIC NECKLINE SHORT SLEEVE BELTED CREPE MIDI DRESS,129.0,129.0,0,False,70
2026-10-05,PLT,with code 10PLT BOOHOO TEXTURED RUCHED FRILL SKIRT MINI DRESS,9.0,28.0,68,True,70
2026-10-05,PLT,with code 10PLT KARENMILLEN PETITE COTTON COLLARED STRIPE HALTER NECK WOVEN MIDI SHIRT DRESS WITH DROPPED WAIST DETAIL,69.0,139.0,50,True,70
2026-10-05,PLT,with code 10PLT PETITE KARENMILLEN PETITE CHECK TAILORED DRESS,139.3,199.0,30,True,70
2026-10-05,PLT,with code 10PLT KARENMILLEN COTTON SATEEN V NECK MAXI DRESS,48.0,159.0,70,True,70
2026-10-05,PLT,with code 10PLT KARENMILLEN COMPACT STRETCH COTTON MIX TAILORED FULL SKIRTED MIDI DRESS,80.0,229.0,65,True,70
2026-10-05,PLT,with code 10PLT BOOHOO BUTTON FRONT BANDEAU MINI DRESS,12.0,30.0,60,True,70
2026-10-05,PLT,with code 10PLT OASIS VELVET LACE TRIM BUTTON THROUGH MINI DRESS,44.0,55.0,20,True,70
2026-10-05,PLT,with code 10PLT WAREHOUSE PETITE PRINTED ONE SHOULDER TWIST FRONT KEYHOLE SATIN MAXI DRESS,24.0,79.0,70,True,70
2026-10-05,PLT,with code 10PLT PETITE KARENMILLEN PETITE BOTANICAL PRINT WOVEN BALLOON SLEEVE MAXI DRESS,70.0,199.0,65,True,70
2026-10-05,PLT,with code 10PLT BOOHOO TEXTURED LACE TRIM MIDAXI DRESS,11.0,28.0,61,True,70
2026-10-05,PLT,with code 10PLT KARENMILLEN PLEATED SLUB ORGANDIE OMBRE WOVEN MAXI DRESS,99.0,199.0,50,True,70
2026-10-05,PLT,with code 10PLT KARENMILLEN DRAPEY CREPE RUCHED DETAIL MAXI DRESS,104.3,149.0,30,True,70
2026-10-05,PLT,with code 10PLT KARENMILLEN BANDAGE FORM FITTING CAPE SLEEVE EMBELLISHED MINI DRESS,90.0,179.0,50,True,70
2026-10-05,PLT,with code 10PLT PETITE COAST PETITE SQUARE NECK MIDI DRESS,129.0,129.0,0,False,70
2026-10-05,PLT,with code 10PLT PLUS BOOHOO PLUS DENIM BUTTON DOWN DRESS,26.25,35.0,25,True,70
2026-10-05,PLT,with code 10PLT NASTYGAL ANIMAL DEVORE RIBBON TRIM CAP SLEEVE MINI DRESS,24.5,35.0,30,True,70
2026-10-05,PLT,with code 10PLT PLUS KARENMILLEN PLUS SIZE VISCOSE SATIN CREPE PRINTED RUFFLE DETAIL MIDI DRESS,132.3,189.0,30,True,70
2026-10-05,PLT,with code 10PLT BOOHOO LONG SLEEVE CINCHED WAIST DENIM DRESS,26.25,35.0,25,True,70
2026-10-05,PLT,with code 10PLT NASTYGAL EYELASH LACE TRIM FAUX LEATHER HALTER DRESS,34.3,49.0,30,True,70
2026-10-05,PLT,with code 10PLT BOOHOO SOFT TOUCH RUFFLE DETAIL MAXI DRESS,25.5,34.0,25,True,70
2026-10-05,PLT,with code 10PLT PLUS BOOHOO PLUS SKATER SKIRT BLAZER DRESS,25.0,52.0,52,True,70
2026-10-05,PLT,with code 10PLT KARENMILLEN PREMIUM LACE TAILORED PENCIL MAXI DRESS,80.0,229.0,65,True,70
2026-10-05,PLT,with code 10PLT PETITE DOROTHY PERKINS PETITE PAISLEY TIE DETAIL DROP HEM PRINTED MINI DRESS,12.0,39.0,69,True,70
2026-10-05,PLT,with code 10PLT OASIS BOW STRAP MIDI PROM DRESS,22.0,75.0,71,True,70
2026-10-05,PLT,with code 10PLT COAST COAST MUSE CORSAGE HALTERNECK PLEATED MAXI DRESS,35.0,129.0,73,True,70
2026-10-05,PLT,with code 10PLT PLUS KARENMILLEN PLUS SIZE STRIPE COLLARED WOVEN MIDI DRESS,89.0,179.0,50,True,70
2026-10-05,PLT,with code 10PLT BOOHOO LINEN LOOK SHIRRED STRIPE BANDEAU MAXI DRESS,22.5,30.0,25,True,70
2026-10-05,PLT,with code 10PLT COAST LISA TAN TWILL VOLUME BELTED MIDI DRESS,50.0,139.0,64,True,70
2026-10-05,PLT,with code 10PLT COAST COAST MUSE HALTERNECK FAUX FEATHER FRINGE MIDI DRESS,55.0,139.0,60,True,70
2026-10-05,PLT,with code 10PLT TALL BOOHOO TALL HIGH NECK SUPER SOFT KNITTED MINI DRESS,13.5,18.0,25,True,70
2026-10-05,PLT,with code 10PLT COAST SLEEVELESS CREPE MIDI DRESS WITH DIAMANTE BOW DETAIL,80.0,139.0,42,True,70
2026-10-05,PLT,with code 10PLT TALL BOOHOO TALL BURNOUT FLORAL GODET HEM MINI DRESS,21.0,28.0,25,True,70
2026-10-05,PLT,with code 10PLT COAST OFF THE SHOULDER LACE HI LO DRESS,116.1,129.0,10,True,70
2026-10-05,PLT,with code 10PLT PLUS BOOHOO PLUS BLURRED FLORAL FLARED SLEEVE SHIFT DRESS,22.5,30.0,25,True,70
2026-10-05,PLT,with code 10PLT COAST SATIN COWL NECK RUCHED DETAIL MIDI DRESS,99.0,99.0,0,False,70
2026-10-05,PLT,with code 10PLT KARENMILLEN SCENIC FLUID ORGANZA BELTED SHIRT DRESS,179.0,179.0,0,False,70
2026-10-05,PLT,with code 10PLT COAST CONTOUR COLLECTIVE HIGH NECK DRAPE JERSEY MAXI DRESS,83.3,119.0,30,True,70
2026-10-05,PLT,with code 10PLT PETITE KARENMILLEN PETITE VISCOSE FLORAL PRINT WOVEN MAXI DRESS,89.0,179.0,50,True,70
2026-10-05,PLT,with code 10PLT PETITE KARENMILLEN PETITE RUFFLE TRIM KNITTED MAXI DRESS,52.0,149.0,65,True,70
2026-10-05,PLT,with code 10PLT PETITE KARENMILLEN PETITE FLORAL PRINT TWILL MIDI DRESS,90.3,129.0,30,True,70
2026-10-05,PLT,with code 10PLT PETITE COAST PETITE CAP SLEEVE PLEATED SKIRT MIDI WEDDING GUEST DRESS,129.0,129.0,0,False,70
2026-10-05,PLT,with code 10PLT OASIS APPLIQUE V NECK MAXI WEDDING DRESS,28.0,129.0,78,True,70
2026-10-05,PLT,with code 10PLT PETITE BOOHOO PETITE CHIFFON FLORAL COWL NECK MAXI DRESS WITH DRAPED WAIST DETAIL,10.0,30.0,67,True,70
2026-10-05,PLT,with code 10PLT KARENMILLEN ABSTRACT PRINT VISCOSE LINEN WOVEN HALTER NECK MAXI DRESS,59.0,169.0,65,True,70
2026-10-05,PLT,with code 10PLT PETITE KARENMILLEN PETITE CRINKLE COLD SHOULDER GEORGETTE WOVEN MAXI DRESS,59.0,169.0,65,True,70
2026-10-05,PLT,with code 10PLT MISSPAP FLORAL TEXTURED SHEER SCOOP NECK BIAS MAXI,20.0,55.0,64,True,70
2026-10-05,PLT,with code 10PLT KARENMILLEN COMPACT STRETCH TAILORED BELTED MIDI PENCIL DRESS,60.0,199.0,70,True,70
2026-10-05,PLT,with code 10PLT WAREHOUSE FLORAL PRINT LAYERED TULLE FRONT CUT OUT STRAPPY MAXI DRESS,129.0,129.0,0,False,70
2026-10-05,PLT,with code 10PLT COAST VELVET AND SATIN SLEEVELESS MIDI DRESS,129.0,129.0,0,False,70
2026-10-05,PLT,with code 10PLT KARENMILLEN BANDAGE FIGURE FORM ZIP DETAIL CHIFFON SLEEVE KNIT DRESS,104.3,149.0,30,True,70
2026-10-05,PLT,with code 10PLT COAST BANDAGE LONG SLEEVE BUTTON DETAIL MIDI DRESS,119.0,119.0,0,False,70
2026-10-05,PLT,with code 10PLT BOOHOO LACE BABY DOLL FLARE SLEEVE MINI DRESS,26.25,35.0,25,True,70
2026-10-05,PLT,with code 10PLT KARENMILLEN PLEATED TWIST FRONT WOVEN HALTER MIDI DRESS,64.0,129.0,50,True,70
2026-10-05,PLT,with code 10PLT MISSPAP SATIN OFF SHOULDER ASYMMETRIC BODYCON MINI DRESS,31.5,45.0,30,True,70
2026-10-05,PLT,with code 10PLT KARENMILLEN POCKET DETAIL PONTE JERSEY SHORT SLEEVE MIDI DRESS,90.3,129.0,30,True,70
2026-10-05,PLT,with code 10PLT KARENMILLEN TAFFETA BOW DETAIL WOVEN MAXI DRESS,95.0,379.0,75,True,70
2026-10-05,PLT,with code 10PLT NASTYGAL COTTON EMBROIDERED LACE TRIM HALTER NECK MINI DRESS,27.3,39.0,30,True,70
2026-10-05,PLT,with code 10PLT KARENMILLEN COMPACT STRETCH COLOUR BLOCK TAILORED HALTER NECK MIDI DRESS,80.0,229.0,65,True,70
2026-10-05,PLT,with code 10PLT TALL KARENMILLEN TALL TAFFETA BOW DETAIL WOVEN MAXI DRESS,92.0,369.0,75,True,70
2026-10-05,PLT,with code 10PLT PETITE KARENMILLEN PETITE SLINKY CREPE TWIST DETAIL MAXI DRESS,49.0,139.0,65,True,70
2026-10-05,PLT,with code 10PLT BOOHOO SHOULDER PAD FRINGE MINI DRESS,10.0,30.0,67,True,70
2026-10-05,PLT,with code 10PLT PLT label BOOHOO SHOULDER PAD FRINGE MINI DRESS,10.0,30.0,67,True,71
2026-10-05,PLT,with code 10PLT KARENMILLEN FOREVER FIGURE FORM BANDAGE KNIT PIPING DETAIL MILITARY MIDI DRESS,125.3,179.0,30,True,71
2026-10-05,PLT,with code 10PLT PETITE WAREHOUSE PETITE PREMIUM FRINGE TRIM ONE SHOULDER MIDI DRESS,55.0,79.0,30,True,71
2026-10-05,PLT,with code 10PLT BOOHOO FLORAL CHIFFON PLUNGE RUFFLE MIDAXI DRESS,22.5,30.0,25,True,71
2026-10-05,PLT,with code 10PLT BOOHOO TAILORED SWEETHEART NECKLINE SKATER DRESS,24.0,32.0,25,True,71
2026-10-05,PLT,with code 10PLT BOOHOO SUPER SOFT DROP SHOULDER RUCHED WAIST MAXI DRESS,18.75,25.0,25,True,71
2026-10-05,PLT,with code 10PLT COAST SWEETHEART NECK KNOT FRONT MAXI BRIDESMAID DRESS WITH REMOVABLE STRAPS,22.0,119.0,82,True,71
2026-10-05,PLT,with code 10PLT BOOHOO SUPER SOFT V NECK KNITTED MINI DRESS,15.0,20.0,25,True,71
2026-10-05,PLT,with code 10PLT PLUS KARENMILLEN PLUS SIZE SQUARE NECK TAILORED FULL SKIRTED MAXI DRESS,99.0,199.0,50,True,71
2026-10-05,PLT,with code 10PLT KARENMILLEN CORSAGE DETAIL COTTON POPLIN MIDI DRESS,48.0,159.0,70,True,71
2026-10-05,PLT,with code 10PLT WAREHOUSE POLKA DOT SCOOP BACK RACER MAXI DRESS,65.0,65.0,0,False,71
2026-10-05,PLT,with code 10PLT COAST PRINTED STRIPE ORGANZA ONE SHOULDER MIDI DRESS,143.1,159.0,10,True,71
2026-10-05,PLT,with code 10PLT DOROTHY PERKINS TIE NECK COLLAR DETAIL SHIFT MINI DRESS,10.0,35.0,71,True,71
2026-10-05,PLT,with code 10PLT BOOHOO LARGE SCALE FLORAL RUCHED BODICE MAXI DRESS,22.5,30.0,25,True,71
2026-10-05,PLT,with code 10PLT COAST BOW DETAIL BUTTON BACK MAXI WEDDING DRESS,119.2,149.0,20,True,71
2026-10-05,PLT,with code 10PLT COAST DEVORE MESH COWL BACK BRIDESMAID MAXI DRESS,129.0,129.0,0,False,71
2026-10-05,PLT,with code 10PLT PLUS BOOHOO PLUS SKATER SKIRT BLAZER DRESS,40.5,54.0,25,True,71
2026-10-05,PLT,with code 10PLT BOOHOO CHIFFON RUFFLE FLORAL ZEBRA POLKA DOT MAXI DRESS,26.25,35.0,25,True,71
2026-10-05,PLT,with code 10PLT PETITE KARENMILLEN PETITE COMPACT STRETCH TAB DETAIL FULL SKIRTED MIDI DRESS,91.0,259.0,65,True,71
2026-10-05,PLT,with code 10PLT KARENMILLEN VISCOSE SATIN CHAIN PRINT SLEEVELESS MAXI DRESS,160.3,229.0,30,True,71
2026-10-05,PLT,with code 10PLT KARENMILLEN TULLE BALLOON SLEEVE PLUNGE WOVEN MAXI DRESS,160.0,160.0,0,False,71
2026-10-05,PLT,with code 10PLT NASTYGAL COTTON LACE TRIM PINTUCK MINI DRESS,27.3,39.0,30,True,71
2026-10-05,PLT,with code 10PLT COAST LACE TRIM TIERED ORGANZA MIDI DRESS,119.2,149.0,20,True,71
2026-10-05,PLT,with code 10PLT BOOHOO BENGALINE HALTER NECK PLUNGE SKATER DRESS,18.75,25.0,25,True,71
2026-10-05,PLT,with code 10PLT KARENMILLEN TAILORED JACQUARD FLIPPY MINI DRESS,132.3,189.0,30,True,71
2026-10-05,PLT,with code 10PLT KARENMILLEN HALTER NECK TWIST CRINKLE GEORGETTE CAPE WOVEN MAXI DRESS,59.0,169.0,65,True,71
2026-10-05,PLT,with code 10PLT KARENMILLEN SILK COTTON FLORAL PUFF SLEEVE MIDI DRESS,88.0,219.0,60,True,71
2026-10-05,PLT,with code 10PLT COAST LISA TAN HALTERNECK LARGE FLORAL FULL SKIRTED MIDI DRESS,70.0,139.0,50,True,71
2026-10-05,PLT,with code 10PLT COAST LACE TRIM COLLARED GEORGETTE SHIRT DRESS,70.0,119.0,41,True,71
2026-10-05,PLT,with code 10PLT KARENMILLEN FIGURE FORM BANDAGE STRAPPY TASSEL HEM KNITTED DRESS,64.0,159.0,60,True,71
2026-10-05,PLT,with code 10PLT KARENMILLEN TAILORED MARL CONTRAST TIPPED PENCIL MIDI DRESS,50.0,199.0,75,True,71
2026-10-05,PLT,with code 10PLT KARENMILLEN VISCOSE SATIN CAMI SLIP MIDI DRESS,199.0,199.0,0,False,71
2026-10-05,PLT,with code 10PLT COAST DRAPED SATIN BODICE SEQUIN MAXI DRESS,149.0,149.0,0,False,71
2026-10-05,PLT,with code 10PLT KARENMILLEN FOIL METALLIC FIGURE FORM BANDAGE ANGEL SLEEVE KNIT MAXI DRESS,80.0,159.0,50,True,71
2026-10-05,PLT,with code 10PLT PETITE COAST PETITE BANDAGE SHORT SLEEVE LACE TRIM COLLARED MIDI DRESS,129.0,129.0,0,False,71
2026-10-05,PLT,with code 10PLT PETITE BOOHOO PETITE CRINKLE TEXTURE FLARE SLEEVE COLUMN MAXI DRESS,21.0,28.0,25,True,71
2026-10-05,PLT,with code 10PLT COAST COAST HONOURED LONG SLEEVE SEQUIN BODICE TULLE SKIRT MAXI BRIDESMAID DRESS,139.3,199.0,30,True,71
2026-10-05,PLT,with code 10PLT PETITE BOOHOO PETITE TAILORED STRUCTURED CINCHED WAIST BLAZER DRESS,15.0,47.0,68,True,71
2026-10-05,PLT,with code 10PLT PETITE KARENMILLEN PETITE COMPACT VISCOSE STRETCH TAILORED PEPLUM MIDI DRESS,70.0,199.0,65,True,71
2026-10-05,PLT,with code 10PLT BOOHOO GOLD BUTTON WAISTCOAT MINI DRESS,16.0,24.0,33,True,71
2026-10-05,PLT,with code 10PLT PETITE BOOHOO PETITE V NECK LONG SLEEVE KNITTED MAXI DRESS,21.0,28.0,25,True,71
2026-10-05,PLT,with code 10PLT BOOHOO BARDOT RUCHED BODICE MAXI DRESS,26.25,35.0,25,True,71
2026-10-05,PLT,with code 10PLT KARENMILLEN AMELIA GRAHAM BURNOUT LACE UP DETAIL WOVEN COLUMN DRESS,44.0,179.0,75,True,71
2026-10-05,PLT,with code 10PLT PETITE COAST PETITE HALTER SATIN MIDI WEDDING DRESS WITH PEARL,89.4,149.0,40,True,71
2026-10-05,PLT,with code 10PLT COAST METAL DETAIL ONE SHOULDER MIDI DRESS,45.0,99.0,55,True,71
2026-10-05,PLT,with code 10PLT BOOHOO RACER BACK DROPPED WAIST SKATER DRESS,18.75,25.0,25,True,71
2026-10-05,PLT,with code 10PLT COAST COAST MUSE PALM TREE EMBELLISHED MIDI DRESS,90.0,229.0,61,True,71
2026-10-05,PLT,with code 10PLT COAST WRAP OVER DETAIL V NECK SLEEVELESS MIDI DRESS,129.0,129.0,0,False,71
2026-10-05,PLT,with code 10PLT PETITE OASIS PETITE PRINTED MESH BALLOON SLEEVE MIDI DRESS,71.2,89.0,20,True,71
2026-10-05,PLT,with code 10PLT BOOHOO CROCHET FLOWER APPLIQUE HALTER MAXI DRESS,16.0,35.0,54,True,71
2026-10-05,PLT,with code 10PLT BOOHOO BEACH CROCHET KNIT LONG SLEEVE MINI DRESS,21.0,28.0,25,True,71
2026-10-05,PLT,with code 10PLT NASTYGAL CORD HALTER NECK BUTTON DOWN WAISTCOAT MINI DRESS,27.3,39.0,30,True,71
2026-10-05,PLT,with code 10PLT MISSPAP SATIN OFF SHOULDER ASYMMETRIC BODYCON MINI DRESS,14.0,45.0,69,True,71
2026-10-05,PLT,with code 10PLT WAREHOUSE TULLE EMBROIDERED RUFFLE TIERED MAXI DRESS,89.0,89.0,0,False,71
2026-10-05,PLT,with code 10PLT BOOHOO LACE TRIM RUCHED BUST MINI DRESS,14.25,19.0,25,True,71
2026-10-05,PLT,with code 10PLT PETITE KARENMILLEN PETITE DENIM PRINTED MIDI DRESS,56.0,159.0,65,True,71
2026-10-05,PLT,with code 10PLT WAREHOUSE LACE EMBROIDERED INSERT MIDI BIAS DRESS,79.0,79.0,0,False,71
2026-10-05,PLT,with code 10PLT PLUS BOOHOO PLUS BOAT NECK BUTTON DOWN DETAIL SKATER MINI DRESS,16.0,24.0,33,True,71
2026-10-05,PLT,with code 10PLT KARENMILLEN HAND BEADED TASSEL MIDI DRESS,199.0,399.0,50,True,71
2026-10-05,PLT,with code 10PLT NASTYGAL SEQUIN CROCHET MAXI BEACH DRESS,48.3,69.0,30,True,71
2026-10-05,PLT,with code 10PLT PLUS BOOHOO PLUS SUPER SOFT ANGEL SLEEVE RUCHED MIDI DRESS,18.75,25.0,25,True,71
2026-10-05,PLT,with code 10PLT PETITE COAST PETITE PLEAT DETAIL LACE TRIM MAXI DRESS,30.0,129.0,77,True,71
2026-10-05,PLT,with code 10PLT KARENMILLEN BEADED CONTOUR SWEET HEART NECKLINE WOVEN MAXI DRESS,192.0,549.0,65,True,71
2026-10-05,PLT,with code 10PLT BOOHOO RIBBED GROWN ON NECK LONG SLEEVE MINI DRESS,18.0,24.0,25,True,71
2026-10-05,PLT,with code 10PLT KARENMILLEN SLINKY CREPE TWIST DETAIL MAXI DRESS,49.0,139.0,65,True,71
2026-10-05,PLT,with code 10PLT KARENMILLEN WOOL BLEND COSY KNIT STRIPED BELTED MIDI DRESS,69.3,99.0,30,True,71
2026-10-05,PLT,with code 10PLT PLUS BOOHOO PLUS 3/4 V NECK SHIFT DRESS,18.75,25.0,25,True,72
2026-10-05,PLT,with code 10PLT KARENMILLEN STRUCTURED CREPE FOREVER PENCIL MIDI DRESS,139.0,199.0,30,True,72
2026-10-05,PLT,with code 10PLT PLUS KARENMILLEN PLUS SIZE COTTON CUTWORK BALLOON SLEEVE WOVEN MIDI DRESS,209.3,299.0,30,True,72
2026-10-05,PLT,with code 10PLT KARENMILLEN PREMIUM CRYSTAL EMBELLISHED JERSEY SLEEVELESS PLUNGE NECK MIDI DRESS,124.0,249.0,50,True,72
2026-10-05,PLT,with code 10PLT KARENMILLEN BEAD DETAIL BELTED MINI DRESS,84.0,279.0,70,True,72
2026-10-05,PLT,with code 10PLT KARENMILLEN GEORGETTE PLACED CUTWORK HALTER WOVEN MIDI DRESS,136.0,339.0,60,True,72
2026-10-05,PLT,with code 10PLT WAREHOUSE BEADED FLORAL OFF SHOULDER MAXI DRESS,119.0,119.0,0,False,72
2026-10-05,PLT,with code 10PLT PLT label KARENMILLEN PRINTED METALLIC FLORAL WOVEN MAXI DRESS,84.0,169.0,50,True,72
2026-10-05,PLT,with code 10PLT OASIS FAN FLORAL EMBELLISHED ANGEL SLEEVE MAXI DRESS,70.0,139.0,50,True,72
2026-10-05,PLT,with code 10PLT PETITE COAST PETITE HALTERNECK LACE MIDI DRESS,149.0,149.0,0,False,72
2026-10-05,PLT,with code 10PLT COAST CHIFFON FEATHER SCARF STRETCH CREPE MIDI DRESS,129.0,129.0,0,False,72
2026-10-05,PLT,with code 10PLT WAREHOUSE FAUX LEATHER WHIPSTITCH DETAIL SHIFT MINI DRESS,39.0,65.0,40,True,72
2026-10-05,PLT,with code 10PLT KARENMILLEN APPLIQUE SPOT PRINTED WOVEN COLD SHOULDER WOVEN MINI DRESS,63.0,179.0,65,True,72
2026-10-05,PLT,with code 10PLT PETITE KARENMILLEN PETITE TEXTURED DROP WAIST LONG SLEEVE WOVEN MIDI DRESS,49.0,139.0,65,True,72
2026-10-05,PLT,with code 10PLT COAST LISA TAN STATEMENT BOW CREPE MIDI DRESS,32.0,139.0,77,True,72
2026-10-05,PLT,COAST CREPE HIGH NECK ONE SHOULDER BRIDESMAID MAXI DRESS,103.2,129.0,20,True,72
2026-10-05,PLT,with code 10PLT DOROTHY PERKINS DP LUXE ROSE CORSAGE MINI DRESS,47.2,59.0,20,True,72
2026-10-05,PLT,with code 10PLT COAST PLUNGE NECK JACQUARD MIDI DRESS,149.0,149.0,0,False,72
2026-10-05,PLT,with code 10PLT KARENMILLEN LINEN MATTE SEQUIN COLLARED MIDI DRESS,66.0,219.0,70,True,72
2026-10-05,PLT,with code 10PLT KARENMILLEN WOOL LOOK RIB DETAIL LONG SLEEVE KNITTED DRESS,90.3,129.0,30,True,72
2026-10-05,PLT,with code 10PLT KARENMILLEN VISCOSE SATIN CREPE WOVEN MAXI DRESS,80.0,229.0,65,True,72
2026-10-05,PLT,with code 10PLT COAST SCUBA SWEETHEART NECKLINE MIDI DRESS,99.0,99.0,0,False,72
2026-10-05,PLT,with code 10PLT PETITE COAST PETITE RUFFLE DETAIL MIDI DRESS,107.1,119.0,10,True,72
2026-10-05,PLT,with code 10PLT BOOHOO ABSTRACT PRINT SHEER MESH PLUNGE MAXI BEACH DRESS,9.0,26.0,65,True,72
2026-10-05,PLT,with code 10PLT PLUS KARENMILLEN PLUS SIZE FOREVER SOFT TAILORED COLOUR BLOCK HIGH NECK PLEATED MIDI DRESS,139.3,199.0,30,True,72
2026-10-05,PLT,with code 10PLT NASTYGAL DENIM LACE TRIM HALTER NECK MINI DRESS,31.5,45.0,30,True,72
2026-10-05,PLT,with code 10PLT BOOHOO TAILORED SLASH NECK CAP SLEEVE MINI DRESS,22.5,30.0,25,True,72
2026-10-05,PLT,with code 10PLT COAST COAST COUTURE HALTERNECK EMBELLISHED MAXI DRESS WITH EXAGGERATED BOW BACK,229.0,229.0,0,False,72
2026-10-05,PLT,with code 10PLT DOROTHY PERKINS FRILL NECKLINE LACE DETAIL MIDI DRESS,15.0,39.0,62,True,72
2026-10-05,PLT,with code 10PLT BOOHOO HAMMERED BLOUSON SLEEVE MINI DRESS,19.5,26.0,25,True,72
2026-10-05,PLT,with code 10PLT PLUS BOOHOO PLUS CHIFFON RUFFLE COLD SHOULDER MAXI DRESS,27.0,36.0,25,True,72
2026-10-05,PLT,with code 10PLT KARENMILLEN GEO PRINT HAMMERED SATIN TIE WAIST WOVEN MIDI DRESS,83.3,119.0,30,True,72
2026-10-05,PLT,with code 10PLT WAREHOUSE RUFFLE LAYER V NECK BIAS SLIP DRESS,65.0,65.0,0,False,72
2026-10-05,PLT,with code 10PLT BOOHOO SUPER SOFT ASYMMETRIC NECKLINE MINI DRESS,11.25,15.0,25,True,72
2026-10-05,PLT,with code 10PLT KARENMILLEN SILK COTTON ANIMAL STRAPPY MAXI DRESS,73.0,209.0,65,True,72
2026-10-05,PLT,with code 10PLT COAST LISA TAN WRAP WAIST TAILORED MIDI DRESS,40.0,119.0,66,True,72
2026-10-05,PLT,BOOHOO TONAL POLKA DOT LONG SLEEVE MINI DRESS,13.5,18.0,25,True,72
2026-10-05,PLT,with code 10PLT BOOHOO BASIC SUPERSOFT CINCHED WAIST T-SHIRT DRESS,15.0,20.0,25,True,72
2026-10-05,PLT,with code 10PLT KARENMILLEN PLACEMENT PRINT LINEN VISCOSE ONE SHOULDER MIDI DRESS,51.0,169.0,70,True,72
2026-10-05,PLT,with code 10PLT BOOHOO MIXED ANIMAL PRINT RUCHED MESH MAXI DRESS,21.0,28.0,25,True,72
2026-10-05,PLT,with code 10PLT BOOHOO POLKA DOT PLISSE HALTERNECK MINI DRESS,22.5,30.0,25,True,72
2026-10-05,PLT,with code 10PLT COAST V NECK LONG SLEEVE JACQUARD MIDI DRESS,134.1,149.0,10,True,72
2026-10-05,PLT,with code 10PLT COAST LONG SLEEVE SWEETHEART NECKLINE LONG SLEEVE MIDI DRESS,129.0,129.0,0,False,72
2026-10-05,PLT,with code 10PLT PLUS BOOHOO PLUS TEXTURED SATIN COLLARED DRESS,14.0,40.0,65,True,72
2026-10-05,PLT,with code 10PLT KARENMILLEN TEXTURED TWEED TAILORED POCKET FRONT SHORT SLEEVE MIDI DRESS,91.0,259.0,65,True,72
2026-10-05,PLT,with code 10PLT KARENMILLEN PREMIUM VISCOSE LINEN WOVEN SHIRT DRESS WITH GOLD BUCKLE BELT,56.0,159.0,65,True,72
2026-10-05,PLT,with code 10PLT COAST LISA TAN WAISTCOAT GOLD BUTTON DETAIL MIDI DRESS,60.0,119.0,50,True,72
2026-10-05,PLT,with code 10PLT KARENMILLEN GEO PRINT HAMMERED SATIN TIE WAIST WOVEN MIDI DRESS,69.3,99.0,30,True,72
2026-10-05,PLT,with code 10PLT KARENMILLEN TAFFETA TWILL PUFF SLEEVE MIDI DRESS,97.3,139.0,30,True,72
2026-10-05,PLT,with code 10PLT PETITE KARENMILLEN PETITE TEXTURE TWEED MAXI DRESS,167.3,239.0,30,True,72
2026-10-05,PLT,with code 10PLT PETITE COAST PETITE LACE MIDI DRESS WITH BOW BELT,134.1,149.0,10,True,72
2026-10-05,PLT,with code 10PLT BOOHOO TAILORED SWEETHEART BARDOT SKATER DRESS,24.0,32.0,25,True,72
2026-10-05,PLT,with code 10PLT MATERNITY BOOHOO MATERNITY STRIPE RACER NECK MIDI DRESS,13.5,18.0,25,True,72
2026-10-05,PLT,with code 10PLT KARENMILLEN COMPACT STRETCH BOW DETAIL PENCIL DRESS,92.0,229.0,60,True,72
2026-10-05,PLT,with code 10PLT BOOHOO POLKA DOT CRINKLE MIDAXI DRESS,11.0,27.0,59,True,72
2026-10-05,PLT,with code 10PLT KARENMILLEN FIGURE FORM BANDAGE ASYMMETRIC KNIT MIDI DRESS,104.3,149.0,30,True,72
2026-10-05,PLT,with code 10PLT PETITE COAST PETITE COAST HONOURED RUFFLE GEORGETTE MAXI BRIDESMAID DRESS,89.1,99.0,10,True,72
2026-10-05,PLT,with code 10PLT KARENMILLEN BAROQUE SILK COTTON STRAPPY MIDI DRESS,99.0,199.0,50,True,72
2026-10-05,PLT,with code 10PLT PETITE KARENMILLEN PETITE TAILORED COTTON SATEEN FULL MIDI DRESS,70.0,199.0,65,True,72
2026-10-05,PLT,with code 10PLT PETITE KARENMILLEN PETITE TAILORED TWEED BOW DETAIL MINI DRESS,56.0,159.0,65,True,72
2026-10-05,PLT,with code 10PLT BOOHOO TEXTURED MILKMAID MAXI DRESS,18.75,25.0,25,True,72
2026-10-05,PLT,with code 10PLT NASTYGAL GRID EMBELLISHED STRAPPY FESTIVAL MINI DRESS,104.3,149.0,30,True,72
2026-10-05,PLT,with code 10PLT PLUS KARENMILLEN PLUS SIZE TAILORED LINEN STATEMENT BUTTON FRONT PENCIL MIDI DRESS,70.0,199.0,65,True,72
2026-10-05,PLT,with code 10PLT KARENMILLEN ARCHIVE EMBROIDERED APPLIQUE ORGANDIE WOVEN PROM DRESS,150.0,429.0,65,True,72
2026-10-05,PLT,with code 10PLT COAST LACE TRIM COLOUR BLOCK BELTED MIDI DRESS,60.0,149.0,60,True,72
2026-10-05,PLT,with code 10PLT KARENMILLEN SEQUIN HALTER NECK HANKY HEM MAXI DRESS,84.0,169.0,50,True,72
2026-10-05,PLT,with code 10PLT KARENMILLEN PREMIUM VISCOSE LINEN TAILORED BELTED FULL SKIRTED MIDI DRESS,94.0,269.0,65,True,72
2026-10-05,PLT,with code 10PLT PETITE DOROTHY PERKINS PETITE SATIN JACQUARD EMPIRE LONG SLEEVE MIDI DRESS,49.5,55.0,10,True,72
2026-10-05,PLT,with code 10PLT COAST CUTOUT DETAIL PLEATED SLEEVE MAXI DRESS,129.0,129.0,0,False,72
2026-10-05,PLT,with code 10PLT COAST SATIN DRAPE BODICE WITH CREPE PENCIL SKIRT MIDI DRESS,129.0,129.0,0,False,72
2026-10-05,PLT,with code 10PLT KARENMILLEN STRIPED BARDOT KNIT MAXI DRESS,42.0,119.0,65,True,72
2026-10-05,PLT,with code 10PLT KARENMILLEN FRINGED ASYMMETRIC BEADED WOVEN MAXI DRESS,140.0,399.0,65,True,72
2026-10-05,PLT,with code 10PLT COAST COAST COUTURE BATWING SLEEVE MAXI DRESS,199.0,199.0,0,False,72
2026-10-05,PLT,with code 10PLT BOOHOO LONG SLEEVE SQUARE NECK FULL SKIRT MINI DRESS,22.5,30.0,25,True,72
2026-10-05,PLT,with code 10PLT BOOHOO SHEER MESH CAPE BEACH DRESS,11.0,18.0,39,True,72
2026-10-05,PLT,with code 10PLT KARENMILLEN FEATHER CRYSTAL EMBELLISHED MAXI DRESS,147.0,419.0,65,True,72
2026-10-05,PLT,with code 10PLT PLT label KARENMILLEN SEQUIN HALTER NECK HANKY HEM MAXI DRESS,84.0,169.0,50,True,73
2026-10-05,PLT,with code 10PLT NASTYGAL VELVET RUCHED OFF THE SHOULDER MINI DRESS,34.3,49.0,30,True,73
2026-10-05,PLT,with code 10PLT DOROTHY PERKINS SQUARE NECK BALLOON SLEEVE DRESS,28.0,35.0,20,True,73
2026-10-05,PLT,with code 10PLT KARENMILLEN TAILORED SATIN GODET FULL SKIRTED MIDI DRESS,80.0,229.0,65,True,73
2026-10-05,PLT,with code 10PLT PETITE KARENMILLEN PETITE TAILORED LINEN TAB WAIST PENCIL MIDI DRESS,87.0,249.0,65,True,73
2026-10-05,PLT,with code 10PLT PETITE COAST PETITE SATIN MIDI DRESS WITH TWIST WAIST,30.0,119.0,75,True,73
2026-10-05,PLT,with code 10PLT NASTYGAL VINTAGE LACE GODET HEM FESTIVAL MAXI DRESS,55.3,79.0,30,True,73
2026-10-05,PLT,with code 10PLT PETITE KARENMILLEN PETITE CRYSTAL EMBELLISHED HALTER WOVEN MAXI DRESS,154.0,439.0,65,True,73
2026-10-05,PLT,with code 10PLT PETITE COAST PETITE STRAPPY CREPE MAXI DRESS,129.0,129.0,0,False,73
2026-10-05,PLT,with code 10PLT BOOHOO CROCHET FLORAL CORSAGE HALTER MINI DRESS,14.0,34.0,59,True,73
2026-10-05,PLT,with code 10PLT WAREHOUSE STRETCH CREPE BARDOT COLUMN MIDI DRESS,21.0,55.0,62,True,73
2026-10-05,PLT,with code 10PLT COAST SHORT SLEEVE JACQUARD MIDI DRESS WITH BOW DETAIL,134.1,149.0,10,True,73
2026-10-05,PLT,with code 10PLT COAST BANDAGE CROSS NECK PLEATED SKIRT MIDI DRESS,111.2,139.0,20,True,73
2026-10-05,PLT,with code 10PLT KARENMILLEN RIB KNIT OPEN BACK DRAMA HEM KNITTED MAXI DRESS,104.3,149.0,30,True,73
2026-10-05,PLT,with code 10PLT PETITE COAST PETITE VELVET LACE BODICE WITH PLEATED VELVET SKIRT MIDI DRESS,149.0,149.0,0,False,73
2026-10-05,PLT,with code 10PLT KARENMILLEN VISCOSE LINEN TIE STRAP WOVEN PROM DRESS,70.0,199.0,65,True,73
2026-10-05,PLT,with code 10PLT KARENMILLEN CONTRAST TOPSTITCH BELTED MIDI DRESS,52.0,149.0,65,True,73
2026-10-05,PLT,with code 10PLT COAST SEQUIN EMBELLISHED AND EMBROIDERED HIGH LOW MAXI DRESS,80.0,189.0,58,True,73
2026-10-05,PLT,with code 10PLT BOOHOO LINEN LOOK FITTED TAILORED MINI DRESS,13.0,35.0,63,True,73
2026-10-05,PLT,with code 10PLT KARENMILLEN SLINKY DRAPE KNIT POWER SHOULDER SLEEVELESS FUNNEL DRESS,60.0,119.0,50,True,73
2026-10-05,PLT,with code 10PLT KARENMILLEN FLORAL CRINKLE GEORGETTE RUFFLE DETAIL WOVEN MAXI DRESS,68.0,169.0,60,True,73
2026-10-05,PLT,with code 10PLT COAST LACE BODICE SHORT SLEEVE SATIN SKIRT MIDI DRESS,149.0,149.0,0,False,73
2026-10-05,PLT,with code 10PLT KARENMILLEN VISCOSE BLEND FILAMENT KNIT MIDI DRESS,97.3,139.0,30,True,73
2026-10-05,PLT,with code 10PLT KARENMILLEN DENIM BANDEAU CORSET DETAIL MIDI DRESS,111.3,159.0,30,True,73
2026-10-05,PLT,with code 10PLT KARENMILLEN STUDDED DETAIL KNITTED MINI DRESS,76.3,109.0,30,True,73
2026-10-05,PLT,with code 10PLT PLUS BOOHOO PLUS CREPE ASYMMETRIC NECK SKATER MIDI DRESS,21.0,28.0,25,True,73
2026-10-05,PLT,with code 10PLT PETITE KARENMILLEN PETITE SATIN TUX BACK DETAIL TAILORED MIDI DRESS,70.0,199.0,65,True,73
2026-10-05,PLT,with code 10PLT COAST BARDOT PLEATED CREPE MIDI DRESS,35.0,119.0,71,True,73
2026-10-05,PLT,with code 10PLT KARENMILLEN SOFT TAILORED HALTER NECK MIDI DRESS,70.0,199.0,65,True,73
2026-10-05,PLT,with code 10PLT COAST SQUARE NECK PEARL BUTTON SATIN LACE MINI DRESS,80.0,129.0,38,True,73
2026-10-05,PLT,with code 10PLT COAST METALLIC JACQUARD PUFF SLEEVE PENCIL DRESS,107.1,119.0,10,True,73
2026-10-05,PLT,with code 10PLT BOOHOO MODAL SUPER SOFT RUCHED SIDE RELAXED FIT MINI DRESS,18.75,25.0,25,True,73
2026-10-05,PLT,with code 10PLT WAREHOUSE FLORAL BIAS CUT SCOOP BACK MIDAXI DRESS,27.0,75.0,64,True,73
2026-10-05,PLT,with code 10PLT COAST PLACEMENT PRINT PLEAT DRESS,77.4,129.0,40,True,73
2026-10-05,PLT,with code 10PLT COAST PEARL EMBELLISHED DRAPE SLEEVE WEDDING DRESS,249.0,249.0,0,False,73
2026-10-05,PLT,with code 10PLT COAST STARBURST SEQUIN MAXI DRESS,149.0,149.0,0,False,73
2026-10-05,PLT,with code 10PLT PETITE OASIS PETITE VELVET CONTRAST BELTED MAXI DRESS,63.2,79.0,20,True,73
2026-10-05,PLT,with code 10PLT COAST LISA TAN PRINTED ORGANZA BARDOT MIDI DRESS,55.0,149.0,63,True,73
2026-10-05,PLT,with code 10PLT BOOHOO STRUCTURED SHOULDER PAD WRAP BALLOON SLEEVE BLAZER DRESS,33.75,45.0,25,True,73
2026-10-05,PLT,with code 10PLT TALL BOOHOO TALL BASIC SUPERSOFT SQUARE NECK LONG SLEEVE MAXI DRESS,18.75,25.0,25,True,73
2026-10-05,PLT,with code 10PLT KARENMILLEN PLEATED BEAD DETAIL HALTERNECK MAXI DRESS,104.3,149.0,30,True,73
2026-10-05,PLT,with code 10PLT BOOHOO HALTER NECK BARDOT LONG SLEEVE MINI DRESS,6.0,20.0,70,True,73
2026-10-05,PLT,with code 10PLT KARENMILLEN VISCOSE SATIN ASYMMETRIC SHOULDER MAXI DRESS,79.0,159.0,50,True,73
2026-10-05,PLT,with code 10PLT NASTYGAL SPOT GODET HEM STRAPPY FESTIVAL MAXI DRESS,41.3,59.0,30,True,73
2026-10-05,PLT,with code 10PLT DOROTHY PERKINS TIE DETAIL SHORT SLEEVE JERSEY MIDI DRESS,28.0,35.0,20,True,73
2026-10-05,PLT,with code 10PLT PETITE DOROTHY PERKINS PETITE HANKY HEM RUCHED DETAIL PRINTED CHIFFON MINI DRESS,31.2,39.0,20,True,73
2026-10-05,PLT,with code 10PLT COAST LISA TAN CROSS NECK STRUCTURED SATIN BOW DETAIL MIDI DRESS,83.4,139.0,40,True,73
2026-10-05,PLT,with code 10PLT PETITE KARENMILLEN PETITE PU TIPPED DETAIL ZIP THROUGH BANDAGE KNIT MIDI DRESS,59.0,169.0,65,True,73
2026-10-05,PLT,with code 10PLT COAST CROSS NECK BANDAGE COLUMN DRESS,35.0,119.0,71,True,73
2026-10-05,PLT,with code 10PLT COAST LISA TAN ORGANZA BELTED SHIRT DRESS,40.0,139.0,71,True,73
2026-10-05,PLT,with code 10PLT KARENMILLEN FLORAL WOVEN SHIRT DRESS,84.0,239.0,65,True,73
2026-10-05,PLT,with code 10PLT KARENMILLEN SOFT TAILORED COLOUR BLOCK PLEATED SIDE SLEEVELESS MIDI DRESS,70.0,199.0,65,True,73
2026-10-05,PLT,with code 10PLT COAST COAST MUSE LONG SLEEVE EMBROIDERED MAXI DRESS,80.0,159.0,50,True,73
2026-10-05,PLT,with code 10PLT PETITE COAST COAST HONOURED PETITE BARDOT BOHO LACE FISHTAIL WEDDING DRESS,134.1,149.0,10,True,73
2026-10-05,PLT,with code 10PLT COAST VELVET CONTRAST V NECK FULL SKIRT MAXI BRIDESMAID DRESS,129.0,129.0,0,False,73
2026-10-05,PLT,with code 10PLT BOOHOO DRAPE DETAIL TAILORED BLAZER DRESS,30.0,40.0,25,True,73
2026-10-05,PLT,with code 10PLT BOOHOO CAPE SLEEVE BODYCON MINI DRESS,21.0,28.0,25,True,73
2026-10-05,PLT,with code 10PLT BOOHOO FLORAL BURNOUT VOLUME SLEEVE RUFFLE HEM MINI DRESS,9.0,30.0,70,True,73
2026-10-05,PLT,with code 10PLT PETITE KARENMILLEN PETITE SLINKY DRAPE KNITTED BANANA SLEEVE FUNNEL NECK MIDI DRESS,119.0,119.0,0,False,74
2026-10-05,PLT,with code 10PLT BOOHOO TEXTURED HIGH NECK STUD DETAIL MINI DRESS,21.0,28.0,25,True,74
2026-10-05,PLT,with code 10PLT PETITE KARENMILLEN PETITE TAILORED SATIN CUTWORK HALTER MIDI DRESS,229.0,229.0,0,False,74
2026-10-05,PLT,with code 10PLT BOOHOO PREMIUM HOTFIX HALTERNECK MINI DRESS,33.75,45.0,25,True,74
2026-10-05,PLT,with code 10PLT BOOHOO BENGALINE SLASH NECK FIT & FLARE MINI DRESS,13.5,18.0,25,True,74
2026-10-05,PLT,with code 10PLT KARENMILLEN COWL NECK DRAPE WOVEN MAXI DRESS,66.0,189.0,65,True,74
2026-10-05,PLT,with code 10PLT NASTYGAL FEATHER HEM BANDEAU DRESS,48.3,69.0,30,True,74
2026-10-05,PLT,with code 10PLT PLT label COAST SEQUIN COWL NECK MAXI DRESS,149.0,149.0,0,False,74
2026-10-05,PLT,with code 10PLT DOROTHY PERKINS ZIP FRONT POCKET DETAIL LONG SLEEVE DENIM MINI DRESS,18.0,35.0,49,True,74
2026-10-05,PLT,with code 10PLT KARENMILLEN TARTAN CHECK ASYMMETRIC PENCIL DRESS,110.0,219.0,50,True,74
2026-10-05,PLT,with code 10PLT COAST PRINTED LONG SLEEVE PLEATED TIERED MIDAXI DRESS,125.1,139.0,10,True,74
2026-10-05,PLT,with code 10PLT COAST HIGH NECK MIDI DRESS WITH FLORAL EMBROIDERY,111.3,159.0,30,True,74
2026-10-05,PLT,with code 10PLT COAST SEQUIN BODICE GEORGETTE MAXI DRESS WITH GEORGETTE CAPE,149.0,149.0,0,False,74
2026-10-05,PLT,with code 10PLT PETITE COAST PETITE SATIN RUCHED ONE SHOULDER ASYMMETRIC HEM MIDI DRESS,99.0,99.0,0,False,74
2026-10-05,PLT,with code 10PLT PLUS BOOHOO PLUS WOVEN JACQUARD V FRONT FRILL MINI DRESS,21.0,28.0,25,True,74
2026-10-05,PLT,with code 10PLT DOROTHY PERKINS KEYHOLE RUCHED YOKE LONG SLEEVE MIDI DRESS,31.2,39.0,20,True,74
2026-10-05,PLT,with code 10PLT BOOHOO SATIN & CHIFFON MIX MAXI DRESS,24.0,32.0,25,True,74
2026-10-05,PLT,with code 10PLT BOOHOO RUCHED SLEEVELESS ASYM BUTTON UP MIDI DRESS,16.5,22.0,25,True,74
2026-10-05,PLT,with code 10PLT DOROTHY PERKINS PETITE GREEN FLORAL SHIRRED BODICE TRIM DETAIL MIDAXI DRESS,12.0,39.0,69,True,74
2026-10-05,PLT,with code 10PLT BOOHOO CHIFFON RUFFLE DETAIL TONAL FLORAL MAXI DRESS,28.5,38.0,25,True,74
2026-10-05,PLT,with code 10PLT KARENMILLEN SOFT TAILORED HALTERNECK OPEN BACK MAXI DRESS,79.0,159.0,50,True,74
2026-10-05,PLT,with code 10PLT BOOHOO PLEATED PLISSE RUFFLE HEM MINI DRESS,27.0,36.0,25,True,74
2026-10-05,PLT,with code 10PLT PLUS KARENMILLEN PLUS SIZE FOREVER STRUCTURED CREPE PLEAT DRESS,153.3,219.0,30,True,74
2026-10-05,PLT,with code 10PLT DOROTHY PERKINS CREAM SPOT SHIRRED BODICE FLUTTER SLEEVE MIDI DRESS,20.0,39.0,49,True,74
2026-10-05,PLT,with code 10PLT COAST CAPE SLEEVE MAXI DRESS,50.0,149.0,66,True,74
2026-10-05,PLT,with code 10PLT PLUS BOOHOO PLUS ASYMMETRIC PLUNGE MIDI DRESS,18.75,25.0,25,True,74
2026-10-05,PLT,with code 10PLT PETITE KARENMILLEN PETITE JACQUARD TWILL ORANGE FLORAL PRINT CORSETED WOVEN MAXI DRESS,114.0,229.0,50,True,74
2026-10-05,PLT,with code 10PLT BOOHOO CHECK TAILORED BELT DETAIL BLAZER DRESS,27.0,36.0,25,True,74
2026-10-05,PLT,with code 10PLT COAST BANDAGE SHORT SLEEVE LACE TRIM COLLARED MIDI DRESS,129.0,129.0,0,False,74
2026-10-05,PLT,with code 10PLT COAST RUFFLE NECK SLEEVELESS BELTED MIDI DRESS,83.3,119.0,30,True,74
2026-10-05,PLT,with code 10PLT BOOHOO BASIC SUPERSOFT SQUARE NECK LONG SLEEVE MAXI DRESS,18.75,25.0,25,True,74
2026-10-05,PLT,with code 10PLT KARENMILLEN COTTON CUTWORK BALLOON SLEEVE WOVEN MIDI DRESS,150.0,299.0,50,True,74
2026-10-05,PLT,with code 10PLT BOOHOO LINEN LOOK GOLD TRIM TIE SIDE BLAZER DRESS,13.0,32.0,59,True,74
2026-10-05,PLT,with code 10PLT PETITE KARENMILLEN PETITE BEADED CONTOUR SWEET HEART NECKLINE WOVEN MAXI DRESS,220.0,549.0,60,True,74
2026-10-05,PLT,with code 10PLT COAST BANDEAU STRUCTURED COLUMN MAXI BRIDESMAID DRESS WITH OVERSKIRT,125.1,139.0,10,True,74
2026-10-05,PLT,with code 10PLT KARENMILLEN SOFT TAILORED CREPE EMBELLISHED BANDEAU MIDI DRESS,87.0,249.0,65,True,74
2026-10-05,PLT,with code 10PLT PLUS COAST PLUS 2 IN 1 WRAP MIDI DRESS WITH PLEATED SKIRT,40.0,129.0,69,True,74
2026-10-05,PLT,with code 10PLT PETITE BOOHOO PETITE STRAPPY DENIM MINI DRESS,15.0,20.0,25,True,74
2026-10-05,PLT,with code 10PLT MISSPAP PREMIUM SATIN GEORGETTE PANEL MIDAXI BRIDESMAID DRESS,12.0,59.0,80,True,74
2026-10-05,PLT,with code 10PLT KARENMILLEN VISCOSE LINEN MIXED STRIPE ASYMMETRIC WOVEN MIDI DRESS,59.0,169.0,65,True,74
2026-10-05,PLT,with code 10PLT WAREHOUSE BLURRED FLORAL PRINT TIE NECK HALTER MAXI DRESS,69.0,69.0,0,False,74
2026-10-05,PLT,with code 10PLT PETITE OASIS PETITE SQUARE NECK COTTON OCCASION MAXI DRESS,55.2,69.0,20,True,74
2026-10-05,PLT,with code 10PLT PETITE COAST PETITE BARDOT WATERFALL CREPE MIDI DRESS,129.0,129.0,0,False,74
2026-10-05,PLT,with code 10PLT BOOHOO LEOPARD PRINTED RUCHED FRILL SKIRT MINI DRESS,22.5,30.0,25,True,74
2026-10-05,PLT,with code 10PLT PLUS BOOHOO PLUS BENGALINE HALTERNECK BUTTON DOWN SKATER DRESS,21.0,28.0,25,True,74
2026-10-05,PLT,with code 10PLT PLUS BOOHOO PLUS FLORAL CHIFFON RUFFLE MINI DRESS,27.0,36.0,25,True,74
2026-10-05,PLT,with code 10PLT COAST SLEEVELESS CREPE SATIN WRAP MIDI DRESS,107.1,119.0,10,True,74
2026-10-05,PLT,with code 10PLT PLUS BOOHOO PLUS DOUBLE BENGALINE STRUCTURED PANELLED MINI SKATER DRESS,21.0,28.0,25,True,74
2026-10-05,PLT,with code 10PLT KARENMILLEN STRETCH DENIM SNAFFLE TRIM COLLARED MIDI DRESS,52.0,149.0,65,True,74
2026-10-05,PLT,with code 10PLT MATERNITY BOOHOO MATERNITY FLORAL MILKMAID MIDI DRESS,17.0,25.0,32,True,74
2026-10-05,PLT,with code 10PLT PLUS BOOHOO PLUS LARGE FLORAL MINI DRESS,12.0,28.0,57,True,74
2026-10-05,PLT,with code 10PLT PLUS BOOHOO PLUS WRAP FRONT SHIRT MAXI DRESS,21.0,28.0,25,True,74
2026-10-05,PLT,with code 10PLT COAST COAST MUSE BOW FRONT SATIN MAXI DRESS,119.2,149.0,20,True,74
2026-10-05,PLT,with code 10PLT DOROTHY PERKINS CABLE DETAIL MIDI DRESS,31.2,39.0,20,True,74
2026-10-05,PLT,with code 10PLT KARENMILLEN STRIPE STRAPPY WOVEN MIDI DRESS,51.0,169.0,70,True,74
2026-10-05,PLT,with code 10PLT DOROTHY PERKINS PLEAT BUTTON DETAIL PUFF SLEEVE MIDI DRESS,15.0,45.0,67,True,74
2026-10-05,PLT,with code 10PLT COAST GEORGETTE AND LACE DETAIL WRAP EFFECT MAXI BRIDESMAID DRESS,83.3,119.0,30,True,74
2026-10-05,PLT,with code 10PLT COAST LISA TAN LACE PLEATED PRINTED MIDI DRESS,70.0,149.0,53,True,74
2026-10-05,PLT,with code 10PLT BOOHOO TONAL PINSTRIPE BARDOT MINI DRESS,19.5,26.0,25,True,74
2026-10-05,PLT,with code 10PLT PETITE KARENMILLEN PETITE PETAL APPLIQUE LACE WOVEN MIDI DRESS,219.0,219.0,0,False,74
2026-10-05,PLT,with code 10PLT KARENMILLEN COMPACT STRETCH COLOUR BLOCK BARDOT MIDI DRESS,174.3,249.0,30,True,74
2026-10-05,PLT,with code 10PLT KARENMILLEN FOIL METALLIC FIGURE FORM BANDAGE ANGEL SLEEVE FRINGE KNIT MAXI DRESS,79.0,159.0,50,True,74
2026-10-05,PLT,with code 10PLT COAST LINEAR EMBELLISHED CAPE DETAIL WEDDING DRESS,174.3,249.0,30,True,74
2026-10-05,PLT,with code 10PLT WAREHOUSE TEXTURED GODET SIDE PUFF SLEEVE MIDI DRESS,59.0,59.0,0,False,74
2026-10-05,PLT,with code 10PLT COAST PLEATED CHIFFON MAXI DRESS,89.1,99.0,10,True,74
2026-10-05,PLT,with code 10PLT KARENMILLEN FRINGE DETAIL BEADED MINI DRESS,130.0,259.0,50,True,74
2026-10-05,PLT,with code 10PLT PETITE COAST PETITE SATIN LACE BOAT NECK MIDI DRESS WITH FLUTED SLEEVE,149.0,149.0,0,False,74
2026-10-05,PLT,with code 10PLT PLUS BOOHOO PLUS GOLD BUTTON DOWN BLAZER DRESS,21.0,28.0,25,True,74
2026-10-05,PLT,with code 10PLT BOOHOO SATIN COWL NECK ASYMMETRIC HEM MINI DRESS,8.0,30.0,73,True,74
2026-10-05,PLT,with code 10PLT PLUS BOOHOO PLUS FLORAL CHIFFON STRAPPY RUFFLE MAXI DRESS,12.0,35.0,66,True,74
2026-10-05,PLT,with code 10PLT TALL BOOHOO TALL FLORAL ASYMMETRIC RUCHED MINI DRESS,21.0,28.0,25,True,74
2026-10-05,PLT,with code 10PLT PLUS BOOHOO PLUS DENIM ZIP UP SHIFT DRESS,21.0,28.0,25,True,74
2026-10-05,PLT,with code 10PLT KARENMILLEN STRUCTURED VISCOSE SATIN STITCH DETAIL TAILORED PEPLUM MINI DRESS,62.0,249.0,75,True,74
2026-10-05,PLT,with code 10PLT COAST BOW DETAIL SWEETHEART MINI DRESS WITH ORGANZA OVERSKIRT,89.1,99.0,10,True,74
2026-10-05,PLT,with code 10PLT WAREHOUSE BURNOUT BANDEAU MAXI DRESS,47.0,79.0,41,True,74
2026-10-05,PLT,with code 10PLT OASIS 3D FLORAL LINEAR BEADWORK TIE SHOULDER DRESS,40.0,139.0,71,True,74
2026-10-05,PLT,with code 10PLT COAST BURNOUT ORGANZA DROP WAIST MIDI DRESS,104.3,149.0,30,True,75
2026-10-05,PLT,with code 10PLT PLUS BOOHOO PLUS WOVEN CAPE DEATIL SKATER DRESS,26.25,35.0,25,True,75
2026-10-05,PLT,with code 10PLT OASIS LACE BODICE PLEATED SKIRT LONG SLEEVE MIDI DRESS,40.0,75.0,47,True,75
2026-10-05,PLT,with code 10PLT BOOHOO STRUCTURED SHOULDER PAD WRAP BALLOON SLEEVE BLAZER DRESS,18.0,45.0,60,True,75
2026-10-05,PLT,with code 10PLT COAST ONE SHOULDER RUFFLE CREPE PENCIL MIDI DRESS,70.0,119.0,41,True,75
2026-10-05,PLT,with code 10PLT PLUS BOOHOO PLUS LACE FLARED SLEEVE SKATER DRESS,24.0,32.0,25,True,75
2026-10-05,PLT,with code 10PLT BOOHOO BARDOT STRUCTURED VOLUME SKATER MINI DRESS,13.0,28.0,54,True,75
2026-10-05,PLT,with code 10PLT PLT label COAST HALTERNECK SEQUIN BRIDESMAID MAXI DRESS,103.2,129.0,20,True,75
2026-10-05,PLT,with code 10PLT KARENMILLEN FIGURE FORM BANDAGE KNIT PIPING DETAIL MILITARY SLEEVELESS MINI DRESS,64.0,129.0,50,True,75
2026-10-05,PLT,with code 10PLT COAST PUFF SLEEVE 3D FLOWER DETAIL ORGANZA MIDI DRESS,149.0,149.0,0,False,75
2026-10-05,PLT,with code 10PLT PETITE KARENMILLEN PETITE CRYSTAL CORSET MAXI DRESS,179.0,359.0,50,True,75
2026-10-05,PLT,with code 10PLT COAST COAST MUSE CHIFFON CAPE MAXI DRESS,89.4,149.0,40,True,75
2026-10-05,PLT,with code 10PLT KARENMILLEN PUFF SLEEVE METALLIC TEXTURED MIDI DRESS,90.3,129.0,30,True,75
2026-10-05,PLT,with code 10PLT KARENMILLEN BEAD DETAIL HALTERNECK MAXI DRESS,134.0,269.0,50,True,75
2026-10-05,PLT,with code 10PLT WAREHOUSE ASYMMETRIC ONE SHOULDER TIE NECK MINI,65.0,65.0,0,False,75
2026-10-05,PLT,with code 10PLT KARENMILLEN TAILORED DRAPE MAXI DRESS,91.0,259.0,65,True,75
2026-10-05,PLT,with code 10PLT PETITE KARENMILLEN PETITE TEXTURED TAILORED TWILL BANDEAU MIDI DRESS,42.0,119.0,65,True,75
2026-10-05,PLT,with code 10PLT KARENMILLEN VISCOSE SATIN WOVEN MAXI DRESS WITH LACE PANELLED DETAIL,64.0,259.0,75,True,75
2026-10-05,PLT,with code 10PLT KARENMILLEN BRUSH STROKE PRINT TWILL ANGEL SLEEVE WOVEN MAXI DRESS,42.0,119.0,65,True,75
2026-10-05,PLT,with code 10PLT KARENMILLEN CUPRO UTILITY TWILL WOVEN SHIRT DRESS WITH BELT DETAIL,80.0,199.0,60,True,75
2026-10-05,PLT,with code 10PLT KARENMILLEN CRYSTAL HALTERNECK SATIN MAXI GOWN,209.3,299.0,30,True,75
2026-10-05,PLT,with code 10PLT KARENMILLEN STITCH DETAIL KNIT MIDI DRESS,56.0,159.0,65,True,75
2026-10-05,PLT,with code 10PLT COAST V NECK SLEEVELESS BELTED METALLIC MIDI DRESS,119.0,119.0,0,False,75
2026-10-05,PLT,with code 10PLT MATERNITY BOOHOO MATERNITY SQUARE NECK LONG SLEEVE DRESS,36.0,48.0,25,True,75
2026-10-05,PLT,with code 10PLT PLUS BOOHOO PLUS 3/4 BALLOON SLEEVE CINCH WAIST MINI DRESS,21.0,28.0,25,True,75
2026-10-05,PLT,with code 10PLT PETITE COAST PETITE SATIN PLEATED WRAP DRESS,129.0,129.0,0,False,75
2026-10-05,PLT,with code 10PLT COAST BOW AND DRAPE DETAIL ONE SHOULDER SATIN BRIDESMAID DRESS,32.0,129.0,75,True,75
2026-10-05,PLT,with code 10PLT BOOHOO PREMIUM BANDEAU CORSET LACE SKIRT MAXI DRESS,34.5,46.0,25,True,75
2026-10-05,PLT,with code 10PLT PETITE COAST PETITE LACE PEPLUM BELTED LONG SLEEVE MIDI DRESS,134.1,149.0,10,True,75
2026-10-05,PLT,with code 10PLT PETITE COAST PETITE SEQUIN EMBELLISHED AND EMBROIDERED HI-LO MAXI DRESS,40.0,189.0,79,True,75
2026-10-05,PLT,with code 10PLT PETITE COAST PETITE LISA TAN BARDOT FULL SKIRT MIDI DRESS,30.0,119.0,75,True,75
2026-10-05,PLT,PLUS BOOHOO PLUS V NECK LONG SLEEVE KNITTED MAXI DRESS,21.0,28.0,25,True,75
2026-10-05,PLT,with code 10PLT COAST COAST HONOURED TWIST HALTERNECK SATIN MAXI BRIDESMAID DRESS,99.0,99.0,0,False,75
2026-10-05,PLT,with code 10PLT KARENMILLEN TULLE BANDEAU TIERED MIDI DRESS,97.3,139.0,30,True,75
2026-10-05,PLT,with code 10PLT BOOHOO STRAPPY CHIFFON FLOWER DETAIL MIDAXI DRESS,28.5,38.0,25,True,75
2026-10-05,PLT,with code 10PLT COAST OFF SHOULDER SATIN SIDE TIE MIDI DRESS,99.0,99.0,0,False,75
2026-10-05,PLT,with code 10PLT BOOHOO CHIFFON RUFFLE DETAIL ASYMMETRIC MIDI DRESS,21.0,28.0,25,True,75
2026-10-05,PLT,with code 10PLT BOOHOO BURNOUT FLORAL RUFFLE SHIFT DRESS,21.75,29.0,25,True,75
2026-10-05,PLT,with code 10PLT PETITE BOOHOO PETITE WOVEN RUFFLE TIERED HEM MINI DRESS,10.0,30.0,67,True,75
2026-10-05,PLT,with code 10PLT PETITE WAREHOUSE PETITE FLORAL PRINTED RACER NECK SEAM DETAIL BIAS MAXI DRESS,25.0,69.0,64,True,75
2026-10-05,PLT,with code 10PLT TALL BOOHOO TALL TONAL ANIMAL MESH WIDE COWL MAXI DRESS,21.0,28.0,25,True,75
2026-10-05,PLT,with code 10PLT BOOHOO LEATHER LOOK MOCK CROC BANDEAU MINI DRESS,26.25,35.0,25,True,75
2026-10-05,PLT,with code 10PLT KARENMILLEN BLUE CHECK FLUID ORGANZA BELTED SHIRT DRESS,179.0,179.0,0,False,75
2026-10-05,PLT,with code 10PLT PLUS BOOHOO PLUS FLORAL MESH V NECK MAXI DRESS,22.0,32.0,31,True,75
2026-10-05,PLT,with code 10PLT PETITE DOROTHY PERKINS PETITE HANKY HEM PRINTED CHIFFON SHIRT DRESS,36.0,45.0,20,True,75
2026-10-05,PLT,with code 10PLT OASIS BUTTER YELLOW RUCHED SIDE DETAIL ONE SHOULDER SATIN MAXI BRIDESMAID DRESS,63.2,79.0,20,True,75
2026-10-05,PLT,with code 10PLT COAST BOW DETAIL MINI WEDDING DRESS WITH PEARL TRIM,119.0,119.0,0,False,75
2026-10-05,PLT,with code 10PLT PETITE BOOHOO PETITE FLORAL COWL NECK MAXI SLIP DRESS,21.75,29.0,25,True,75
2026-10-05,PLT,with code 10PLT KARENMILLEN COMPACT STRETCH PEPLUM TAILORED MIDI DRESS,70.0,199.0,65,True,75
2026-10-05,PLT,with code 10PLT KARENMILLEN FAUX LEATHER BELTED BANDEAU MIDI DRESS,97.3,139.0,30,True,75
2026-10-05,PLT,with code 10PLT MISSPAP TAILORED DOUBLE BREASTED BLAZER DRESS,48.0,69.0,30,True,75
2026-10-05,PLT,with code 10PLT PLUS BOOHOO PLUS FLORAL RUCHED MESH MAXI DRESS,24.0,32.0,25,True,75
2026-10-05,PLT,with code 10PLT PLUS BOOHOO PLUS RACER NECK DRAPE GOLD TRIM DETAIL MAXI DRESS,24.0,32.0,25,True,75
2026-10-05,PLT,with code 10PLT PETITE COAST PETITE STRIPE ORGANZA PLEAT TOP MIDI DRESS,35.0,159.0,78,True,75
2026-10-05,PLT,with code 10PLT COAST FLORAL PLACEMENT EMBELLISHED WEDDING DRESS WITH BALLOON SLEEVE,239.2,299.0,20,True,75
2026-10-05,PLT,with code 10PLT WAREHOUSE ONE SHOULDER TWIST FRONT KEYHOLE SATIN MAXI DRESS,24.0,75.0,68,True,75
2026-10-05,PLT,with code 10PLT DOROTHY PERKINS PETITE DP LUXE SPARKLE PLISSE JERSEY HIGH NECK MINI DRESS,44.0,55.0,20,True,75
2026-10-05,PLT,with code 10PLT KARENMILLEN FLORAL PRINT SHIRT MIDI DRESS,80.0,159.0,50,True,75
2026-10-05,PLT,with code 10PLT TALL BOOHOO TALL LEOPARD FLORAL MESH SQUARE NECK RUCHED MIDI DRESS,21.0,28.0,25,True,75
2026-10-05,PLT,with code 10PLT DOROTHY PERKINS BLUE FLORAL LACE COLLAR DETAIL WRAP PRINTED MINI DRESS,10.0,35.0,71,True,75
2026-10-05,PLT,with code 10PLT PETITE KARENMILLEN PETITE MARBLED PRINTED MESH RUCHED JERSEY MAXI DRESS,44.0,89.0,51,True,75
2026-10-05,PLT,with code 10PLT COAST PETITE LISA TAN FLORAL PLACEMENT PRINT BELTED MIDI DRESS,40.0,149.0,73,True,75
2026-10-05,PLT,PETITE KARENMILLEN PETITE TAILORED CHECK PEPLUM BELTED MIDI DRESS,56.0,159.0,65,True,75
2026-10-05,PLT,with code 10PLT COAST SLEEVELESS DROP WAIST WEDDING DRESS,143.1,159.0,10,True,75
2026-10-05,PLT,with code 10PLT BOOHOO LACE CORSET DRAPE MINI DRESS,26.25,35.0,25,True,75
2026-10-05,PLT,with code 10PLT PETITE KARENMILLEN PETITE ROSETTE DETAIL VELVET MIDI DRESS,149.0,149.0,0,False,75
2026-10-05,PLT,with code 10PLT COAST LONG LONG SLEEVE PEPLUM RUFFLE HEM MIDI DRESS,149.0,149.0,0,False,75
2026-10-05,PLT,with code 10PLT KARENMILLEN TINSEL FRINGE ONE SHOULDER ASYMMETRIC MIDI DRESS,189.0,189.0,0,False,75
2026-10-05,PLT,with code 10PLT BOOHOO LACE FLARE SLEEVE MINI DRESS,21.0,30.0,30,True,75
2026-10-05,PLT,PLT label PETITE KARENMILLEN PETITE TAILORED CHECK PEPLUM BELTED MIDI DRESS,56.0,159.0,65,True,76
2026-10-05,PLT,with code 10PLT KARENMILLEN TAILORED SLEEVELESS NECK DETAIL PENCIL MIDI DRESS,42.0,119.0,65,True,76
2026-10-05,PLT,with code 10PLT MISSPAP GATHERED MESH CUT OUT HIGH NECK MAXI DRESS,10.0,49.0,80,True,76
2026-10-05,PLT,with code 10PLT PLUS BOOHOO PLUS FLORAL CHIFFON RUFFLE MINI DRESS,21.0,28.0,25,True,76
2026-10-05,PLT,with code 10PLT BOOHOO TEXTURED COWL NECK STUD DETAIL MINI DRESS,10.0,30.0,67,True,76
2026-10-05,PLT,with code 10PLT BOOHOO BENGLINE TENNIS SKIRT BLAZER DRESS,22.5,30.0,25,True,76
2026-10-05,PLT,with code 10PLT COAST PLEATED MESH CAPE MAXI DRESS WITH GEMSTONE,119.2,149.0,20,True,76
2026-10-05,PLT,with code 10PLT COAST LACE TRIM DETAIL EMBROIDERED MESH MIDI DRESS,127.2,159.0,20,True,76
2026-10-05,PLT,with code 10PLT PETITE KARENMILLEN PETITE TAILORED ROLL NECK PENCIL MIDI DRESS,70.0,199.0,65,True,76
2026-10-05,PLT,with code 10PLT BOOHOO OBI TIE WAIST TAILORED BLAZER DRESS,10.0,38.0,74,True,76
2026-10-05,PLT,with code 10PLT COAST BARDOT PEPLUM DETAIL VELVET LACE SKIRT MIDI DRESS,149.0,149.0,0,False,76
2026-10-05,PLT,with code 10PLT BOOHOO PREMIUM BANDAGE BANDEAU MAXI DRESS,33.75,45.0,25,True,76
2026-10-05,PLT,with code 10PLT COAST SKATER BRIDAL MINI DRESS WITH BOW STRAPS,99.0,99.0,0,False,76
2026-10-05,PLT,with code 10PLT BOOHOO SLASH NECK LIGHTWEIGHT KNITTED BEACH COVER UP,21.0,32.0,34,True,76
2026-10-05,PLT,with code 10PLT PLUS BOOHOO PLUS BOXY SHORT SLEEVE DENIM DRESS,21.0,28.0,25,True,76
2026-10-05,PLT,with code 10PLT PETITE OASIS PETITE OCCASION PUFF SLEEVE SEQUIN MINI DRESS,44.0,55.0,20,True,76
2026-10-05,PLT,with code 10PLT BOOHOO BOW PRINT CHRISTMAS JUMPER DRESS,15.0,20.0,25,True,76
2026-10-05,PLT,with code 10PLT BOOHOO PASTEL VOLUME SLEEVE MINI DRESS,14.25,19.0,25,True,76
2026-10-05,PLT,with code 10PLT BOOHOO PREMIUM BANDAGE SCOOP NECK MINI DRESS,30.0,40.0,25,True,76
2026-10-05,PLT,with code 10PLT COAST V NECK SHORT SLEEVE RUCHED MIDI DRESS,119.0,119.0,0,False,76
2026-10-05,PLT,with code 10PLT TALL KARENMILLEN TALL CRYSTAL EMBELLISHED ORGANDIE STRAPPY PROM DRESS,157.0,449.0,65,True,76
2026-10-05,PLT,with code 10PLT COAST EMBELLISHED FRILL DETAIL MIDI DRESS,50.0,139.0,64,True,76
2026-10-05,PLT,with code 10PLT KARENMILLEN QUILTED APPLIQUE ORGANDIE ANGEL SLEEVE WOVEN MAXI DRESS,140.0,399.0,65,True,76
2026-10-05,PLT,with code 10PLT KARENMILLEN CRYSTAL EMBELLISHED WOVEN SPLIT MAXI DRESS,92.0,229.0,60,True,76
2026-10-05,PLT,with code 10PLT COAST NOTCH NECK PLACEMENT PRINT MIDI DRESS,129.0,129.0,0,False,76
2026-10-05,PLT,with code 10PLT KARENMILLEN VISCOSE LINEN FLORAL PRINT WOVEN PROM DRESS,110.0,219.0,50,True,76
2026-10-05,PLT,with code 10PLT KARENMILLEN ROSE EMBROIDERED COTTON TWILL WOVEN LONG SLEEVE MAXI DRESS,87.0,249.0,65,True,76
2026-10-05,PLT,with code 10PLT KARENMILLEN PREMIUM CREPE CONTROL TWIST FRONT MIDI DRESS,179.0,179.0,0,False,76
2026-10-05,PLT,with code 10PLT PETITE COAST PETITE TIERED LACE CROSS HALTER NECK BUTTON DETAIL MIDI DRESS,149.0,149.0,0,False,76
2026-10-05,PLT,with code 10PLT COAST EMBROIDERED MESH LONG SLEEVE V NECK MIDI DRESS,149.0,149.0,0,False,76
2026-10-05,PLT,with code 10PLT PLUS KARENMILLEN PLUS SIZE TAILORED BELTED MIDI SKIRT PENCIL DRESS,129.0,129.0,0,False,76
2026-10-05,PLT,with code 10PLT PLUS KARENMILLEN PLUS SIZE PREMIUM RUCHED LONG SLEEVED JERSEY MAXI DRESS,149.0,149.0,0,False,76
2026-10-05,PLT,with code 10PLT NASTYGAL BRODERIE BUTTON THROUGH MINI DRESS,24.5,35.0,30,True,76
2026-10-05,PLT,with code 10PLT KARENMILLEN VISCOSE LINEN WOVEN BELTED SHIRT DRESS,45.0,129.0,65,True,76
2026-10-05,PLT,with code 10PLT COAST VELVET SEQUIN BANDEAU MIDAXI COLUMN DRESS,25.0,119.0,79,True,76
2026-10-05,PLT,with code 10PLT BOOHOO FLORAL MESH RUCHED MINI DRESS,14.0,24.0,42,True,76
2026-10-05,PLT,with code 10PLT WAREHOUSE FRINGE COLUMN MINI DRESS,20.0,59.0,66,True,76
2026-10-05,PLT,with code 10PLT NASTYGAL DROPLET HAND BEADED HIGH NECK STRAPPY MINI DRESS,104.3,149.0,30,True,76
2026-10-05,PLT,with code 10PLT KARENMILLEN PREMIUM CRYSTAL EMBELLISHED JERSEY SLEEVELESS PLUNGE NECK MIDI DRESS,160.3,229.0,30,True,76
2026-10-05,PLT,with code 10PLT COAST VELVET FLORAL EMBELLISHED MAXI PENCIL DRESS,229.0,229.0,0,False,76
2026-10-05,PLT,with code 10PLT KARENMILLEN HERRINGBONE TEXTURE UTILITY DRESS,114.0,229.0,50,True,76
2026-10-05,PLT,with code 10PLT BOOHOO CHIFFON RUFFLE DETAIL MAXI DRESS,24.0,32.0,25,True,76
2026-10-05,PLT,with code 10PLT PLUS BOOHOO PLUS TEXTURED VOLUME SLEEVE MINI DRESS,13.0,25.0,48,True,76
2026-10-05,PLT,with code 10PLT MISSPAP FAUX LEATHER MOULDED WAIST BLAZER DRESS,34.3,49.0,30,True,76
2026-10-05,PLT,with code 10PLT COAST TWILL NOTCH NECK FIT AND FLARE BRIDESMAID DRESS,97.3,139.0,30,True,76
2026-10-05,PLT,with code 10PLT BOOHOO HALTERNECK TASSEL HEM BEACH CROCHET MINI DRESS,16.0,26.0,38,True,76
2026-10-05,PLT,with code 10PLT PETITE DOROTHY PERKINS PETITE TIE FRONT BRODERIE RUFFLE MINI DRESS,15.0,39.0,62,True,76
2026-10-05,PLT,with code 10PLT KARENMILLEN PLEATED DETAIL COTTON LONG SLEEVE WOVEN MIDI DRESS,59.0,169.0,65,True,76
2026-10-05,PLT,with code 10PLT OASIS OCCASION VELVET RUCHED MINI DRESS,44.0,55.0,20,True,76
2026-10-05,PLT,with code 10PLT KARENMILLEN PREMIUM TAILORED LINEN HALTER NECK BELTED FULL MIDI DRESS,98.0,279.0,65,True,76
2026-10-05,PLT,with code 10PLT KARENMILLEN SLINKY DRAPE KNIT BAT WING PENCIL MIDI DRESS,97.3,139.0,30,True,76
2026-10-05,PLT,with code 10PLT KARENMILLEN DRAPEY CREPE OFF THE SHOULDER RUCHED DETAIL FISHTAIL MAXI DRESS,52.0,149.0,65,True,76
2026-10-05,PLT,with code 10PLT PLUS BOOHOO PLUS TIE WAIST TAILORED BLAZER DRESS,21.75,29.0,25,True,76
2026-10-05,PLT,with code 10PLT COAST PETITE BOW BACK STRUCTURED CREPE BRIDAL MINI DRESS,83.3,119.0,30,True,76
2026-10-05,PLT,with code 10PLT PLUS KARENMILLEN PLUS SIZE JERSEY PONTE GEORGETTE MIX MIDI DRESS,97.3,139.0,30,True,76
2026-10-05,PLT,with code 10PLT COAST LONG SLEEVE BARDOT FULL SKIRTED MIDI DRESS,129.0,129.0,0,False,76
2026-10-05,PLT,with code 10PLT KARENMILLEN KNIT JACQUARD STRIPE DETAIL SHORT SLEEVE MIDI DRESS,63.0,179.0,65,True,77
2026-10-05,PLT,with code 10PLT KARENMILLEN PREMIUM CRYSTAL EMBELLISHED JERSEY COWL SKIRT DETAIL MAXI DRESS WITH MESH BODY,229.0,229.0,0,False,77
2026-10-05,PLT,with code 10PLT BOOHOO DRAPE DETAIL BUTTON THROUGH SHIRT DRESS,14.0,35.0,60,True,77
2026-10-05,PLT,with code 10PLT KARENMILLEN BONDED LACE SHIRT DRESS,229.0,229.0,0,False,77
2026-10-05,PLT,with code 10PLT BOOHOO BOW FAIRISLE CHRISTMAS ROLL NECK JUMPER DRESS,15.0,20.0,25,True,77
2026-10-05,PLT,with code 10PLT COAST LACE BODICE PEPLUM MIDI DRESS,104.3,149.0,30,True,77
2026-10-05,PLT,with code 10PLT KARENMILLEN VISCOSE SATIN COWL NECK MIDI DRESS,199.0,199.0,0,False,77
2026-10-05,PLT,with code 10PLT PLT label BOOHOO LACE SEAM DETAIL BANDEAU MINI DRESS,10.0,25.0,60,True,77
2026-10-05,PLT,with code 10PLT WAREHOUSE CHIFFON ASYMMETRIC DOUBLE LAYER BANDEAU MAXI DRESS,53.0,89.0,40,True,77
2026-10-05,PLT,with code 10PLT KARENMILLEN PREMIUM SLINKY CREPE SCARF DETAIL MAXI DRESS,66.0,189.0,65,True,77
2026-10-05,PLT,with code 10PLT PLUS BOOHOO PLUS BENGALINE STRAPPY MIDAXI DRESS,19.5,26.0,25,True,77
2026-10-05,PLT,with code 10PLT PLUS KARENMILLEN PLUS SIZE TAILORED TWILL LACE MIX ZIP FRONT MINI DRESS,54.0,219.0,75,True,77
2026-10-05,PLT,with code 10PLT COAST CORSAGE COTTON MIDI DRESS,90.0,109.0,17,True,77
2026-10-05,PLT,with code 10PLT DOROTHY PERKINS BURGUNDY HENLEY CREW KNITTED MIDI DRESS,31.2,39.0,20,True,77
2026-10-05,PLT,with code 10PLT PETITE DOROTHY PERKINS PETITE ANIMAL SHIRRED WAIST TIERED HEM MIDI DRESS,20.0,35.0,43,True,77
2026-10-05,PLT,with code 10PLT PETITE DOROTHY PERKINS PETITE TIE FRONT RUFFLE SLEEVE PRINTED MINI DRESS,15.0,35.0,57,True,77
2026-10-05,PLT,with code 10PLT COAST LONG SLEEVE EMBELLISHED MAXI DRESS,160.3,229.0,30,True,77
2026-10-05,PLT,with code 10PLT TALL BOOHOO TALL BURNOUT FLORAL RUFFLE SKATER DRESS,21.0,28.0,25,True,77
2026-10-05,PLT,with code 10PLT KARENMILLEN VISCOSE BLEND SLINKY DRAPE PLUNGE BACK KNIT MAXI DRESS,45.0,129.0,65,True,77
2026-10-05,PLT,with code 10PLT PETITE KARENMILLEN WHITLEY NEILL PETITE PREMIUM CRYSTAL EMBELLISHED MIDI DRESS,160.3,229.0,30,True,77
2026-10-05,PLT,with code 10PLT PETITE KARENMILLEN PETITE FOIL BANDAGE FIGURE FORM CUT-OUT MIDI DRESS,159.0,159.0,0,False,77
2026-10-05,PLT,with code 10PLT BOOHOO STRIPE CROCHET BEACH MAXI DRESS,21.0,28.0,25,True,77
2026-10-05,PLT,with code 10PLT KARENMILLEN VISCOSE FLORAL PRINT WOVEN MAXI DRESS,89.0,179.0,50,True,77
2026-10-05,PLT,with code 10PLT WAREHOUSE FLUTED SLEEVE SATIN LACE INSERT MIDI DRESS,31.0,79.0,61,True,77
2026-10-05,PLT,with code 10PLT BOOHOO TEXTURED CHIFFON HIGH NECK DROP HEM MINI DRESS,13.0,32.0,59,True,77
2026-10-05,PLT,with code 10PLT KARENMILLEN HAND BEADED TRAILING FLORAL MAXI DRESS,279.3,399.0,30,True,77
2026-10-05,PLT,with code 10PLT WAREHOUSE PLEATED BODICE COLUMN MIDI DRESS,20.0,65.0,69,True,77
2026-10-05,PLT,with code 10PLT COAST LONG SLEEVE LACE BELTED SATIN SKIRT MIDI DRESS,116.1,129.0,10,True,77
2026-10-05,PLT,with code 10PLT COAST COAST MUSE HIGH NECK CAPE DETAIL CREPE FRINGE MAXI DRESS,116.1,129.0,10,True,77
2026-10-05,PLT,with code 10PLT BOOHOO TAILORED SLASH NECK BUTTON DOWN WAISTCOAT BLAZER DRESS,25.0,45.0,44,True,77
2026-10-05,PLT,with code 10PLT KARENMILLEN TAFFETA BANDEAU TAILORED ROSETTE DRAPE MINI DRESS,62.0,249.0,75,True,77
2026-10-05,PLT,with code 10PLT COAST SLEEVELESS V BACK MIDI DRESS WITH ASYMMETRIC HEM,95.2,119.0,20,True,77
2026-10-05,PLT,with code 10PLT COAST PRINTED GLOSSY ORGANZA TIERED HI-LO MAXI DRESS,95.0,129.0,26,True,77
2026-10-05,PLT,with code 10PLT KARENMILLEN TAILORED LINEN DARTED WAIST MIDI DRESS,87.0,249.0,65,True,77
2026-10-05,PLT,with code 10PLT BOOHOO SUPERSOFT COWL BACK CROSSED HEM MINI DRESS,19.5,26.0,25,True,77
2026-10-05,PLT,with code 10PLT COAST LACE TOP PLEATED MIDI DRESS,104.3,149.0,30,True,77
2026-10-05,PLT,with code 10PLT KARENMILLEN PREMIUM CREPE CAPE DETAIL MIDI DRESS,159.0,159.0,0,False,77
2026-10-05,PLT,with code 10PLT MISSPAP FINE GAUGE CAP SLEEVE MIDI DRESS,27.3,39.0,30,True,77
2026-10-05,PLT,with code 10PLT PETITE COAST PETITE SATIN RUCHED ONE SHOULDER ASYMMETRIC HEM MIDI DRESS,89.1,99.0,10,True,77
2026-10-05,PLT,with code 10PLT COAST ONE SHOULDER SASH WAIST MAXI BRIDESMAID DRESS,119.0,119.0,0,False,77
2026-10-05,PLT,with code 10PLT COAST 3/4 SLEEVE PLEAT DETAIL V NECK MIDI DRESS,99.0,99.0,0,False,77
2026-10-05,PLT,with code 10PLT PETITE KARENMILLEN PETITE PREMIUM CREPE CAPE DETAIL MIDI DRESS,159.0,159.0,0,False,77
2026-10-05,PLT,with code 10PLT BOOHOO BURNOUT FLORAL ANGEL SLEEVE MIDAXI DRESS,26.25,35.0,25,True,77
2026-10-05,PLT,with code 10PLT BOOHOO POLKA DOT RUCHED SWEETHEART PLEATED SKATER DRESS,21.0,28.0,25,True,77
2026-10-05,PLT,with code 10PLT COAST SLEEVELESS TWILL MIDI DRESS WITH LACE TRIM AND BELT,95.2,119.0,20,True,77
2026-10-05,PLT,with code 10PLT PLUS BOOHOO PLUS BUTTON FRONT TAILORED MINI DRESS,12.0,35.0,66,True,77
2026-10-05,PLT,with code 10PLT COAST COWL NECK CORSET DRAPE SATIN MAXI DRESS,119.2,149.0,20,True,77
2026-10-05,PLT,with code 10PLT PLUS BOOHOO PLUS LARGE FLORAL SLASH NECK MAXI DRESS,15.0,20.0,25,True,77
2026-10-05,PLT,with code 10PLT PETITE OASIS PETITE SPOT PRINT RUFFLE MESH MAXI DRESS,89.0,89.0,0,False,77
2026-10-05,PLT,with code 10PLT COAST V NECK TEXTURED LONG SLEEVE BUTTON DETAIL MIDI DRESS,149.0,149.0,0,False,77
2026-10-05,PLT,with code 10PLT COAST ORGANZA WRAP WAIST PUFF SLEEVE MIDI DRESS,149.0,149.0,0,False,77
2026-10-05,PLT,with code 10PLT KARENMILLEN SCATTERED FLORAL COTTON POPLIN BONED DETAIL WOVEN MAXI PROM DRESS,80.0,229.0,65,True,77
2026-10-05,PLT,with code 10PLT KARENMILLEN HAMMERED SATIN WITH LACE TRIM LONG SLEEVE HANKY HEM DRESS,52.0,149.0,65,True,77
2026-10-05,PLT,with code 10PLT NASTYGAL POLKA DOT CRINKLE CHIFFON GODET HEM MINI DRESS,27.3,39.0,30,True,77
2026-10-05,PLT,with code 10PLT COAST DISC SEQUIN BRIDAL MINI DRESS,104.3,149.0,30,True,77
2026-10-05,PLT,with code 10PLT KARENMILLEN LACE POCKET DETAIL MIDI DRESS,118.3,169.0,30,True,77
2026-10-05,PLT,with code 10PLT COAST STRAPPY DRAPE BODICE MAXI BRIDESMAID DRESS,129.0,129.0,0,False,77
2026-10-05,PLT,with code 10PLT OASIS LIGHT BLUE SATIN HALTER NECK MAXI BRIDESMAID DRESS,71.1,79.0,10,True,77
2026-10-05,PLT,with code 10PLT COAST SCALLOPED STRAPLESS MIDI DRESS,50.0,139.0,64,True,77
2026-10-05,PLT,with code 10PLT KARENMILLEN ARCHIVE COLLECTION - CORSET DETAIL GEORGETTE CAPE WOVEN MAXI DRESS,107.0,429.0,75,True,77
2026-10-05,PLT,with code 10PLT MATERNITY BOOHOO MATERNITY CHIFFON LONG SLEEVE PLEATED WAIST MAXI DRESS,18.75,25.0,25,True,77
2026-10-05,PLT,with code 10PLT COAST PLEATED MESH PRINTED CAPE MAXI DRESS WITH GEMSTONE,60.0,129.0,53,True,77
2026-10-05,PLT,with code 10PLT PETITE COAST PETITE LACE PANELLED LONG SLEEVE DRESS,104.3,149.0,30,True,77
2026-10-05,PLT,with code 10PLT PETITE COAST PETITE LONG SLEEVE BARDOT FULL SKIRTED MIDI DRESS,129.0,129.0,0,False,77
2026-10-05,PLT,with code 10PLT COAST CAPE SLEEVE TRIM DETAIL JERSEY MAXI DRESS,139.0,139.0,0,False,77
2026-10-05,PLT,with code 10PLT BOOHOO CHIFFON CAMI OVERLAY BLOUSON SKATER DRESS,11.0,28.0,61,True,77
2026-10-05,PLT,with code 10PLT PLUS BOOHOO PLUS LEOPARD MESH KEYHOLE MAXI DRESS,25.5,34.0,25,True,77
2026-10-05,PLT,with code 10PLT BOOHOO SLINKY GOLD RING DETAIL HALTERNECK MINI DRESS,11.0,25.0,56,True,77
2026-10-05,PLT,with code 10PLT PETITE WAREHOUSE PETITE EMBROIDERED FRINGE MINI DRESS,45.0,85.0,47,True,77
2026-10-05,PLT,with code 10PLT KARENMILLEN VISCOSE LINEN FLORAL PRINT WOVEN PROM DRESS,77.0,219.0,65,True,77
2026-10-05,PLT,with code 10PLT COAST LISA TAN FLORAL PRINTED LACE TRIM PLEATED MIDI DRESS,35.0,139.0,75,True,77
2026-10-05,PLT,PETITE KARENMILLEN PETITE LINEN WOVEN MAXI PROM DRESS,63.0,179.0,65,True,77
2026-10-05,PLT,with code 10PLT DOROTHY PERKINS ANIMAL WRAP FRONT TIERED SKIRT MIDAXI DRESS,33.6,42.0,20,True,77
2026-10-05,PLT,with code 10PLT PETITE KARENMILLEN PETITE DENIM SLEEVELESS MIDI BUTTON DETAIL MIDI DRESS,45.0,129.0,65,True,77
2026-10-05,PLT,with code 10PLT DOROTHY PERKINS LACE TRIM V NECK PUFF SLEEVE MIDI DRESS,18.0,42.0,57,True,77
2026-10-05,PLT,with code 10PLT TALL BOOHOO TALL FLORAL MESH WIDE COWL MAXI DRESS,21.0,28.0,25,True,77
2026-10-05,PLT,with code 10PLT PETITE KARENMILLEN PETITE TAILORED STRUCTURED CREPE ROLL NECK PENCIL MIDI DRESS,139.3,199.0,30,True,77
2026-10-05,PLT,with code 10PLT PETITE KARENMILLEN PETITE TWEED EMBELLISHED TRIM TAILORED BELTED MINI DRESS,139.0,279.0,50,True,77
2026-10-05,PLT,with code 10PLT PETITE KARENMILLEN PETITE COMPACT STRETCH BOW TIE NECK FULL SKIRTED MIDI DRESS,109.0,219.0,50,True,78
2026-10-05,PLT,with code 10PLT KARENMILLEN TAILORED PRINTED SATIN VISCOSE BELTED MAXI SHIRT DRESS,174.3,249.0,30,True,78
2026-10-05,PLT,with code 10PLT WAREHOUSE KNOT SHOULDER OMBRE PRINT MAXI SLIP DRESS,65.0,65.0,0,False,78
2026-10-05,PLT,with code 10PLT BOOHOO HALTERNECK PATTERNED BEACH CROCHET MINI DRESS,13.0,26.0,50,True,78
2026-10-05,PLT,with code 10PLT OASIS HALTER NECK SPLIT MAXI DRESS,30.0,59.0,49,True,78
2026-10-05,PLT,with code 10PLT PLT label PETITE COAST PETITE EMBELLISHED MAXI DRESS WITH GODET PLEATS,107.4,179.0,40,True,78
2026-10-05,PLT,with code 10PLT PETITE KARENMILLEN ARCHIVE COLLECTION - PETITE BOW DETAIL CREPE BANDEAU MIDI DRESS,87.0,349.0,75,True,78
2026-10-05,PLT,with code 10PLT PETITE COAST PETITE WRAP FRONT SATIN MAXI DRESS,116.1,129.0,10,True,78
2026-10-05,PLT,with code 10PLT KARENMILLEN POPLIN BELTED MIDI DRESS,80.0,229.0,65,True,78
2026-10-05,PLT,with code 10PLT KARENMILLEN TAILORED JACQUARD FULL MIDI DRESS,167.3,239.0,30,True,78
2026-10-05,PLT,with code 10PLT OASIS VELVET LACE TRIM BUTTON THROUGH MIDI DRESS,53.1,59.0,10,True,78
2026-10-05,PLT,with code 10PLT PETITE KARENMILLEN PETITE BANDAGE STUDDED BELT BODY PANELLED MIDI DRESS,169.0,169.0,0,False,78
2026-10-05,PLT,with code 10PLT BOOHOO OFF THE SHOULDER TONAL ANIMAL MESH MAXI DRESS,24.0,32.0,25,True,78
2026-10-05,PLT,with code 10PLT BOOHOO CHIFFON COWL NECK RUFFLE DETAIL MAXI DRESS,28.5,38.0,25,True,78
2026-10-05,PLT,with code 10PLT BOOHOO CINCHED WAIST FITTED SHIRT DRESS,27.0,36.0,25,True,78
2026-10-05,PLT,with code 10PLT PLUS BOOHOO PLUS BURNOUT ANGEL SLEEVE MIDAXI DRESS,26.25,35.0,25,True,78
2026-10-05,PLT,with code 10PLT BOOHOO TRIM DETAIL COLLARED SLEEVELESS SHIFT DRESS,8.0,30.0,73,True,78
2026-10-05,PLT,with code 10PLT PETITE BOOHOO PETITE SHORT SLEEVE ZIP FRONT DENIM DRESS,21.0,28.0,25,True,78
2026-10-05,PLT,with code 10PLT BOOHOO STRUCTURED CONTOUR LINEN LOOK BLAZER DRESS,18.0,45.0,60,True,78
2026-10-05,PLT,with code 10PLT COAST SATIN CORSET MINI WEDDING DRESS,99.0,99.0,0,False,78
2026-10-05,PLT,with code 10PLT KARENMILLEN VISCOSE BLEND KNITTED SLEEVELESS MIDI DRESS,69.3,99.0,30,True,78
2026-10-05,PLT,with code 10PLT COAST LACE WRAP DETAIL WEDDING DRESS,199.0,199.0,0,False,78
2026-10-05,PLT,with code 10PLT BOOHOO TEXTURED CHIFFON TONAL ZEBRA GODET HEM MIDI DRESS,24.0,32.0,25,True,78
2026-10-05,PLT,with code 10PLT KARENMILLEN JACQUARD LONG SLEEVE HANKY HEM WOVEN MAXI DRESS,56.0,159.0,65,True,78
2026-10-05,PLT,with code 10PLT BOOHOO COTTON POPLIN PUFF BALL MINI DRESS,15.0,22.0,32,True,78
2026-10-05,PLT,with code 10PLT BOOHOO BURNOUT FLORAL RUFFLE FRONT MINI DRESS,18.75,25.0,25,True,78
2026-10-05,PLT,with code 10PLT COAST LISA TAN SLEEVE EMBROIDERED ORGANZA MIDI DRESS,40.0,149.0,73,True,78
2026-10-05,PLT,with code 10PLT COAST OFF THE SHOULDER ASYMMETRIC LIGHTWEIGHT CREPE MIDI DRESS,99.0,99.0,0,False,78
2026-10-05,PLT,with code 10PLT DOROTHY PERKINS ANIMAL MIDI SHIRT DRESS,20.0,35.0,43,True,78
2026-10-05,PLT,with code 10PLT PETITE OASIS PETITE V NECK BUTTON DETAIL PRINTED MESH MIDI DRESS,99.0,99.0,0,False,78
2026-10-05,PLT,with code 10PLT PETITE KARENMILLEN PETITE CHIFFON FLORAL PRINT HALTER NECK WOVEN MAXI DRESS,111.3,159.0,30,True,78
2026-10-05,PLT,with code 10PLT NASTYGAL EMBROIDERED LACE TRIM CUT OUT MAXI DRESS,55.3,79.0,30,True,78
2026-10-05,PLT,with code 10PLT MISSPAP LACE VOLUME HEM MINI DRESS,10.0,39.0,74,True,78
2026-10-05,PLT,with code 10PLT BOOHOO PLUNGE WRAP FRONT MINI DRESS,7.0,24.0,71,True,78
2026-10-05,PLT,with code 10PLT COAST LACE TIERED SKIRT 3/4 SLEEVE MIDI DRESS,119.2,149.0,20,True,78
2026-10-05,PLT,with code 10PLT COAST CONTOUR COLLECTIVE CORSET DETAIL MAXI DRESS,103.2,129.0,20,True,78
2026-10-05,PLT,with code 10PLT BOOHOO COTTON POPLIN BUTTON THROUGH BOAT NECK MINI DRESS,10.0,18.0,44,True,78
2026-10-05,PLT,with code 10PLT COAST COAST MUSE SEQUIN LONG SLEEVE MIDI DRESS,199.0,199.0,0,False,78
2026-10-05,PLT,with code 10PLT COAST DRAPE SLEEVE ASYMMETRIC FRINGED HEM MIDI DRESS,129.0,129.0,0,False,78
2026-10-05,PLT,with code 10PLT BOOHOO SQUARE NECK FULL SKIRT POPLIN MINI DRESS,10.0,25.0,60,True,78
2026-10-05,PLT,with code 10PLT PETITE KARENMILLEN PETITE PREMIUM LINEN CLEAN TAILORED MIDI DRESS,114.0,229.0,50,True,78
2026-10-05,PLT,with code 10PLT PETITE KARENMILLEN PETITE JACQUARD SLEEVELESS WOVEN MAXI DRESS,52.0,149.0,65,True,78
2026-10-05,PLT,with code 10PLT DOROTHY PERKINS FRILL YOKE DENIM MINI DRESS,20.0,39.0,49,True,78
2026-10-05,PLT,with code 10PLT DOROTHY PERKINS FRILL YOKE DENIM DRESS,15.0,45.0,67,True,78
2026-10-05,PLT,with code 10PLT PETITE KARENMILLEN PETITE VISCOSE BLEND KNIT SHEER SKIRT MAXI DRESS,63.0,179.0,65,True,78
2026-10-05,PLT,with code 10PLT COAST PLUNGE NECK ORGANZA JACQUARD BLOUSON SLEEVE WEDDING DRESS,107.4,179.0,40,True,78
2026-10-05,PLT,with code 10PLT KARENMILLEN VISCOSE BLEND MAXI KNIT DRESS WITH CHIFFON SLEEVE MILITARY TRIM,104.3,149.0,30,True,78
2026-10-05,PLT,with code 10PLT MISSPAP TAILORED BARDOT BLAZER MINI DRESS,49.0,70.0,30,True,78
2026-10-05,PLT,with code 10PLT MISSPAP PREMIUM SATIN COWL NECK FISHTAIL MAXI BRIDESMAID DRESS,38.5,55.0,30,True,78
2026-10-05,PLT,with code 10PLT BOOHOO DITSY CRINKLE CHIFFON MILKMAID MAXI DRESS,24.0,32.0,25,True,78
2026-10-05,PLT,with code 10PLT PETITE OASIS PETITE OMBRE SEQUIN BOW MINI DRESS,52.0,65.0,20,True,78
2026-10-05,PLT,with code 10PLT BOOHOO BARREL SLEEVE DENIM MINI DRESS,22.5,30.0,25,True,78
2026-10-05,PLT,with code 10PLT WAREHOUSE CHIFFON GATHERED SEAM HALTER TIE HANKY HEM MIDI DRESS,22.0,69.0,68,True,78
2026-10-05,PLT,with code 10PLT COAST SLEEVELESS SQUARE NECK BOW BACK MIDAXI BRIDESMAID DRESS,22.0,89.0,75,True,78
2026-10-05,PLT,with code 10PLT COAST LONG SLEEVE FLORAL EMBELLISHED MAXI DRESS,130.0,199.0,35,True,78
2026-10-05,PLT,with code 10PLT PLUS BOOHOO PLUS DOBBY TWIST FRONT MIDI DRESS,25.5,34.0,25,True,78
2026-10-05,PLT,with code 10PLT BOOHOO GINGHAM STRAPPY TIERED MINI DRESS,13.0,22.0,41,True,78
2026-10-05,PLT,with code 10PLT BOOHOO FLORAL RUCHED SWEETHEART PLEATED SKATER DRESS,18.75,25.0,25,True,78
2026-10-05,PLT,with code 10PLT BOOHOO ANIMAL PRINT PRINTED MESH ASYM NECK MAXI DRESS,13.0,34.0,62,True,78
2026-10-05,PLT,with code 10PLT MATERNITY BOOHOO MATERNITY ABSTRACT PRINT LONG SLEEVE MAXI DRESS,21.0,28.0,25,True,78
2026-10-05,PLT,with code 10PLT NASTYGAL HAMMERED SATIN CUTWORK LACE INSERT MAXI DRESS,34.3,49.0,30,True,78
2026-10-05,PLT,with code 10PLT WAREHOUSE DEVORE RUFFLE SLEEVE MAXI DRESS,20.0,89.0,78,True,78
2026-10-05,PLT,with code 10PLT PETITE KARENMILLEN PETITE COMPACT STRETCH VISCOSE MAXI DRESS,91.0,259.0,65,True,78
2026-10-05,PLT,with code 10PLT COAST V NECK CONTRAST JACQUARD PENCIL DRESS,129.0,129.0,0,False,78
2026-10-05,PLT,with code 10PLT COAST LACE HEM CROSS FRONT HALTER SATIN MIDI DRESS,99.0,99.0,0,False,78
2026-10-05,PLT,with code 10PLT MISSPAP OFF SHOULDER DOUBLE BREASTED BLAZER DRESS,42.0,60.0,30,True,78
2026-10-05,PLT,with code 10PLT COAST EMBELLISHED TIE BACK BOHO MAXI WEDDING DRESSS,199.2,249.0,20,True,78
2026-10-05,PLT,with code 10PLT BOOHOO TEXTURED VOLUME SLEEVE DROP HEM MINI DRESS,12.0,35.0,66,True,78
2026-10-05,PLT,with code 10PLT BOOHOO HALTERNECK CORSET DETAIL MINI DRESS,15.0,30.0,50,True,78
2026-10-05,PLT,with code 10PLT MISSPAP RACER NECK MINI SATIN SLIP DRESS,27.3,39.0,30,True,78
2026-10-05,PLT,with code 10PLT MISSPAP STRUCTURED BABYDOLL MINI DRESS,24.5,35.0,30,True,78
2026-10-05,PLT,with code 10PLT COAST LONG SLEEVE SEQUIN LACE MAXI DRESS,149.0,149.0,0,False,78
2026-10-05,PLT,with code 10PLT COAST LONG SLEEVE EMBELLISHED ORGANZA SHIRT DRESS,149.0,149.0,0,False,79
2026-10-05,PLT,with code 10PLT COAST SLEEVELESS DRAPE BODICE WRAP SKIRT MAXI DRESS,129.0,129.0,0,False,79
2026-10-05,PLT,with code 10PLT COAST WRAP WAIST SATIN CAMI BRIDESMAID DRESS,25.0,99.0,75,True,79
2026-10-05,PLT,with code 10PLT KARENMILLEN DOUBLE CLOTH BANDEAU PEPLUM MIDI DRESS,49.0,139.0,65,True,79
2026-10-05,PLT,with code 10PLT PETITE DOROTHY PERKINS PETITE DP LUXE METALLIC PUFF SLEEVE TIERED MAXI DRESS,12.0,59.0,80,True,79
2026-10-05,PLT,with code 10PLT PETITE KARENMILLEN PETITE PLEATED MAXI DRESS,72.0,179.0,60,True,79
2026-10-05,PLT,with code 10PLT PLT label COAST LONG SLEEVE PLACEMENT PRINT ORGANZA MIDI DRESS,50.0,149.0,66,True,79
2026-10-05,PLT,with code 10PLT OASIS PRINTED LACE DETAIL KEYHOLE TIERED MAXI DRESS,25.0,89.0,72,True,79
2026-10-05,PLT,with code 10PLT DOROTHY PERKINS PETITE PALM PRINTED SIDE TIE V NECK MAXI DRESS,20.0,39.0,49,True,79
2026-10-05,PLT,with code 10PLT KARENMILLEN PREMIUM CRYSTAL EMBELLISHED CROSS BACK MAXI DRESS,139.3,199.0,30,True,79
2026-10-05,PLT,with code 10PLT KARENMILLEN WHITLEY NEILL PREMIUM CRYSTAL EMBELLISHED MIDI DRESS,160.3,229.0,30,True,79
2026-10-05,PLT,with code 10PLT BOOHOO CINCHED WAIST CROPPED SLEEVE SHIFT DRESS,19.5,26.0,25,True,79
2026-10-05,PLT,with code 10PLT PETITE KARENMILLEN PETITE TROPICAL BEAD DETAIL MINI DRESS,149.0,299.0,50,True,79
2026-10-05,PLT,with code 10PLT KARENMILLEN VISCOSE GEORGETTE ROSETTE RUFFLE HALTERNECK MAXI DRESS,95.0,189.0,50,True,79
2026-10-05,PLT,with code 10PLT PLUS BOOHOO PLUS GOLD BUTTON CINCHED DENIM DRESS,26.25,35.0,25,True,79
2026-10-05,PLT,with code 10PLT PETITE BOOHOO PETITE TEXTURED VOLUME SKIRT MIDAXI DRESS,24.0,32.0,25,True,79
2026-10-05,PLT,with code 10PLT BOOHOO LEOPARD SCARF DETAIL TRAPEZE FLOOR SWEEPING MAXI DRESS,24.0,32.0,25,True,79
2026-10-05,PLT,with code 10PLT KARENMILLEN TWILL OFF SHOULDER PROM DRESS,159.0,159.0,0,False,79
2026-10-05,PLT,with code 10PLT COAST VOLUME SLEEVE CORSET COLUMN MAXI DRESS,129.0,129.0,0,False,79
2026-10-05,PLT,with code 10PLT KARENMILLEN JACQUARD SLEEVELESS WOVEN MAXI DRESS,52.0,149.0,65,True,79
2026-10-05,PLT,with code 10PLT PLUS BOOHOO PLUS TEXTURED FLOWER TRIM MAXI DRESS,20.0,30.0,33,True,79
2026-10-05,PLT,with code 10PLT KARENMILLEN DOUBLE CLOTH PRINTED BANDEAU PEPLUM MIDI DRESS,45.0,149.0,70,True,79
2026-10-05,PLT,with code 10PLT BOOHOO TEXTURED VOLUME SLEEVE MIDAXI DRESS,18.75,25.0,25,True,79
2026-10-05,PLT,with code 10PLT PETITE KARENMILLEN PETITE ITALIAN STRUCTURED TEXTURED SATIN BANDEAU TAILORED MAXI DRESS,70.0,279.0,75,True,79
2026-10-05,PLT,with code 10PLT PETITE BOOHOO PETITE RUCHED BUST BARDOT MINI DRESS,14.0,22.0,36,True,79
2026-10-05,PLT,with code 10PLT KARENMILLEN FOREVER TAILORED CREPE COLOUR BLOCK BELTED PLEATED MIDI DRESS,159.6,228.0,30,True,79
2026-10-05,PLT,with code 10PLT OASIS PRINTED LACE DETAIL BALLOON SLEEVE MINI DRESS,18.0,65.0,72,True,79
2026-10-05,PLT,with code 10PLT COAST STRETCH MESH TWIST DETAIL MIDI DRESS,99.0,99.0,0,False,79
2026-10-05,PLT,with code 10PLT COAST COAST HONOURED SLEEVELESS PLUNGE WATERFALL TWILL MAXI BRIDESMAID DRESS,97.3,139.0,30,True,79
2026-10-05,PLT,with code 10PLT KARENMILLEN EMBELLISHED SHORT SLEEVE WOVEN MIDI DRESS,132.3,189.0,30,True,79
2026-10-05,PLT,with code 10PLT BOOHOO TAILORED CINCHED WAIST BUTTON DOWN BLAZER DRESS,18.0,45.0,60,True,79
2026-10-05,PLT,with code 10PLT PETITE COAST PETITE BANDAGE PLEAT SKIRT MIDI DRESS,129.0,129.0,0,False,79
2026-10-05,PLT,with code 10PLT KARENMILLEN BAROQUE PRINT BELT DETAIL VISCOSE MIDI SHIRT DRESS,118.3,169.0,30,True,79
2026-10-05,PLT,with code 10PLT KARENMILLEN RIBBED KNIT POWER SHOULDER DRESS WITH MANIPULATED STITCH DETAIL,90.3,129.0,30,True,79
2026-10-05,PLT,with code 10PLT KARENMILLEN BLURRED FLORAL FRILL TULLE MAXI DRESS,84.0,169.0,50,True,79
2026-10-05,PLT,with code 10PLT COAST EMBELLISHED ARTWORK LONG SLEEVE TIERED BRIDESMAID MAXI DRESS,159.2,199.0,20,True,79
2026-10-05,PLT,with code 10PLT PETITE BOOHOO PETITE LACE DETAIL MIDAXI T-SHIRT DRESS,18.75,25.0,25,True,79
2026-10-05,PLT,with code 10PLT NASTYGAL CHIFFON PATCHED LEOPARD PRINT HIGH NECK TIE FRONT FLUTED MINI DRESS,27.3,39.0,30,True,79
2026-10-05,PLT,with code 10PLT COAST FLORAL APPLIQUE SEQUIN MAXI DRESS,104.3,149.0,30,True,79
2026-10-05,PLT,with code 10PLT BOOHOO BENGALINE RUCHED BUST TIE DETAIL STRAPPY MIDAXI DRESS,18.75,25.0,25,True,79
2026-10-05,PLT,with code 10PLT KARENMILLEN SHEER DETAIL PLEATED KNIT MIDI DRESS,49.0,139.0,65,True,79
2026-10-05,PLT,with code 10PLT KARENMILLEN SCUBA DIPPED RUFFLE HEM WOVEN MAXI DRESS,56.0,159.0,65,True,79
2026-10-05,PLT,with code 10PLT BOOHOO FLORAL DOBBY FLORAL FRILL MAXI DRESS,27.0,36.0,25,True,79
2026-10-05,PLT,with code 10PLT PETITE COAST PETITE DRAPE HIGH NECK PLEATED SKIRT MIDI DRESS,129.0,129.0,0,False,79
2026-10-05,PLT,with code 10PLT KARENMILLEN BLURRED FLORAL CROSS DETAIL TULLE MAXI DRESS,85.0,169.0,50,True,79
2026-10-05,PLT,with code 10PLT KARENMILLEN COBALT DETAIL VISCOSE SHIRT DRESS,104.3,149.0,30,True,79
2026-10-05,PLT,with code 10PLT COAST SATIN LACE PENCIL MIDI DRESS WITH VELVET TIE SHOULDERS,149.0,149.0,0,False,79
2026-10-05,PLT,with code 10PLT KARENMILLEN COMPACT STRETCH BOW TIE NECK FULL SKIRTED MIDI DRESS,167.3,239.0,30,True,79
2026-10-05,PLT,with code 10PLT COAST BELTED LACE MIDI DRESS,119.2,149.0,20,True,79
2026-10-05,PLT,with code 10PLT BOOHOO TEXTURED CHIFFON LEOPARD GODET HEM MINI DRESS,21.0,28.0,25,True,79
2026-10-05,PLT,with code 10PLT PLUS BOOHOO PLUS ZEBRA CHIFFON COWL NECK MAXI DRESS,20.0,30.0,33,True,79
2026-10-05,PLT,with code 10PLT KARENMILLEN PREMIUM SLINKY CREPE SCARF DETAIL MINI DRESS,66.0,189.0,65,True,79
2026-10-05,PLT,with code 10PLT KARENMILLEN ROSETTE TRIM MIDI DRESS,139.3,199.0,30,True,79
2026-10-05,PLT,with code 10PLT BOOHOO CREPE HIGH NECK POCKET DETAIL MIDI DRESS,18.75,25.0,25,True,79
2026-10-05,PLT,with code 10PLT MATERNITY BOOHOO MATERNITY SUPER SOFT LONG SLEEVE MIDAXI DRESS,13.5,18.0,25,True,79
2026-10-05,PLT,with code 10PLT NASTYGAL SATIN STRUCTURED BARDOT LANTERN MINI DRESS,34.3,49.0,30,True,79
2026-10-05,PLT,with code 10PLT BOOHOO EXTREME SHOULDER PAD TAILORED MINI DRESS,28.5,38.0,25,True,79
2026-10-05,PLT,with code 10PLT MATERNITY BOOHOO MATERNITY PLISSE BATWING MIDAXI DRESS,18.75,25.0,25,True,79
2026-10-05,PLT,with code 10PLT PLUS BOOHOO PLUS TEXTURED CHIFFON LEOPARD GODET HEM MINI DRESS,21.0,28.0,25,True,79
2026-10-05,PLT,with code 10PLT PETITE KARENMILLEN PETITE SATIN TUX SHORT SLEEVE TAILORED MIDI DRESS,160.3,229.0,30,True,79
2026-10-05,PLT,with code 10PLT BOOHOO GOLD TRIM BELTED CAP SLEEVE DRESS,11.0,30.0,63,True,79
2026-10-05,PLT,with code 10PLT COAST CAPE SHOULDER EMBELLISHED MAXI DRESS,199.0,199.0,0,False,79
2026-10-05,PLT,with code 10PLT PETITE KARENMILLEN PETITE COTTON LINEN 3D FLORAL BUBBLE HEM MIDI DRESS,80.0,229.0,65,True,79
2026-10-05,PLT,with code 10PLT PETITE KARENMILLEN PETITE PREMIUM CRYSTAL EMBELLISHED JERSEY COWL SKIRT DETAIL MAXI DRESS WITH MESH BODY,229.0,229.0,0,False,79
2026-10-05,PLT,with code 10PLT KARENMILLEN WOOL LOOK ROUNDED SLEEVE HIGH NECK KNIT MIDI DRESS,90.3,129.0,30,True,79
2026-10-05,PLT,with code 10PLT PLUS BOOHOO PLUS DOUBLE LAYER DROP HEM MINI DRESS,10.0,28.0,64,True,79
2026-10-05,PLT,with code 10PLT KARENMILLEN TAFFETA RUFFLE DETAIL MIDI DRESS,89.0,179.0,50,True,79
2026-10-05,PLT,with code 10PLT KARENMILLEN PREMIUM CRYSTAL EMBELLISHED LONG SLEEVE PLUNGE NECK MIDI DRESS,84.0,239.0,65,True,79
2026-10-05,PLT,with code 10PLT KARENMILLEN BOW DETAIL DROP WAIST MIDI DRESS,56.0,159.0,65,True,79
2026-10-05,PLT,with code 10PLT BOOHOO CROCHET KNIT V NECK MINI DRESS,13.0,20.0,35,True,79
2026-10-05,PLT,with code 10PLT PETITE KARENMILLEN PETITE FRINGE BANDAGE V NECK KNIT MIDI DRESS,70.0,199.0,65,True,79
2026-10-05,PLT,with code 10PLT KARENMILLEN FLORAL PRINT VISCOSE SATIN CREPE WOVEN MAXI DRESS,84.0,239.0,65,True,80
2026-10-05,PLT,with code 10PLT KARENMILLEN TAILORED PLEAT NECK POCKET DETAIL MIDI DRESS,40.0,199.0,80,True,80
2026-10-05,PLT,with code 10PLT BOOHOO COTTON POPLIN SHIRRED BODICE PUFF SLEEVE MAXI DRESS,18.75,25.0,25,True,80
2026-10-05,PLT,with code 10PLT TALL BOOHOO TALL TEXTURED VOLUME SKIRT MIDAXI DRESS,24.0,32.0,25,True,80
2026-10-05,PLT,with code 10PLT DOROTHY PERKINS PINK DITSY LONG SLEEVE MINI DRESS,31.5,35.0,10,True,80
2026-10-05,PLT,with code 10PLT PLUS BOOHOO THE PLUS PRINTED MIDI SKATER DRESS,16.5,22.0,25,True,80
2026-10-05,PLT,with code 10PLT BOOHOO FLORAL BURNOUT DIPPED HEM MINI DRESS,8.0,25.0,68,True,80
2026-10-05,PLT,with code 10PLT PLT label BOOHOO OFF THE SHOULDER WRAP FRONT MIDAXI DRESS,21.0,28.0,25,True,80
2026-10-05,PLT,with code 10PLT BOOHOO LONG SLEEVE RIBBED FULL SKIRT MINI DRESS,13.5,18.0,25,True,80
2026-10-05,PLT,with code 10PLT OASIS OCCASION SEQUIN SHOULDER PAD MINI DRESS,47.2,59.0,20,True,80
2026-10-05,PLT,with code 10PLT PETITE KARENMILLEN PETITE TAILORED LINEN STATEMENT BUTTON FRONT PENCIL MIDI DRESS,70.0,199.0,65,True,80
2026-10-05,PLT,with code 10PLT PETITE KARENMILLEN PETITE COMPACT STRETCH TAILORED COLOUR BLOCK FULL SKIRTED MIDI DRESS,84.0,239.0,65,True,80
2026-10-05,PLT,with code 10PLT PETITE KARENMILLEN PETITE COMPACT STRETCH SQUARE NECK KNITTED FLIPPY DRESS,45.0,129.0,65,True,80
2026-10-05,PLT,with code 10PLT OASIS FLORAL PRINTED CHIFFON LACE INSERT DRESS,35.0,59.0,41,True,80
2026-10-05,PLT,with code 10PLT PETITE BOOHOO PETITE TIE SHOULDER MILKMAID SKATER DRESS,13.0,32.0,59,True,80
2026-10-05,PLT,with code 10PLT BOOHOO VELVET SEQUIN HALTERNECK SLIP MAXI DRESS,40.5,54.0,25,True,80
2026-10-05,PLT,with code 10PLT PETITE KARENMILLEN PETITE TRIM TAILORED MIDI PENCIL DRESS,119.0,239.0,50,True,80
2026-10-05,PLT,with code 10PLT BOOHOO MESH CAP SLEEVE ASYM HEM MIDAXI DRESS,19.5,26.0,25,True,80
2026-10-05,PLT,with code 10PLT COAST SEQUIN COWL NECK MAXI DRESS,149.0,149.0,0,False,80
2026-10-05,PLT,with code 10PLT KARENMILLEN KNIT RIB WITH CONTRAST WAIST DETAIL COLLARED SHORT SLEEVE MIDI DRESS,45.0,129.0,65,True,80
2026-10-05,PLT,with code 10PLT TALL BOOHOO TALL LACE TRIM RUCHED BUST MINI DRESS,18.0,24.0,25,True,80
2026-10-05,PLT,with code 10PLT BOOHOO COLLAR DETAIL OVERSIZED RUGBY KNITTED MINI DRESS,24.0,32.0,25,True,80
2026-10-05,PLT,with code 10PLT PLUS BOOHOO PLUS TEXTURED SLINKY DROP HEM MINI DRESS,8.0,26.0,69,True,80
2026-10-05,PLT,with code 10PLT BOOHOO LEOPARD HALTERNECK MESH MAXI DRESS,21.0,28.0,25,True,80
2026-10-05,PLT,with code 10PLT PETITE KARENMILLEN PETITE KNIT RIB WITH CONTRAST DETAIL MIDI DRESS,119.0,119.0,0,False,80
2026-10-05,PLT,with code 10PLT KARENMILLEN TEXTURED TAILORED DROPPED WAIST SLEEVED MIDAXI DRESS,49.0,199.0,75,True,80
2026-10-05,PLT,with code 10PLT MISSPAP BANDEAU SATIN FEATHER MINI DRESS,52.0,150.0,65,True,80
2026-10-05,PLT,with code 10PLT KARENMILLEN BOLD STRIPE COTTON STRAPPY PEPLUM WOVEN MAXI DRESS,59.0,169.0,65,True,80
2026-10-05,PLT,with code 10PLT KARENMILLEN VISCOSE WOVEN COBALT FLORAL MIDI SHIRT DRESS,38.0,109.0,65,True,80
2026-10-05,PLT,with code 10PLT KARENMILLEN BAROQUE ORGANDIE APPLIQUE AND BEADED BELL SLEEVE WOVEN MIDI DRESS,140.0,399.0,65,True,80
2026-10-05,PLT,with code 10PLT COAST LISA TAN BOW DETAIL WAISTCOAT MIDI DRESS,70.0,119.0,41,True,80
2026-10-05,PLT,with code 10PLT PETITE KARENMILLEN PETITE TAILORED STRUCTURED CREPE FOREVER PLEAT MIDI DRESS,153.0,219.0,30,True,80
2026-10-05,PLT,with code 10PLT COAST EMBROIDERED LONG SLEEVE BELTED MIDI DRESS,75.0,169.0,56,True,80
2026-10-05,PLT,with code 10PLT COAST VELVET SLEEVELESS EMBELLISHED MIDI DRESS,179.0,179.0,0,False,80
2026-10-05,PLT,with code 10PLT COAST LACE TRIM TIERED PRINTED ORGANZA MIDI DRESS,85.0,129.0,34,True,80
2026-10-05,PLT,with code 10PLT COAST SATIN MIDI DRESS WITH TWIST WAIST,119.0,119.0,0,False,80
2026-10-05,PLT,with code 10PLT PETITE COAST PETITE ONE SHOULDER RUCHED DETAIL VELVET MIDI DRESS,89.0,89.0,0,False,80
2026-10-05,PLT,with code 10PLT BOOHOO TONAL ZEBRA CORSET DETAIL MINI DRESS,24.0,32.0,25,True,80
2026-10-05,PLT,with code 10PLT PETITE BOOHOO PETITE CREW NECK FLARED SLEEVE KNITTED MINI DRESS,15.0,20.0,25,True,80
2026-10-05,PLT,with code 10PLT COAST COWL NECK CORSET DRAPE SATIN MAXI WEDDING DRESS,104.3,149.0,30,True,80
2026-10-05,PLT,with code 10PLT COAST CROSS FRONT PLEAT PANELLED MAXI DRESS,104.3,149.0,30,True,80
2026-10-05,PLT,with code 10PLT PLUS BOOHOO PLUS PAISLEY CHIFFON MIDAXI DRESS,25.5,34.0,25,True,80
2026-10-05,PLT,with code 10PLT COAST ORNATE LACE MINI WEDDING DRESS,107.1,119.0,10,True,80
2026-10-05,PLT,with code 10PLT BOOHOO BASIC 3/4 SLEEVE V NECK MINI DRESS,13.5,18.0,25,True,80
2026-10-05,PLT,with code 10PLT COAST VELVET LACE BUTTON DOWN PENCIL MIDI DRESS,149.0,149.0,0,False,80
2026-10-05,PLT,with code 10PLT KARENMILLEN VELVET OFF THE SHOULDER MIDI DRESS,149.0,149.0,0,False,80
2026-10-05,PLT,with code 10PLT KARENMILLEN SOFT TAILORED COLOUR BLOCK BOW MIDI DRESS,63.0,179.0,65,True,80
2026-10-05,PLT,with code 10PLT KARENMILLEN ESSENTIAL TECHNO SHIRT SLEEVE WOVEN SHIRT DRESS WITH GOLD HARDWARE,64.0,129.0,50,True,80
2026-10-05,PLT,with code 10PLT BOOHOO CABLE DETAIL HIGH NECK KNITTED MINI DRESS,24.0,32.0,25,True,80
2026-10-05,PLT,with code 10PLT KARENMILLEN VISCOSE SATIN DRAPE MIDI DRESS,45.0,129.0,65,True,80
2026-10-05,PLT,with code 10PLT COAST STRUCTURED BODICE DRAPE DETAIL BANDEAU WEDDING DRESS,89.4,149.0,40,True,80
2026-10-05,PLT,with code 10PLT KARENMILLEN DEVOURE ONE SHOULDER WOVEN MAXI DRESS WITH TRIM DETAIL,66.0,189.0,65,True,80
2026-10-05,PLT,with code 10PLT PETITE KARENMILLEN PETITE TAFFETA TWILL SQUARE NECK STRAPPY MIDI DRESS,118.3,169.0,30,True,80
2026-10-05,PLT,with code 10PLT PETITE KARENMILLEN PETITE BANDAGE HIGH NECK BUCKLE TRIM MIDI DRESS,45.0,129.0,65,True,80
2026-10-05,PLT,with code 10PLT KARENMILLEN COTTON TOP STITCH WOVEN MIDAXI SHIRT DRESS,39.0,129.0,70,True,80
2026-10-05,PLT,with code 10PLT PLUS BOOHOO PLUS CREPE SLEEVELESS DRESS WITH SATIN SKIRT,30.0,40.0,25,True,80
2026-10-05,PLT,with code 10PLT BOOHOO V NECK SHORT SLEEVE KNITTED MINI DRESS,16.5,22.0,25,True,80
2026-10-05,PLT,with code 10PLT KARENMILLEN PREMIUM LINEN TWILL TOPSTITCH WOVEN MAXI DRESS,114.0,229.0,50,True,80
2026-10-05,PLT,with code 10PLT KARENMILLEN TAILORED TWEED BOW DETAIL MINI DRESS,56.0,159.0,65,True,80
2026-10-05,PLT,with code 10PLT PETITE BOOHOO PETITE SATIN STRUCTURED BARDOT MINI DRESS,13.0,40.0,68,True,80
2026-10-05,PLT,with code 10PLT PLUS BOOHOO PLUS BENGALINE CORSET LONG SLEEVE SKATER DRESS,21.0,28.0,25,True,80
2026-10-05,PLT,with code 10PLT BOOHOO PREMIUM HOTFIX RUCHED FRONT MIDAXI DRESS,52.5,70.0,25,True,80
2026-10-05,PLT,with code 10PLT BOOHOO CORSET DETAIL DRAPE SIDE STRUCTURED MINI DRESS,24.0,35.0,31,True,80
2026-10-05,PLT,with code 10PLT PETITE KARENMILLEN PETITE VISCOSE BLEND SLINKY SHEER LACE DETAIL KNIT MAXI DRESS,52.0,149.0,65,True,80
2026-10-05,PLT,with code 10PLT BOOHOO LINEN LOOK VOLUME SLEEVE SHIRRED SKATER DRESS,18.75,25.0,25,True,80
2026-10-05,PLT,with code 10PLT KARENMILLEN ANIMAL PRINT FLUID TENCEL WOVEN MAXI SHIRT DRESS,63.0,179.0,65,True,80
2026-10-05,PLT,with code 10PLT KARENMILLEN KNITTED ZIP NECK PU MIX PLEATED MIDI DRESS,59.0,169.0,65,True,80
2026-10-05,PLT,with code 10PLT PETITE COAST PETITE V NECK STRUCTURED SATIN BELTED MIDI DRESS,129.0,129.0,0,False,80
2026-10-05,PLT,with code 10PLT PLUS COAST PLUS EMBROIDERED V NECK WRAP MIDI DRESS,55.0,159.0,65,True,80
2026-10-05,PLT,with code 10PLT BOOHOO TEXTURED CHIFFON OPEN BACK MIDAXI DRESS,17.0,35.0,51,True,80
2026-10-05,PLT,with code 10PLT KARENMILLEN EMBELLISHED TRIM VELVET MINI DRESS,97.3,139.0,30,True,80
2026-10-05,PLT,with code 10PLT KARENMILLEN VISCOSE SATIN ASYMMETRIC RUFFLE MIDI DRESS,169.0,169.0,0,False,80
2026-10-05,PLT,with code 10PLT NASTYGAL CINCHED WAIST DENIM MINI DRESS,31.5,45.0,30,True,80
2026-10-05,PLT,with code 10PLT KARENMILLEN ROSE EMBROIDERY ORGANZA ANGEL SLEEVE MIDI DRESS,299.0,299.0,0,False,80
2026-10-05,PLT,with code 10PLT WAREHOUSE SATIN JACQUARD TIE RACER WRAP MIDI DRESS,25.0,59.0,58,True,80
2026-10-05,PLT,with code 10PLT KARENMILLEN STRIPE COTTON ROSETTE WOVEN SHIRT MAXI DRESS,56.0,159.0,65,True,80
2026-10-05,PLT,with code 10PLT KARENMILLEN OFF THE SHOULDER BRUSHED TEXTURED JERSEY MIDI DRESS,35.0,99.0,65,True,81
2026-10-05,PLT,with code 10PLT PLT label KARENMILLEN ROSE EMBROIDERY ORGANZA ANGEL SLEEVE MIDI DRESS,299.0,299.0,0,False,81
2026-10-05,PLT,with code 10PLT COAST FRINGE DETAIL STRAPPY MAXI DRESS WITH SCARF,149.0,149.0,0,False,81
2026-10-05,PLT,with code 10PLT DOROTHY PERKINS TWIST FRONT ANGEL SLEEVE PENCIL DRESS,39.0,39.0,0,False,81
2026-10-05,PLT,with code 10PLT BOOHOO PREMIUM BANDAGE BANDEAU MINI DRESS,30.0,40.0,25,True,81
2026-10-05,PLT,with code 10PLT KARENMILLEN COLOUR BLOCK FLUID TENCEL WOVEN MAXI SHIRT DRESS,56.0,159.0,65,True,81
2026-10-05,PLT,with code 10PLT BOOHOO CHIFFON RUFFLE DETAIL ASYMMETRIC MINI DRESS,9.0,24.0,63,True,81
2026-10-05,PLT,with code 10PLT KARENMILLEN SCUBA DRAMA RUFFLE HEM WOVEN MAXI DRESS,64.0,159.0,60,True,81
2026-10-05,PLT,with code 10PLT KARENMILLEN COMPACT STRETCH TAILORED PENCIL DRESS,167.3,239.0,30,True,81
2026-10-05,PLT,with code 10PLT BOOHOO MARL HALTERNECK COWL LONG SLEEVE MINI DRESS,10.0,25.0,60,True,81
2026-10-05,PLT,with code 10PLT PLUS BOOHOO PLUS TONAL ANIMAL LONG SLEEVE MAXI DRESS,16.5,22.0,25,True,81
2026-10-05,PLT,with code 10PLT BOOHOO DRAPE BACK SATIN MAXI DRESS,11.0,32.0,66,True,81
2026-10-05,PLT,with code 10PLT KARENMILLEN PINK ABSTRACT TWIST SHOULDER SATIN VISCOSE MIDI DRESS,56.0,159.0,65,True,81
2026-10-05,PLT,with code 10PLT WAREHOUSE METALLIC JACQUARD BARDOT BALLOON SLEEVE MINI DRESS,18.0,69.0,74,True,81
2026-10-05,PLT,with code 10PLT KARENMILLEN TEXTURED SATEEN LACE HALTER NECK BELTED MIDI DRESS,99.0,199.0,50,True,81
2026-10-05,PLT,with code 10PLT BOOHOO CHECK HERRINGBONE SQUARE NECK TAILORED BUCKLE DETAIL MINI DRESS,24.0,32.0,25,True,81
2026-10-05,PLT,with code 10PLT COAST LISA TAN COLLARED SATIN BELTED WRAP DRESS,50.0,129.0,61,True,81
2026-10-05,PLT,with code 10PLT BOOHOO FAUX SUEDE MILKMAID MINI DRESS,12.0,35.0,66,True,81
2026-10-05,PLT,with code 10PLT BOOHOO STRUCTURED SKATER MAXI DRESS,22.0,35.0,37,True,81
2026-10-05,PLT,with code 10PLT PETITE BOOHOO PETITE BASIC SCOOP NECK MAXI DRESS,11.25,15.0,25,True,81
2026-10-05,PLT,with code 10PLT COAST COAST MUSE ONE SHOULDER FLORAL EMBELLISHED MAXI DRESS,199.0,199.0,0,False,81
2026-10-05,PLT,with code 10PLT OASIS FLORAL MESH BALLOON SLEEVE MIDI DRESS,99.0,99.0,0,False,81
2026-10-05,PLT,with code 10PLT BOOHOO LET IT SNOW CHRISTMAS JUMPER DRESS,15.0,20.0,25,True,81
2026-10-05,PLT,with code 10PLT BOOHOO RUCHED STRAPLESS DENIM MINI DRESS,11.0,28.0,61,True,81
2026-10-05,PLT,with code 10PLT KARENMILLEN STRAPPY PLEATED MAXI DRESS,49.0,139.0,65,True,81
2026-10-05,PLT,with code 10PLT PLUS KARENMILLEN PLUS SIZE TECHNO COTTON WOVEN MAXI DRESS WITH CONTRAST PLACKET,97.3,139.0,30,True,81
2026-10-05,PLT,with code 10PLT PETITE KARENMILLEN PETITE FOIL METALLIC FIGURE FORM STRAPPY KNIT MAXI DRESS,74.0,149.0,50,True,81
2026-10-05,PLT,with code 10PLT PETITE DOROTHY PERKINS PETITE RUFFLE NECK LONG SLEEVE MINI DRESS,28.0,35.0,20,True,81
2026-10-05,PLT,with code 10PLT KARENMILLEN WESTERN PRINTED TWILL WOVEN MIDI SHIRT DRESS,52.0,149.0,65,True,81
2026-10-05,PLT,with code 10PLT DOROTHY PERKINS TIE DETAIL PUFF SLEEVE COTTON MINI DRESS,15.0,35.0,57,True,81
2026-10-05,PLT,with code 10PLT COAST BANDAGE PLEAT SKIRT MIDI DRESS,116.1,129.0,10,True,81
2026-10-05,PLT,with code 10PLT COAST FLORAL LACE COLLARED MIDI DRESS,149.0,149.0,0,False,81
2026-10-05,PLT,with code 10PLT PETITE KARENMILLEN PETITE PETAL APPLIQUE LACE WOVEN MIDI DRESS,153.3,219.0,30,True,81
2026-10-05,PLT,with code 10PLT KARENMILLEN POLISHED COMPACT ROUNDED FULL SKIRTED MIDI DRESS,139.3,199.0,30,True,81
2026-10-05,PLT,with code 10PLT KARENMILLEN TEXTURED OFF THE SHOULDER MAXI DRESS,239.0,239.0,0,False,81
2026-10-05,PLT,with code 10PLT KARENMILLEN PREMIUM EMBELLISHED MAXI DRESS,199.0,399.0,50,True,81
2026-10-05,PLT,with code 10PLT BOOHOO TEXTURED CRINKLE STRAPPY MINI DRESS,15.0,20.0,25,True,81
2026-10-05,PLT,with code 10PLT KARENMILLEN TRIM TAILORED MIDI PENCIL DRESS,119.0,239.0,50,True,81
2026-10-05,PLT,with code 10PLT PLUS BOOHOO PLUS STRAPPY LEOPARD MINI DRESS,19.5,26.0,25,True,81
2026-10-05,PLT,with code 10PLT KARENMILLEN CRYSTAL APPLIQUE ANGEL SLEEVE WOVEN MAXI DRESS,147.0,489.0,70,True,81
2026-10-05,PLT,with code 10PLT BOOHOO RUCHED BODICE ASYM NECK MAXI DRESS,26.25,35.0,25,True,81
2026-10-05,PLT,with code 10PLT KARENMILLEN TAILORED LACE UP BACK DETAIL MIDI DRESS,49.0,139.0,65,True,81
2026-10-05,PLT,with code 10PLT WAREHOUSE METALLIC TWIST FRONT CUT OUT BIAS CUT MIDI DRESS,37.0,65.0,43,True,81
2026-10-05,PLT,with code 10PLT PETITE KARENMILLEN PETITE TAILORED SATIN DRAPE ASYMMETRIC MAXI FISHTAIL DRESS,129.0,259.0,50,True,81
2026-10-05,PLT,with code 10PLT KARENMILLEN COTTON VOILE MAXI BEACH DRESS,40.0,99.0,60,True,81
2026-10-05,PLT,with code 10PLT PETITE BOOHOO PETITE SUPER SOFT V NECK KNITTED MINI DRESS,15.0,20.0,25,True,81
2026-10-05,PLT,with code 10PLT COAST HAPPILY EVER AFTER SWAN EMBELLISHED MINI BRIDAL DRESS,161.1,179.0,10,True,81
2026-10-05,PLT,with code 10PLT DOROTHY PERKINS VELVET SEQUIN MINI DRESS,39.2,49.0,20,True,81
2026-10-05,PLT,with code 10PLT KARENMILLEN BANDAGE FIGURE FORM KNIT EMBELLISHED MAXI DRESS,59.0,169.0,65,True,81
2026-10-05,PLT,with code 10PLT BOOHOO PREMIUM JERSEY TIE FRONT T SHIRT DRESS,19.5,26.0,25,True,81
2026-10-05,PLT,with code 10PLT NASTYGAL FLOWER EMBELLISHED COWL BACK MINI BEACH DRESS,41.3,59.0,30,True,81
2026-10-05,PLT,with code 10PLT BOOHOO TONAL FLORAL CHIFFON FLARED SLEEVE MAXI DRESS,21.0,28.0,25,True,81
2026-10-05,PLT,with code 10PLT COAST GLOSSY PRINTED FRILL ONE SHOULDER MAXI DRESS,80.0,159.0,50,True,81
2026-10-05,PLT,with code 10PLT COAST TWEED LONG SLEEVE BODICE WITH VELVET SKIRT MIDI DRESS,149.0,149.0,0,False,81
2026-10-05,PLT,with code 10PLT KARENMILLEN FIGURE FORM BANDAGE TAFFETA BOW KNITTED MIDI DRESS,79.0,159.0,50,True,81
2026-10-05,PLT,with code 10PLT WAREHOUSE RUCHED WAIST SLEEVELESS SHOULDER PAD DETAIL MAXI DRESS,39.0,65.0,40,True,81
2026-10-05,PLT,with code 10PLT KARENMILLEN VISCOSE LINEN BELTED DROP WAIST WOVEN MIDI DRESS,54.0,179.0,70,True,81
2026-10-05,PLT,with code 10PLT KARENMILLEN TENCEL COTTON CONTRAST STITCH ZIP FRONT WOVEN MIDI DRESS,45.0,129.0,65,True,81
2026-10-05,PLT,with code 10PLT DOROTHY PERKINS KEYHOLE LONG SLEEVE MINI DRESS,8.0,35.0,77,True,81
2026-10-05,PLT,with code 10PLT NASTYGAL COTTON VOILE LACE INSERT HALTER NECK GODET MINI BEACH DRESS,24.5,35.0,30,True,81
2026-10-05,PLT,with code 10PLT DOROTHY PERKINS LEOPARD EMPIRE SHIRRED BODICE BUTTON DETAIL MAXI DRESS,12.0,39.0,69,True,81
2026-10-05,PLT,with code 10PLT COAST LACE LONG SLEEVE MIDI DRESS WITH SATIN BELT,134.1,149.0,10,True,81
2026-10-05,PLT,with code 10PLT KARENMILLEN JACQUARD TWILL ORANGE FLORAL PRINT CORSETED WOVEN MAXI DRESS,92.0,229.0,60,True,81
2026-10-05,PLT,with code 10PLT PETITE BOOHOO PETITE CRINKLE SKATER SHIRT DRESS,15.0,20.0,25,True,81
2026-10-05,PLT,with code 10PLT BOOHOO BUCKLE DETAIL TIE WAIST TAILORED BLAZER DRESS,21.75,29.0,25,True,81
2026-10-05,PLT,with code 10PLT COAST BOW SHOULDERS JACQUARD MIDI DRESS,149.0,149.0,0,False,81
2026-10-05,PLT,with code 10PLT OASIS MATTE AND SATIN WEDDING DRESS WITH PUDDLE,69.3,99.0,30,True,81
2026-10-05,PLT,with code 10PLT PLT label PETITE KARENMILLEN PETITE TRIM TAILORED MIDI PENCIL DRESS,119.0,239.0,50,True,82
2026-10-05,PLT,with code 10PLT BOOHOO STRIPE TIERED MAXI DRESS,26.25,35.0,25,True,82
2026-10-05,PLT,with code 10PLT TALL BOOHOO TALL TEXTURED FRILL SMOCK DRESS,10.5,14.0,25,True,82
2026-10-05,PLT,with code 10PLT PETITE DOROTHY PERKINS PETITE BELTED PUFF SLEEVE EMBROIDERED SHIRT DRESS,12.0,42.0,71,True,82
2026-10-05,PLT,with code 10PLT DOROTHY PERKINS PETITE DP LUXE KEYHOLE DETAIL SPARKLE JERSEY MIDI DRESS,36.0,45.0,20,True,82
2026-10-05,PLT,with code 10PLT KARENMILLEN TAILORED DENIM SLEEVELESS FULL SKIRTED MIDI DRESS,80.0,229.0,65,True,82
2026-10-05,PLT,with code 10PLT DOROTHY PERKINS DP LUXE PRINTED FLUTTER RAGLAN SLEEVE MIDI DRESS,22.0,55.0,60,True,82
2026-10-05,PLT,with code 10PLT KARENMILLEN EMBROIDERED ORGANDIE BALLOON WOVEN MINI DRESS,84.0,339.0,75,True,82
2026-10-05,PLT,with code 10PLT COAST LISA TAN ORGANZA BELTED SHIRT DRESS,50.0,139.0,64,True,82
2026-10-05,PLT,with code 10PLT MISSPAP RUCHED KEYHOLE FRONT MESH MAXI DRESS,13.0,49.0,73,True,82
2026-10-05,PLT,with code 10PLT KARENMILLEN CUTWORK BEADED EMBROIDERED WOVEN MINI DRESS,72.0,179.0,60,True,82
2026-10-05,PLT,with code 10PLT KARENMILLEN HAND EMBROIDERED AND SEQUIN ORGANDIE DEEP V WOVEN MAXI DRESS,140.0,399.0,65,True,82
2026-10-05,PLT,with code 10PLT PETITE KARENMILLEN DIGITAL OPHELIA PETITE POLISHED TAILORED OPEN BACK HEM DETAIL MINI DRESS,55.0,219.0,75,True,82
2026-10-05,PLT,with code 10PLT COAST RUFFLE DETAIL OMBRE PRINTED GEORGETTE MAXI DRESS,70.0,129.0,46,True,82
2026-10-05,PLT,with code 10PLT BOOHOO COTTON POPLIN SHIRRED ELASTICATED BACK MAXI DRESS,20.0,30.0,33,True,82
2026-10-05,PLT,with code 10PLT BOOHOO TEXTURED FLORAL BARDOT MINI DRESS,10.0,28.0,64,True,82
2026-10-05,PLT,with code 10PLT PLUS KARENMILLEN PLUS SIZE COMPACT STRETCH TIE NECK FULL SKIRTED MIDI DRESS,167.3,239.0,30,True,82
2026-10-05,PLT,with code 10PLT WAREHOUSE PREMIUM FRINGE TRIM ONE SHOULDER MIDI DRESS,55.0,99.0,44,True,82
2026-10-05,PLT,with code 10PLT BOOHOO LINEN LOOK VOLUME SLEEVE MINI DRESS,12.0,25.0,52,True,82
2026-10-05,PLT,with code 10PLT COAST LISA TAN ORGANZA PRINTED SHIRT DRESS,50.0,139.0,64,True,82
2026-10-05,PLT,KARENMILLEN SATIN VISCOSE MULTI PRINT ONE SHOULDER MAXI DRESS,76.0,189.0,60,True,82
2026-10-05,PLT,with code 10PLT KARENMILLEN EMBROIDERED HALTERNECK PLEATED MIDI DRESS,299.0,299.0,0,False,82
2026-10-05,PLT,with code 10PLT KARENMILLEN HAND BEADED HALTERNECK MIDI DRESS,349.0,349.0,0,False,82
2026-10-05,PLT,with code 10PLT BOOHOO BENGALINE HIGH NECK LONG SLEEVE MINI DRESS,19.5,26.0,25,True,82
2026-10-05,PLT,with code 10PLT KARENMILLEN STRETCH CREPE JERSEY PLUNGE NECK MAXI DRESS,179.0,179.0,0,False,82
2026-10-05,PLT,with code 10PLT OASIS PREMIUM SCALLOP NECK LACE MIDI DRESS,87.2,109.0,20,True,82
2026-10-05,PLT,with code 10PLT COAST SATIN LACE SHIRT DRESS,149.0,149.0,0,False,82
2026-10-05,PLT,with code 10PLT OASIS TWIST AND DRAPE JERSEY OCCASION MIDI DRESS,71.2,89.0,20,True,82
2026-10-05,PLT,with code 10PLT OASIS COWL BACK PREMIUM JERSEY MIDI DRESS,68.0,85.0,20,True,82
2026-10-05,PLT,with code 10PLT PETITE KARENMILLEN PETITE STRETCH CREPE JERSEY PLUNGE NECK MAXI DRESS,179.0,179.0,0,False,82
2026-10-05,PLT,with code 10PLT KARENMILLEN EMBELLISHED RUFFLE STRAPPY WOVEN MAXI DRESS,87.0,349.0,75,True,82
2026-10-05,PLT,with code 10PLT BOOHOO RIB DROP HEM BUTTON DOWN MINI DRESS,9.0,20.0,55,True,82
2026-10-05,PLT,with code 10PLT WAREHOUSE ROSE SATIN JACQUARD PUFF SLEEVE TIE BACK MIDI DRESS,69.0,69.0,0,False,82
2026-10-05,PLT,with code 10PLT NASTYGAL VELVET LACE INSERT LONG SLEEVE MINI DRESS,41.3,59.0,30,True,82
2026-10-05,PLT,with code 10PLT BOOHOO HALTERNECK JERSEY CREPE MIDI DRESS,21.0,28.0,25,True,82
2026-10-05,PLT,with code 10PLT PLT label BOOHOO RIB DROP HEM BUTTON DOWN MINI DRESS,9.0,20.0,55,True,83
2026-10-05,PLT,with code 10PLT MISSPAP SATIN OFF SHOULDER ASYMMETRIC BODYCON MINI DRESS,29.4,42.0,30,True,83
2026-10-05,PLT,with code 10PLT PETITE BOOHOO PETITE COTTON POPLIN SHIRRED BODICE PUFF SLEEVE MAXI DRESS,10.0,25.0,60,True,83
2026-10-05,PLT,with code 10PLT TALL BOOHOO TALL V NECK SHORT SLEEVE KNITTED MINI DRESS,16.5,22.0,25,True,83
2026-10-05,PLT,with code 10PLT MISSPAP FLORAL CHIFFON BURNOUT SCOOP NECK BIAS MAXI,14.0,65.0,78,True,83
2026-10-05,PLT,with code 10PLT WAREHOUSE ASYMETRIC SATIN AND LACE DETAIL MIDI DRESS,40.0,75.0,47,True,83
2026-10-05,PLT,with code 10PLT COAST LACE BODICE PLEATED SKIRT MIDI DRESS,119.2,149.0,20,True,83
2026-10-05,PLT,with code 10PLT KARENMILLEN VELVET EMBELLISHED STRAPPY MAXI DRESS,115.0,329.0,65,True,83
2026-10-05,PLT,with code 10PLT COAST STRUCTURED SATIN PLEATED PEPLUM MIDI DRESS,149.0,149.0,0,False,83
2026-10-05,PLT,with code 10PLT KARENMILLEN TAFFETA MIX ASYMMETRIC MIDI DRESS,125.0,249.0,50,True,83
2026-10-05,PLT,with code 10PLT WAREHOUSE V NECK RUFFLE TULLE EMBROIDERED MAXI DRESS,47.0,89.0,47,True,83
2026-10-05,PLT,with code 10PLT PETITE BOOHOO PETITE BARDOT FOLDOVER SKATER DRESS,19.0,30.0,37,True,83
2026-10-05,PLT,with code 10PLT COAST SATIN BARDOT BRIDESMAID MAXI DRESS WITH WAIST RUCHING DETAIL,30.0,119.0,75,True,83
2026-10-05,PLT,with code 10PLT BOOHOO RUFFLE CHIFFON MINI DRESS,10.0,26.0,62,True,83
2026-10-05,PLT,with code 10PLT BOOHOO SHIRED RACER NECK MINI DRESS,16.5,22.0,25,True,83
2026-10-05,PLT,with code 10PLT BOOHOO HIGH NECK SUPER SOFT KNITTED MINI DRESS,15.0,20.0,25,True,83
2026-10-05,PLT,with code 10PLT DOROTHY PERKINS VELVET STUD SQUARE NECK MINI DRESS,39.2,49.0,20,True,83
2026-10-05,PLT,with code 10PLT PETITE OASIS PETITE LIGHT BLUE DOUBLE STRAP COWL NECK SATIN JACQUARD BRIDESMAID MIDI DRESS,62.3,89.0,30,True,83
2026-10-05,PLT,with code 10PLT COAST TIE SHOULDER STRIPED PLACEMENT PRINT MIDI DRESS,35.0,109.0,68,True,83
2026-10-05,PLT,with code 10PLT BOOHOO PREMIUM BANDAGE PLUNGE FRONT MINI DRESS,30.0,40.0,25,True,83
2026-10-05,PLT,with code 10PLT TALL BOOHOO TALL BUCKLE DETAIL TIE WAIST BLAZER DRESS,18.0,24.0,25,True,83
2026-10-05,PLT,with code 10PLT BOOHOO COTTON POPLIN SHIRRED BODICE PUFF SLEEVE MAXI DRESS,19.0,28.0,32,True,83
2026-10-05,PLT,with code 10PLT PETITE DOROTHY PERKINS PETITE FRILL NECKLINE LACE DETAIL PRINTED MIDI DRESS,18.0,45.0,60,True,83
2026-10-05,PLT,with code 10PLT KARENMILLEN BANDAGE COLLARED KNITTED MIDI DRESS WITH SHEER SLEEVE,97.3,139.0,30,True,83
2026-10-05,PLT,with code 10PLT BOOHOO STRAPPY DROPPED HEM DENIM MINI DRESS,12.0,25.0,52,True,83
2026-10-05,PLT,with code 10PLT MISSPAP TEXTURED WRAP MINI DRESS,38.5,55.0,30,True,83
2026-10-05,PLT,with code 10PLT COAST SEQUIN GODET MAXI WEDDING DRESS,137.4,229.0,40,True,83
2026-10-05,PLT,with code 10PLT OASIS OLIVE SATIN HALTER NECK MAXI BRIDESMAID DRESS,63.2,79.0,20,True,83
2026-10-05,PLT,with code 10PLT PLUS BOOHOO PLUS SLINKY TWIST DETAIL MIDI DRESS,18.75,25.0,25,True,83
2026-10-05,PLT,with code 10PLT BOOHOO SUEDE TENNIS SKIRT MINI DRESS,23.0,45.0,49,True,83
2026-10-05,PLT,with code 10PLT BOOHOO LINEN LOOK HALTERNECK SEAM DETAIL TAILORED MINI DRESS,8.0,22.0,64,True,83
2026-10-05,PLT,with code 10PLT WAREHOUSE DOBBY CHIFFON LACE CUTWORK MAXI DRESS,42.0,79.0,47,True,83
2026-10-05,PLT,with code 10PLT WAREHOUSE FLORAL PLACEMENT PRINT RACER NECK SATIN MAXI DRESS,45.0,75.0,40,True,83
2026-10-05,PLT,with code 10PLT BOOHOO SATIN BARDOT RUCHED DETAIL MINI DRESS,26.25,35.0,25,True,83
2026-10-05,PLT,with code 10PLT PETITE KARENMILLEN PETITE SCOOP NECK JERSEY COTTON MIX MAXI DRESS,65.0,129.0,50,True,83
2026-10-05,PLT,with code 10PLT BOOHOO BENGALINE HALTERNECK CUT OUT CORSET MINI DRESS,16.5,22.0,25,True,84
2026-10-05,PLT,with code 10PLT PETITE BOOHOO PETITE BOW DETAIL OPEN BACK MINI DRESS,21.0,28.0,25,True,84
2026-10-05,PLT,with code 10PLT MISSPAP PREMIUM LACE HEM TAILORED MIDI DRESS,31.0,85.0,64,True,84
2026-10-05,PLT,with code 10PLT PLT label KARENMILLEN TRIM TAILORED MIDI PENCIL DRESS,119.0,239.0,50,True,84
2026-10-05,PLT,with code 10PLT BOOHOO LEOPARD PRINTED STRAPPY MINI DRESS,9.0,22.0,59,True,84
2026-10-05,PLT,with code 10PLT MISSPAP PREMIUM SPOT PRINT TIE NECK MINI DRESS.,10.0,45.0,78,True,84
2026-10-05,PLT,with code 10PLT PLUS BOOHOO PLUS BUTTON DOWN CAP SLEEVE UTILITY DRESS,15.0,30.0,50,True,84
2026-10-05,PLT,with code 10PLT NASTYGAL JEWEL EMBELLISHED DENIM HIGH NECK MINI DRESS,41.3,59.0,30,True,84
2026-10-05,PLT,with code 10PLT BOOHOO DEVORE FLARE SLEEVE OPEN BACK MINI DRESS,26.25,35.0,25,True,84
2026-10-05,PLT,with code 10PLT DOROTHY PERKINS BLACK FRILL NECK MINI DRESS,28.0,35.0,20,True,84
2026-10-05,PLT,with code 10PLT PETITE COAST PETITE LISA TAN PLEATED FLORAL MIDI DRESS WITH PLEAT DETAIL,40.0,129.0,69,True,84
2026-10-05,PLT,with code 10PLT KARENMILLEN SOFT TAILORED COLOUR BLOCK HALTER NECK MIDI DRESS,70.0,199.0,65,True,84
2026-10-05,PLT,with code 10PLT PETITE BOOHOO PETITE SHIRRED POPLIN MIDAXI DRESS,21.0,28.0,25,True,84
2026-10-05,PLT,with code 10PLT BOOHOO TONAL POLKA DOT RUCHED BODICE MINI DRESS,15.0,20.0,25,True,84
2026-10-05,PLT,with code 10PLT PETITE KARENMILLEN PETITE VISCOSE SATIN CHAIN PRINT SLEEVELESS MAXI DRESS,160.3,229.0,30,True,84
2026-10-05,PLT,with code 10PLT KARENMILLEN PLACEMENT ORCHID PRINT COLD SHOULDER MAXI DRESS,132.3,189.0,30,True,84
2026-10-05,PLT,with code 10PLT BOOHOO DENIM BANDEAU MINI DRESS,19.0,30.0,37,True,84
2026-10-05,PLT,with code 10PLT BOOHOO MESH BLURRED FLORAL FLARED SLEEVE MINI DRESS,19.5,26.0,25,True,84
2026-10-05,PLT,with code 10PLT OASIS RUST SATIN TIE SHOULDER MIDI BRIDESMAID DRESS,55.2,69.0,20,True,84
2026-10-05,PLT,with code 10PLT WAREHOUSE SNAKE PRINT FAUX LEATHER MINI DRESS,49.0,49.0,0,False,84
2026-10-05,PLT,with code 10PLT COAST COAST MUSE BANDEAU SATIN MAXI DRESS WITH CONTRAST TRIM,50.0,109.0,54,True,84
2026-10-05,PLT,with code 10PLT OASIS GATHERED BODICE TIE BACK MAXI DRESS,20.0,69.0,71,True,84
2026-10-05,PLT,with code 10PLT COAST LACE AND CREPE FULL SKIRTED MIDI DRESS,149.0,149.0,0,False,84
2026-10-05,PLT,with code 10PLT KARENMILLEN PETAL APPLIQUE LACE WOVEN MIDI DRESS,153.3,219.0,30,True,84
2026-10-05,PLT,with code 10PLT BOOHOO LINEN BANDEAU SHIRRED BACK MIDAXI DRESS,17.0,25.0,32,True,84
2026-10-05,PLT,with code 10PLT BOOHOO HIGH NECK DROPPED WAIST BACKLESS HALTER MAXI DRESS,17.0,25.0,32,True,84
2026-10-05,PLT,with code 10PLT BOOHOO SLASH NECK LONG SLEEVE KNITTED MAXI DRESS,18.0,30.0,40,True,84
2026-10-05,PLT,with code 10PLT DOROTHY PERKINS CONTRAST STITCH SHIRRED BODICE PUFF SLEEVE MIDI DRESS,15.0,45.0,67,True,84
2026-10-05,PLT,with code 10PLT BOOHOO FLORAL BURNOUT RUFFLE DETAIL SLIP DRESS,10.0,25.0,60,True,84
2026-10-05,PLT,with code 10PLT COAST COAST COUTURE SEQUIN CAPE SLEEVE MAXI DRESS,199.0,199.0,0,False,84
2026-10-05,PLT,with code 10PLT PLUS BOOHOO PLUS BURNOUT CHIFFON RUFFLE SMOCK DRESS,12.0,28.0,57,True,84
2026-10-05,PLT,with code 10PLT PETITE COAST PETITE LISA TAN CROSS NECK STRUCTURED SATIN BOW DETAIL MIDI DRESS,35.0,139.0,75,True,84
2026-10-05,PLT,with code 10PLT COAST LACE COLLAR PLACEMENT PRINT ORGANZA SHIRT DRESS,40.0,139.0,71,True,84
2026-10-05,PLT,with code 10PLT PETITE KARENMILLEN PETITE TAILORED DRAPE MAXI DRESS,91.0,259.0,65,True,84
2026-10-05,PLT,with code 10PLT PETITE KARENMILLEN PETITE LACE HALTER WOVEN MIDI DRESS,66.0,189.0,65,True,84
2026-10-05,PLT,with code 10PLT BOOHOO TONAL STRIPE LONG SLEEVE MAXI DRESS,15.0,20.0,25,True,84
2026-10-05,PLT,with code 10PLT BOOHOO PREMIUM BANDAGE HIGH NECK MINI DRESS,30.0,40.0,25,True,84
2026-10-05,PLT,with code 10PLT MISSPAP PREMIUM DENIM PLEAT HEM BALLOON SLEEVE DRESS,20.0,69.0,71,True,84
2026-10-05,PLT,with code 10PLT PETITE COAST PETITE CREPE RUFFLE DRESS WITH LOW BACK,139.0,139.0,0,False,84
2026-10-05,PLT,with code 10PLT PETITE KARENMILLEN PETITE KNIT CONTRAST COLLAR POINTELLE SLEEVELESS MIDI DRESS,42.0,119.0,65,True,84
2026-10-05,PLT,with code 10PLT DOROTHY PERKINS DP LUXE BOW DETAIL VELVET MINI DRESS,40.5,45.0,10,True,84
2026-10-05,PLT,with code 10PLT BOOHOO CORSET DETAIL MINI DRESS WITH CHIFFON CAPE,30.0,40.0,25,True,84
2026-10-05,PLT,with code 10PLT COAST SCUBA MAXI DRESS,99.0,99.0,0,False,84
2026-10-05,PLT,with code 10PLT COAST BEADED MINI BRIDAL DRESS,149.0,149.0,0,False,84
2026-10-05,PLT,with code 10PLT KARENMILLEN CRYSTAL APPLIQUE WOVEN MAXI ROSETTE MAXI DRESS,249.0,499.0,50,True,84
2026-10-05,PLT,with code 10PLT DOROTHY PERKINS VELVET SWEETHEART NECK MINI DRESS,39.2,49.0,20,True,84
2026-10-05,PLT,with code 10PLT BOOHOO SATIN HALTER NECK PLUNGE DRAPE DETAIL MINI DRESS,9.0,28.0,68,True,84
2026-10-05,PLT,with code 10PLT PETITE WAREHOUSE PETITE PREMIUM POLKA DOT TIE NECK COWL DRESS,99.0,99.0,0,False,84
2026-10-05,PLT,with code 10PLT PLUS BOOHOO PLUS BARDOT VOLUME SLEEVE BEACH DRESS,14.0,20.0,30,True,84
2026-10-05,PLT,with code 10PLT PETITE KARENMILLEN PETITE TAFFETA ROSETTE NECK TAILORED PLEAT GATHERED MAXI DRESS,100.0,399.0,75,True,84
2026-10-05,PLT,with code 10PLT COAST EMBROIDERED MESH LONG SLEEVE TIE NECK MIDI DRESS,159.0,159.0,0,False,84
2026-10-05,PLT,with code 10PLT PLUS BOOHOO PLUS COTTON SHIRRED SKATER DRESS,14.0,24.0,42,True,84
2026-10-05,PLT,with code 10PLT KARENMILLEN FOREVER TAILORED CREPE MILITARY PLEAT NOTCH NECK WRAP MINI DRESS,132.3,189.0,30,True,84
2026-10-05,PLT,with code 10PLT COAST EMBROIDERED MESH SHORT CAPE SLEEVE MIDI DRESS,149.0,149.0,0,False,84
2026-10-05,PLT,with code 10PLT KARENMILLEN CLEAN TAILORED SQUARE NECK FULL SKIRTED MIDI DRESS,80.0,229.0,65,True,84
2026-10-05,PLT,with code 10PLT WAREHOUSE PATCH FLORAL RACERBACK MIDI DRESS,26.0,69.0,62,True,84
2026-10-05,PLT,with code 10PLT PETITE OASIS PETITE BRIGHT PINK SQUARE NECK CHIFFON TIE SHOULDER SATIN JACQUARD BRIDESMAID MAXI DRESS,71.2,89.0,20,True,84
2026-10-05,PLT,with code 10PLT PETITE DOROTHY PERKINS PETITE BERRY FLORAL COLLARED BUTTON DETAIL PUFF SLEEVE MIDI DRESS,20.0,39.0,49,True,85
2026-10-05,PLT,with code 10PLT OASIS LINEAR EMBELLISHED ANGEL SLEEVE MAXI DRESS,40.0,139.0,71,True,85
2026-10-05,PLT,with code 10PLT COAST LISA TAN ORGANZA RUFFLE PRINTED MIDI DRESS,119.2,149.0,20,True,85
2026-10-05,PLT,with code 10PLT COAST HIGH NECK MIDI DRESS WITH FLORAL EMBROIDERY,70.0,159.0,56,True,85
2026-10-05,PLT,with code 10PLT PLUS BOOHOO PLUS SEAM DETAIL BUTTON DOWN MINI DRESS,21.0,28.0,25,True,85
2026-10-05,PLT,with code 10PLT DOROTHY PERKINS SHIRRED WAIST TIE DETAIL GINGHAM MIDAXI DRESS,15.0,39.0,62,True,85
2026-10-05,PLT,with code 10PLT PLT label KARENMILLEN PLEATED BEADED DETAIL BALLOON SLEEVE MAXI DRESS,125.3,179.0,30,True,85
2026-10-05,PLT,with code 10PLT COAST DRAPE HIGH NECK PLEATED SKIRT MAXI DRESS,149.0,149.0,0,False,85
2026-10-05,PLT,with code 10PLT KARENMILLEN TEXTURED JERSEY DRAMATIC HEM MAXI DRESS,36.0,119.0,70,True,85
2026-10-05,PLT,with code 10PLT BOOHOO LACE HIGH NECK CORSET DETAIL MINI DRESS,28.5,38.0,25,True,85
2026-10-05,PLT,with code 10PLT MISSPAP RUCHED KEYHOLE FRONT MESH MAXI DRESS,14.0,49.0,71,True,85
2026-10-05,PLT,with code 10PLT COAST LONG SLEEVE SQUARE NECK JACQUARD MINI WEDDING DRESS WITH BOW DETAIL,83.3,119.0,30,True,85
2026-10-05,PLT,with code 10PLT WAREHOUSE OMBRE STRAPPY SATIN MAXI SUNDRESS,19.0,55.0,65,True,85
2026-10-05,PLT,with code 10PLT COAST VELVET TRIM BARDOT LONG SLEEVE MIDI DRESS,149.0,149.0,0,False,85
2026-10-05,PLT,with code 10PLT KARENMILLEN FLORAL PRINT BELT DETAIL VISCOSE MINI SHIRT DRESS,111.3,159.0,30,True,85
2026-10-05,PLT,with code 10PLT KARENMILLEN TWEED EMBELLISHED TRIM TAILORED BELTED MINI DRESS,195.3,279.0,30,True,85
2026-10-05,PLT,with code 10PLT PETITE DOROTHY PERKINS PETITE VELVET ANIMAL RUCHED MINI DRESS,39.2,49.0,20,True,85
2026-10-05,PLT,with code 10PLT BOOHOO FLARE SLEEVE TIE BACK SHIFT DRESS,16.5,22.0,25,True,85
2026-10-05,PLT,with code 10PLT DOROTHY PERKINS BLUE FLORAL MIDI SHIRT DRESS,25.0,39.0,36,True,85
2026-10-05,PLT,with code 10PLT WAREHOUSE GRADUATED STATEMENT SPOT MIDI DRESS,26.0,75.0,65,True,85
2026-10-05,PLT,with code 10PLT BOOHOO LACE TRIM DETAIL SWING DRESS,15.0,22.0,32,True,85
2026-10-05,PLT,with code 10PLT KARENMILLEN SOFT TAILORED CAPE DETAIL TAILORED MIDI DRESS,56.0,159.0,65,True,85
2026-10-05,PLT,with code 10PLT KARENMILLEN PREMIUM STRETCH CREPE JERSEY MAXI DRESS,42.0,169.0,75,True,85
2026-10-05,PLT,with code 10PLT BOOHOO PRINTED HIGH NECK BUTTON DETAIL RUCHED MINI DRESS,18.0,24.0,25,True,85
2026-10-05,PLT,with code 10PLT BOOHOO TIERED LINEN STRAPPY MAXI DRESS,21.0,28.0,25,True,85
2026-10-05,PLT,with code 10PLT BOOHOO CHIFFON RUFFLE FLORAL POLKA DOT MAXI DRESS,26.25,35.0,25,True,85
2026-10-05,PLT,with code 10PLT PLUS BOOHOO PLUS PLEATED SKIRT LONG SLEEVE SKATER DRESS,22.5,30.0,25,True,85
2026-10-05,PLT,with code 10PLT KARENMILLEN TWILL PROM WOVEN MIDI DRESS,49.0,139.0,65,True,85
2026-10-05,PLT,with code 10PLT NASTYGAL SOFT CORSET BRODERIE LACE UP SIDE MIDI DRESS,41.3,59.0,30,True,85
2026-10-05,PLT,with code 10PLT BOOHOO TEXTURED SATIN SCARF DETAIL SHIFT DRESS,14.0,30.0,53,True,85
2026-10-05,PLT,with code 10PLT PETITE KARENMILLEN PETITE TAILORED TOP STITCH DETAIL BELTED MIDI DRESS,59.0,169.0,65,True,85
2026-10-05,PLT,with code 10PLT KARENMILLEN ROPE PRINT VISCOSE CREPE BALLOON SLEEVE MAXI DRESS WITH PU BELT,45.0,129.0,65,True,85
2026-10-05,PLT,with code 10PLT KARENMILLEN ROSE PRINT COTTON SATEEN FLORAL WOVEN BELTED MAXI SHIRT DRESS,66.0,189.0,65,True,85
2026-10-05,PLT,with code 10PLT COAST COAST MUSE FEATHER PEARL TRIM VOLUME MAXI DRESS,149.0,149.0,0,False,85
2026-10-05,PLT,with code 10PLT COAST HIGH NECK SHORT SLEEVE MINI DRESS,71.2,89.0,20,True,85
2026-10-05,PLT,with code 10PLT KARENMILLEN FLORAL EMBROIDERED ORGANZA BANDEAU DRESS,104.0,259.0,60,True,85
2026-10-05,PLT,with code 10PLT KARENMILLEN HAND BEADED ROSE MAXI DRESS,399.0,399.0,0,False,85
2026-10-05,PLT,with code 10PLT COAST LONG SLEEVE PLEATED CREPE MIDAXI DRESS,90.3,129.0,30,True,85
2026-10-05,PLT,with code 10PLT KARENMILLEN MILITARY BUTTON DETAIL BANDAGE MIDI DRESS,179.0,179.0,0,False,85
2026-10-05,PLT,with code 10PLT PLUS BOOHOO PLUS PLEATED SKIRT BUTTON DOWN BLAZER DRESS,18.0,52.0,65,True,85
2026-10-05,PLT,with code 10PLT KARENMILLEN ASYMMETRIC FASTENING VISCOSE KNITTED DRESS,104.3,149.0,30,True,85
2026-10-05,PLT,with code 10PLT COAST LACE PEPLUM BELTED LONG SLEEVE MIDI DRESS,149.0,149.0,0,False,85
2026-10-05,PLT,with code 10PLT KARENMILLEN TEXTURED SEQUIN FLORAL BELTED WOVEN TIE MAXI PROM DRESS,109.0,219.0,50,True,85
2026-10-05,PLT,with code 10PLT BOOHOO SATIN & LACE MIX PANELLED MAXI DRESS,12.0,38.0,68,True,85
2026-10-05,PLT,with code 10PLT COAST BANDAGE LONG SLEEVE BODICE TEXTURED SKIRT MIDI DRESS,149.0,149.0,0,False,85
2026-10-05,PLT,with code 10PLT COAST PLUNGE WATERFALL MAXI DRESS,134.1,149.0,10,True,85
2026-10-05,PLT,with code 10PLT BOOHOO STRAPPY FULL SKIRT JERSEY CREPE MINI DRESS,21.0,28.0,25,True,85
2026-10-05,PLT,with code 10PLT KARENMILLEN ANIMAL PRINT FLUID TENCEL HALTER NECK WOVEN MAXI DRESS,68.0,169.0,60,True,85
2026-10-05,PLT,with code 10PLT COAST PLEATED COTTON DETAIL RUFFLE SHOULDER MIDI DRESS,70.0,119.0,41,True,85
2026-10-05,PLT,with code 10PLT MATERNITY BOOHOO MATERNITY TEXTURED RIB STRAPPY SIDE SPLIT MIDAXI DRESS & CROP CARDIGAN,21.0,28.0,25,True,85
2026-10-05,PLT,with code 10PLT COAST SLEEVELESS BOW SHOULDER MIDI DRESS WITH BODICE OVERLAY,116.1,129.0,10,True,85
2026-10-05,PLT,with code 10PLT PETITE KARENMILLEN PETITE EMBROIDERED DETAIL ORGANDIE MIDI DRESS,144.0,289.0,50,True,85
2026-10-05,PLT,with code 10PLT KARENMILLEN DOGTOOTH PRINT VISCOSE WOVEN MAXI SHIRT DRESS,76.3,109.0,30,True,85
2026-10-05,PLT,with code 10PLT KARENMILLEN SCARF DETAIL VISCOSE MIDI DRESS,159.0,159.0,0,False,85
2026-10-05,PLT,with code 10PLT BOOHOO BANDEAU DRAPED DETAIL MINI DRESS,16.0,25.0,36,True,85
2026-10-05,PLT,with code 10PLT BOOHOO SWEETHEART NECK TAILORED FULL SKIRT MINI DRESS,11.0,32.0,66,True,85
2026-10-05,PLT,with code 10PLT MISSPAP HALTERNECK VOLUMINOUS SKIRT MINI DRESS,15.0,55.0,73,True,85
2026-10-05,PLT,with code 10PLT BOOHOO GOLD TRIM WRAP DETAIL TAILORED MINI DRESS,17.0,40.0,58,True,85
2026-10-05,PLT,with code 10PLT COAST EMBELLISHED TRAILING FOLIAGE WEDDING DRESS,249.0,249.0,0,False,85
2026-10-05,PLT,with code 10PLT COAST VELVET LACE TIE SHOULDER MIDI DRESS,149.0,149.0,0,False,85
2026-10-05,PLT,with code 10PLT PETITE COAST COAST HONOURED PETITE BEADED AND EMBELLISHED CAP SLEEVE FISHTAIL WEDDING DRESS,179.1,199.0,10,True,85
2026-10-05,PLT,with code 10PLT KARENMILLEN FIGURE FORM BANDAGE KNIT PIPING DETAIL MILITARY MIDI DRESS,125.3,179.0,30,True,85
2026-10-05,PLT,with code 10PLT MISSPAP HALTERNECK LACE SKIRT MAXI DRESS,35.0,50.0,30,True,85
2026-10-05,PLT,with code 10PLT BOOHOO SHIRRED DROP HEM SHIFT DRESS,14.0,20.0,30,True,85
2026-10-05,PLT,with code 10PLT BOOHOO FLORAL CRINKLE CHIFFON RUFFLE MAXI DRESS,22.5,30.0,25,True,85
2026-10-05,PLT,with code 10PLT COAST ONE SHOULDER RUCHED DETAIL VELVET MIDI DRESS,89.0,89.0,0,False,85
2026-10-05,PLT,with code 10PLT BOOHOO FLORAL RUCHED MESH MAXI DRESS,21.0,28.0,25,True,85
2026-10-05,PLT,with code 10PLT PETITE COAST PETITE SATIN TRIM LACE SHIRT MIDI DRESS,149.0,149.0,0,False,85
2026-10-05,PLT,with code 10PLT COAST MUSE SCOOP NECK EMBELLISHED MIDI DRESS,224.1,249.0,10,True,85
2026-10-05,PLT,with code 10PLT KARENMILLEN SOFT TAILORED DRAPE MIDI DRESS,100.0,199.0,50,True,85
2026-10-05,PLT,with code 10PLT KARENMILLEN CHECK PU TRIM ASYMMETRIC HEM MIDI DRESS,111.3,159.0,30,True,85
2026-10-05,PLT,with code 10PLT MISSPAP PREMIUM TEXTURED SHIMMER MIDI DRESS,22.0,69.0,68,True,85
2026-10-05,PLT,with code 10PLT BOOHOO CROCHET A-LINE MAXI DRESS,11.0,28.0,61,True,85
2026-10-05,PLT,with code 10PLT PETITE KARENMILLEN PETITE FOREVER STRUCTURED CREPE BELTED FOREVER MIDI DRESS,139.3,199.0,30,True,86
2026-10-05,PLT,with code 10PLT BOOHOO TONAL LEOPARD LONG SLEEVE MINI DRESS,13.5,18.0,25,True,86
2026-10-05,PLT,with code 10PLT BOOHOO BASIC SUPERSOFT CAP SLEEVE BACKLESS MIDAXI DRESS,18.75,25.0,25,True,86
2026-10-05,PLT,with code 10PLT DOROTHY PERKINS DP LUXE KEYHOLE DETAIL SPARKLE JERSEY MIDI DRESS,39.2,49.0,20,True,86
2026-10-05,PLT,with code 10PLT PETITE KARENMILLEN PETITE TEXTURED TAILORED DROPPED WAIST SLEEVED MIDAXI DRESS,49.0,199.0,75,True,86
2026-10-05,PLT,with code 10PLT PETITE BOOHOO PETITE STRIPE LONG SLEEVE KNITTED MINI DRESS,18.75,25.0,25,True,86
2026-10-05,PLT,with code 10PLT DOROTHY PERKINS MULTI STRIPE SHIRRED BODICE FRILL SLEEVE MAXI DRESS,20.0,39.0,49,True,86
2026-10-05,PLT,with code 10PLT PLT label BOOHOO SLASH NECK LEOPARD SUPER SOFT MAXI DRESS,13.5,18.0,25,True,86
2026-10-05,PLT,with code 10PLT COAST DRAPE HIGH NECK PLEATED SKIRT MIDI DRESS,103.2,129.0,20,True,86
2026-10-05,PLT,with code 10PLT COAST CUTWORK LACE PRINTED SHIRT DRESS,70.0,119.0,41,True,86
2026-10-05,PLT,with code 10PLT PLUS BOOHOO PLUS FLORAL MESH MAXI DRESS,21.0,28.0,25,True,86
2026-10-05,PLT,with code 10PLT COAST MUSE FLORAL EMBELLISHED STRETCH FRINGE DRESS,229.0,229.0,0,False,86
2026-10-05,PLT,with code 10PLT PETITE COAST PETITE DRAPE HIGH NECK PLEATED SKIRT MAXI DRESS,149.0,149.0,0,False,86
2026-10-05,PLT,with code 10PLT COAST EMBELLISHED MAXI DRESS WITH GODET PLEATS,179.0,179.0,0,False,86
2026-10-05,PLT,with code 10PLT KARENMILLEN FLORAL PRINT BELT DETAIL VISCOSE MIDI SHIRT DRESS,118.3,169.0,30,True,86
2026-10-05,PLT,with code 10PLT COAST VELVET CUTWORK LACE MIDI DRESS WITH CONTRAST COLLAR,149.0,149.0,0,False,86
2026-10-05,PLT,with code 10PLT PETITE COAST PETITE WRAP OVER DETAIL V NECK SLEEVELESS MIDI DRESS,129.0,129.0,0,False,86
2026-10-05,PLT,with code 10PLT PETITE KARENMILLEN PETITE VELVET BARDOT WOVEN PROM MIDAXI DRESS WITH TAFFETA BOW,139.3,199.0,30,True,86
2026-10-05,PLT,with code 10PLT PLUS BOOHOO PLUS OVERSIZED MIDI T-SHIRT DRESS,12.0,16.0,25,True,86
2026-10-05,PLT,with code 10PLT PLUS BOOHOO PLUS SLEEVELESS RUCHED BODYCON MINI DRESS,18.75,25.0,25,True,86
2026-10-05,PLT,with code 10PLT BOOHOO TEXTURED WOVEN TWIST HALTER NECK MAXI DRESS,21.0,28.0,25,True,86
2026-10-05,PLT,with code 10PLT KARENMILLEN STRETCH VELVET JERSEY CAPE SHOULDER MINI DRESS,66.0,189.0,65,True,86
2026-10-05,PLT,with code 10PLT PETITE COAST PETITE SHORT SLEEVE SHIRT JACQUARD MIDI DRESS,35.0,149.0,77,True,86
2026-10-05,PLT,with code 10PLT WAREHOUSE SHIRRED BODICE DETAIL DOGSTOOTH PRINTED MIDI DRESS,17.0,75.0,77,True,86
2026-10-05,PLT,with code 10PLT NASTYGAL FLORAL RUFFLE PANELLED MAXI DRESS,31.5,45.0,30,True,86
2026-10-05,PLT,with code 10PLT COAST FLORAL PLACED TULIP SLEEVE MINI DRESS,139.0,139.0,0,False,86
2026-10-05,PLT,with code 10PLT KARENMILLEN VISCOSE BLEND POPPER DETAIL SPLIT KNIT MIDI DRESS,90.3,129.0,30,True,86
2026-10-05,PLT,with code 10PLT COAST TAILORED PLEAT SKIRT MIDI DRESS,60.0,139.0,57,True,86
2026-10-05,PLT,with code 10PLT OASIS PRINTED TEXTURED MAXI DRESS,25.0,85.0,71,True,86
2026-10-05,PLT,with code 10PLT WAREHOUSE CHIFFON ASYMMETRIC HEM RUFFLE MIDI SLIP DRESS,33.0,55.0,40,True,86
2026-10-05,PLT,with code 10PLT COAST ORGANZA FLORAL PLACEMENT LACE TRIM MIDAXI DRESS,111.3,159.0,30,True,86
2026-10-05,PLT,with code 10PLT MISSPAP RUCHED DETAIL PU MINI DRESS,15.0,45.0,67,True,86
2026-10-05,PLT,with code 10PLT BOOHOO ZEBRA PRINTED MESH CROSS BACK DETAIL FLARE HEM MAXI DRESS,21.0,28.0,25,True,86
2026-10-05,PLT,with code 10PLT COAST BANDAGE KNIT SHORT SLEEVE SHIRT MIDI DRESS,129.0,129.0,0,False,86
2026-10-05,PLT,with code 10PLT PLUS BOOHOO PLUS SIZE BUTTON DOWN MINI SKATER DRESS,18.75,25.0,25,True,86
2026-10-05,PLT,with code 10PLT PLUS BOOHOO PLUS SUPER SOFT 3/4 SLEEVE MINI DRESS,12.0,16.0,25,True,86
2026-10-05,PLT,with code 10PLT WAREHOUSE HEN JACQUARD PUFF SLEEVE ONE SHOULDER MINI DRESS,23.0,75.0,69,True,86
2026-10-05,PLT,with code 10PLT BOOHOO CHIFFON SHIRRED HALTERNECK MINI DRESS,9.0,26.0,65,True,86
2026-10-05,PLT,with code 10PLT BOOHOO O RING RUCHED DETAIL SHIFT DRESS,17.25,23.0,25,True,86
2026-10-05,PLT,with code 10PLT KARENMILLEN SPOT JACQUARD TAILORED BOW NECK FULL SKIRTED MIDI DRESS,84.0,239.0,65,True,86
2026-10-05,PLT,with code 10PLT KARENMILLEN DIP DYE DETAIL LONG SLEEVE KNITTED MAXI DRESS,104.3,149.0,30,True,86
2026-10-05,PLT,with code 10PLT KARENMILLEN TULLE LAYERED HALTER NECK MAXI DRESS,79.0,159.0,50,True,86
2026-10-05,PLT,with code 10PLT MISSPAP PREMIUM TIE NECK SATIN DRESS,48.3,69.0,30,True,86
2026-10-05,PLT,with code 10PLT COAST CONTRAST COLLAR POLKA DOT VELVET LONG SLEEVE MIDI DRESS,129.0,129.0,0,False,86
2026-10-05,PLT,with code 10PLT COAST VELVET LACE MIDI DRESS WITH BOW BELT,149.0,149.0,0,False,86
2026-10-05,PLT,with code 10PLT PETITE BOOHOO PETITE LINEN LOOK PUFF SLEEVE SHIRRED MINI DRESS,9.0,25.0,64,True,86
2026-10-05,PLT,with code 10PLT PETITE DOROTHY PERKINS PETITE PINK CHECK BUTTON FRONT FRILL PUFF SLEEVE MIDI DRESS,15.0,39.0,62,True,86
2026-10-05,PLT,with code 10PLT KARENMILLEN BEADED DETAIL MINI DRESS,145.0,289.0,50,True,86
2026-10-05,PLT,with code 10PLT PETITE KARENMILLEN PETITE CRYSTAL EMBELLISHED TIE DETAIL HALTER NECK MAXI DRESS,99.0,199.0,50,True,86
2026-10-05,PLT,with code 10PLT COAST PLEAT DETAIL HALTER NECK FISHTAIL SATIN MAXI WEDDING DRESS,89.4,149.0,40,True,86
2026-10-05,PLT,with code 10PLT KARENMILLEN VISCOSE SATIN V NECK LONG SLEEVE WOVEN MIDI DRESS,66.0,189.0,65,True,86
2026-10-05,PLT,with code 10PLT COAST BOW SHOULDER BELTED LACE DRESS,35.0,119.0,71,True,86
2026-10-05,PLT,with code 10PLT OASIS ARGYLE SCALLOP NECK KNITTED MINI DRESS,39.2,49.0,20,True,86
2026-10-05,PLT,with code 10PLT DOROTHY PERKINS GREEN SPOT SHIRRED CUFF MINI DRESS,25.6,32.0,20,True,86
2026-10-05,PLT,with code 10PLT KARENMILLEN VELVET INSERT VISCOSE SATIN MIDI DRESS,219.0,219.0,0,False,86
2026-10-05,PLT,with code 10PLT COAST SLEEVELESS TUX JACQUARD FIT AND FLARE MIDI DRESS,129.0,129.0,0,False,86
2026-10-05,PLT,with code 10PLT COAST COAST HONOURED SATIN BACK CREPE HIGH NECK SHORT SLEEVE MAXI BRIDESMAID DRESS,97.3,139.0,30,True,86
2026-10-05,PLT,with code 10PLT BOOHOO TAILORED HIGH NECK BUTTON FRONT MINI DRESS,30.0,40.0,25,True,86
2026-10-05,PLT,with code 10PLT PETITE KARENMILLEN PETITE TEXTURED OFF THE SHOULDER MAXI DRESS,167.3,239.0,30,True,86
2026-10-05,PLT,with code 10PLT PLUS BOOHOO PLUS WOVEN HALTERNECK WRAP TIE DRESS,12.0,30.0,60,True,86
2026-10-05,PLT,with code 10PLT COAST HIGH NECK VELVET MAXI DRESS WITH CHIFFON CAPE SLEEVE,129.0,129.0,0,False,86
2026-10-05,PLT,with code 10PLT PETITE COAST PETITE HIGH NECK SLEEVELESS VELVET SEQUIN MAXI DRESS,139.0,139.0,0,False,86
2026-10-05,PLT,with code 10PLT COAST LACE SHORT SLEEVE MIDI DRESS,89.0,89.0,0,False,86
2026-10-05,PLT,with code 10PLT BOOHOO CHIFFON RUFFLE DETAIL MAXI DRESS,33.75,45.0,25,True,86
2026-10-05,PLT,with code 10PLT COAST CHIFFON DETAIL COWL BACK CREPE MAXI DRESS,149.0,149.0,0,False,86
2026-10-05,PLT,with code 10PLT PETITE COAST PETITE HALTER NECK VELVET MAXI DRESS WITH EMBELLISHMENT FLOWER,179.0,179.0,0,False,86
2026-10-05,PLT,with code 10PLT BOOHOO OBI TIE WAIST TAILORED BLAZER DRESS,28.5,38.0,25,True,86
2026-10-05,PLT,with code 10PLT COAST CAP SLEEVE PLEATED SKIRT MIDI WEDDING GUEST DRESS,77.4,129.0,40,True,86
2026-10-05,PLT,with code 10PLT PLUS BOOHOO PLUS WRAP OVER TRIM SLEEVELESS BLAZER DRESS,24.0,32.0,25,True,86
2026-10-05,PLT,with code 10PLT COAST JACQUARD MINI BLAZER DRESS,69.3,99.0,30,True,86
2026-10-05,PLT,with code 10PLT PLUS BOOHOO PLUS BUCKLE DETAIL TIE WAIST TAILORED BLAZER DRESS,24.0,32.0,25,True,86
2026-10-05,PLT,with code 10PLT COAST COAST COUTURE EXAGGERATED BOW MAXI DRESS WITH PUDDLE,199.0,199.0,0,False,86
2026-10-05,PLT,with code 10PLT KARENMILLEN SATIN BACK CREPE TAILORED MAXI DRESS,181.3,259.0,30,True,86
2026-10-05,PLT,with code 10PLT BOOHOO CHIFFON MULTI LAYERED MAXI DRESS,22.5,30.0,25,True,86
2026-10-05,PLT,with code 10PLT COAST BARDOT ORIGAMI SATIN FULL SKIRT WEDDING DRESS,104.3,149.0,30,True,86
2026-10-05,PLT,with code 10PLT COAST LONG SLEEVE LACE AND PLEATED MIDI SHIRT DRESS,60.0,139.0,57,True,87
2026-10-05,PLT,with code 10PLT COAST LACE TRIM PRINTED ORGANZA MIDI DRESS,149.0,149.0,0,False,87
2026-10-05,PLT,with code 10PLT PETITE COAST PETITE BANDAGE CROSS NECK PLEATED SKIRT MIDI DRESS,149.0,149.0,0,False,87
2026-10-05,PLT,with code 10PLT COAST SATIN CAPE SLEEVE MAXI WEDDING DRESS,90.3,129.0,30,True,87
2026-10-05,PLT,with code 10PLT PLUS DOROTHY PERKINS PLUS RUFFLE NECKLINE FRILL SLEEVE TIERED MIDI DRESS,15.0,39.0,62,True,87
2026-10-05,PLT,with code 10PLT PLT label KARENMILLEN TAILORED BELTED BLAZER MINI DRESS,45.0,129.0,65,True,87
2026-10-05,PLT,with code 10PLT KARENMILLEN FEATHER EMBELLISHED WOVEN CAPE SLEEVE MAXI DRESS,122.0,489.0,75,True,87
2026-10-05,PLT,with code 10PLT COAST WATERFALL CREPE BELTED MIDI DRESS,45.0,139.0,68,True,87
2026-10-05,PLT,with code 10PLT OASIS PRINTED CHIFFON CAPE DETAIL BELTED WAIST MIDI DRESS,20.0,69.0,71,True,87
2026-10-05,PLT,with code 10PLT BOOHOO CHIFFON RUFFLE SMOCK DRESS,22.5,30.0,25,True,87
2026-10-05,PLT,with code 10PLT PLUS BOOHOO PLUS ASYMMETRIC BARDOT RUCHED MAXI DRESS,25.5,34.0,25,True,87
2026-10-05,PLT,with code 10PLT PLUS BOOHOO PLUS CRINKLE TEXTURED FLIPPY SKATER DRESS,21.0,28.0,25,True,87
2026-10-05,PLT,with code 10PLT PLUS BOOHOO PLUS BANDEAU STRUCTURED VELVET LACE DEMASK SKATER MINI DRESS,33.75,45.0,25,True,87
2026-10-05,PLT,with code 10PLT MATERNITY BOOHOO MATERNITY SUPER SOFT SHORT SLEEVE MIDAXI DRESS,11.25,15.0,25,True,87
2026-10-05,PLT,with code 10PLT NASTYGAL CHAINMAIL COWL RUCHED FESTIVAL MINI DRESS,48.3,69.0,30,True,87
2026-10-05,PLT,with code 10PLT COAST COAST MUSE FRINGE EMBELLISHED FLORAL MIDI DRESS,199.0,199.0,0,False,87
2026-10-05,PLT,with code 10PLT PLUS BOOHOO PLUS PEARL EMBELLISHED BLAZER DRESS,41.25,55.0,25,True,87
2026-10-05,PLT,with code 10PLT KARENMILLEN CUTWORK BEADED EMBROIDERED WOVEN MINI DRESS,89.0,179.0,50,True,87
2026-10-05,PLT,with code 10PLT COAST LACE TRIM DETAIL EMBROIDERED MESH MIDI DRESS,159.0,159.0,0,False,87
2026-10-05,PLT,with code 10PLT KARENMILLEN TEXTURED SATIN RUFFLE DETAIL MIDI DRESS,45.0,149.0,70,True,87
2026-10-05,PLT,with code 10PLT MISSPAP PREMIUM SATIN BANDEAU OVERLAY BRIDESMAID DRESS,45.5,65.0,30,True,87
2026-10-05,PLT,with code 10PLT PLUS BOOHOO PLUS DROPPED HEM DENIM MINI DRESS,18.75,25.0,25,True,87
2026-10-05,PLT,with code 10PLT MISSPAP PREMIUM CHIFFON GODET DRESS,18.0,49.0,63,True,87
2026-10-05,PLT,with code 10PLT COAST LISA TAN FLORAL PLACEMENT PRINT BELTED MIDI DRESS,40.0,149.0,73,True,87
2026-10-05,PLT,OASIS ORGANZA COLLARED MINI DRESS,44.0,55.0,20,True,87
2026-10-05,PLT,with code 10PLT KARENMILLEN TAILORED SATIN BUTTON THROUGH MIDI DRESS,124.0,249.0,50,True,87
2026-10-05,PLT,with code 10PLT PETITE BOOHOO PETITE SOFT TOUCH SCOOP NECK LONG SLEEVE MAXI DRESS,13.5,18.0,25,True,87
2026-10-05,PLT,with code 10PLT KARENMILLEN FLORAL TULLE BALLOON SLEEVE PLUNGE WOVEN MAXI DRESS,118.3,169.0,30,True,87
2026-10-05,PLT,with code 10PLT COAST LONG SLEEVE PLEATED CREPE MIDAXI DRESS,119.0,119.0,0,False,87
2026-10-05,PLT,with code 10PLT BOOHOO SLEEVELESS RIBBED FULL SKIRT MINI DRESS,11.25,15.0,25,True,87
2026-10-05,PLT,with code 10PLT BOOHOO TONAL CHECK LONG SLEEVE MINI DRESS,13.5,18.0,25,True,87
2026-10-05,PLT,with code 10PLT PETITE DOROTHY PERKINS PETITE DP LUXE BOW DETAIL VELVET MINI DRESS,39.2,49.0,20,True,87
2026-10-05,PLT,with code 10PLT BOOHOO HALTER NECK BACKLESS BODYCON MAXI DRESS,21.0,28.0,25,True,87
2026-10-05,PLT,with code 10PLT MISSPAP BEADED TRIM BANDEAU SATIN MAXI DRESS,25.0,55.0,55,True,87
2026-10-05,PLT,with code 10PLT DOROTHY PERKINS TIE FRONT RUFFLE SLEEVE PRINTED MINI DRESS,14.0,35.0,60,True,87
2026-10-05,PLT,with code 10PLT MISSPAP PREMIUM SATIN COWL NECK FISHTAIL MAXI BRIDESMAID DRESS,23.0,55.0,58,True,87
2026-10-05,PLT,with code 10PLT PETITE KARENMILLEN PETITE FLORAL APPLIQUE ONE SHOULDER WOVEN MAXI DRESS,328.3,469.0,30,True,87
2026-10-05,PLT,with code 10PLT BOOHOO WRAP DRAPE FRONT TAILORED BLAZER DRESS,16.0,32.0,50,True,87
2026-10-05,PLT,with code 10PLT COAST COAST COUTURE CROSS NECK EMBELLISHED BOW BACK MAXI DRESS,249.0,249.0,0,False,87
2026-10-05,PLT,with code 10PLT BOOHOO CAPE DRAPE DETAIL MIDAXI T-SHIRT DRESS,18.75,25.0,25,True,87
2026-10-05,PLT,with code 10PLT PETITE DOROTHY PERKINS PETITE BERRY DITSY FRILL NECK MIDI DRESS,35.1,39.0,10,True,87
2026-10-05,PLT,with code 10PLT NASTYGAL SATIN PANELLED DIAMANTE STRAPPY MINI DRESS,34.3,49.0,30,True,87
2026-10-05,PLT,with code 10PLT MISSPAP PREMIUM PLUNGE COWL OPEN BACK SATIN MAXI BRIDESMAID DRESS,18.0,59.0,69,True,87
2026-10-05,PLT,with code 10PLT COAST BARDOT WATERFALL CREPE MIDI DRESS,129.0,129.0,0,False,87
2026-10-05,PLT,with code 10PLT BOOHOO SUPER SOFT ONE SHOULDER MAXI DRESS,18.75,25.0,25,True,87
2026-10-05,PLT,with code 10PLT BOOHOO TAILORED SHOULDER PAD DEEP V NECK BUTTON DOWN BLAZER DRESS,26.25,35.0,25,True,87
2026-10-05,PLT,with code 10PLT COAST APPLIQUE BELTED LONG SLEEVE SHIRT MIDI DRESS,149.0,149.0,0,False,87
2026-10-05,PLT,with code 10PLT COAST LONG SLEEVE BANDAGE PENCIL MIDI DRESS WITH FEATHER HEM,149.0,149.0,0,False,87
2026-10-05,PLT,with code 10PLT COAST LONG SLEEVE LINEAR EMBELLISHED WEDDING DRESS,174.3,249.0,30,True,87
2026-10-05,PLT,with code 10PLT PETITE KARENMILLEN PETITE VISCOSE BLEND SLINKY DRAPE PLUNGE BACK KNIT MAXI DRESS,45.0,129.0,65,True,87
2026-10-05,PLT,with code 10PLT COAST BOW SHOULDER SQUARE NECK LACE MIDI DRESS,60.0,139.0,57,True,87
2026-10-05,PLT,with code 10PLT PLUS BOOHOO PLUS LEOPARD CHIFFON SMOCK DRESS,21.0,28.0,25,True,87
2026-10-05,PLT,with code 10PLT BOOHOO LINEN LOOK RUCHED CUP STRAPPY MINI DRESS,16.0,32.0,50,True,87
2026-10-05,PLT,with code 10PLT KARENMILLEN BANDAGE STUDDED BELT BODY PANELLED MIDI DRESS,169.0,169.0,0,False,87
2026-10-05,PLT,with code 10PLT BOOHOO LINEN LOOK BUCKLE DETAIL TIE WAIST TAILORED BLAZER DRESS,24.0,32.0,25,True,87
2026-10-05,PLT,with code 10PLT KARENMILLEN HAND EMBELLISHED ASYMMETRIC TASSEL DRESS,499.0,499.0,0,False,87
2026-10-05,PLT,with code 10PLT KARENMILLEN VELVET AND SATIN MIX SHORT STRUCTURED MINI DRESS,160.3,229.0,30,True,87
2026-10-05,PLT,with code 10PLT KARENMILLEN PREMIUM EMBELLISHED CAPED MAXI DRESS,279.3,399.0,30,True,87
2026-10-05,PLT,with code 10PLT KARENMILLEN VISCOSE GEORGETTE BUTTERFLY PRINT ROSETTE HALTERNECK MAXI DRESS,60.0,199.0,70,True,87
2026-10-05,PLT,with code 10PLT MISSPAP RUCHED DETAIL VOLUME SHOULDER MINI DRESS,15.0,45.0,67,True,87
2026-10-05,PLT,with code 10PLT NASTYGAL HAND EMBELLISHED BEADED MINI DRESS,118.3,169.0,30,True,87
2026-10-05,PLT,with code 10PLT COAST CONTOUR COLLECTIVE ONE SHOULDER DRAPE MAXI DRESS,60.0,119.0,50,True,87
2026-10-05,PLT,with code 10PLT BOOHOO CHIFFON FLORAL CAPE DETAIL MAXI DRESS,28.5,38.0,25,True,87
2026-10-05,PLT,with code 10PLT COAST CORSET BODICE FULL SKIRT MAXI DRESS,179.0,179.0,0,False,87
2026-10-05,PLT,with code 10PLT PETITE BOOHOO PETITE COLLARED BUTTON DOWN OVERSIZED KNITTED JUMPER DRESS,16.5,22.0,25,True,87
2026-10-05,PLT,with code 10PLT MISSPAP PREMIUM SHEER LACE MAXI DRESS,18.0,69.0,74,True,87
2026-10-05,PLT,with code 10PLT KARENMILLEN FIGURE FORM BANDAGE KNIT EMBELLISHED WIDE SLEEVE MIDI DRESS,124.0,249.0,50,True,87
2026-10-05,PLT,with code 10PLT NASTYGAL HAMMERED SATIN TIE FRONT LACE CUTWORK MAXI DRESS,34.3,49.0,30,True,87
2026-10-05,PLT,with code 10PLT BOOHOO SUPER SOFT RUCHED DROP WAIST MAXI DRESS,11.0,22.0,50,True,87
2026-10-05,PLT,with code 10PLT WAREHOUSE PETITE VISCOSE ZEBRA JACQUARD SKATER DRESS,29.0,75.0,61,True,88
2026-10-05,PLT,with code 10PLT KARENMILLEN TEXTURE TWEED MAXI DRESS,167.3,239.0,30,True,88
2026-10-05,PLT,with code 10PLT BOOHOO BARREL SLEEVE LINEN LOOK BLAZER DRESS,18.0,45.0,60,True,88
2026-10-05,PLT,with code 10PLT PLUS BOOHOO PLUS DITSY BALLOON SLEEVE MILKMAID MAXI DRESS,24.0,32.0,25,True,88
2026-10-05,PLT,with code 10PLT PETITE DOROTHY PERKINS PETITE ANIMAL FRILL TIERED PRINTED POPLIN MINI SMOCK DRESS,10.0,35.0,71,True,88
2026-10-05,PLT,with code 10PLT PLUS BOOHOO PLUS CHIFFON LAYERED PLUNGE FRONT MAXI DRESS,30.0,40.0,25,True,88
2026-10-05,PLT,with code 10PLT PLT label BOOHOO HIGH ASYMMETRIC NECK RUCHED WAIST MINI DRESS,19.5,26.0,25,True,88
2026-10-05,PLT,with code 10PLT WAREHOUSE BONDED VELVET HIGH NECK MINI DRESS,20.0,59.0,66,True,88
2026-10-05,PLT,with code 10PLT PETITE COAST PETITE LISA TAN BANDAGE PEPLUM GEORGETTE PLEATED SKIRT MIDI DRESS,30.0,129.0,77,True,88
2026-10-05,PLT,with code 10PLT KARENMILLEN STRIPE LONG SLEEVE KNITTED MAXI DRESS,49.0,139.0,65,True,88
2026-10-05,PLT,with code 10PLT PETITE DOROTHY PERKINS BERRY SPOT PETITE PUFF SLEEVE MIDI SHIRT DRESS,35.1,39.0,10,True,88
2026-10-05,PLT,with code 10PLT COAST BARDOT FIT AND FLARE HI LOW HEM MAXI DRESS,60.0,149.0,60,True,88
2026-10-05,PLT,with code 10PLT COAST VOLUME SLEEVE CORSET COLUMN MAXI DRESS,103.2,129.0,20,True,88
2026-10-05,PLT,with code 10PLT PETITE WAREHOUSE PETITE METALLIC LAME COWL NECK MAXI DRESS,35.0,79.0,56,True,88
2026-10-05,PLT,with code 10PLT BOOHOO STRIPED HALTER NECK MINI DRESS,16.5,22.0,25,True,88
2026-10-05,PLT,with code 10PLT COAST STRAPLESS SATIN MINI WEDDING DRESS WITH HEM PEARL TRIM,95.2,119.0,20,True,88
2026-10-05,PLT,with code 10PLT BOOHOO LINEN LOOK SHIRRED SKATER DRESS,18.75,25.0,25,True,88
2026-10-05,PLT,with code 10PLT PETITE KARENMILLEN PETITE PREMIUM EMBELLISHED CAPE MAXI DRESS,328.3,469.0,30,True,88
2026-10-05,PLT,with code 10PLT KARENMILLEN FRINGED BEADED HALTER NECK WOVEN MAXI DRESS,307.3,439.0,30,True,88
2026-10-05,PLT,with code 10PLT MISSPAP PREMIUM TAILORED BOUCLE SHAPED MINI DRESS,30.0,85.0,65,True,88
2026-10-05,PLT,with code 10PLT WAREHOUSE PETITE BONDED VELVET HIGH NECK MINI DRESS,24.0,59.0,59,True,88
2026-10-05,PLT,with code 10PLT BOOHOO GOLD BUTTON TAILORED SLEEVELESS A LINE MINI DRESS,15.0,30.0,50,True,88
2026-10-05,PLT,with code 10PLT NASTYGAL FLORAL PRINTED DENIM MINI DRESS,41.3,59.0,30,True,88
2026-10-05,PLT,with code 10PLT KARENMILLEN ALL OVER STUDDED DETAIL KNITTED MIDI DRESS,111.3,159.0,30,True,88
2026-10-05,PLT,with code 10PLT KARENMILLEN CRINKLE BEADED COLD SHOULDER MAXI DRESS,84.0,239.0,65,True,88
2026-10-05,PLT,with code 10PLT BOOHOO SATIN SLIP COLUMN MAXI DRESS,21.0,28.0,25,True,88
2026-10-05,PLT,with code 10PLT PLUS BOOHOO PLUS TAILORED PLEATED SKATER BLAZER DRESS,28.5,38.0,25,True,88
2026-10-05,PLT,with code 10PLT PETITE DOROTHY PERKINS PETITE VELVET EMBELLISHED NECKLINE STRUCTURED MINI DRESS,35.1,39.0,10,True,88
2026-10-05,PLT,with code 10PLT PLUS BOOHOO PLUS COTTON POPLIN ONE SHOULDER RUCHED MIDAXI DRESS,9.0,28.0,68,True,88
2026-10-05,PLT,with code 10PLT KARENMILLEN TAILORED PINSTRIPE COLLARED MAXI DRESS,130.0,259.0,50,True,88
2026-10-05,PLT,with code 10PLT BOOHOO FLORAL RUCHED MESH MAXI DRESS,24.0,32.0,25,True,88
2026-10-05,PLT,with code 10PLT BOOHOO LONG SLEEVE SLASH NECK TAILORED MINI DRESS,17.25,23.0,25,True,88
2026-10-05,PLT,with code 10PLT PLUS BOOHOO PLUS CHIFFON STRAPPY RUFFLE MAXI DRESS,22.5,30.0,25,True,88
2026-10-05,PLT,with code 10PLT BOOHOO MIXED ANIMAL VOLUME SLEEVE SATIN MIDAXI DRESS,15.0,28.0,46,True,88
2026-10-05,PLT,with code 10PLT MISSPAP SATIN LACE INSERT MINI DRESS,10.0,45.0,78,True,88
2026-10-05,PLT,with code 10PLT MISSPAP SOFT KNIT GROWN ON NECK SLEEVELESS SPLIT LEG MAXI DRESS,12.0,40.0,70,True,88
2026-10-05,PLT,with code 10PLT COAST OFF THE SHOULDER WATERFALL DETAIL PLEATED SKIRT MIDI DRESS,129.0,129.0,0,False,88
2026-10-05,PLT,with code 10PLT BOOHOO TAILORED PLUNGE STRUCTURED SHOULDER PAD BLAZER DRESS,18.0,45.0,60,True,88
2026-10-05,PLT,with code 10PLT COAST TWIST FRONT SLEEVELESS CREPE MIDI DRESS WITH DRAPE DETAIL,95.2,119.0,20,True,88
2026-10-05,PLT,with code 10PLT PETITE DOROTHY PERKINS DP LUXE PETITE PRINTED FLORAL CHIFFON EMPIRE WAIST TIERED FRILL MAXI DRESS,22.0,55.0,60,True,88
2026-10-05,PLT,with code 10PLT MISSPAP PREMIUM PANELLED BONDED SATIN MINI DRESS,31.0,69.0,55,True,88
2026-10-05,PLT,with code 10PLT WAREHOUSE TONY CHIFFON HIGH NECK TIER SMOCK MIDI DRESS,22.0,79.0,72,True,88
2026-10-05,PLT,with code 10PLT KARENMILLEN TAILORED COTTON BELTED COLLARED FULL MIDI DRESS,94.0,189.0,50,True,88
2026-10-05,PLT,with code 10PLT TALL BOOHOO TALL VELVET SEQUIN BARDOT MAXI DRESS,33.75,45.0,25,True,88
2026-10-05,PLT,with code 10PLT PETITE WAREHOUSE PETITE HAND EMBELLISHED STRAPPY BIAS MIDI DRESS,89.0,149.0,40,True,88
2026-10-05,PLT,with code 10PLT KARENMILLEN TAILORED SATIN DRAPE ASYMMETRIC MAXI FISHTAIL DRESS,129.0,259.0,50,True,88
2026-10-05,PLT,with code 10PLT KARENMILLEN TULLE LAYERED HALTER NECK MAXI DRESS,74.0,149.0,50,True,88
2026-10-05,PLT,with code 10PLT BOOHOO COTTON POPLIN SHIRRED BODICE V NECK PUFF SLEEVE MINI DRESS,13.0,22.0,41,True,88
2026-10-05,PLT,with code 10PLT BOOHOO CHIFFON RUCHED FULL SKIRT MAXI DRESS,30.0,40.0,25,True,88
2026-10-05,PLT,with code 10PLT MISSPAP PREMIUM BONED VELVET CORSET DRESS,18.0,65.0,72,True,88
2026-10-05,PLT,with code 10PLT BOOHOO LINEN FULL POCKET DETAIL MAXI DRESS,17.0,25.0,32,True,88
2026-10-05,PLT,with code 10PLT BOOHOO TAILORED SLASH NECK BUTTON DOWN WAISTCOAT BLAZER DRESS,16.0,45.0,64,True,88
2026-10-05,PLT,with code 10PLT DOROTHY PERKINS DITSY FLORAL SHIRRED WAIST LONG SLEEVE MIDI DRESS,31.2,39.0,20,True,88
2026-10-05,PLT,with code 10PLT BOOHOO SLINKY PLUNGE WRAP FRONT LONG SLEEVE DRESS,16.5,22.0,25,True,88
2026-10-05,PLT,with code 10PLT MISSPAP SATIN ASYMMETRIC STRAP PLEATED WAIST LOW BACK MAXI BRIDESMAID DRESS,42.0,60.0,30,True,88
2026-10-05,PLT,with code 10PLT PETITE WAREHOUSE PETITE POLKA DOT PRINT RUFFLED SLEEVE V NECK MAXI DRESS,24.0,69.0,65,True,88
2026-10-05,PLT,with code 10PLT KARENMILLEN CRYSTAL EMBELLISHED ORGANDIE STRAPPY PROM DRESS,157.0,449.0,65,True,88
2026-10-05,PLT,with code 10PLT BOOHOO TEXTURED MESH TIE WAIST FLARE SLEEVE DRESS,17.25,23.0,25,True,88
2026-10-05,PLT,with code 10PLT DOROTHY PERKINS DP LUXE GATHERED NECKLINE TIE FRONT PUFF SLEEVE MINI DRESS,15.0,45.0,67,True,88
2026-10-05,PLT,with code 10PLT COAST PLACEMENT FLORAL PRINT BELTED MIDI DRESS,120.0,139.0,14,True,88
2026-10-05,PLT,with code 10PLT COAST CAPE MAXI WEDDING DRESS,134.1,149.0,10,True,88
2026-10-05,PLT,with code 10PLT PETITE KARENMILLEN PETITE EMBELLISHED WOVEN MAXI DRESS WITH CAPE SLEEVE,321.3,459.0,30,True,88
2026-10-05,PLT,with code 10PLT BOOHOO FAUX SUEDE PLEATED HEM MINI DRESS,24.0,32.0,25,True,88
2026-10-05,PLT,with code 10PLT PLUS BOOHOO PLUS DENIM BUTTON PLEATED SHIFT DRESS,27.0,36.0,25,True,88
2026-10-05,PLT,with code 10PLT BOOHOO LEOPARD PRINT BODYCON DRESS WITH LACE CUP DETAIL,22.5,30.0,25,True,88
2026-10-05,PLT,with code 10PLT BOOHOO TEXTURED RUCHED FRILL SKIRT MINI DRESS,21.0,28.0,25,True,88
2026-10-05,PLT,with code 10PLT COAST HIGH NECK EMBROIDERED MESH WEDDING DRESS WITH TRAIN,199.0,199.0,0,False,88
2026-10-05,PLT,with code 10PLT PLUS BOOHOO PLUS PRINTED BUTTON DETAIL RUFFLE SLEEVE MAXI DRESS,30.0,40.0,25,True,88
2026-10-05,PLT,with code 10PLT WAREHOUSE MARBLE SATIN COLUMN LACE PANEL MIDI DRESS,35.0,89.0,61,True,88
2026-10-05,PLT,with code 10PLT COAST TWILL LACE DRESS,30.0,99.0,70,True,88
2026-10-05,PLT,with code 10PLT MISSPAP BONDED VELVET LANTERN SKIRT MINI DRESS,18.0,59.0,69,True,88
2026-10-05,PLT,with code 10PLT BOOHOO CROCHET TRIM LINEN LOOK MINI DRESS,9.0,28.0,68,True,89
2026-10-05,PLT,with code 10PLT KARENMILLEN TEXTURE FIGURE FORM BANDAGE KNIT GOWN,139.3,199.0,30,True,89
2026-10-05,PLT,with code 10PLT COAST LACE BODICE LONG SLEEVE MIDI DRESS WITH PLEATED SKIRT,139.0,139.0,0,False,89
2026-10-05,PLT,with code 10PLT KARENMILLEN FIGURE FORM BANDAGE FEATHER DETAIL BANDEAU KNIT MIDI DRESS,63.0,179.0,65,True,89
2026-10-05,PLT,with code 10PLT DOROTHY PERKINS MOCHA BUTTON CUFF SLIM KNITTED MIDI DRESS,31.2,39.0,20,True,89
2026-10-05,PLT,with code 10PLT BOOHOO SUEDE CAP SLEEVE MINI DRESS,16.0,45.0,64,True,89
2026-10-05,PLT,with code 10PLT COAST BANDAGE PIPED GREEN MIDI DRESS,60.0,129.0,53,True,89
2026-10-05,PLT,with code 10PLT PLT label COAST LISA TAN BOW DETAIL CREPE PENCIL MIDI DRESS,40.0,129.0,69,True,89
2026-10-05,PLT,COAST LISA TAN BANDEAU JACQUARD COLUMN MIDI WEDDING DRESS,149.0,149.0,0,False,89
2026-10-05,PLT,with code 10PLT TALL BOOHOO TALL CAPE SLEEVE MIDI BODYCON DRESS,24.0,32.0,25,True,89
2026-10-05,PLT,with code 10PLT KARENMILLEN HAND EMBELLISHED MAXI DRESS,499.0,499.0,0,False,89
2026-10-05,PLT,with code 10PLT KARENMILLEN BOUCLE TAILORED SLEEVELESS SATIN MIX FULL SKIRTED MIDI DRESS,160.3,229.0,30,True,89
2026-10-05,PLT,with code 10PLT PETITE KARENMILLEN PETITE VELVET OFF THE SHOULDER MIDI DRESS,149.0,149.0,0,False,89
2026-10-05,PLT,with code 10PLT BOOHOO TEXTURED CHIFFON GODET HEM MIDI DRESS,22.5,30.0,25,True,89
2026-10-05,PLT,with code 10PLT KARENMILLEN PHOTOGRAPHIC FLORAL CRINKLE GEORGETTE HIGH NECK COLD SHOULDER WOVEN MAXI DRESS,111.3,159.0,30,True,89
2026-10-05,PLT,with code 10PLT BOOHOO HIGH NECK CORSET DETAIL MINI DRESS,24.0,32.0,25,True,89
2026-10-05,PLT,with code 10PLT KARENMILLEN TAILORED STRUCTURED CREPE ROLL NECK PENCIL MIDI DRESS,139.3,199.0,30,True,89
2026-10-05,PLT,with code 10PLT BOOHOO DRAPE OPEN BACK MINI DRESS,9.0,25.0,64,True,89
2026-10-05,PLT,with code 10PLT PETITE BOOHOO PETITE LEOPARD SHIRRED DETAIL MAXI DRESS,15.0,20.0,25,True,89
2026-10-05,PLT,with code 10PLT BOOHOO LACE ONE SHOULDER MIDAXI DRESS,17.25,23.0,25,True,89
2026-10-05,PLT,with code 10PLT COAST PLUNGE V FULL SKIRTED JACQUARD MIDI DRESS,149.0,149.0,0,False,89
2026-10-05,PLT,with code 10PLT BOOHOO MIXED LEOPARD RUCHED MESH MAXI DRESS,21.0,28.0,25,True,89
2026-10-05,PLT,with code 10PLT BOOHOO COLLARLESS TIE SIDE BLAZER DRESS,24.0,32.0,25,True,89
2026-10-05,PLT,with code 10PLT KARENMILLEN RIB KNIT TRIM DETAIL FULL SKIRT MIDI DRESS,97.3,139.0,30,True,89
2026-10-05,PLT,with code 10PLT KARENMILLEN FLORAL APPLIQUE ONE SHOULDER WOVEN MAXI DRESS,164.0,469.0,65,True,89
2026-10-05,PLT,with code 10PLT KARENMILLEN PLEATED ORGANDIE WOVEN MAXI DRESS,100.0,199.0,50,True,89
2026-10-05,PLT,with code 10PLT OASIS PRINTED PLEATED MESH MIDI DRESS WITH FLUTTER SLEEVE,28.0,85.0,67,True,89
2026-10-05,PLT,with code 10PLT PETITE BOOHOO PETITE HIGH NECK STRUCTURED TAILORED MINI DRESS,20.25,27.0,25,True,89
2026-10-05,PLT,with code 10PLT BOOHOO V NECK SATIN MAXI SLIP DRESS,18.75,25.0,25,True,89
2026-10-05,PLT,with code 10PLT KARENMILLEN COMPACT VISCOSE STRETCH TAILORED PEPLUM MIDI DRESS,70.0,199.0,65,True,89
2026-10-05,PLT,with code 10PLT KARENMILLEN CRYSTAL EMBELLISHED WOVEN MAXI DRESS WITH REMOVABLE CAPE,342.3,489.0,30,True,89
2026-10-05,PLT,with code 10PLT COAST VELVET MAXI DRESS WITH SATIN PLEAT DRAPE,149.0,149.0,0,False,89
2026-10-05,PLT,with code 10PLT COAST V NECK FRILL SLEEVE MIDI DRESS,119.0,119.0,0,False,89
2026-10-05,PLT,with code 10PLT PLUS BOOHOO PLUS ZEBRA MESH ASYMMETRIC MAXI DRESS,26.25,35.0,25,True,89
2026-10-05,PLT,with code 10PLT PLUS BOOHOO PLUS RIB CAP SLEEVE RUCHED MINI DRESS,15.0,20.0,25,True,89
2026-10-05,PLT,with code 10PLT PLUS BOOHOO PLUS ZEBRA PRINT BLOUSON SLEEVE WRAP DRESS,22.5,30.0,25,True,89
2026-10-05,PLT,with code 10PLT MATERNITY BOOHOO MATERNITY DOUBLE SLINKY BARDOT LONG SLEEVE MAXI DRESS,24.0,32.0,25,True,89
2026-10-05,PLT,with code 10PLT KARENMILLEN VELVET BARDOT WOVEN PROM MIDAXI DRESS WITH TAFFETA BOW,139.3,199.0,30,True,89
2026-10-05,PLT,with code 10PLT KARENMILLEN PREMIUM LINEN CLEAN TAILORED MIDI DRESS,69.0,229.0,70,True,89
2026-10-05,PLT,with code 10PLT KARENMILLEN POINTELLE STITCH DETAIL SHEER PANEL KNIT MIDI DRESS,49.0,139.0,65,True,89
2026-10-05,PLT,with code 10PLT DOROTHY PERKINS PATCHWORK FLORAL SQUARE NECK LACE TRIM MINI DRESS,10.0,35.0,71,True,89
2026-10-05,PLT,with code 10PLT KARENMILLEN CRYSTAL EMBELLISHED CUTWORK CAPE DETAIL WOVEN MAXI DRESS,129.0,369.0,65,True,89
2026-10-05,PLT,with code 10PLT PETITE COAST PETITE LISA TAN PLACEMENT PRINT SATIN FLORAL BOW DETAIL MIDI DRESS,30.0,139.0,78,True,89
2026-10-05,PLT,KARENMILLEN COTTON BRODERIE SCALLOPED HEM SLEEVELESS SHIRT DRESS,52.0,149.0,65,True,89
2026-10-05,PLT,with code 10PLT BOOHOO FAUX SUEDE CINCHED WAIST COLLARED MINI DRESS,14.0,38.0,63,True,89
2026-10-05,PLT,with code 10PLT WAREHOUSE CHIFFON TIE FRONT VOLUME MIDI SMOCK DRESS,24.0,69.0,65,True,89
2026-10-05,PLT,with code 10PLT OASIS WINE SATIN TWIST FRONT ANGEL SLEEVE MIDI BRIDESMAID DRESS,69.0,69.0,0,False,89
2026-10-05,PLT,with code 10PLT BOOHOO SQUARE NECK RUCHED MESH BODYCON DRESS,18.0,24.0,25,True,89
2026-10-05,PLT,with code 10PLT PETITE COAST PETITE LISA TAN SHOULDER CREPE MIDI DRESS,40.0,139.0,71,True,89
2026-10-05,PLT,MISSPAP BRODERIE MIX VOLUME HEM BANDEAU MINI DRESS,22.0,55.0,60,True,89
2026-10-05,PLT,with code 10PLT COAST BANDAGE BODICE PLEATED SKIRT MIDI DRESS,129.0,129.0,0,False,89
2026-10-05,PLT,with code 10PLT BOOHOO BLURRED FLORAL PRINTED MESH FLARE SLEEVE MINI DRESS,24.0,32.0,25,True,89
2026-10-05,PLT,with code 10PLT BOOHOO BUCKLE DETAIL TIE WAIST BLAZER DRESS,22.5,30.0,25,True,89
2026-10-05,PLT,with code 10PLT PETITE COAST COAST HONOURED PETITE PLUNGE FLORAL VINTAGE EMBELLISHED WEDDING DRESS,199.0,199.0,0,False,89
2026-10-05,PLT,with code 10PLT COAST EMBELLISHED FEATHER TRIM CAPE MAXI WEDDING DRESS,229.0,229.0,0,False,89
2026-10-05,PLT,with code 10PLT COAST SQUARE NECK LONG SLEEVE MAXI DRESS WITH PLEAT WAIST DETAIL,129.0,129.0,0,False,89
2026-10-05,PLT,with code 10PLT COAST LACE MAXI DRESS WITH LACE MIX,129.0,129.0,0,False,89
2026-10-05,PLT,with code 10PLT KARENMILLEN HAND EMBELLISHED GEORGETTE GOWN,279.3,399.0,30,True,89
2026-10-05,PLT,with code 10PLT BOOHOO RUCHED HIGH NECK CAP SLEEVE SHIFT DRESS,16.5,22.0,25,True,89
2026-10-05,PLT,with code 10PLT OASIS PREMIUM CHANTILLY LACE MAXI DRESS,35.0,119.0,71,True,89
2026-10-05,PLT,with code 10PLT COAST SLEEVELESS METALLIC PLEATED MAXI DRESS WITH PEPLUM,60.0,149.0,60,True,89
2026-10-05,PLT,with code 10PLT COAST LISA TAN COLOUR BLOCK FULL SKIRT MIDI DRESS,35.0,119.0,71,True,89
2026-10-05,PLT,with code 10PLT COAST CHIFFON CAPE STYLE SEQUIN MAXI DRESS,179.0,179.0,0,False,89
2026-10-05,PLT,with code 10PLT BOOHOO CROCHET TRIM LINEN LOOK MINI DRESS,19.0,28.0,32,True,89
2026-10-05,PLT,with code 10PLT MISSPAP SCARF DETAIL TAILORED STRAPPY MINI DRESS,41.3,59.0,30,True,89
2026-10-05,PLT,with code 10PLT BOOHOO POLKA DOT ASYM TOP AND FRINGE SARONG CO-ORD,18.75,25.0,25,True,89
2026-10-05,PLT,with code 10PLT BOOHOO PUFF SLEEVE BUST DETAIL SHIFT DRESS,10.0,20.0,50,True,89
2026-10-05,PLT,with code 10PLT PETITE BOOHOO PETITE LEOPARD PRINT SKATER SHIRT DRESS,14.25,19.0,25,True,89
2026-10-05,PLT,with code 10PLT BOOHOO RUCHED MESH SLEEVELESS MIDI DRESS,16.5,22.0,25,True,89
2026-10-05,PLT,with code 10PLT COAST SATIN TRIM LACE SHIRT MIDI DRESS,149.0,149.0,0,False,89
2026-10-05,PLT,with code 10PLT COAST PRINTED FLORAL MESH MIDAXI DRESS,149.0,149.0,0,False,89
2026-10-05,PLT,with code 10PLT COAST SQUARE NECK VELVET SEQUIN LONG SLEEVE BLACK MAXI DRESS,149.0,149.0,0,False,89
2026-10-05,PLT,with code 10PLT KARENMILLEN HAND BEADED PLACEMENT CRYSTAL MINI DRESS,399.0,399.0,0,False,89
2026-10-05,PLT,with code 10PLT TALL KARENMILLEN TALL EMBELLISHED DETAIL PLUNGE COLLARED WOVEN MAXI DRESS,124.0,499.0,75,True,89
2026-10-05,PLT,with code 10PLT KARENMILLEN GUIPURE LACE HIGH NECK WOVEN MIDI DRESS,181.3,259.0,30,True,89
2026-10-05,PLT,with code 10PLT BOOHOO TEXTURED SHEER FLORAL LACE CORSET DRAPE MINI DRESS,24.0,32.0,25,True,89
2026-10-05,PLT,with code 10PLT MISSPAP SLASH NECK ZEBRA KNITTED MINI DRESS,12.0,59.0,80,True,89
2026-10-05,PLT,with code 10PLT COAST BARDOT PLEATED CREPE MIDI DRESS,45.0,119.0,62,True,90
2026-10-05,PLT,with code 10PLT PLUS BOOHOO PLUS JACQUARD FLORAL ANGEL SLEEVE MIDAXI DRESS,30.0,40.0,25,True,90
2026-10-05,PLT,with code 10PLT PLUS BOOHOO PLUS WRAP FRONT MIDI DRESS,16.5,22.0,25,True,90
2026-10-05,PLT,with code 10PLT DOROTHY PERKINS BLUE SEQUIN A LINE MINI DRESS,68.0,85.0,20,True,90
2026-10-05,PLT,with code 10PLT COAST BELTED TWILL MIDI WEDDING DRESS,129.0,129.0,0,False,90
2026-10-05,PLT,with code 10PLT PLUS BOOHOO PLUS TWO TONE RIB TIE FRONT SMOCK DRESS,22.5,30.0,25,True,90
2026-10-05,PLT,with code 10PLT PLT label DOROTHY PERKINS CABLE DETAIL MIDI DRESS,31.2,39.0,20,True,90
2026-10-05,PLT,with code 10PLT MISSPAP CUP DETAIL TAILORED A LINE MINI DRESS,15.0,45.0,67,True,90
2026-10-05,PLT,with code 10PLT BOOHOO SUPER SOFT SEAM DETAIL SHOULDER PAD MINI DRESS,16.5,22.0,25,True,90
2026-10-05,PLT,with code 10PLT DOROTHY PERKINS CHOCOLATE DITSY CONTRAST BOW DETAIL FRILL PRINTED MIDAXI DRESS,12.0,39.0,69,True,90
2026-10-05,PLT,with code 10PLT DOROTHY PERKINS TIE FRONT SEAM DETAIL MIDI DRESS,15.0,39.0,62,True,90
2026-10-05,PLT,with code 10PLT BOOHOO TEXTURED VOLUME SKIRT MIDAXI DRESS,25.5,34.0,25,True,90
2026-10-05,PLT,with code 10PLT PLUS BOOHOO PLUS TEXTURED TIE DETAIL MAXI DRESS,21.0,28.0,25,True,90
2026-10-05,PLT,with code 10PLT COAST LONG SLEEVE LINEAR EMBELLISHED MAXI DRESS,249.0,249.0,0,False,90
2026-10-05,PLT,with code 10PLT MATERNITY BOOHOO MATERNITY MESH RUCHED COWL MAXI DRESS,19.5,26.0,25,True,90
2026-10-05,PLT,with code 10PLT BOOHOO TAILORED PUFF SLEEVE SHIFT DRESS,12.0,26.0,54,True,90
2026-10-05,PLT,with code 10PLT COAST FEATHER SHOULDER DETAIL V NECK SATIN BLACK MAXI DRESS,149.0,149.0,0,False,90
2026-10-05,PLT,with code 10PLT KARENMILLEN PREMIUM EMBELLISHED CAPE MAXI DRESS,328.3,469.0,30,True,90
2026-10-05,PLT,with code 10PLT PLUS BOOHOO PLUS POLKA DOT CHIFFON SMOCK DRESS,18.75,25.0,25,True,90
2026-10-05,PLT,with code 10PLT BOOHOO LACE TRIM MINI DRESS,18.0,24.0,25,True,90
2026-10-05,PLT,with code 10PLT PLUS BOOHOO PLUS LACE SLEEVE OVERSIZED T-SHIRT DRESS,15.0,20.0,25,True,90
2026-10-05,PLT,with code 10PLT PLUS BOOHOO PLUS COWL BACK SATIN TASSEL DRESS,26.25,35.0,25,True,90
2026-10-05,PLT,with code 10PLT KARENMILLEN ARCHIVE COLLECTION - TAFFETA DRAPED SHOULDER MINI DRESS,57.0,229.0,75,True,90
2026-10-05,PLT,with code 10PLT BOOHOO HIGH ASYMMETRIC NECK RUCHED WAIST MINI DRESS,19.5,26.0,25,True,90
2026-10-05,PLT,with code 10PLT BOOHOO HIGH NECK BUTTON DETAIL RUCHED MINI DRESS,19.5,26.0,25,True,90
2026-10-05,PLT,with code 10PLT PLUS BOOHOO PLUS CAP SLEEVE BENGALINE SKATER DRESS,18.75,25.0,25,True,90
2026-10-05,PLT,with code 10PLT BOOHOO BEACH CROCHET KNITTED MINI DRESS,18.75,25.0,25,True,90
2026-10-05,PLT,with code 10PLT TALL BOOHOO TALL LINEN LOOK VOLUME SLEEVE SHIRRED SKATER DRESS,17.0,25.0,32,True,90
2026-10-05,PLT,with code 10PLT BOOHOO RIBBED LONG SLEEVE SHIFT DRESS,15.0,20.0,25,True,90
2026-10-05,PLT,with code 10PLT PLUS BOOHOO PLUS LACE GODET MINI SKATER DRESS,22.5,30.0,25,True,90
2026-10-05,PLT,with code 10PLT TEXTURED BELT DETAIL MINI DRESS,25.0,50.0,50,True,90
2026-10-05,PLT,with code 10PLT CHIFFON TIERED FRILL MAXI DRESS,44.0,95.0,54,True,90
2026-10-05,PLT,with code 10PLT LINED MESH BARDOT MAXI DRESS,20.0,40.0,50,True,90
2026-10-05,PLT,with code 10PLT FAUX SUEDE STUD DETAIL BOXY SHIFT DRESS,15.0,40.0,63,True,90
2026-10-05,PLT,with code 10PLT HEAVY BRUSHED ASYMMETRIC RUCHED MAXI DRESS,19.5,26.0,25,True,90
2026-10-05,PLT,with code 10PLT TAILORED WOVEN BARDOT BUTTON DOWN SHIFT DRESS,12.5,36.0,65,True,90
2026-10-05,PLT,with code 10PLT FAUX SUEDE CROC ASYMMETRIC MINI DRESS,24.0,48.0,50,True,90
2026-10-05,PLT,with code 10PLT MISSPAP KNOT DETAIL STRAPPY BRIDESMAID DRESS,23.0,70.0,67,True,90
2026-10-05,PLT,with code 10PLT NASTYGAL BRODERIE CUT OUT TIE FRONT PUFF SLEEVE SKATER DRESS,31.5,45.0,30,True,90
2026-10-05,PLT,with code 10PLT PETITE KARENMILLEN PETITE EMBELLISHED BOW MINI DRESS WITH EMBELLISHED DETAILING,64.0,129.0,50,True,90
2026-10-05,PLT,with code 10PLT PETITE KARENMILLEN PETITE POLISHED TAILORED TRIM DETAIL COLUMN MIDI DRESS,59.0,169.0,65,True,90
2026-10-05,PLT,with code 10PLT PETITE KARENMILLEN PETITE STRIPE COTTON ROSETTE WOVEN SHIRT MAXI DRESS,52.0,149.0,65,True,90
2026-10-05,PLT,with code 10PLT NASTYGAL POLKA DOT HAND EMBELLISHED SCALLOP HEM BANDEAU MINI DRESS,104.3,149.0,30,True,90
2026-10-05,PLT,with code 10PLT COAST LISA TAN SPOT PRINT CORSAGE OFF THE SHOULDER PENCIL DRESS,35.0,119.0,71,True,90
2026-10-05,PLT,with code 10PLT LINEN LOOK BANDEAU BOXY SHIFT DRESS,15.0,30.0,50,True,90
2026-10-05,PLT,with code 10PLT HIBISCUS FLORAL PRINT ONION SKIN BANDEAU MAXI DRESS,9.0,18.0,50,True,90
2026-10-05,PLT,with code 10PLT PLUS BOOHOO PLUS TRIM DETAIL DRAPE SHOULDER PAD MINI DRESS,19.5,26.0,25,True,90
2026-10-05,PLT,with code 10PLT MISSPAP PREMIUM BONDED SATIN CORSET MIDAXI DRESS,35.0,85.0,59,True,90
2026-10-05,PLT,with code 10PLT PLT LABEL LACE PLUNGE BANDEAU VELVET ASYMMETRIC SKIRT MIDAXI DRESS,30.0,60.0,50,True,90
2026-10-05,PLT,with code 10PLT WOVEN BUTTON DOWN LONG SLEEVE BLAZER DRESS,25.0,40.0,38,True,90
2026-10-05,PLT,ICONIC PRICES BOOHOO RUCHED BUST BARDOT MINI DRESS,12.75,17.0,25,True,90
2026-10-05,PLT,with code 10PLT FLORAL PRINT OVERSIZED PUFF SLEEVE A LINE SHIFT DRESS,31.5,45.0,30,True,90
2026-10-05,PLT,with code 10PLT FAUX SUEDE BANDEAU MINI BODYCON DRESS,16.0,32.0,50,True,90
2026-10-05,PLT,with code 10PLT SHAPE SHAPE OFF SHOULDER FOLD OVER KNITTED BODYCON DRESS,12.5,25.0,50,True,90
2026-10-05,PLT,with code 10PLT SOFT TOUCH BANDEAU V BAR DETAIL MAXI DRESS,20.0,40.0,50,True,90
2026-10-05,PLT,with code 10PLT PLUS COAST PLUS LONG SLEEVE BARDOT PRINTED FULL SKIRTED PONTE MIDI DRESS,90.3,129.0,30,True,90
2026-10-05,PLT,with code 10PLT KARENMILLEN SPRING TWEED TAILORED MINI DRESS,49.0,199.0,75,True,90
2026-10-05,PLT,with code 10PLT TALL KARENMILLEN TALL FEATHER EMBELLISHED WOVEN CAPE SLEEVE MAXI DRESS,122.0,489.0,75,True,90
2026-10-05,PLT,with code 10PLT COAST ONE SHOULDER CHIFFON CAPE CREPE MAXI DRESS,119.0,119.0,0,False,90
2026-10-05,PLT,with code 10PLT PLUS COAST PLUS PONTE PIPING CONTRAST MIDI DRESS,83.3,119.0,30,True,90
2026-10-05,PLT,with code 10PLT DOROTHY PERKINS CHOCOLATE BUTTON DOWN KNITTED DRESS,28.0,35.0,20,True,90
2026-10-05,PLT,with code 10PLT SEQUIN HALTER NECK MAXI DRESS,32.5,70.0,54,True,90
2026-10-05,PLT,with code 10PLT BOUCLE SQUARE HALTER BUTTON MINI DRESS,16.0,32.0,50,True,90
2026-10-05,PLT,with code 10PLT PLUS BOOHOO PLUS SHORT SLEEVE CINCHED WAIST DENIM DRESS,24.0,32.0,25,True,90
2026-10-05,PLT,with code 10PLT RUCHED OVERLAY LONG SLEEVE MAXI DRESS,16.8,24.0,30,True,90
2026-10-05,PLT,with code 10PLT BOOHOO BENGALINE RUCHED BUST DROPPED WAIST DETAIL MIDAXI DRESS,18.75,25.0,25,True,90
2026-10-05,PLT,with code 10PLT BOOHOO PREMIUM JERSEY SHOULDER PAD RUCHED T SHIRT DRESS,16.5,22.0,25,True,90
2026-10-05,PLT,with code 10PLT PLUS BOOHOO PLUS DENIM FLIPPY SLEEVELESS DRESS,11.0,32.0,66,True,90
2026-10-05,PLT,with code 10PLT WOVEN BEAD DETAIL BODYCON DRESS,9.5,24.0,60,True,90
2026-10-05,PLT,with code 10PLT MISSPAP TEXTURED FAUX FEATHERMINI DRESS,41.3,59.0,30,True,90
2026-10-05,PLT,with code 10PLT PINSTRIPE WRAP DETAIL LONG SLEEVE SHIRT DRESS,22.5,45.0,50,True,90
2026-10-05,PLT,with code 10PLT BOOHOO MATTE SATIN RUFFLE BACK SLIP DRESS,27.0,36.0,25,True,90
2026-10-05,PLT,with code 10PLT DOROTHY PERKINS PAISLEY FLUTTER SLEEVE SHIRRED WAIST MIDI DRESS,20.0,39.0,49,True,90
2026-10-05,PLT,with code 10PLT TIE BACK DETAIL LONG SLEEVE SHIRT DRESS,15.0,30.0,50,True,91
2026-10-05,PLT,with code 10PLT SATIN CORSAGE BOAT NECK MINI DRESS,19.0,38.0,50,True,91
2026-10-05,PLT,with code 10PLT COAST CROSS NECK BARDOT CREPE MIDI DRESS,50.0,139.0,64,True,91
2026-10-05,PLT,with code 10PLT COAST SLEEVELESS RUFFLE PLEAT SATIN BACK CREPE DRESS,30.0,129.0,77,True,91
2026-10-05,PLT,with code 10PLT BOOHOO BANDEAU RUCHED BUBBLE HEM MINI DRESS,18.75,25.0,25,True,91
2026-10-05,PLT,with code 10PLT KARENMILLEN SOFT STRUCTURED TAILORED SHIRT MINI DRESS,50.0,199.0,75,True,91
2026-10-05,PLT,with code 10PLT PLT label DOUBLE LAYER SLINKY BAGGED OVER MINI DRESS,10.5,24.0,56,True,91
2026-10-05,PLT,with code 10PLT SATIN RUCHED COWL BACK BODYCON DRESS,20.0,40.0,50,True,91
2026-10-05,PLT,with code 10PLT WAREHOUSE METALLIC FAUX REPTILE LEATHER TSHIRT MINI DRESS,22.0,69.0,68,True,91
2026-10-05,PLT,with code 10PLT SOFT TOUCH JERSEY LONG SLEEVE BODYCON DRESS,9.0,18.0,50,True,91
2026-10-05,PLT,with code 10PLT CHECK LACE UP LONG SLEEVE SHIFT DRESS,16.0,32.0,50,True,91
2026-10-05,PLT,with code 10PLT NASTYGAL CHAMBRAY HALTER NECK VOLUME PLUNGE MINI DRESS,22.4,32.0,30,True,91
2026-10-05,PLT,with code 10PLT MISSPAP PREMIUM EMBELLISHED BANDEAU MINI DRESS,50.0,139.0,64,True,91
2026-10-05,PLT,with code 10PLT WAREHOUSE PRINTED RUFFLE SHOULDER DETAIL V NECK BOHO MINI DRESS,10.0,49.0,80,True,91
2026-10-05,PLT,with code 10PLT BOOHOO LINEN LOOK VOLUME SLEEVE TIERED MIDAXI DRESS,16.0,26.0,38,True,91
2026-10-05,PLT,with code 10PLT BOOHOO TEXTURED SATIN DOUBLE LAYER CAMI DRESS,15.0,32.0,53,True,91
2026-10-05,PLT,with code 10PLT DOROTHY PERKINS ANIMAL KEYHOLE TIE DETAIL MIDI DRESS,12.0,39.0,69,True,91
2026-10-05,PLT,with code 10PLT PETITE KARENMILLEN PETITE COMPACT ESSENTIAL BUTTON PENCIL MIDI DRESS,70.0,199.0,65,True,91
2026-10-05,PLT,with code 10PLT PLUS BOOHOO PLUS GOLD BUTTON BARDOT SKATER DRESS,30.0,40.0,25,True,91
2026-10-05,PLT,with code 10PLT TEXTURED LONG SLEEVE BOAT NECK MAXI DRESS,30.0,60.0,50,True,91
2026-10-05,PLT,with code 10PLT BOOHOO BEACH CROCHET STRIPE KNIT FLARED SLEEVE MINI DRESS,18.75,25.0,25,True,91
2026-10-05,PLT,with code 10PLT PETITE PETITE HALTERNECK WRAP DETAIL MAXI DRESS,14.5,30.0,52,True,91
2026-10-05,PLT,with code 10PLT PREMIUM FEATHER TRIM HIP DETAIL BANDEAU BODYCON DRESS,60.0,120.0,50,True,91
2026-10-05,PLT,with code 10PLT TAILORED SLEEVELESS MILITARY DETAIL BODYCON DRESS,17.0,34.0,50,True,91
2026-10-05,PLT,with code 10PLT BRODERIE BUTTON DOWN CAP SLEEVE SHIFT DRESS,10.5,26.0,60,True,91
2026-10-05,PLT,with code 10PLT PLUS BOOHOO PLUS GOLD TRIM DETAIL PUFF SLEEVE SHIFT DRESS,11.0,28.0,61,True,91
2026-10-05,PLT,with code 10PLT DOUBLE LAYER SLINKY MESH KNOT SKIRT MINI DRESS,9.5,24.0,60,True,91
2026-10-05,PLT,with code 10PLT BOOHOO POLKA DOT MESH HALTER MINI BEACH DRESS,19.5,26.0,25,True,91
2026-10-05,PLT,with code 10PLT RUCHED BUST CORSET STRAPPY MIDAXI DRESS,18.0,60.0,70,True,91
2026-10-05,PLT,with code 10PLT BOOHOO HIGH NECK BODYCON MINI DRESS,15.0,20.0,25,True,91
2026-10-05,PLT,with code 10PLT PINSTRIPE WRAP DETAIL LONG SLEEVE SHIRT DRESS,19.0,38.0,50,True,91
2026-10-05,PLT,with code 10PLT LACE SQUARE NECK MINI SHIFT DRESS,13.0,26.0,50,True,91
2026-10-05,PLT,with code 10PLT TEXTURED COWL NECK WRAP MAXI DRESS,18.0,45.0,60,True,91
2026-10-05,PLT,with code 10PLT SLEEVELESS ASYMMETRIC RUCHED MAXI DRESS,15.0,28.0,46,True,91
2026-10-05,PLT,ICONIC PRICES NASTYGAL ESSENTIALS PLEAT HEM TAILORED DRESS,27.3,39.0,30,True,91
2026-10-05,PLT,with code 10PLT PLUS BOOHOO PLUS PRINTED CAP SLEEVE LACE TRIM SHIFT DRESS,13.0,28.0,54,True,91
2026-10-05,PLT,with code 10PLT NASTYGAL TINSEL HALTER NECK TIERED MINI DRESS,62.3,89.0,30,True,91
2026-10-05,PLT,with code 10PLT PETITE COAST PETITE LISA TAN STATEMENT BOW CREPE MIDI DRESS,30.0,139.0,78,True,91
2026-10-05,PLT,DOROTHY PERKINS CONTRAST STITCHING SHIRRED BODICE V NECK MIDI DRESS,12.0,39.0,69,True,91
2026-10-05,PLT,with code 10PLT PLUS BOOHOO PLUS TAILORED PLEATED HEM STRUCTURED MINI DRESS,30.0,40.0,25,True,91
2026-10-05,PLT,with code 10PLT CHIFFON DROPPED WAIST RUCHED DETAIL MAXI DRESS,28.5,38.0,25,True,91
2026-10-05,PLT,with code 10PLT HALTERNECK PLEAT DETAIL ASYMMETRIC MIDAXI DRESS,16.0,36.0,56,True,91
2026-10-05,PLT,with code 10PLT PLUS BOOHOO PLUS SEAM DETAIL BALLOON SLEEVE MINI DRESS,17.0,48.0,65,True,91
2026-10-05,PLT,with code 10PLT NASTYGAL STRUCTURED SATIN PANELLED STRAPPY MINI DRESS,27.3,39.0,30,True,91
2026-10-05,PLT,with code 10PLT WOVEN DOUBLE BREASTED CINCHED WAIST BLAZER DRESS,33.75,45.0,25,True,91
2026-10-05,PLT,with code 10PLT WAREHOUSE COLUMN LOW BACK MAXI WITH FLARED SLEEVE,22.0,55.0,60,True,91
2026-10-05,PLT,with code 10PLT BOOHOO RUCHED NECKLINE HALTER LOW BACK SUPER SOFT MAXI DRESS,15.0,20.0,25,True,91
2026-10-05,PLT,with code 10PLT SHAPE SHAPE TAILORED BANDEAU MINI DRESS,14.0,30.0,53,True,91
2026-10-05,PLT,ICONIC PRICES PLUS PLUS PREMIUM LINEN CINCHED WAIST COCOON SLEEVE MINI DRESS,22.0,50.0,56,True,91
2026-10-05,PLT,ICONIC PRICES JERSEY HALTERNECK RUCHED DETAIL MAXI DRESS,8.0,28.0,71,True,91
2026-10-05,PLT,with code 10PLT WOOL LOOK BANDEAU PLEATED SKIRT MINI DRESS,14.0,28.0,50,True,91
2026-10-05,PLT,with code 10PLT PETITE COAST COAST HONOURED PETITE TWILL BARDOT COLUMN MIDI BRIDESMAID DRESS,49.5,99.0,50,True,91
2026-10-05,PLT,with code 10PLT PETITE DOROTHY PERKINS PETITE BENGALINE CAP SLEEVE MINI DRESS,28.0,35.0,20,True,91
2026-10-05,PLT,with code 10PLT BOOHOO RIB DROPPED HEM CAP SLEEVE SKATER DRESS,14.0,20.0,30,True,91
2026-10-05,PLT,with code 10PLT DOROTHY PERKINS OATMEAL BUTTON DOWN KNITTED DRESS,28.0,35.0,20,True,91
2026-10-05,PLT,with code 10PLT PETITE PETITE KNITTED TIDE SIDE HEM DRAPE MINI DRESS,14.0,28.0,50,True,91
2026-10-05,PLT,with code 10PLT WOVEN LACE DETAIL GODET MAXI DRESS,22.5,45.0,50,True,91
2026-10-05,PLT,with code 10PLT SOFT TOUCH BANDEAU FRINGE MAXI DRESS,14.5,28.0,48,True,91
2026-10-05,PLT,with code 10PLT MISSPAP PREMIUM SATIN SQUARE PLEATED SKIRT BRIDESMAID DRESS,49.0,70.0,30,True,91
2026-10-05,PLT,with code 10PLT BOOHOO LACE HEM OVERSIZED WOVEN T-SHIRT DRESS,18.75,25.0,25,True,91
2026-10-05,PLT,with code 10PLT TEXTURED KNOT STRAP DETAIL MAXI DRESS,11.0,28.0,61,True,91
2026-10-05,PLT,with code 10PLT SOFT TOUCH RUCHED LONG SLEEVE MINI DRESS,22.5,45.0,50,True,91
2026-10-05,PLT,with code 10PLT PETITE DOROTHY PERKINS PETITE GREEN SPOT SHIRRED CUFF MIDI DRESS,31.5,35.0,10,True,91
2026-10-05,PLT,with code 10PLT PLISSE FRILL HEM SHIRT DRESS,24.0,32.0,25,True,91
2026-10-05,PLT,with code 10PLT DOROTHY PERKINS FRILL DETAIL TIERED SMOCK PRINTED MINI DRESS,8.0,35.0,77,True,91
2026-10-05,PLT,with code 10PLT TALL BOOHOO TALL LINEN PUFF SLEEVE MAXI DRESS,17.0,28.0,39,True,91
2026-10-05,PLT,with code 10PLT SLINKY ACETATE TRIM BACK DRAPE MAXI DRESS,10.5,26.0,60,True,91
2026-10-05,PLT,with code 10PLT CONTRAST STRIPED COLLAR DETAIL LONG SLEEVE SHIFT DRESS,14.0,28.0,50,True,91
2026-10-05,PLT,with code 10PLT PETITE WAREHOUSE PETITE STRUCTURED PUFF SLEEVE BARDOT MIDI DRESS,31.0,59.0,47,True,91
2026-10-05,PLT,with code 10PLT PLUS BOOHOO PLUS BUTTON DETAIL RUFFLE SLEEVE MAXI DRESS,28.5,38.0,25,True,91
2026-10-05,PLT,with code 10PLT BOOHOO EMBROIDERED LACE DETAIL MAXI DRESS,18.0,30.0,40,True,91
2026-10-05,PLT,with code 10PLT WAREHOUSE TWIST FRONT CUT OUT BIAS CUT MIDI DRESS,31.0,59.0,47,True,91
2026-10-05,PLT,with code 10PLT PETITE KARENMILLEN PETITE SPOT PRINT PLEATED SLUB ORGANDIE PEPLUM WOVEN MAXI DRESS,99.0,199.0,50,True,92
2026-10-05,PLT,with code 10PLT KARENMILLEN TAILORED PLEAT NECK POCKET DETAIL MIDI DRESS,50.0,199.0,75,True,92
2026-10-05,PLT,with code 10PLT COAST LACE TOP PLEATED DRESS,90.0,139.0,35,True,92
2026-10-05,PLT,with code 10PLT BOOHOO 2 IN 1 LINEN LOOK TAILORED MINI DRESS,22.5,30.0,25,True,92
2026-10-05,PLT,with code 10PLT BOXY SHOULDER DENIM SHIRT DRESS,24.0,32.0,25,True,92
2026-10-05,PLT,with code 10PLT BOOHOO HOOK & EYE TAILORED CINCHED WAIST BLAZER DRESS,25.0,40.0,38,True,92
2026-10-05,PLT,with code 10PLT SHAPE SHAPE RING DETAIL HIGH NECK KNITTED DRESS,13.0,32.0,59,True,92
2026-10-05,PLT,with code 10PLT PLT label RIB CONTRAST BINDING SPAGHETTI STRAP MINI DRESS,8.0,18.0,56,True,92
2026-10-05,PLT,with code 10PLT BOOHOO HALTERNECK MESH RUFFLE MINI DRESS,18.0,24.0,25,True,92
2026-10-05,PLT,with code 10PLT BOOHOO BASIC DENIM SHIFT DRESS,15.0,30.0,50,True,92
2026-10-05,PLT,with code 10PLT BOOHOO ONE SHOULDER WOVEN RUCHED MINI DRESS,15.0,28.0,46,True,92
2026-10-05,PLT,with code 10PLT SATIN WRAP RUCHED LONG SLEEVE MINI DRESS,17.0,34.0,50,True,92
2026-10-05,PLT,with code 10PLT SATIN CUT OUT LONG SLEEVE MINI SHIFT DRESS,11.0,34.0,68,True,92
2026-10-05,PLT,with code 10PLT SOFT TOUCH JERSEY LONG SLEEVE BODYCON DRESS,8.25,18.0,54,True,92
2026-10-05,PLT,with code 10PLT BOOHOO BLURRED FLORAL PRINT MESH BARDOT RUCHED BODY SKATER DRESS,22.5,30.0,25,True,92
2026-10-05,PLT,with code 10PLT PETITE KARENMILLEN PETITE KNIT STITCH DETAIL SLEEVELESS MIDI DRESS,56.0,159.0,65,True,92
2026-10-05,PLT,with code 10PLT COAST SLEEVELESS RUCHED MIDI DRESS WITH BUCKLE DETAIL,89.1,99.0,10,True,92
2026-10-05,PLT,with code 10PLT BOOHOO DOUBLE LAYER ASYMMETRIC SLINKY RUCHED WAIST MAXI DRESS,21.0,28.0,25,True,92
2026-10-05,PLT,with code 10PLT PETITE KARENMILLEN PETITE COMPACT STRETCH BELTED PEPLUM DETAIL FULL SKIRTED MIDI DRESS,62.0,249.0,75,True,92
2026-10-05,PLT,with code 10PLT BOOHOO TRIM DETAIL HALTERNECK MINI DRESS,14.0,20.0,30,True,92
2026-10-05,PLT,with code 10PLT LIGHT SATIN LACE MINI SHIFT DRESS,18.0,36.0,50,True,92
2026-10-05,PLT,with code 10PLT PLUS PLT LABEL PLT LABEL PLUS SEQUIN CONTRAST VELVET CORSET BODYCON DRESS,22.0,48.0,54,True,92
2026-10-05,PLT,ICONIC PRICES BARDOT TRIM DETAIL KNITTED DRESS,17.42,26.0,33,True,92
2026-10-05,PLT,with code 10PLT LACE BARDOT LONG SLEEVE MINI DRESS,27.0,36.0,25,True,92
2026-10-05,PLT,with code 10PLT FAUX SUEDE COCOON SLEEVE BLAZER DRESS,22.5,45.0,50,True,92
2026-10-05,PLT,ICONIC PRICES PLUNGE OVERSIZED CONTRAST BOW SHIFT DRESS,27.5,55.0,50,True,92
2026-10-05,PLT,with code 10PLT WOVEN BALLOON SLEEVE COLLARLESS BLAZER DRESS,22.5,45.0,50,True,92
2026-10-05,PLT,with code 10PLT NASTYGAL SATIN FLORAL PLACEMENT HALTER NECK COWL MINI DRESS,24.5,35.0,30,True,92
2026-10-05,PLT,with code 10PLT BOOHOO CHIFFON HALTERNECK LAYERED HEM MINI DRESS,16.5,22.0,25,True,92
2026-10-05,PLT,with code 10PLT BOOHOO SUEDE LOOK PLEATED DROP HEM MINI DRESS,24.0,32.0,25,True,92
2026-10-05,PLT,with code 10PLT FLORAL PRINT BANDEAU DRAPE DETAIL MAXI DRESS,19.0,38.0,50,True,92
2026-10-05,PLT,with code 10PLT TEXTURED SLEEVELESS SHIFT DRESS,13.0,26.0,50,True,92
2026-10-05,PLT,with code 10PLT MATERNITY BOOHOO MATERNITY RIB SCOOP NECK MAXI DRESS,14.25,19.0,25,True,92
2026-10-05,PLT,with code 10PLT COAST BATWING PLEATED METALLIC MIDAXI DRESS,60.0,139.0,57,True,92
2026-10-05,PLT,with code 10PLT BOOHOO CORSAGE DETAIL PLUNGE TAILORED BLAZER DRESS,11.0,40.0,73,True,92
2026-10-05,PLT,with code 10PLT NASTYGAL BANDAGE STRAPPY MINI DRESS,34.3,49.0,30,True,92
2026-10-05,PLT,with code 10PLT WOVEN LONG SLEEVE BELTED SHIFT DRESS,12.5,35.0,64,True,92
2026-10-05,PLT,with code 10PLT BOOHOO BURNOUT FLORAL OPEN BACK FLARE SLEEVE MINI DRESS,8.0,25.0,68,True,92
2026-10-05,PLT,with code 10PLT STRETCH WOVEN VELVET BOW BARDOT MINI DRESS,18.75,25.0,25,True,92
2026-10-05,PLT,with code 10PLT BOATNECK RUCHED DETAIL MINI DRESS,11.25,24.0,53,True,92
2026-10-05,PLT,with code 10PLT PETITE PETITE ONE SHOULDER CUT OUT RUCHED MAXI DRESS,5.5,25.0,78,True,92
2026-10-05,PLT,with code 10PLT BOOHOO ONE SHOULDER WOVEN RUCHED MINI DRESS,21.0,28.0,25,True,92
2026-10-05,PLT,with code 10PLT BOOHOO CROCHET FLOWER APPLIQUE HALTER MAXI DRESS,24.0,35.0,31,True,92
2026-10-05,PLT,with code 10PLT PETITE DOROTHY PERKINS PETITE DP LUXE PEPLUM FRILL DETAIL V NECK PRINTED MAXI DRESS,20.0,49.0,59,True,92
2026-10-05,PLT,with code 10PLT PETITE DOROTHY PERKINS PETITE ANIMAL FRILL SCOOP NECK BLOUSON SLEEVE JERSEY MIDI DRESS,12.0,39.0,69,True,92
2026-10-05,PLT,with code 10PLT DOROTHY PERKINS PETITE SHIRRED CUFF MIDI DRESS,20.0,39.0,49,True,92
2026-10-05,PLT,with code 10PLT BELT DETAIL KNITTED MAXI DRESS,15.0,30.0,50,True,92
2026-10-05,PLT,with code 10PLT PETITE PETITE FLORAL TIE DETAIL CAP SLEEVE LACE OVERLAY MINI DRESS,23.25,31.0,25,True,92
2026-10-05,PLT,with code 10PLT ZEBRA BANDEAU BAGGED OVER MINI DRESS,13.5,30.0,55,True,92
2026-10-05,PLT,with code 10PLT BRODERIE DETAIL PUFFBALL DRESS,18.0,36.0,50,True,92
2026-10-05,PLT,with code 10PLT SATIN SCARF DETAIL BANDEAU PUFFBALL MAXI DRESS,15.0,50.0,70,True,92
2026-10-05,PLT,with code 10PLT NASTYGAL THE UTILITY DENIM SHIRT DRESS,27.3,39.0,30,True,92
2026-10-05,PLT,with code 10PLT PETITE OASIS PETITE PLEAT BODICE RUFFLE MESH BRIDESMAID MIDI DRESS,62.3,89.0,30,True,92
2026-10-05,PLT,with code 10PLT BOOHOO VELVET BARDOT STRUCTURED SKATER DRESS,25.0,57.0,56,True,92
2026-10-05,PLT,with code 10PLT SATIN BODYCON CHIFFON HEM MAXI DRESS,19.0,38.0,50,True,92
2026-10-05,PLT,with code 10PLT DRAPED SCARF DETAIL BODYCON DRESS,10.0,20.0,50,True,92
2026-10-05,PLT,with code 10PLT WOVEN CORSET DETAIL MINI DRESS,8.0,36.0,78,True,92
2026-10-05,PLT,with code 10PLT OVERLAY LONG SLEEVE SHIRT DRESS,7.0,34.0,79,True,92
2026-10-05,PLT,with code 10PLT RIBBED LOW BACK DETAIL LONG SLEEVE MAXI DRESS,13.0,26.0,50,True,92
2026-10-05,PLT,with code 10PLT MISSPAP PREMIUM TULLE LACE TRIM MAXI DRESS,25.0,99.0,75,True,92
2026-10-05,PLT,with code 10PLT KARENMILLEN FIGURE FORM BANDAGE ROSETTE KNIT MIDI DRESS,42.0,119.0,65,True,92
2026-10-05,PLT,with code 10PLT BOOHOO TEXTURED SMOCK MAXI DRESS,19.0,28.0,32,True,92
2026-10-05,PLT,with code 10PLT BOOHOO SLEEVELESS FLIPPY HEM DENIM DRESS,12.0,30.0,60,True,92
2026-10-05,PLT,with code 10PLT BOOHOO BASIC DENIM SHIFT DRESS,16.0,30.0,47,True,92
2026-10-05,PLT,with code 10PLT DOROTHY PERKINS ANIMAL LACE TRIM TIERED PRINTED MINI DRESS,15.0,35.0,57,True,92
2026-10-05,PLT,with code 10PLT DOROTHY PERKINS ANIMAL V NECK SHORT SLEEVE MINI JERSEY DRESS,12.0,29.0,59,True,92
2026-10-05,PLT,with code 10PLT PETITE PETITE FLORAL APPLIQUE KNITTED CROCHET MINI DRESS,13.5,34.0,60,True,92
2026-10-05,PLT,with code 10PLT CHIFFON SCOOP NECK COWL BACK SLEEVELESS MAXI DRESS,27.5,60.0,54,True,92
2026-10-05,PLT,with code 10PLT SATIN LACE SCARF DETAIL MINI DRESS,11.5,30.0,62,True,92
2026-10-05,PLT,with code 10PLT BOOHOO BURNOUT FLORAL GODET HEM MINI DRESS,9.0,28.0,68,True,92
2026-10-05,PLT,with code 10PLT ASYMMETRIC FILIGREE DRESS,5.5,25.0,78,True,92
2026-10-05,PLT,with code 10PLT BOOHOO ANIMAL PRINTED MESH FLARE SLEEVE MINI DRESS,8.0,25.0,68,True,92
2026-10-05,PLT,with code 10PLT NASTYGAL HAND BEADED HIGH NECK MINI DRESS,83.3,119.0,30,True,92
2026-10-05,PLT,with code 10PLT WOVEN BANDEAU POCKET DETAIL SHIFT DRESS,6.0,26.0,77,True,92
2026-10-05,PLT,with code 10PLT PLUS BOOHOO PLUS ASYMMETRIC DETAIL MINI DRESS,19.5,26.0,25,True,92
2026-10-05,PLT,with code 10PLT BOOHOO HALTERNECK FULL SKIRT MINI DRESS,26.25,35.0,25,True,92
2026-10-05,PLT,with code 10PLT MATERNITY BOOHOO MATERNITY RUCHED SIDE MIDI DRESS,16.5,22.0,25,True,93
2026-10-05,PLT,with code 10PLT COAST EMBELLISHED MAXI DRESS WITH GODET PLEATS,80.0,179.0,55,True,93
2026-10-05,PLT,with code 10PLT BOOHOO TEXTURED CHIFFON HIGH NECK DROP HEM MINI DRESS,24.0,32.0,25,True,93
2026-10-05,PLT,with code 10PLT BOOHOO PREMIUM LACE HIGH NECK MINI DRESS,28.5,38.0,25,True,93
2026-10-05,PLT,with code 10PLT SATIN HALTERNECK TIE NECK MAXI DRESS,11.0,30.0,63,True,93
2026-10-05,PLT,with code 10PLT WOVEN ASYMMETRIC TRIM DETAIL MINI DRESS,15.0,30.0,50,True,93
2026-10-05,PLT,with code 10PLT MESH CONTRAST PANEL BARDOT MAXI DRESS,12.5,40.0,69,True,93
2026-10-05,PLT,with code 10PLT PLT label WOVEN V NECK LONG SLEEVE MINI DRESS,21.0,45.0,53,True,93
2026-10-05,PLT,with code 10PLT DOUBLE LAYER SLINKY BARDOT BODYCON MINI DRESS,6.5,18.0,64,True,93
2026-10-05,PLT,with code 10PLT SLINKY ONE SLEEVE DRAPE DETAIL MINI DRESS,14.0,28.0,50,True,93
2026-10-05,PLT,with code 10PLT KARENMILLEN CRINKLE COLD SHOULDER GEORGETTE WOVEN MAXI DRESS,59.0,169.0,65,True,93
2026-10-05,PLT,with code 10PLT KARENMILLEN POLISHED LINEN BLEND ASYMMETRIC FOLD DETAIL TAILORED MIDI PENCIL DRESS,70.0,199.0,65,True,93
2026-10-05,PLT,with code 10PLT MISSPAP DRAPED NECKLINE CHIFFON MAXI DRESS,15.0,49.0,69,True,93
2026-10-05,PLT,with code 10PLT PETITE OASIS PETITE TIERED MESH SEQUIN OCCASION MAXI DRESS,32.0,85.0,62,True,93
2026-10-05,PLT,with code 10PLT SATIN TIE SHOULDER MAXI DRESS,16.5,36.0,54,True,93
2026-10-05,PLT,with code 10PLT SLINKY PLUNGE WRAP MAXI DRESS,14.0,28.0,50,True,93
2026-10-05,PLT,with code 10PLT VINTAGE CHARCOAL FLORAL CHIFFON TIE FRONT MINI DRESS,19.0,38.0,50,True,93
2026-10-05,PLT,with code 10PLT PLUS PLUS STRIPED HALTERNECK SHIFT DRESS,12.25,22.0,44,True,93
2026-10-05,PLT,with code 10PLT NASTYGAL ZEBRA PLACEMENT STRAPPY TIE BACK MINI DRESS,24.5,35.0,30,True,93
2026-10-05,PLT,with code 10PLT COTTON BOW DETAIL A LINE MINI DRESS,16.5,34.0,51,True,93
2026-10-05,PLT,with code 10PLT DOUBLE LAYER SLINKY ASYMMETRIC RUCHED LONG SLEEVE DRESS,11.0,22.0,50,True,93
2026-10-05,PLT,with code 10PLT LINEN BLEND BLAZER DRESS,10.0,50.0,80,True,93
2026-10-05,PLT,with code 10PLT SEQUIN FITTED SHIRT DRESS,25.0,50.0,50,True,93
2026-10-05,PLT,with code 10PLT WOVEN KNOT DETAIL MINI DRESS,17.5,35.0,50,True,93
2026-10-05,PLT,with code 10PLT LACE FOLD OVER BANDEAU MAXI DRESS,28.0,40.0,30,True,93
2026-10-05,PLT,with code 10PLT BOOHOO HIGH NECK SCARF WRAP WAIST MAXI COLUMN DRESS,21.0,28.0,25,True,93
2026-10-05,PLT,with code 10PLT BOOHOO TONAL CHECK LACE TRIM MINI DRESS,18.75,25.0,25,True,93
2026-10-05,PLT,with code 10PLT COAST COAST HONOURED RUFFLE GEORGETTE MAXI BRIDESMAID DRESS,79.2,99.0,20,True,93
2026-10-05,PLT,with code 10PLT KARENMILLEN PONTE BUTTON FRONT PLEATED MINI DRESS,42.0,119.0,65,True,93
2026-10-05,PLT,with code 10PLT COAST LISA TAN CROSS NECK BANDAGE MIDI DRESS,70.0,119.0,41,True,93
2026-10-05,PLT,with code 10PLT PETITE KARENMILLEN PETITE TEXTURED HANKY HEM SHORT SLEEVE TRIM DETAIL JERSEY MAXI DRESS,59.0,119.0,50,True,93
2026-10-05,PLT,with code 10PLT PETITE DOROTHY PERKINS PETITE SHIRRED BODICE TIERED STRIPE MIDI DRESS,12.0,39.0,69,True,93
2026-10-05,PLT,with code 10PLT LACE SLEEVE SHIRRED BODYCON DRESS,19.25,55.0,65,True,93
2026-10-05,PLT,with code 10PLT STRETCH WOVEN CUTOUT HALTERNECK MINI DRESS,12.0,26.0,54,True,93
2026-10-05,PLT,with code 10PLT OASIS EMERALD RUFFLE SQUARE NECK SATIN BRIDESMAID MAXI DRESS,55.3,79.0,30,True,93
2026-10-05,PLT,with code 10PLT LINEN LOOK HALTERNECK BOW DETAIL SHIFT DRESS,12.5,32.0,61,True,93
2026-10-05,PLT,with code 10PLT OASIS STRAPPY COWL NECK MAXI BRIDESMAID DRESS,22.0,89.0,75,True,93
2026-10-05,PLT,with code 10PLT TALL BOOHOO TALL SATIN STRUCTURED SQUARE NECK SKATER DRESS,24.0,32.0,25,True,93
2026-10-05,PLT,with code 10PLT BOOHOO ONE SHOULDER RUCHED WAIST DRESS,10.0,26.0,62,True,93
2026-10-05,PLT,with code 10PLT RUCHED NECK SLEEVELESS MAXI DRESS,12.0,24.0,50,True,93
2026-10-05,PLT,ICONIC PRICES PLUS PLUS BRUSHED RIB LONG SLEEVE RUCHED MAXI DRESS,12.0,28.0,57,True,93
2026-10-05,PLT,ICONIC PRICES SATIN CORSET MIDAXI DRESS,11.0,34.0,68,True,93
2026-10-05,PLT,with code 10PLT CONTRAST WOVEN BANDEAU BUTTON DETAIL MINI DRESS,18.0,36.0,50,True,93
2026-10-05,PLT,with code 10PLT LACE BOAT NECK MINI SHIFT DRESS,22.5,45.0,50,True,93
2026-10-05,PLT,with code 10PLT NASTYGAL DEVORE FLORAL CAP SLEEVE LACE TRIM FLOATY MINI DRESS,24.5,35.0,30,True,93
2026-10-05,PLT,with code 10PLT PETITE KARENMILLEN PETITE BANDAGE FIGURE FORM KNIT EMBELLISHED MAXI DRESS,59.0,169.0,65,True,93
2026-10-05,PLT,with code 10PLT COAST LACE TRIM TIERED ORGANZA MIDI DRESS,60.0,139.0,57,True,93
2026-10-05,PLT,with code 10PLT DOROTHY PERKINS BLUE DITSY V NECK SHIRRED WAIST PRINTED JERSEY MIDI DRESS,18.0,35.0,49,True,93
2026-10-05,PLT,with code 10PLT PETITE BOOHOO PETITE CHIFFON LAYERED RUFFLE DETAIL MAXI DRESS,24.0,32.0,25,True,93
2026-10-05,PLT,with code 10PLT MISSPAP TAILORED CORSET CHIFFON MIX SKATER SKIRT MINI,41.3,59.0,30,True,93
2026-10-05,PLT,with code 10PLT TEXTU ASYMMETRIC SHIFT DRESS,10.0,24.0,58,True,93
2026-10-05,PLT,with code 10PLT SHEER MAXI DRESS,16.0,32.0,50,True,93
2026-10-05,PLT,with code 10PLT WOVEN TAILORED CUT OUT DETAIL MAXI DRESS,7.5,35.0,79,True,93
2026-10-05,PLT,with code 10PLT RIBBED BARDOT WRAP DETAIL BODYCON DRESS,19.5,26.0,25,True,93
2026-10-05,PLT,with code 10PLT DRAPED SATIN SHIRT DRESS,30.0,40.0,25,True,93
2026-10-05,PLT,with code 10PLT BOOHOO SUPER SOFT RUCHED MINI DRESS,18.0,24.0,25,True,93
2026-10-05,PLT,with code 10PLT MISSPAP SATIN OFF SHOULDER ASYMMETRIC BODYCON MINI DRESS,11.0,45.0,76,True,93
2026-10-05,PLT,with code 10PLT WAREHOUSE TEXTURED ORGANZA WRAP TIER SMOCK MIDI DRESS,23.0,69.0,67,True,93
2026-10-05,PLT,with code 10PLT PETITE KARENMILLEN PETITE WOVEN KNIT MIX PLEATED MIDI DRESS,45.0,129.0,65,True,93
2026-10-05,PLT,with code 10PLT COAST EMBROIDERED AND EMBELLISHED LONG SLEEVE MIDI DRESS,60.0,169.0,64,True,93
2026-10-05,PLT,with code 10PLT PREMIUM LACE STRUCTURED HIP DETAIL BLAZER DRESS,24.0,60.0,60,True,93
2026-10-05,PLT,with code 10PLT SATIN PLUNGE NECK SCARF DETAIL MAXI DRESS,26.25,35.0,25,True,93
2026-10-05,PLT,with code 10PLT HALTER NECK LIGHTWEIGHT DENIM MINI DRESS,10.0,25.0,60,True,93
2026-10-05,PLT,with code 10PLT PETITE BOOHOO PETITE BASIC DENIM SHIFT DRESS,22.5,30.0,25,True,93
2026-10-05,PLT,with code 10PLT SATIN V NECK KNOT DETAIL MAXI DRESS,18.0,36.0,50,True,93
2026-10-05,PLT,with code 10PLT NASTYGAL CHAMBRAY SCARF TWIST FRONT STRAPPY MINI DRESS,17.5,25.0,30,True,93
2026-10-05,PLT,with code 10PLT BOOHOO TEXTURED VOLUME SLEEVE MINI DRESS,17.0,25.0,32,True,93
2026-10-05,PLT,with code 10PLT RIBBED HIGH NECK CAP SLEEVE BODYCON DRESS,9.5,26.0,63,True,93
2026-10-05,PLT,with code 10PLT DOUBLE LAYER SLINKY EYELET BARDOT LONG SLEEVE MINI DRESS,13.0,26.0,50,True,93
2026-10-05,PLT,with code 10PLT SATIN BANDEAU RUCHED DETAIL MINI DRESS,14.0,28.0,50,True,93
2026-10-05,PLT,with code 10PLT HALTERNECK RUCHED DETAIL MAXI DRESS,21.0,42.0,50,True,93
2026-10-05,PLT,with code 10PLT BOOHOO PRINTED DOUBLE LAYER SLINKY COWL NECK RUCHED SIDE LACE INSERT MINI DRESS,27.0,36.0,25,True,94
2026-10-05,PLT,with code 10PLT BOOHOO CHIFFON COWL NECK SHIRT DRESS,21.75,29.0,25,True,94
2026-10-05,PLT,with code 10PLT DOUBLE LAYER SLINKY BOAT NECK WRAP DETAIL MAXI DRESS,22.5,30.0,25,True,94
2026-10-05,PLT,with code 10PLT SATIN TWIST PLUNGE HALTERNECK MAXI DRESS,27.5,55.0,50,True,94
2026-10-05,PLT,with code 10PLT BOOHOO LINEN LOOK DRAPE STRAP BACK MAXI DRESS,24.0,32.0,25,True,94
2026-10-05,PLT,with code 10PLT PLT label DOUBLE LAYER SLINKY PLUNGE LONG SLEEVE MAXI DRESS,7.0,28.0,75,True,94
2026-10-05,PLT,with code 10PLT SLINKY CUT OUT BODYCON MAXI DRESS,10.0,20.0,50,True,94
2026-10-05,PLT,with code 10PLT WRAP NECK DETAIL MAXI DRESS,13.0,26.0,50,True,94
2026-10-05,PLT,with code 10PLT BOOHOO SUPER SOFT BRUSHED KNIT ROLL NECK MINI DRESS,19.5,26.0,25,True,94
2026-10-05,PLT,with code 10PLT BOOHOO 2 IN 1 LINEN LOOK TAILORED MINI DRESS,25.0,38.0,34,True,94
2026-10-05,PLT,with code 10PLT COAST LISA TAN 3D FLORAL OMBRE PRINTED MIDI DRESS,40.0,149.0,73,True,94
2026-10-05,PLT,BOOHOO TEXTURED WOVEN CROSS HALTER NECK MAXI DRESS,19.5,26.0,25,True,94
2026-10-05,PLT,with code 10PLT BOOHOO PREMIUM HOTFIX COWL BACK DETAIL MINI DRESS,33.75,45.0,25,True,94
2026-10-05,PLT,with code 10PLT WAREHOUSE BRODERIE MIX TIERED MIDI DRESS,53.0,99.0,46,True,94
2026-10-05,PLT,with code 10PLT PLT LABEL SLINKY CUT OUT RUCHED BODYCON DRESS,20.0,40.0,50,True,94
2026-10-05,PLT,with code 10PLT SLINKY HALTERNECK DRAPED DETAIL MAXI DRESS,18.0,36.0,50,True,94
2026-10-05,PLT,with code 10PLT WOVEN LONG SLEEVE TOGGLE WAIST BLAZER DRESS,33.75,45.0,25,True,94
2026-10-05,PLT,with code 10PLT CHIFFON V NECK MAXI DRESS,25.0,50.0,50,True,94
2026-10-05,PLT,with code 10PLT BOOHOO ANIMAL PRINTED MESH FLARE SLEEVE MINI DRESS,17.25,23.0,25,True,94
2026-10-05,PLT,with code 10PLT PINSTRIPE ASYMMETRIC BODYCON DRESS,12.5,25.0,50,True,94
2026-10-05,PLT,with code 10PLT GOLD CUFF DETAIL KNITTED MAXI DRESS,15.0,30.0,50,True,94
2026-10-05,PLT,with code 10PLT TALL TALL TRIM DETAIL ASYMMETRIC MINI DRESS,12.0,26.0,54,True,94
2026-10-05,PLT,ICONIC PRICES LONG SLEEVE ASYMMETRIC KNITTED MINI DRESS,13.0,26.0,50,True,94
2026-10-05,PLT,with code 10PLT KARENMILLEN PEPLUM DETAIL BELTED LACE MIDI DRESS,229.0,229.0,0,False,94
2026-10-05,PLT,with code 10PLT MISSPAP PREMIUM BUSTIER CORDED LACE MIDI DRESS,48.3,69.0,30,True,94
2026-10-05,PLT,with code 10PLT BOOHOO COTTON POPLIN SHIRRED BODICE PUFF SLEEVE MINI DRESS,16.5,22.0,25,True,94
2026-10-05,PLT,with code 10PLT COAST 3D CORSAGE LINEN MINI DRESS,35.0,99.0,65,True,94
2026-10-05,PLT,with code 10PLT PETITE KARENMILLEN PETITE DENIM MIDI PENCIL DRESS,129.0,129.0,0,False,94
2026-10-05,PLT,with code 10PLT MISSPAP CHIFFON RUFFLE SHEER MAXI DRESS,38.5,55.0,30,True,94
2026-10-05,PLT,with code 10PLT MISSPAP KNITTED WRAP FRONT SPLIT HEM MAXI DRESS,15.0,45.0,67,True,94
2026-10-05,PLT,with code 10PLT DOROTHY PERKINS ANIMAL FRILL WAIST DETAIL BLOUSON SLEEVE MIDI DRESS,12.0,39.0,69,True,94
2026-10-05,PLT,with code 10PLT MULTI OMBRE PRINTED BANDEAU MAXI DRESS,23.25,31.0,25,True,94
2026-10-05,PLT,with code 10PLT BOOHOO POLKA DOT MONO SPLIT COWL BACK MAXI DRESS,21.0,28.0,25,True,94
2026-10-05,PLT,with code 10PLT HALTERNECK RUCHED DETAIL MINI DRESS,22.5,30.0,25,True,94
2026-10-05,PLT,with code 10PLT PETITE DOROTHY PERKINS PETITE FRILL SHOULDER DETAIL MIDI DRESS,12.0,42.0,71,True,94
2026-10-05,PLT,with code 10PLT STRETCH WOVEN FRILL HEM SHIFT DRESS,18.0,24.0,25,True,94
2026-10-05,PLT,with code 10PLT MISSPAP CHIFFON RUFFLE SHEER MAXI DRESS,20.0,55.0,64,True,94
2026-10-05,PLT,with code 10PLT MISSPAP KNOT DETAIL DETACHABLE STRAP BRIDESMAID DRESS,21.0,65.0,68,True,94
2026-10-05,PLT,with code 10PLT NASTYGAL RING TRIM DETAIL DENIM MINI DRESS,27.3,39.0,30,True,94
2026-10-05,PLT,with code 10PLT PETITE KARENMILLEN PETITE THIGH HIGH SPLIT EMBELLISHED WOVEN FRINGED MIDI DRESS,164.0,469.0,65,True,94
2026-10-05,PLT,with code 10PLT PETITE KARENMILLEN PETITE FIGURE FORM BANDAGE KNIT PIPING DETAIL MILITARY MIDI DRESS,63.0,179.0,65,True,94
2026-10-05,PLT,with code 10PLT BOOHOO LINEN BEADED DROP WAIST MINI DRESS,15.0,22.0,32,True,94
2026-10-05,PLT,with code 10PLT FUSCHIA SATIN CONTRAST STRAPPY MAXI DRESS,18.0,50.0,64,True,94
2026-10-05,PLT,with code 10PLT FLORAL STRAPPY ASYMMETRIC MIDAXI DRESS,20.5,45.0,54,True,94
2026-10-05,PLT,with code 10PLT WAREHOUSE CHIFFON BOHEMIAN BUTTON THROUGH FLORAL MAXI DRESS,35.0,79.0,56,True,94
2026-10-05,PLT,with code 10PLT EXTREME PLEATED HIGH NECK SLEEVELESS MAXI DRESS,9.5,50.0,81,True,94
2026-10-05,PLT,with code 10PLT NASTYGAL SATIN WRAP TIE NECK COWL FRONT MINI DRESS,20.3,29.0,30,True,94
2026-10-05,PLT,with code 10PLT PLUS PLUS FLORAL PRINT MESH BODYCON DRESS,14.5,36.0,60,True,94
2026-10-05,PLT,with code 10PLT BOOHOO STRAPPY DENIM MINI DRESS,15.0,20.0,25,True,94
2026-10-05,PLT,with code 10PLT PLUS PLUS VELVET CAPE TASSEL HEM MINI DRESS,30.0,60.0,50,True,94
2026-10-05,PLT,with code 10PLT FAUX SUEDE FRILL HEM SHIFT DRESS,16.25,35.0,54,True,94
2026-10-05,PLT,with code 10PLT KARENMILLEN SOFT TAILORED ONE SHOULDER PENCIL MIDI DRESS,66.0,189.0,65,True,94
2026-10-05,PLT,with code 10PLT MESH BARDOT RUCHED DETAIL MAXI DRESS,25.5,34.0,25,True,94
2026-10-05,PLT,with code 10PLT TIERED STRAPPY SHIFT DRESS,13.0,22.0,41,True,94
2026-10-05,PLT,with code 10PLT TALL KARENMILLEN TALL ITALIAN STRUCTURED TEXTURED SATIN BANDEAU TAILORED MAXI DRESS,56.0,279.0,80,True,94
2026-10-05,PLT,with code 10PLT MISSPAP PREMIUM TAILORED MESH PANEL VELVET DRESS,23.0,75.0,69,True,94
2026-10-05,PLT,with code 10PLT VELVET PUFF BALL DRESS,22.5,30.0,25,True,94
2026-10-05,PLT,with code 10PLT WOVEN BOAT NECK LONG SLEEVE SHIFT DRESS,17.5,35.0,50,True,94
2026-10-05,PLT,with code 10PLT SHAPE SHAPE FAUX LEATHER STUDDED HALTER NECK MAXI DRESS,22.0,50.0,56,True,94
2026-10-05,PLT,ICONIC PRICES BOOHOO TEXTURED RUFFLE DETAIL MINI DRESS,24.0,32.0,25,True,94
2026-10-05,PLT,with code 10PLT PLUS BOOHOO PLUS POLKA DOT BANDEAU PEP HEM MIDAXI DRESS,22.5,30.0,25,True,94
2026-10-05,PLT,with code 10PLT BOOHOO SUPER SOFT MODAL LOW OPEN BACK DRESS,19.5,26.0,25,True,94
2026-10-05,PLT,with code 10PLT SATIN SCOOP NECK MINI SHIFT DRESS,14.0,28.0,50,True,94
2026-10-05,PLT,with code 10PLT PETITE BOOHOO PETITE LINEN LOOK DRAPE TWIST STRAP MINI DRESS,19.0,32.0,41,True,94
2026-10-05,PLT,with code 10PLT STRAPPY SCUBA PUFFBALL DRESS,19.5,26.0,25,True,94
2026-10-05,PLT,with code 10PLT CABLE KNIT SHORT SLEEVE MINI DRESS,13.0,26.0,50,True,94
2026-10-05,PLT,with code 10PLT DOUBLE LAYER SLINKY PLUNGE TRIM DETAIL MAXI DRESS,14.0,28.0,50,True,94
2026-10-05,PLT,with code 10PLT PINSTRIPE BANDEAU BELTED SHIFT DRESS,22.5,45.0,50,True,94
2026-10-05,PLT,with code 10PLT BOOHOO LACE DETAIL HALTERNECK MAXI DRESS,18.75,25.0,25,True,94
2026-10-05,PLT,with code 10PLT BOOHOO SLINKY BOAT NECK LACE HEM MIDI DRESS,17.25,23.0,25,True,94
2026-10-05,PLT,with code 10PLT COAST LISA TAN BOW DETAIL CREPE WAISTCOAT MIDI DRESS,40.0,139.0,71,True,95
2026-10-05,PLT,with code 10PLT COAST BANDAGE BODICE JACQUARD SKIRT MIDI SHIRT DRESS,70.0,129.0,46,True,95
2026-10-05,PLT,with code 10PLT DITSY FLORAL PRINTED CORSET SKATER MIDAXI DRESS,40.0,85.0,53,True,95
2026-10-05,PLT,with code 10PLT BOOHOO CROCHET MAXI BEACH DRESS,26.25,35.0,25,True,95
2026-10-05,PLT,with code 10PLT LINEN LOOK BUTTON DOWN DROPPED WAIST MAXI DRESS,14.5,28.0,48,True,95
2026-10-05,PLT,with code 10PLT PLUS BOOHOO PLUS MIXED FLORAL FLARED SLEEVE SHIFT DRESS,22.5,30.0,25,True,95
2026-10-05,PLT,with code 10PLT PETITE PETITE FLORAL CUT OUT SIDE BANDEAU KNITTED MINI DRESS,12.0,24.0,50,True,95
2026-10-05,PLT,with code 10PLT PLT label BOOHOO TONAL POLKA DOT RUCHED BODICE MAXI DRESS,26.25,35.0,25,True,95
2026-10-05,PLT,with code 10PLT KARENMILLEN COTTON COLLARED STRIPE HALTER NECK WOVEN MIDI SHIRT DRESS WITH DROPPED WAIST DETAIL,59.0,119.0,50,True,95
2026-10-05,PLT,with code 10PLT FLORAL UNDERWIRED SHIFT DRESS,16.0,35.0,54,True,95
2026-10-05,PLT,with code 10PLT SEQUIN HALTER NECK LACE UP MINI DRESS,17.0,38.0,55,True,95
2026-10-05,PLT,with code 10PLT BOOHOO SHORT SLEEVE SCARF DETAIL MINI DRESS,22.0,32.0,31,True,95
2026-10-05,PLT,with code 10PLT BOOHOO SNAKE PRINT CHIFFON SMOCK DRESS,7.0,25.0,72,True,95
2026-10-05,PLT,with code 10PLT MISSPAP BANDEAU STRUCTURED BOW TWILL MINI DRESS,20.0,55.0,64,True,95
2026-10-05,PLT,with code 10PLT SATIN CORSET FLOWER DRAPE SHIFT DRESS,12.5,36.0,65,True,95
2026-10-05,PLT,with code 10PLT JERSEY ONE SHOULDER RUCHED DETAIL MAXI DRESS,12.0,24.0,50,True,95
2026-10-05,PLT,with code 10PLT SOFT TOUCH RUCHED DRAPE MINI DRESS,18.0,36.0,50,True,95
2026-10-05,PLT,with code 10PLT FAUX SUEDE BANDEAU DROPPED WAIST MAXI DRESS,14.0,28.0,50,True,95
2026-10-05,PLT,with code 10PLT NASTYGAL COTTON LACE TRIM PINTUCK TIE SIDE MINI DRESS,27.3,39.0,30,True,95
2026-10-05,PLT,with code 10PLT KARENMILLEN VELVET GROISGRAIN BANDEAU MIDI TAILORED DRESS,84.0,239.0,65,True,95
2026-10-05,PLT,with code 10PLT PETITE KARENMILLEN PETITE TAILORED COTTON SATEEN HALTER FULL MIDI DRESS,99.0,199.0,50,True,95
2026-10-05,PLT,with code 10PLT WAREHOUSE CHECK V NECK VOLUME SLEEVE MINI DRESS,27.0,69.0,61,True,95
2026-10-05,PLT,with code 10PLT COAST PLEAT BODICE JEWELL STRAP MINI DRESS,40.0,119.0,66,True,95
2026-10-05,PLT,with code 10PLT COAST LISA TAN BOW DETAIL FLORAL PRINTED MIDI DRESS,40.0,139.0,71,True,95
2026-10-05,PLT,BOOHOO CINCHED HEM HIGH NECK KNITTED MINI DRESS,22.5,30.0,25,True,95
2026-10-05,PLT,with code 10PLT BOOHOO TIE FRONT RUCHED BUST MINI DRESS,18.75,25.0,25,True,95
2026-10-05,PLT,with code 10PLT DOROTHY PERKINS FRILL DETAIL FLORAL TIERED PRINTED POPLIN MAXI DRESS,18.0,45.0,60,True,95
2026-10-05,PLT,with code 10PLT COAST WRAP TOP SATIN SKIRT SHORT SLEEVE MIDI DRESS,107.1,119.0,10,True,95
2026-10-05,PLT,with code 10PLT SATIN MESH DETAIL BARDOT MINI DRESS,15.5,32.0,52,True,95
2026-10-05,PLT,with code 10PLT LINEN LOOK TIE WAIST SHIRT DRESS,12.0,30.0,60,True,95
2026-10-05,PLT,with code 10PLT JERSEY BONED CORSET OVERLAY MINI DRESS,13.5,27.0,50,True,95
2026-10-05,PLT,with code 10PLT HIGH NECK COWL BACKLESS BODYCON DRESS,15.0,20.0,25,True,95
2026-10-05,PLT,with code 10PLT PLT LABEL PLT LABEL TIE SIDE BLAZER DRESS,45.0,60.0,25,True,95
2026-10-05,PLT,with code 10PLT CHECK BOAT NECK LONG SLEEVE BODYCON DRESS,10.0,28.0,64,True,95
2026-10-05,PLT,with code 10PLT PLUS PLUS PREMIUM LINEN CINCHED WAIST COCOON SLEEVE MINI DRESS,25.0,50.0,50,True,95
2026-10-05,PLT,ICONIC PRICES PRINTED BANDEAU RUCHED DETAIL MAXI DRESS,24.5,35.0,30,True,95
2026-10-05,PLT,with code 10PLT DRAPE DETAIL BODYCON MINI DRESS,20.0,38.0,47,True,95
2026-10-05,PLT,ICONIC PRICES BOOHOO POLKA DOT HALTERNECK MINI DRESS,18.75,25.0,25,True,95
2026-10-05,PLT,with code 10PLT KARENMILLEN FLORAL CRINKLE GEORGETTE RUFFLE DETAIL HALTER NECK WOVEN MAXI DRESS,45.0,129.0,65,True,95
2026-10-05,PLT,with code 10PLT COAST LISA TAN EMBROIDERED MESH PLEATED SKIRT MIDI DRESS,60.0,139.0,57,True,95
2026-10-05,PLT,with code 10PLT KARENMILLEN TAILORED LINEN CORSET BACK DETAIL MAXI DRESS,80.0,229.0,65,True,95
2026-10-05,PLT,with code 10PLT BOOHOO UTILITY PLEAT DETAIL HALTER MINI DRESS,20.25,27.0,25,True,95
2026-10-05,PLT,with code 10PLT SEQUIN SCOOP NECK MINI DRESS,13.5,32.0,58,True,95
2026-10-05,PLT,with code 10PLT TALL BOOHOO TALL TEXTURED CRINKLE STRAPPY TIERED MAXI DRESS,20.0,30.0,33,True,95
2026-10-05,PLT,with code 10PLT SATIN COWL BACK LACE DETAIL MAXI DRESS,14.0,40.0,65,True,95
2026-10-05,PLT,with code 10PLT SATIN STRAPPY BUTTON DETAIL FRILL HEM MAXI DRESS,13.5,34.0,60,True,95
2026-10-05,PLT,with code 10PLT PU SQUARE NECK MINI DRESS,15.0,30.0,50,True,95
2026-10-05,PLT,ICONIC PRICES PETITE PETITE BODYCON SLINKY CUT OUT MAXI DRESS,13.5,18.0,25,True,95
2026-10-05,PLT,with code 10PLT WOVEN STRAIGHT NECK SLEEVELESS SHIFT DRESS,15.0,28.0,46,True,95
2026-10-05,PLT,ICONIC PRICES MISSPAP PREMIUM BUSTIER CORDED LACE MIDI DRESS,15.0,69.0,78,True,95
2026-10-05,PLT,with code 10PLT BOOHOO MOLLY SMITH RUCHED SLINKY CUT OUT MAXI DRESS,8.0,28.0,71,True,95
2026-10-05,PLT,with code 10PLT TAILORED BANDEAU PUFFBALL HEM SHIFT DRESS,16.25,35.0,54,True,95
2026-10-05,PLT,with code 10PLT SLINKY PLAIT CUT OUT SIDE LONG SLEEVE BODYCON DRESS,9.0,26.0,65,True,95
2026-10-05,PLT,with code 10PLT SATIN CUT OUT LONG SLEEVE MINI SHIFT DRESS,15.75,34.0,54,True,95
2026-10-05,PLT,with code 10PLT TAILORED WOVEN BUTTON DOWN SHIFT DRESS,16.0,32.0,50,True,95
2026-10-05,PLT,with code 10PLT BOOHOO HALTERNECK TRIM DETAIL CUT OUT MINI DRESS,17.0,25.0,32,True,95
2026-10-05,PLT,with code 10PLT KARENMILLEN CHAIN PRINT WOVEN BALLOON SLEEVE MAXI DRESS,52.0,129.0,60,True,95
2026-10-05,PLT,with code 10PLT BOOHOO SHIRRED DETAIL MAXI SMOCK DRESS,14.0,20.0,30,True,95
2026-10-05,PLT,with code 10PLT BOOHOO SEAM DETAIL BUTTON DOWN DENIM MINI DRESS,20.0,30.0,33,True,95
2026-10-05,PLT,with code 10PLT CHIFFON OPEN BACK STRAPPY BEAD DETAIL MAXI DRESS,19.0,45.0,58,True,95
2026-10-05,PLT,with code 10PLT BOOHOO BEACH CROCHET TIE STRAP MAXI DRESS,13.0,28.0,54,True,95
2026-10-05,PLT,with code 10PLT BRUSHED RIB ROLL NECK SLEEVELESS MAXI DRESS,18.75,25.0,25,True,95
2026-10-05,PLT,with code 10PLT BOOHOO ONE SHOULDER TONAL ANIMAL PRINT MINI DRESS,14.0,26.0,46,True,95
2026-10-05,PLT,with code 10PLT PLUS PLUS CUT OUT ASYM MAXI DRESS,13.0,35.0,63,True,95
2026-10-05,PLT,with code 10PLT PLUS BOOHOO PLUS BARREL SLEEVE SLASH NECK A LINE MINI DRESS,22.5,30.0,25,True,95
2026-10-05,PLT,with code 10PLT PLUS BOOHOO PLUS STRUCTURED A LINE MINI DRESS,27.0,36.0,25,True,95
2026-10-05,PLT,with code 10PLT BOOHOO SPARKLY KNIT STARFISH APPLIQUE MINI DRESS,12.0,30.0,60,True,95
2026-10-05,PLT,with code 10PLT BOOHOO COTTON POPLIN SHIRRED MINI DRESS,16.0,24.0,33,True,95
2026-10-05,PLT,with code 10PLT COAST COLOUR BLOCK BOW DETAIL SATIN MIDI DRESS,35.0,139.0,75,True,95
2026-10-05,PLT,with code 10PLT TALL TALL ASYMMETRIC LONG SLEEVE BARDOT MAXI DRESS,22.5,30.0,25,True,95
2026-10-05,PLT,with code 10PLT STRIPED STRAPPY PUFFBALL DRESS,14.5,30.0,52,True,95
2026-10-05,PLT,with code 10PLT SOFT TOUCH ONE SHOULDER MIDAXI DRESS,12.5,25.0,50,True,95
2026-10-05,PLT,with code 10PLT BOOHOO LINEN LOOK SHIRRED DROP HEM MINI DRESS,9.0,22.0,59,True,96
2026-10-05,PLT,with code 10PLT SHORT SLEEVE DRAPE DETAIL BLAZER DRESS,17.0,45.0,62,True,96
2026-10-05,PLT,with code 10PLT WAREHOUSE VISCOSE SATIN JACQUARD BARDOT GODET INSERT MILKMAID MIDI DRESS,22.0,85.0,74,True,96
2026-10-05,PLT,with code 10PLT PLUS BOOHOO PLUS LEOPARD DOT CHIFFON SMOCK DRESS,21.0,28.0,25,True,96
2026-10-05,PLT,with code 10PLT BOOHOO RUCHED BUST PUFF SLEEVE MINI DRESS,18.75,25.0,25,True,96
2026-10-05,PLT,with code 10PLT PLT label MISSPAP RUCHED DETAIL VOLUME SHOULDER MINI DRESS,15.0,45.0,67,True,96
2026-10-05,PLT,with code 10PLT BOOHOO ANIMAL PRINT ASYMMETRIC SHOULDER TIE FRONT MINI DRESS,22.5,30.0,25,True,96
2026-10-05,PLT,with code 10PLT PLUS PLUS EMBROIDERED FRILL MAXI DRESS,17.5,35.0,50,True,96
2026-10-05,PLT,with code 10PLT SLINKY CUT OUT BODYCON RUCHED LONG SLEEVE DRESS,12.0,24.0,50,True,96
2026-10-05,PLT,with code 10PLT BOOHOO BARDOT TIE SHOULDER DETAIL SKATER DRESS,15.0,20.0,25,True,96
2026-10-05,PLT,with code 10PLT WOVEN PLEATED HEM BLAZER DRESS,13.5,45.0,70,True,96
2026-10-05,PLT,with code 10PLT TEXTURED HIGH NECK PUFFBALL MINI DRESS,10.5,45.0,77,True,96
2026-10-05,PLT,with code 10PLT BOOHOO TEXTURED HALTERNECK DROP HEM MINI DRESS,15.0,30.0,50,True,96
2026-10-05,PLT,with code 10PLT WOVEN BELT WRAP MAXI DRESS,21.0,42.0,50,True,96
2026-10-05,PLT,with code 10PLT MISSPAP BARDOT RUCHED SATIN BRIDESMAID DRESS,23.0,70.0,67,True,96
2026-10-05,PLT,with code 10PLT DOROTHY PERKINS DP LUXE FLOWER DETAIL SQUARE NECK PRINTED ORGANZA MIDI DRESS,25.0,59.0,58,True,96
2026-10-05,PLT,with code 10PLT MISSPAP PREMIUM FLORAL PRINT TIE NECK MAXI DRESS.,15.0,59.0,75,True,96
2026-10-05,PLT,with code 10PLT WAREHOUSE PETITE BONDED VELVET MINI BUSTIER DRESS,20.0,55.0,64,True,96
2026-10-05,PLT,with code 10PLT KARENMILLEN ABSTRACT PRINT VISCOSE LINEN WOVEN RUFFLE SLEEVE MIDI DRESS,52.0,149.0,65,True,96
2026-10-05,PLT,with code 10PLT OASIS SQUARE NECK COTTON OCCASION MAXI DRESS,28.0,69.0,59,True,96
2026-10-05,PLT,with code 10PLT PETITE KARENMILLEN PETITE ROMANTIC FLORAL PRINT PROM WOVEN MAXI DRESS,87.0,249.0,65,True,96
2026-10-05,PLT,with code 10PLT PETITE WAREHOUSE PETITE SNAKE PRINT RUFFLE DETAIL BELTED MAXI DRESS,20.0,79.0,75,True,96
2026-10-05,PLT,with code 10PLT SOFT TOUCH TRIM DETAIL MIDAXI DRESS,15.0,30.0,50,True,96
2026-10-05,PLT,with code 10PLT WOVEN COLLAR NECK SHORT SLEEVE MINI DRESS,20.0,40.0,50,True,96
2026-10-05,PLT,with code 10PLT SNAKE PRINT DOUBLE LAYER SLINKY TWIST BODYCON DRESS,9.25,20.0,54,True,96
2026-10-05,PLT,with code 10PLT DOROTHY PERKINS SEQUIN BLAZER DRESS,52.0,65.0,20,True,96
2026-10-05,PLT,with code 10PLT PETITE PETITE BUTTERCREAM TIE SIDE ONE SHOULDER RUCHED HEM SLINKY MAXI DRESS,23.25,31.0,25,True,96
2026-10-05,PLT,with code 10PLT BOOHOO BANDEAU POPLIN MINI SKATER DRESS,16.5,22.0,25,True,96
2026-10-05,PLT,with code 10PLT TALL BOOHOO TALL BOXY SHORT SLEEVE DENIM DRESS,18.75,25.0,25,True,96
2026-10-05,PLT,with code 10PLT STRIPED BANDEAU SHIFT MINI DRESS,8.25,24.0,66,True,96
2026-10-05,PLT,with code 10PLT TAILORED WOVEN PLEATED BELT BLAZER DRESS,33.75,45.0,25,True,96
2026-10-05,PLT,with code 10PLT TALL TALL FLORAL TEXTURED STRAIGHT NECK STRAPPY MINI DRESS,8.5,22.0,61,True,96
2026-10-05,PLT,with code 10PLT NASTYGAL TWO TONE FAUX LEATHER PANELLED MINI DRESS,27.3,39.0,30,True,96
2026-10-05,PLT,with code 10PLT WOVEN SEAM DETAIL MINI DRESS,17.0,34.0,50,True,96
2026-10-05,PLT,with code 10PLT BOOHOO SCOOP NECK STUDDED DETAIL MAXI DRESS,15.0,38.0,61,True,96
2026-10-05,PLT,with code 10PLT STRETCH SHOULDER ONE SLEEVE MINI DRESS,12.0,16.0,25,True,96
2026-10-05,PLT,with code 10PLT MISSPAP HIGH NECK SATIN COWL BACK BRIDESMAID DRESS,22.0,70.0,69,True,96
2026-10-05,PLT,with code 10PLT PLUS KARENMILLEN PLUS SIZE KNIT STITCH DETAIL SLEEVELESS MIDI DRESS,56.0,159.0,65,True,96
2026-10-05,PLT,with code 10PLT KARENMILLEN COLOUR BLOCK RIB KNITTED MAXI DRESS,45.0,129.0,65,True,96
2026-10-05,PLT,with code 10PLT BOOHOO SHIRRED WAIST RUCHED BUST MINI DRESS,19.5,26.0,25,True,96
2026-10-05,PLT,with code 10PLT WOVEN PLEATED SHIFT DRESS,30.0,40.0,25,True,96
2026-10-05,PLT,with code 10PLT PALE BLUE MESH COWL NECK DROP HEM FLOATY MIDAXI DRESS,19.0,38.0,50,True,96
2026-10-05,PLT,with code 10PLT COAST LISA TAN CROSS NECK STRUCTURED SATIN BOW DETAIL MIDI DRESS,45.0,139.0,68,True,96
2026-10-05,PLT,with code 10PLT BOOHOO TONAL CHECK MINI DRESS,19.5,26.0,25,True,96
2026-10-05,PLT,with code 10PLT SATIN BOW DRAPE BODYCON DRESS,20.0,40.0,50,True,96
2026-10-05,PLT,with code 10PLT DOUBLE LAYERED SLINKY RUCHED SHORT SLEEVE MINI DRESS,5.5,28.0,80,True,96
2026-10-05,PLT,with code 10PLT JERSEY WRAP SCARF DETAIL MINI DRESS,20.0,40.0,50,True,96
2026-10-05,PLT,with code 10PLT COTTON POPLIN WRAP DETAIL LONG SLEEVE SHIRT DRESS,17.5,35.0,50,True,96
2026-10-05,PLT,with code 10PLT COAST WRAP FRONT FRILL HEM CAP SLEEVE BRIDESMAID DRESS,35.0,129.0,73,True,96
2026-10-05,PLT,with code 10PLT PETITE KARENMILLEN PETITE PAISLEY BLUE PLEATED WOVEN MAXI DRESS,52.0,149.0,65,True,96
2026-10-05,PLT,with code 10PLT KARENMILLEN FRINGE BANDAGE V NECK KNIT MIDI DRESS,80.0,199.0,60,True,96
2026-10-05,PLT,with code 10PLT MISSPAP KEYHOLE DETAIL FITTED MINI T-SHIRT DENIM DRESS,15.0,32.0,53,True,96
2026-10-05,PLT,with code 10PLT SHAPE SHAPE RUCHED FRONT DROPPED HEM MAXI DRESS,18.5,38.0,51,True,96
2026-10-05,PLT,with code 10PLT BOOHOO SUPER SOFT TIE WAIST DETAIL MINI DRESS,11.0,28.0,61,True,96
2026-10-05,PLT,with code 10PLT WOVEN PLEATED DETAIL MAXI DRESS,22.0,40.0,45,True,96
2026-10-05,PLT,ICONIC PRICES TEXTURED BARDOT BELT DETAIL MAXI DRESS,19.6,28.0,30,True,96
2026-10-05,PLT,ICONIC PRICES CHIFFON RUCHED ONE SLEEVE MINI DRESS,14.0,28.0,50,True,96
2026-10-05,PLT,with code 10PLT WOVEN OVERSIZED SHORT SLEEVE BELTED MINI DRESS,19.0,38.0,50,True,96
2026-10-05,PLT,with code 10PLT SLINKY DRAPED ASYMMETRIC OPEN BACK BODYCON DRESS,8.5,22.0,61,True,96
2026-10-05,PLT,with code 10PLT KARENMILLEN VISCOSE SATIN RUCHED COWL NECK MIDI DRESS,179.0,179.0,0,False,96
2026-10-05,PLT,with code 10PLT WAREHOUSE PLACEMENT PRINT CRINKLE SATIN RUCHED MIDI DRESS,21.0,69.0,70,True,96
2026-10-05,PLT,with code 10PLT PETITE KARENMILLEN PETITE PLEAT DETAIL PONTE KEYHOLE MIDI DRESS,129.0,129.0,0,False,96
2026-10-05,PLT,with code 10PLT PETITE KARENMILLEN PETITE CHECK PU TRIM ASYMMETRIC HEM MIDI DRESS,159.0,159.0,0,False,96
2026-10-05,PLT,with code 10PLT BANDAGE TASSEL HEM BODYCON DRESS,19.5,50.0,61,True,97
2026-10-05,PLT,with code 10PLT RUCHED SKATER HEM MIDAXI DRESS,19.25,55.0,65,True,97
2026-10-05,PLT,with code 10PLT PEARL HIGH NECK SLEEVELESS MAXI DRESS,25.0,50.0,50,True,97
2026-10-05,PLT,with code 10PLT BOOHOO SLASH NECK FIT & FLARE MICRO MINI DRESS,21.0,28.0,25,True,97
2026-10-05,PLT,with code 10PLT PETITE PETITE BABY FRONT SEAM DETAIL MAXI DRESS,14.25,32.0,55,True,97
2026-10-05,PLT,with code 10PLT BOOHOO TAILORED PUFF SLEEVE SHIFT DRESS,22.5,30.0,25,True,97
2026-10-05,PLT,with code 10PLT MISSPAP TIE DETAIL STRAPPY SATIN MAXI DRESS,18.0,55.0,67,True,97
2026-10-05,PLT,with code 10PLT PLT label POLKA DOT BANDEAU PUFF BALL DRESS,17.0,34.0,50,True,97
2026-10-05,PLT,with code 10PLT BOW DETAIL WOVEN SHIFT DRESS,18.0,36.0,50,True,97
2026-10-05,PLT,with code 10PLT CHIFFON BANDEAU SHEERED WAIST MAXI DRESS,24.5,35.0,30,True,97
2026-10-05,PLT,with code 10PLT WOVEN OVERSIZED SHORT SLEEVE BELTED MINI DRESS,9.0,40.0,78,True,97
2026-10-05,PLT,with code 10PLT ORGANZA SHIFT OFF SHOULDER DRESS,15.0,30.0,50,True,97
2026-10-05,PLT,with code 10PLT FAUX SUEDE KNOT DETAIL LONG SLEEVE MAXI DRESS,12.0,24.0,50,True,97
2026-10-05,PLT,with code 10PLT RUCHED NECK SLEEVELESS MAXI DRESS,15.0,24.0,38,True,97
2026-10-05,PLT,ICONIC PRICES COTTON POPLIN WRAP DETAIL LONG SLEEVE SHIRT DRESS,17.5,35.0,50,True,97
2026-10-05,PLT,with code 10PLT MISSPAP PREMIUM FRINGE BEAD MINI DRESS,104.0,149.0,30,True,97
2026-10-05,PLT,with code 10PLT PLUS BOOHOO PLUS ROSE PRINT MESH RUCHED RUFFLE MAXI DRESS,21.0,28.0,25,True,97
2026-10-05,PLT,with code 10PLT BOOHOO BURNOUT RUFFLE DETAIL VOLUME SLEEVE MINI DRESS,17.25,23.0,25,True,97
2026-10-05,PLT,with code 10PLT BOOHOO TEXTURED WRAP FRONT VOLUME SLEEVE MIDAXI DRESS,16.0,26.0,38,True,97
2026-10-05,PLT,with code 10PLT DOROTHY PERKINS GREEN FLORAL WRAP FRONT LACE DETAIL TIERED PRINTED MAXI DRESS,22.0,45.0,51,True,97
2026-10-05,PLT,with code 10PLT BOOHOO TONAL FLORAL DRAPE DETAIL MAXI DRESS,22.5,30.0,25,True,97
2026-10-05,PLT,with code 10PLT PLUS PLUS RUCHED CHIFFON MAXI BEACH DRESS,15.0,30.0,50,True,97
2026-10-05,PLT,ICONIC PRICES NASTYGAL TIE WAIST DENIM MINI DRESS,27.3,39.0,30,True,97
2026-10-05,PLT,with code 10PLT PINSTRIPE HALTERNECK BELTED SHIFT DRESS,13.5,34.0,60,True,97
2026-10-05,PLT,with code 10PLT TWILL SHOULDER PAD OVERSIZED BLAZER DRESS,26.25,35.0,25,True,97
2026-10-05,PLT,with code 10PLT SLINKY LONG SLEEVE WRAP TWIST DETAIL MINI DRESS,6.5,26.0,75,True,97
2026-10-05,PLT,with code 10PLT TRIM DETAIL SHIFT DRESS,10.5,28.0,63,True,97
2026-10-05,PLT,with code 10PLT TIERED SHIFT DRESS,11.75,25.0,53,True,97
2026-10-05,PLT,with code 10PLT STRIPED ASYMMETRIC LONG SLEEVE BODYCON DRESS,14.0,28.0,50,True,97
2026-10-05,PLT,with code 10PLT PETITE COAST PETITE PONTE BARDOT MAXI WEDDING DRESS,129.0,129.0,0,False,97
2026-10-05,PLT,with code 10PLT MISSPAP PANELLED KNITTED RIB MINI DRESS,12.0,45.0,73,True,97
2026-10-05,PLT,with code 10PLT PLUS BOOHOO PLUS BENGALINE BOW BACK SKATER DRESS,13.0,25.0,48,True,97
2026-10-05,PLT,with code 10PLT NASTYGAL POLKA DOT STRIPE MIX OFF THE SHOULDER GODET HEM MINI DRESS,24.5,35.0,30,True,97
2026-10-05,PLT,with code 10PLT NASTYGAL DEVORE LACE UP FLUTED SLEEVE MINI DRESS,27.3,39.0,30,True,97
2026-10-05,PLT,with code 10PLT BOOHOO TEXTURED MESH TIE WAIST FLARE SLEEVE DRESS,19.5,26.0,25,True,97
2026-10-05,PLT,with code 10PLT PETITE PETITE FLORAL TIE DETAIL CAP SLEEVE LACE OVERLAY MINI DRESS,15.5,31.0,50,True,97
2026-10-05,PLT,with code 10PLT BOOHOO MESH LARGE FLORAL ONE SHOULDER MINI DRESS,19.5,26.0,25,True,97
2026-10-05,PLT,with code 10PLT PLUS PLUS ASYMMETRICAL HEM MAXI SKIRT,7.75,26.0,70,True,97
2026-10-05,PLT,with code 10PLT BOOHOO SATIN BLOUSON WRAP DRESS,12.0,32.0,63,True,97
2026-10-05,PLT,with code 10PLT WOVEN LONG SLEEVE MINI DRESS,20.0,40.0,50,True,97
2026-10-05,PLT,with code 10PLT TEXTURED LACE UP MAXI DRESS,17.0,34.0,50,True,97
2026-10-05,PLT,with code 10PLT TEXTURED BODYCON DRESS,17.0,34.0,50,True,97
2026-10-05,PLT,with code 10PLT WOVEN BANDEAU DRAPE SCARF DETAIL MINI DRESS,17.0,34.0,50,True,97
2026-10-05,PLT,with code 10PLT PLUS KARENMILLEN PLUS SIZE TWILL COLLARED WOVEN MAXI DRESS,69.0,139.0,50,True,97
2026-10-05,PLT,with code 10PLT BOOHOO SHIRRED DETAIL MINI SMOCK DRESS,13.5,18.0,25,True,97
2026-10-05,PLT,with code 10PLT BOOHOO BASIC DENIM SHIFT DRESS,20.0,30.0,33,True,97
2026-10-05,PLT,with code 10PLT PLUS PLUS ABSTRACT PRINT BARDOT ASYMMETRIC HEM DRESS,20.0,40.0,50,True,97
2026-10-05,PLT,ICONIC PRICES BOOHOO LADDER STITCH DETAIL HALTERNECK MINI DRESS,10.0,20.0,50,True,97
2026-10-05,PLT,with code 10PLT WOVEN HALTER NECK MINI SHIFT DRESS,15.0,30.0,50,True,97
2026-10-05,PLT,with code 10PLT SLINKY DRAPED ASYMMETRIC OPEN BACK BODYCON DRESS,16.5,22.0,25,True,97
2026-10-05,PLT,with code 10PLT SATIN BUCKLE DETAIL SHIFT DRESS,13.5,34.0,60,True,97
2026-10-05,PLT,with code 10PLT CHECK TIE DETAIL STRAPPY SHIFT DRESS,14.0,28.0,50,True,97
2026-10-05,PLT,with code 10PLT TEXTURED JERSEY ASYMMETRIC MAXI DRESS,12.0,24.0,50,True,97
2026-10-05,PLT,with code 10PLT KARENMILLEN FLORAL APPLIQUE EMBELLISHED METALLIC GEORGETTE WOVEN MAXI DRESS,157.0,449.0,65,True,97
2026-10-05,PLT,with code 10PLT TEXTURED JERSEY STRAPPY OPEN BACK MAXI BEACH DRESS,18.75,25.0,25,True,97
2026-10-05,PLT,with code 10PLT DOUBLE LAYER SLINKY DRAPE FRONT MINI DRESS,12.0,24.0,50,True,97
2026-10-05,PLT,with code 10PLT TEXTURED HALTERNECK MINI DRESS,18.0,45.0,60,True,97
2026-10-05,PLT,with code 10PLT PETITE PETITE TWIST SHOULDER SLINKY MAXI DRESS,15.0,20.0,25,True,97
2026-10-05,PLT,with code 10PLT PLUS BOOHOO PLUS FLORAL MESH HIGH COWL MINI DRESS,19.5,26.0,25,True,97
2026-10-05,PLT,with code 10PLT BOOHOO COTTON POPLIN SHIRRED BODICE V NECK PUFF SLEEVE MAXI DRESS,21.0,28.0,25,True,97
2026-10-05,PLT,with code 10PLT CINCHED WAIST PLEATED BLAZER DRESS,21.0,45.0,53,True,97
2026-10-05,PLT,with code 10PLT OVERLAY DETAIL LONG SLEEVE SHIRT DRESS,18.0,34.0,47,True,97
2026-10-05,PLT,ICONIC PRICES SCARF DETAIL RUCHED BODYCON DRESS,11.0,22.0,50,True,97
2026-10-05,PLT,with code 10PLT MISSPAP LACE INSERT SATIN BIAS MAXI DRESS,41.0,59.0,31,True,97
2026-10-05,PLT,with code 10PLT DOROTHY PERKINS PETITE BERRY DITSY FLUTTER SLEEVE FRILL YOKE PRINTED CHIFFON MIDAXI DRESS,22.0,45.0,51,True,97
2026-10-05,PLT,with code 10PLT OASIS CORSAGE ONE SHOULDER MAXI BRIDESMAID DRESS,25.0,89.0,72,True,97
2026-10-05,PLT,with code 10PLT PETITE PETITE PATTERNED HALTERNECK SHIFT DRESS,21.0,28.0,25,True,98
2026-10-05,PLT,with code 10PLT BOOHOO SATIN & LACE DROP HEM MINI DRESS,12.0,32.0,63,True,98
2026-10-05,PLT,with code 10PLT TEXTURED KNIT CUT OUT BARDOT FLORAL APPLIQUE MINI DRESS,16.0,32.0,50,True,98
2026-10-05,PLT,with code 10PLT MISSPAP SPOT PRINT MESH SCARF DRESS,12.0,49.0,76,True,98
2026-10-05,PLT,with code 10PLT PETITE OASIS PETITE TEXTURED TUELLE MINI DRESS,18.0,65.0,72,True,98
2026-10-05,PLT,with code 10PLT CHECK BUTTON DOWN SHORT SLEEVE SHIFT DRESS,12.0,24.0,50,True,98
2026-10-05,PLT,with code 10PLT PLT label CHIFFON COWL NECK FLUTE SLEEVE SHIFT DRESS,11.5,34.0,66,True,98
2026-10-05,PLT,with code 10PLT STRIPED BATWING RUCHED BODYCON DRESS,10.25,22.0,53,True,98
2026-10-05,PLT,ICONIC PRICES PINSTRIPE BANDEAU FOLD OVER BODYCON DRESS,12.5,25.0,50,True,98
2026-10-05,PLT,with code 10PLT BOOHOO SLASH NECK ABSTRACT SUPER SOFT MAXI DRESS,13.5,18.0,25,True,98
2026-10-05,PLT,with code 10PLT BOOHOO PREMIUM HOTFIX OMBRE MINI DRESS,45.0,60.0,25,True,98
2026-10-05,PLT,with code 10PLT NASTYGAL PLACEMENT STRIPE STRAPPY MINI DRESS,20.3,29.0,30,True,98
2026-10-05,PLT,with code 10PLT KARENMILLEN OMBRE FLORAL CRINKLE V NECK GEORGETTE DRAPED WOVEN MAXI DRESS,76.0,189.0,60,True,98
2026-10-05,PLT,with code 10PLT DOROTHY PERKINS BLUE FLORAL LACE TRIM WRAP SKIRT POPLIN PRINTED MINI DRESS,15.0,39.0,62,True,98
2026-10-05,PLT,with code 10PLT SATIN RUCHED BUST CORSET MINI DRESS,11.75,34.0,65,True,98
2026-10-05,PLT,with code 10PLT BOOHOO BENGALINE PLUNGE FRONT SKATER DRESS,15.0,20.0,25,True,98
2026-10-05,PLT,with code 10PLT STRIPED LONG SLEEVE WRAP DETAIL BODYCON DRESS,14.0,28.0,50,True,98
2026-10-05,PLT,with code 10PLT SLINKY TRIM DETAIL CUT OUT MAXI DRESS,16.0,32.0,50,True,98
2026-10-05,PLT,with code 10PLT WOVEN RUFFLE BANDEAU SHIFT DRESS,14.0,28.0,50,True,98
2026-10-05,PLT,with code 10PLT FAUX SUEDE BANDEAU MINI DRESS,14.0,28.0,50,True,98
2026-10-05,PLT,with code 10PLT FINE KNIT OFF THE SHOULDER MAXI DRESS,21.0,30.0,30,True,98
2026-10-05,PLT,with code 10PLT WOVEN BLAZER SIDE TIE MINI DRESS,24.0,48.0,50,True,98
2026-10-05,PLT,with code 10PLT MISSPAP SATIN EXTREME BOW MINI DRESS,15.0,50.0,70,True,98
2026-10-05,PLT,with code 10PLT PETITE KARENMILLEN PETITE VISCOSE LINEN TIE STRAP WOVEN PROM DRESS,70.0,199.0,65,True,98
2026-10-05,PLT,with code 10PLT PETITE COAST PETITE HALTERNECK LACE MIDI DRESS,70.0,139.0,50,True,98
2026-10-05,PLT,with code 10PLT BOOHOO LACE CAPE DETAIL MINI DRESS,24.0,32.0,25,True,98
2026-10-05,PLT,with code 10PLT PREMIUM TULLE FLORAL RUFFLE A-LINE DRESS,25.5,55.0,54,True,98
2026-10-05,PLT,with code 10PLT CHIFFON DRAPE CUT OUT MIDAXI DRESS,13.5,30.0,55,True,98
2026-10-05,PLT,with code 10PLT BANDEAU PUFFBALL LIGHTWEIGHT DENIM MINI DRESS,10.5,26.0,60,True,98
2026-10-05,PLT,with code 10PLT RIBBED OVERLAY LONG SLEEVE BODYCON DRESS,12.0,24.0,50,True,98
2026-10-05,PLT,with code 10PLT EXTREME PLUNGE SEQUIN BLAZER DRESS,48.75,65.0,25,True,98
2026-10-05,PLT,with code 10PLT WOVEN ONE SHOULDER EYELET DETAIL MINI DRESS,12.0,26.0,54,True,98
2026-10-05,PLT,with code 10PLT TEXTURED BARDOT BELT DETAIL MAXI DRESS,15.0,28.0,46,True,98
2026-10-05,PLT,ICONIC PRICES PLUS BOOHOO PLUS RUCHED BODYDRAPE MINI DRESS,18.75,25.0,25,True,98
2026-10-05,PLT,with code 10PLT WAREHOUSE SATIN CUT OUT WAIST PLUNGE NECK MIDI DRESS,25.0,59.0,58,True,98
2026-10-05,PLT,with code 10PLT COAST LACE RUFFLE SHIRT DRESS WITH TIE,35.0,149.0,77,True,98
2026-10-05,PLT,with code 10PLT PETITE KARENMILLEN PETITE COTTON COLLARED HALTER NECK WOVEN MIDI SHIRT DRESS WITH DROPPED WAIST DETAIL,90.3,129.0,30,True,98
2026-10-05,PLT,with code 10PLT PLUS BOOHOO PLUS LINEN LOOK BUTTON DOWN TAILORED DRESS,25.0,38.0,34,True,98
2026-10-05,PLT,with code 10PLT COAST LACE INSERT PRINTED WRAP MIDI DRESS,30.0,129.0,77,True,98
2026-10-05,PLT,with code 10PLT WOVEN BANDEAU RUCHED SKATER MIDAXI DRESS,35.0,70.0,50,True,98
2026-10-05,PLT,with code 10PLT STRETCH WOVEN STRAPPY RUCHED MAXI DRESS,15.5,31.0,50,True,98
2026-10-05,PLT,with code 10PLT TWILL CUT OUT BOW SHIFT DRESS,13.0,30.0,57,True,98
2026-10-05,PLT,with code 10PLT LACE SHEER ASYMMETRIC MINI DRESS,17.5,35.0,50,True,98
2026-10-05,PLT,with code 10PLT COAST FLORAL BARDOT MAXI DRESS,40.0,149.0,73,True,98
2026-10-05,PLT,with code 10PLT PETITE COAST PETITE LACE FRILL SLEEVE HIGH NECK MIDI DRESS,50.0,99.0,49,True,98
2026-10-05,PLT,with code 10PLT TEXTURED ONE SHOULDER LONG SLEEVE BODYCON DRESS,3.5,16.0,78,True,98
2026-10-05,PLT,with code 10PLT MESH PLUNGE NECK SLEEVELESS RUCHED FRILL HEM MAXI DRESS,10.5,26.0,60,True,98
2026-10-05,PLT,with code 10PLT PETITE PETITE WOVEN BARDOT OVER HIP MINI DRESS,15.0,35.0,57,True,98
2026-10-05,PLT,ICONIC PRICES SOFT TOUCH CUT OUT MAXI DRESS,14.0,30.0,53,True,98
2026-10-05,PLT,with code 10PLT SEQUIN BANDEAU WIRED MAXI DRESS,27.5,55.0,50,True,98
2026-10-05,PLT,with code 10PLT SATIN MESH PANEL DETAIL MINI DRESS,21.0,28.0,25,True,98
2026-10-05,PLT,with code 10PLT DOUBLE LAYER SLINKY BARDOT DRAPE MINI DRESS,12.0,24.0,50,True,98
2026-10-05,PLT,with code 10PLT VELVET EXTREME HIGH NECK RUCHED BODYCON DRESS,26.25,35.0,25,True,98
2026-10-05,PLT,with code 10PLT SATIN CAP SLEEVE SHIFT DRESS,15.0,30.0,50,True,98
2026-10-05,PLT,with code 10PLT LACE SHORT SLEEVE WRAP DETAIL MINI DRESS,20.0,28.0,29,True,98
2026-10-05,PLT,ICONIC PRICES ASYMMETRIC RUCHED MINI DRESS,16.5,22.0,25,True,98
2026-10-05,PLT,with code 10PLT BOOHOO RUCHED PLUNGE HALTERNECK MIDI DRESS,22.0,32.0,31,True,98
2026-10-05,PLT,with code 10PLT KARENMILLEN COTTON TOP STITCH DROPPED WAIST WOVEN STRAPPY MIDI DRESS,56.0,159.0,65,True,98
2026-10-05,PLT,with code 10PLT PETITE WAREHOUSE PETITE CHIFFON RUFFLE COLD SHOULDER MIDI DRESS,27.0,75.0,64,True,98
2026-10-05,PLT,with code 10PLT WAREHOUSE TONY CHIFFON COWL BUTTON WRAP MIDI SLIP DRESS,18.0,65.0,72,True,98
2026-10-05,PLT,with code 10PLT WOVEN SHIRRED STRAPPY MINI SHIFT DRESS,12.5,26.0,52,True,98
2026-10-05,PLT,with code 10PLT SEAM DETAIL PEPLUM DENIM DRESS,17.0,34.0,50,True,98
2026-10-05,PLT,with code 10PLT KARENMILLEN SATIN VISCOSE TRIM DETAIL ONE SHOULDER MAXI DRESS,72.0,179.0,60,True,98
2026-10-05,PLT,with code 10PLT KARENMILLEN FIGURE FORM BANDAGE RUFFLE HEM HALTER KNIT MIDI DRESS,83.3,119.0,30,True,98
2026-10-05,PLT,with code 10PLT BOOHOO TIE SHOULDER RUCHED BUST MINI DRESS,17.0,25.0,32,True,98
2026-10-05,PLT,with code 10PLT BOOHOO ABSTRACT MESH COWL MAXI DRESS,14.0,28.0,50,True,98
2026-10-05,PLT,with code 10PLT BOOHOO MESH TONAL ANIMAL FLARED SLEEVE MINI DRESS,19.5,26.0,25,True,98
2026-10-05,PLT,with code 10PLT MISSPAP TEXTURED FLUFFY SEQUIN MIX MINI DRESS,40.0,69.0,42,True,98
2026-10-05,PLT,with code 10PLT COAST PLACEMENT PRINT LACE TRIM PLEATED MAXI DRESS,50.0,149.0,66,True,99
2026-10-05,PLT,with code 10PLT WOVEN RUCHED SHORT SLEEVE MINI DRESS,15.0,30.0,50,True,99
2026-10-05,PLT,with code 10PLT LINEN LOOK DROPPED WAIST STRAPPY MAXI DRESS,12.0,30.0,60,True,99
2026-10-05,PLT,with code 10PLT FAUX SUEDE CORSET DETAIL MINI DRESS,17.0,34.0,50,True,99
2026-10-05,PLT,with code 10PLT MISSPAP ASYMMETRIC SLEEVE MESH MINI DRESS,14.0,45.0,69,True,99
2026-10-05,PLT,with code 10PLT PETITE PETITE STONE TRIM DETAIL SLINKY HALTERNECK MINI DRESS,10.5,28.0,63,True,99
2026-10-05,PLT,with code 10PLT LACE BUTTON UP TRIM CORSET A-LINE DRESS,14.0,28.0,50,True,99
2026-10-05,PLT,with code 10PLT PLT label CORD BOAT NECK BOXY SHIFT DRESS,16.0,32.0,50,True,99
2026-10-05,PLT,with code 10PLT SLINKY DRAPE CUT OUT MINI DRESS,12.0,24.0,50,True,99
2026-10-05,PLT,with code 10PLT TIE WRAP SHORT SLEEVE BODYCON DRESS,15.0,26.0,42,True,99
2026-10-05,PLT,ICONIC PRICES PRINT SATIN V NECK MINI DRESS,18.0,36.0,50,True,99
2026-10-05,PLT,with code 10PLT PETITE KARENMILLEN PETITE PREMIUM VISCOSE LINEN TAILORED ASYMMETRIC NECK FULL SKIRTED MIDI DRESS,101.0,289.0,65,True,99
2026-10-05,PLT,with code 10PLT PETITE KARENMILLEN PETITE EMBROIDERED BANDEAU MIDI DRESS,299.0,299.0,0,False,99
2026-10-05,PLT,with code 10PLT KARENMILLEN DOUBLE CLOTH BALLOON SLEEVE MIDI DRESS,52.0,149.0,65,True,99
2026-10-05,PLT,with code 10PLT BOOHOO FLORAL PRINT MESH SQUARE NECK FRILL HEM SKATER DRESS,11.0,28.0,61,True,99
2026-10-05,PLT,with code 10PLT TEXTURED LACE FRILL TIERED MAXI DRESS,18.5,70.0,74,True,99
2026-10-05,PLT,with code 10PLT CHIFFON CAP SLEEVE BOAT NECK MAXI DRESS,15.0,38.0,61,True,99
2026-10-05,PLT,with code 10PLT BOOHOO FIT & FLARE TAILORED BLAZER DRESS,12.0,35.0,66,True,99
2026-10-05,PLT,with code 10PLT PRINTED BANDEAU RUCHED DETAIL MAXI DRESS,17.5,35.0,50,True,99
2026-10-05,PLT,with code 10PLT WOVEN TAILORED BUTTON DETAIL MINI DRESS,28.0,40.0,30,True,99
2026-10-05,PLT,with code 10PLT SOFT TOUCH LONG SLEEVE RUCHED SIDE MINI DRESS,12.0,34.0,65,True,99
2026-10-05,PLT,with code 10PLT RUCHED LONG SLEEVE SHIRT DRESS,16.0,32.0,50,True,99
2026-10-05,PLT,with code 10PLT WOVEN BANDEAU RUCHED DRAPED MINI DRESS,14.0,28.0,50,True,99
2026-10-05,PLT,with code 10PLT MISSPAP SQUARE NECK TIE BACK BRIDESMAID DRESS,23.0,70.0,67,True,99
2026-10-05,PLT,with code 10PLT DOROTHY PERKINS PETITE GREEN DITSY BLOUSON SLEEVE KEYHOLE DETAIL MIDI DRESS,18.0,39.0,54,True,99
2026-10-05,PLT,with code 10PLT PETITE KARENMILLEN PETITE TAILORED TWILL LACE MIX ZIP FRONT MIDI DRESS,62.0,249.0,75,True,99
2026-10-05,PLT,with code 10PLT OASIS BOW DETAIL DOBBY MIX MINI DRESS,20.0,55.0,64,True,99
2026-10-05,PLT,with code 10PLT DOUBLE LAYER SLINKY COWL DRAPE DETAIL MINI DRESS,20.25,27.0,25,True,99
2026-10-05,PLT,with code 10PLT PETITE PETITE SHEER KNITTED STRAPPY MAXI DRESS,13.5,26.0,48,True,99
2026-10-05,PLT,with code 10PLT SATIN LACE CONTRAST SHORT SLEEVE ASYMMETRIC HEM MIDAXI DRESS,18.0,38.0,53,True,99
2026-10-05,PLT,with code 10PLT PETITE KARENMILLEN PETITE COTTON POPLIN CROSS OVER HALTER NECK WOVEN MIDI DRESS,80.0,159.0,50,True,99
2026-10-05,PLT,with code 10PLT BOOHOO VELVET HIGH NECK MINI DRESS,10.0,22.0,55,True,99
2026-10-05,PLT,with code 10PLT OASIS LACE PANEL RUFFLE MAXI DRESS,15.0,65.0,77,True,99
2026-10-05,PLT,with code 10PLT PLUS PLUS SATIN BOAT NECK FISHTAIL MIDI DRESS,16.25,35.0,54,True,99
2026-10-05,PLT,with code 10PLT V NECK MINI DRESS,14.0,28.0,50,True,99
2026-10-05,PLT,with code 10PLT BANDEAU BELT DETAIL SHIFT DRESS,16.5,22.0,25,True,99
2026-10-05,PLT,with code 10PLT SUPER SOFT ASYMMETRIC BODYCON DRESS,12.5,25.0,50,True,99
2026-10-05,PLT,with code 10PLT WOVEN DOUBLE BREASTED CINCHED WAIST BLAZER DRESS,31.5,45.0,30,True,99
2026-10-05,PLT,with code 10PLT NASTYGAL LACE BANDEAU SHEER MAXI DRESS,41.3,59.0,30,True,99
2026-10-05,PLT,with code 10PLT NASTYGAL VELVET HEART CUT OUT HALTER NECK MINI DRESS,34.3,49.0,30,True,99
2026-10-05,PLT,with code 10PLT MISSPAP PREMIUM SATIN HALTERNECK COWL BACK BRIDESMAID DRESS,19.0,65.0,71,True,99
2026-10-05,PLT,with code 10PLT PETITE KARENMILLEN PETITE PREMIUM LINEN PINTUCK DETAIL PENCIL TAILORED MIDI DRESS,55.0,219.0,75,True,99
2026-10-05,PLT,with code 10PLT KARENMILLEN CHAIN PRINT HAMMERED SATIN DEEP V STRAPPY WOVEN MAXI DRESS,49.0,139.0,65,True,99
2026-10-05,PLT,with code 10PLT CHIFFON PUFF SLEEVE MINI DRESS,20.25,45.0,55,True,99
2026-10-05,PLT,with code 10PLT WOVEN BEAD DETAIL BODYCON DRESS,12.0,24.0,50,True,99
2026-10-05,PLT,with code 10PLT HALTERNECK PLEAT DETAIL ASYMMETRIC MIDAXI DRESS,9.0,36.0,75,True,99
2026-10-05,PLT,with code 10PLT SHAPE SHAPE PLISSE CORSET MINI DRESS,15.0,30.0,50,True,99
2026-10-05,PLT,ICONIC PRICES DOUBLE LAYER SLINKY SCOOP NECK OPEN BACK MINI DRESS,7.75,26.0,70,True,99
2026-10-05,PLT,with code 10PLT BOOHOO TEXTURED RUCHED FRILL SKIRT MINI DRESS,10.0,30.0,67,True,99
2026-10-05,PLT,with code 10PLT PLUS BOOHOO PLUS FLORAL HALTERNECK LAYERED MAXI DRESS,22.0,32.0,31,True,99
2026-10-05,PLT,with code 10PLT MISSPAP ONE SHOULDER RUCHED DETAIL MAXI DRESS,16.0,50.0,68,True,99
2026-10-05,PLT,with code 10PLT PLUS PLUS WOVEN HALTER NECK A- LINE MINI DRESS,12.0,24.0,50,True,99
2026-10-05,PLT,ICONIC PRICES TRIM DETAIL ASYMMETRIC MINI DRESS,13.0,26.0,50,True,99
2026-10-05,PLT,with code 10PLT BANDEAU RUCHED DETAIL MAXI DRESS,8.0,35.0,77,True,99
2026-10-05,PLT,with code 10PLT SOFT TOUCH JERSEY BARDOT BODYCON DRESS,8.25,18.0,54,True,99
2026-10-05,PLT,with code 10PLT SUEDE BOAT NECK TIE WAIST DETAIL BODYCON DRESS,12.0,24.0,50,True,99
2026-10-05,PLT,with code 10PLT NASTYGAL FLORAL DEVORE ASYMMETRIC LACE INSERT SPLIT LEG MAXI DRESS,55.3,79.0,30,True,99
2026-10-05,PLT,with code 10PLT SATIN LACE DETAIL SLEEVELESS MAXI DRESS,19.0,38.0,50,True,99
2026-10-05,PLT,with code 10PLT LONG SLEEVE CINCHED WAIST DENIM SHIRT DRESS,30.0,40.0,25,True,99
2026-10-05,PLT,with code 10PLT BOOHOO COWL LONG SLEEVE MINI DRESS,24.75,33.0,25,True,99
2026-10-05,PLT,with code 10PLT FUCHSIA BANDEAU LACE EXTREME PUFFBALL MAXI DRESS,29.5,65.0,55,True,99
2026-10-05,PLT,with code 10PLT SHAPE SHAPE CUT AWAY TRIM DETAIL MAXI DRESS,16.5,42.0,61,True,99
2026-10-05,PLT,with code 10PLT BOOHOO POLKA DOT PRINTED MESH CAMI LACE TRIM MIDI DRESS,21.0,28.0,25,True,99
2026-10-05,PLT,with code 10PLT PLUS BOOHOO PLUS GODET HEM MINI DRESS,26.25,35.0,25,True,99
2026-10-05,PLT,with code 10PLT PLUS PLUS TEXTURED STRAPPY DRAPE DETAIL MAXI DRESS,15.0,30.0,50,True,99
2026-10-05,PLT,with code 10PLT TIE WRAP SHORT SLEEVE BODYCON DRESS,10.0,26.0,62,True,99
2026-10-05,PLT,with code 10PLT DOUBLE LAYER SLINKY STRUCTURED LONG SLEEVE RUCHED MINI DRESS,12.0,24.0,50,True,99
2026-10-05,PLT,with code 10PLT SNAKE PRINTED SLINKY RUCHED DETAIL ASYMMETRIC MINI DRESS,14.0,28.0,50,True,100
2026-10-05,PLT,with code 10PLT LONG SLEEVE BACKLESS MINI DRESS,13.0,26.0,50,True,100
2026-10-05,PLT,with code 10PLT WAREHOUSE PREMIUM VISCOSE METALLIC OPEN BACK MAXI DRESS,51.0,95.0,46,True,100
2026-10-05,PLT,with code 10PLT PETITE KARENMILLEN PETITE PREMIUM TAILORED LINEN HIGH NECK ONE SHOULDER FULL MIDI DRESS,101.0,289.0,65,True,100
2026-10-05,PLT,with code 10PLT KARENMILLEN SATIN VISCOSE PRINTED COWL NECK MAXI DRESS,80.0,229.0,65,True,100
2026-10-05,PLT,with code 10PLT KARENMILLEN CLEAN TAILORED TAFFETA MIX CONTRAST DRAMA SLEEVE MAXI DRESS,77.0,219.0,65,True,100
2026-10-05,PLT,with code 10PLT PLT label PETITE KARENMILLEN ARCHIVE COLLECTION - PETITE CORSET DETAIL GEORGETTE CAPE WOVEN MAXI DRESS,107.0,429.0,75,True,100
2026-10-05,PLT,with code 10PLT GODET FISHTAIL MAXI BEACH DRESS,34.5,46.0,25,True,100
2026-10-05,PLT,with code 10PLT MISSPAP PREMIUM SATIN BANDEAU OVERLAY BRIDESMAID DRESS,45.0,65.0,31,True,100
2026-10-05,PLT,with code 10PLT PLUS BOOHOO PLUS BENGALINE CAP SLEEVE PUFFBALL MINI DRESS,19.5,26.0,25,True,100
2026-10-05,PLT,with code 10PLT COAST LACE TOP PLEAT SKIRT JEWEL BUTTON MIDI DRESS,60.0,149.0,60,True,100
2026-10-05,PLT,with code 10PLT TALL TALL HOOK AND EYE FITTED BLAZER DRESS,22.5,45.0,50,True,100
2026-10-05,PLT,with code 10PLT BOOHOO BURNOUT FLORAL GODET HEM MINI DRESS,15.0,28.0,46,True,100
2026-10-05,PLT,with code 10PLT SATIN KEYHOLE SHIFT DRESS,16.75,36.0,53,True,100
2026-10-05,PLT,ICONIC PRICES PLISSE ONE SHOULDER RUCHED MIDAXI DRESS,21.0,28.0,25,True,100
2026-10-05,PLT,with code 10PLT DARK TAUPE SATIN BOAT NECK FISHTAIL MIDAXI DRESS,26.25,35.0,25,True,100
2026-10-05,PLT,with code 10PLT SHAPE SHAPE TARTAN WOVEN BANDEAU RUCHED SKATER MINI DRESS,21.0,42.0,50,True,100
2026-10-05,PLT,with code 10PLT SEQUIN SHEER BANDEAU MAXI DRESS,8.0,34.0,76,True,100
2026-10-05,PLT,with code 10PLT PRINTED HALTERNECK PUFFBALL MINI DRESS,14.0,32.0,56,True,100
2026-10-05,PLT,with code 10PLT STRIPED BRUSHED RIB STRIPED ASYMMETRIC LONG SLEEVE MAXI DRESS,13.0,26.0,50,True,100
2026-10-05,PLT,with code 10PLT PINSTRIPE BRUSHED BANDEAU BODYCON DRESS,15.0,30.0,50,True,100
2026-10-05,PLT,with code 10PLT BRUSHED RIB SCARF DETAIL BANDEAU MAXI DRESS,12.0,24.0,50,True,100
2026-10-05,PLT,with code 10PLT BRUSHED RIB ONE SHOULDER ASYMMETRIC RUCHED MAXI DRESS,15.0,26.0,42,True,100
2026-10-05,PLT,ICONIC PRICES BANDEAU SATIN DRAPED DETAIL MIDAXI DRESS,18.5,50.0,63,True,100
2026-10-05,PLT,with code 10PLT WOVEN SHOULDER TIE STRAP MINI SHIFT DRESS,14.0,28.0,50,True,100
2026-10-05,PLT,with code 10PLT TEXTURED BOAT NECK MINI DRESS,10.0,20.0,50,True,100
2026-10-05,PLT,with code 10PLT PETITE BOOHOO PETITE CHIFFON RUCHED DRAPE SMOCK DRESS,13.0,28.0,54,True,100
2026-10-05,PLT,with code 10PLT TALL KARENMILLEN TALL HALTER PLEATED WOVEN MAXI DRESS,37.0,149.0,75,True,100
2026-10-05,PLT,with code 10PLT COAST BELTED TIERED SATIN MAXI DRESS,45.0,129.0,65,True,100
2026-10-05,PLT,with code 10PLT MONOCHROME ZEBRA PRINT BEADED MAXI DRESS,15.0,34.0,56,True,100
2026-10-05,PLT,with code 10PLT CHIFFON STRAPPY BEAD DETAIL DRAPE MAXI DRESS,15.5,38.0,59,True,100
2026-10-05,PLT,with code 10PLT BOOHOO LINEN LOOK RUCHED BUST HALTERNECK MINI DRESS,25.5,34.0,25,True,100
2026-10-05,PLT,with code 10PLT CHIFFON V NECK RUFFLE SHIFT DRESS,15.0,30.0,50,True,100
2026-10-05,PLT,with code 10PLT RUCHED LONG SLEEVE BODYCON DRESS,22.0,45.0,51,True,100
2026-10-05,PLT,ICONIC PRICES SATIN PLUNGE EXTREME FRILL HEM MAXI DRESS,14.5,65.0,78,True,100
2026-10-05,PLT,with code 10PLT BRUSHED RIB ONE SHOULDER ASYMMETRIC RUCHED MAXI DRESS,13.0,26.0,50,True,100
2026-10-05,PLT,ICONIC PRICES TEXTURED JERSEY ASYMMETRIC MAXI DRESS,12.0,24.0,50,True,100
2026-10-05,PLT,with code 10PLT PLEATED HEM BUTTON DOWN SHIRT DRESS,18.0,34.0,47,True,100
2026-10-05,PLT,ICONIC PRICES WOVEN FRINGE SCARF DETAIL MINI DRESS,8.0,38.0,79,True,100
2026-10-05,PLT,with code 10PLT RUCHED CUP DETAIL SLEEVELESS BODYCON DRESS,13.0,26.0,50,True,100
2026-10-05,PLT,with code 10PLT BOOHOO LADDER INSERT HIGH NECK MINI DRESS,15.0,20.0,25,True,100
2026-10-05,PLT,with code 10PLT KARENMILLEN COMPACT STRETCH COLOUR BLOCK TAILORED BARDOT MIDI DRESS,80.0,229.0,65,True,100
2026-10-05,PLT,with code 10PLT LINEN LOOK EMBROIDERED DETAIL MAXI DRESS,10.25,34.0,70,True,100
2026-10-05,PLT,with code 10PLT PETITE PETITE BUTTER STAR EMBELLISHED LONG SLEEVE KNITTED MINI DRESS,25.46,38.0,33,True,100
2026-10-05,PLT,with code 10PLT BOOHOO DIAMANTE BOW TAILORED MINI DRESS,27.75,37.0,25,True,100
2026-10-05,PLT,with code 10PLT DOROTHY PERKINS PATCHWORK FLORAL BELTED PUFF SLEEVE SHIRT DRESS,20.0,39.0,49,True,100
2026-10-05,PLT,with code 10PLT PLUS PLUS TEXTURED LONG SLEEVE MAXI DRESS,10.0,25.0,60,True,100
2026-10-05,PLT,with code 10PLT BOOHOO V NECK WRAP DETAIL MINI DRESS,8.0,25.0,68,True,100
2026-10-05,PLT,with code 10PLT DOUBLE LAYER SLINKY OPEN BACK MINI DRESS,9.0,22.0,59,True,100
2026-10-05,PLT,with code 10PLT PLUS PLUS HALTER NECK CHIFFON MAXI BEACH DRESS,15.0,30.0,50,True,100
2026-10-05,PLT,with code 10PLT ASYMMETRIC OFF THE SHOULDER MINI DRESS,17.0,34.0,50,True,100
2026-10-05,PLT,ICONIC PRICES RIBBED KEYHOLE DETAIL LONG SLEEVE SHIFT DRESS,10.25,22.0,53,True,100
2026-10-05,PLT,with code 10PLT MISSPAP PLEAT SHOULDER SCULPTED TAILORED BLAZER DRESS,48.3,69.0,30,True,100
2026-10-05,PLT,with code 10PLT DOROTHY PERKINS MONO SPOT WRAP FRONT PUFF SLEEVE TIERED MAXI DRESS,22.0,45.0,51,True,100
2026-10-05,PLT,with code 10PLT KARENMILLEN VELVET SLEEVELESS BODY WITH TAFFETA DROP WAIST MAXI DRESS,63.0,179.0,65,True,100
2026-10-05,PLT,with code 10PLT OASIS LACE MIX FRILL MIDAXI DRESS,20.0,65.0,69,True,100
2026-10-05,PLT,with code 10PLT PLUS BOOHOO PLUS CAP SLEEVE MINI DRESS,21.0,28.0,25,True,100
2026-10-05,PLT,with code 10PLT DOROTHY PERKINS COWL NECK SLEEVELESS MIDI DRESS,18.0,42.0,57,True,100
2026-10-05,PLT,with code 10PLT DOROTHY PERKINS DAISY V NECK SHORT SLEEVE MINI JERSEY DRESS,12.0,29.0,59,True,100
2026-10-05,PLT,with code 10PLT PETITE COAST PETITE ORGANZA FLORAL PLACEMENT LACE TRIM MINI DRESS,25.0,119.0,79,True,100
2026-10-05,PLT,with code 10PLT STRAPPY PLEATED DROPPED WAIST MAXI DRESS,15.75,45.0,65,True,100
2026-10-05,PLT,with code 10PLT POLKA DOT SATIN CONTRAST LACE PANEL MAXI DRESS,27.0,36.0,25,True,100
2026-10-05,PLT,with code 10PLT CHIFFON DRAPE CUT OUT MIDAXI DRESS,10.5,30.0,65,True,100
2026-10-05,PLT,with code 10PLT PRINTED BANDEAU MAXI DRESS,15.0,30.0,50,True,100
2026-10-05,PLT,with code 10PLT PETITE PETITE BANDEAU FLOATY MAXI DRESS,15.0,30.0,50,True,100
2026-10-05,PLT,with code 10PLT PLUS PLUS HIGH NECK RUCHED SHOULDER DRAPE FRONT MAXI DRESS,22.5,30.0,25,True,100
2026-10-05,PLT,with code 10PLT SHAPE SHAPE BLUE SEMI SHEER SEQUIN ONE SHOULDER BATWING SLEEVE MINI DRESS,13.5,34.0,60,True,100
2026-10-05,PLT,with code 10PLT TALL BOOHOO TALL BOUCLE SCOOP NECK TAILORED MINI DRESS,25.0,36.0,31,True,100
2026-10-05,PLT,with code 10PLT TEXTURED PLISSE WRAP BODYCON DRESS,20.0,50.0,60,True,100
2026-10-05,PLT,with code 10PLT BOOHOO TEXTURED VOLUME SKIRT MIDAXI DRESS,21.0,28.0,25,True,100
2026-10-05,PLT,with code 10PLT CHIFFON TWIST MESH MAXI DRESS,28.5,38.0,25,True,100
2026-10-05,PLT,with code 10PLT BOOHOO HALTERNECK TASSEL HEM BEACH CROCHET MINI DRESS,19.5,26.0,25,True,100
2026-10-05,PLT,with code 10PLT BOOHOO TEXTURED DROP HEM MINI DRESS,17.25,23.0,25,True,100
2026-10-05,PLT,with code 10PLT BOOHOO HALTERNECK EMBROIDERED DETAIL MINI DRESS,16.0,28.0,43,True,100
2026-10-05,PLT,with code 10PLT WAREHOUSE POLKADOT HALTERNECK MIDI DRESS,28.0,65.0,57,True,100
2026-10-05,PLT,with code 10PLT BOOHOO CROCHET FLORAL CORSAGE STRAP MAXI DRESS,12.0,30.0,60,True,100
2026-10-05,PLT,with code 10PLT PLISSE HALTERNECK FRILL DETAIL MAXI DRESS,9.0,38.0,76,True,101
2026-10-05,PLT,with code 10PLT TEXTURED JERSEY WRAP WAIST BODYCON DRESS,12.0,26.0,54,True,101
2026-10-05,PLT,ICONIC PRICES TRIM HALTER NECK DRESS,13.0,26.0,50,True,101
2026-10-05,PLT,with code 10PLT BARDOT FRILL HEM BODYCON DRESS,12.5,25.0,50,True,101
2026-10-05,PLT,with code 10PLT BLUE LONG SLEEVE BODYCON DRESS,15.0,30.0,50,True,101
2026-10-05,PLT,with code 10PLT FAUX SUEDE LONG SLEEVE RUCHED BUTTON UP MINI DRESS,12.0,24.0,50,True,101
2026-10-05,PLT,with code 10PLT PLT label DOROTHY PERKINS PINK FLORAL GATHERED BODICE LACE BACK LONG SLEEVE MINI DRESS,10.0,35.0,71,True,101
2026-10-05,PLT,with code 10PLT PETITE KARENMILLEN PETITE PRINTED TRIM DETAIL PLEATED MAXI DRESS,92.0,229.0,60,True,101
2026-10-05,PLT,with code 10PLT BOOHOO POLKA DOT CROSS BACK SHIFT DRESS,19.5,26.0,25,True,101
2026-10-05,PLT,with code 10PLT STUD DETAIL MAXI DRESS,31.5,42.0,25,True,101
2026-10-05,PLT,with code 10PLT WOVEN DRAPED CUP DETAIL MINI DRESS,10.25,34.0,70,True,101
2026-10-05,PLT,with code 10PLT BOOHOO CHIFFON RUCHED WAIST MINI DRESS,10.0,24.0,58,True,101
2026-10-05,PLT,with code 10PLT TEXTURED CAPE DETAIL SLEEVELESS MAXI DRESS,10.5,30.0,65,True,101
2026-10-05,PLT,with code 10PLT FAUX SUEDE BELT DETAIL BLAZER DRESS,33.75,45.0,25,True,101
2026-10-05,PLT,with code 10PLT CONTRAST TIE MINI DRESS,12.5,25.0,50,True,101
2026-10-05,PLT,with code 10PLT BRUSHED RIB SCARF DETAIL LONG SLEEVE MINI DRESS,12.0,20.0,40,True,101
2026-10-05,PLT,ICONIC PRICES TEXTURED KEYHOLE MAXI DRESS,16.8,24.0,30,True,101
2026-10-05,PLT,with code 10PLT SEQUIN SHEER BANDEAU MAXI DRESS,17.0,34.0,50,True,101
2026-10-05,PLT,with code 10PLT KARENMILLEN VISCOSE GEORGETTE SLEEVE DETAIL MIDI DRESS,169.0,169.0,0,False,101
2026-10-05,PLT,with code 10PLT COAST DRAPE DETAIL HOT FIX MAXI DRESS,149.0,149.0,0,False,101
2026-10-05,PLT,with code 10PLT PETITE WAREHOUSE PETITE SATIN CUT OUT WAIST PLUNGE NECK MIDI DRESS,23.0,59.0,61,True,101
2026-10-05,PLT,with code 10PLT MISSPAP ASYMMETRIC NECK METALLIC MAXI DRESS,20.0,65.0,69,True,101
2026-10-05,PLT,with code 10PLT PETITE KARENMILLEN PETITE DENIM DROPPED WAIST FULL SKIRTED MIDI DRESS,52.0,149.0,65,True,101
2026-10-05,PLT,with code 10PLT PLUS COAST PLUS SIZE SEQUIN BODYCON MIDI DRESS,119.0,119.0,0,False,101
2026-10-05,PLT,with code 10PLT KARENMILLEN HORSE PRINT VISCOSE GEORGETTE MIDI DRESS,179.0,179.0,0,False,101
2026-10-05,PLT,with code 10PLT KARENMILLEN EMBROIDERED BANDEAU MIDI DRESS,299.0,299.0,0,False,101
2026-10-05,PLT,with code 10PLT KARENMILLEN SEQUIN AND SATIN MIX TAILORED MIDI DRESS,179.0,179.0,0,False,101
2026-10-05,PLT,with code 10PLT WOVEN PLEATED HEM MIDAXI DRESS,35.0,70.0,50,True,101
2026-10-05,PLT,with code 10PLT PLUS BOOHOO PLUS BARDOT BAGGED OUT SLEEVE MAXI DRESS,24.0,32.0,25,True,101
2026-10-05,PLT,with code 10PLT PLUS BOOHOO PLUS LINEN DOUBLE LAYER SMOCK DRESS,16.0,23.0,30,True,101
2026-10-05,PLT,with code 10PLT STRIPE TEXTURED OFF THE SHOULDER MAXI DRESS,8.5,28.0,70,True,101
2026-10-05,PLT,with code 10PLT BOOHOO SATIN & LACE DROP HEM MINI DRESS,13.0,32.0,59,True,101
2026-10-05,PLT,with code 10PLT CAP SLEEVE RUCHED SHIFT DRESS,12.0,24.0,50,True,101
2026-10-05,PLT,with code 10PLT SATIN BOAT NECK BODYCON MINI DRESS,11.0,22.0,50,True,101
2026-10-05,PLT,with code 10PLT SLEEVELESS ASYMMETRIC RUCHED MAXI DRESS,14.0,28.0,50,True,101
2026-10-05,PLT,ICONIC PRICES BOOHOO SATIN POCKET FRONT MINI DRESS,9.0,32.0,72,True,101
2026-10-05,PLT,with code 10PLT KARENMILLEN LILY MACRAE POLISHED TAILORED PRINT HALTER NECK GATHERED MIDI DRESS,91.0,259.0,65,True,101
2026-10-05,PLT,with code 10PLT COAST WRAP FRONT PLEAT WAIST MAXI BRIDESMAID DRESS,35.0,119.0,71,True,101
2026-10-05,PLT,with code 10PLT PETITE COAST PETITE PREMIUM HAND EMBELLISHED MAXI DRESS,229.0,229.0,0,False,101
2026-10-05,PLT,with code 10PLT PETITE DOROTHY PERKINS PETITE ORANGE LACE TRIM V NECK PUFF SLEEVE MIDI DRESS,18.0,42.0,57,True,101
2026-10-05,PLT,with code 10PLT PETITE BOOHOO PETITE LINEN TIE SHOULDER SKATER DRESS,11.0,22.0,50,True,101
2026-10-05,PLT,with code 10PLT KARENMILLEN COMPACT STRETCH ASYMMETRIC COLLAR BELTED FULL SKIRTED TAILORED MIDI DRESS,67.0,269.0,75,True,101
2026-10-05,PLT,with code 10PLT WAREHOUSE ABSTRACT PRINT COWL BIAS SATIN DRESS WITH BUTTON DETAIL,36.0,69.0,48,True,101
2026-10-05,PLT,with code 10PLT SATIN CONTRAST HALTER NECK MAXI DRESS,17.5,40.0,56,True,101
2026-10-05,PLT,with code 10PLT BANDEAU PUFFBALL MINI DRESS,10.5,35.0,70,True,101
2026-10-05,PLT,with code 10PLT BOOHOO SLINKY SQUARE NECK RUCHED DETAIL PLEATED MINI DRESS,18.75,25.0,25,True,101
2026-10-05,PLT,with code 10PLT PETITE PETITE SLINKY LONG SLEEVE MINI DRESS,10.0,24.0,58,True,101
2026-10-05,PLT,ICONIC PRICES DARK TAUPE SATIN CUT OUT V BUST MINI SHIFT DRESS,12.0,24.0,50,True,101
2026-10-05,PLT,with code 10PLT TEXTURED JERSEY ASYMMETRIC LONG SLEEVE MAXI DRESS,15.0,24.0,38,True,101
2026-10-05,PLT,ICONIC PRICES PETITE PETITE KNITTED SLEEVELESS MINI DRESS,12.0,26.0,54,True,101
2026-10-05,PLT,ICONIC PRICES SOFT TOUCH JERSEY BARDOT BODYCON DRESS,8.25,18.0,54,True,101
2026-10-05,PLT,with code 10PLT RIB BOAT NECK BODYCON DRESS,12.0,24.0,50,True,101
2026-10-05,PLT,with code 10PLT OASIS SLEEVELESS DENIM MAXI DRESS WITH SEAM DETAIL,22.0,45.0,51,True,101
2026-10-05,PLT,with code 10PLT WAREHOUSE PREMIUM DISPERSED FLORAL BEADED MAXI DRESS,109.0,109.0,0,False,101
2026-10-05,PLT,with code 10PLT COAST PLEATED WRAP FRONT DRESS,40.0,119.0,66,True,101
2026-10-05,PLT,with code 10PLT BOOHOO KNITTED FLOWER DETAIL CROCHET MINI DRESS,12.0,40.0,70,True,101
2026-10-05,PLT,with code 10PLT BOOHOO FLORAL CHIFFON ASYMMETRIC COLUMN MAXI DRESS,14.0,35.0,60,True,101
2026-10-05,PLT,with code 10PLT DOROTHY PERKINS GREEN ANIMAL SWEETHEART NECK PRINTED POPLIN DRESS,18.0,45.0,60,True,101
2026-10-05,PLT,with code 10PLT FOIL DEVORE COWL MAXI DRESS,30.0,40.0,25,True,101
2026-10-05,PLT,with code 10PLT BANDEAU TEXTURED BODYCON MAXI DRESS,12.0,30.0,60,True,101
2026-10-05,PLT,with code 10PLT WOVEN NECK TRIM DETAIL MINI DRESS,11.75,34.0,65,True,101
2026-10-05,PLT,with code 10PLT SEQUIN KNIT HALTER NECK CUT OUT BEACH DRESS,17.5,50.0,65,True,101
2026-10-05,PLT,with code 10PLT COAST ONE SHOULDER RUCHED SATIN MAXI DRESS,129.0,129.0,0,False,101
2026-10-05,PLT,with code 10PLT SATIN LACE DETAIL MINI DRESS,16.0,32.0,50,True,101
2026-10-05,PLT,with code 10PLT PLUS BOOHOO PLUS BENGALINE MINI SHIFT DRESS,16.5,22.0,25,True,101
2026-10-05,PLT,with code 10PLT GLITTER FRINGE BANDEAU BODYCON DRESS,20.0,35.0,43,True,101
2026-10-05,PLT,ICONIC PRICES RIB BOAT NECK BODYCON DRESS,12.0,24.0,50,True,101
2026-10-05,PLT,with code 10PLT SOFT BRUSHED BOAT NECK MAXI DRESS,12.5,25.0,50,True,101
2026-10-05,PLT,with code 10PLT POPLIN BUTTON DOWN PLEATED HEM SHIFT DRESS,14.0,28.0,50,True,101
2026-10-05,PLT,with code 10PLT JERSEY KNOT DRAPE DETAIL LONG SLEEVE MAXI DRESS,11.0,22.0,50,True,101
2026-10-05,PLT,with code 10PLT PINSTRIPE BANDEAU FOLD OVER BODYCON DRESS,12.5,25.0,50,True,101
2026-10-05,PLT,with code 10PLT BRUSHED LONG SLEEVE V BACK MINI DRESS,11.0,22.0,50,True,101
2026-10-05,PLT,with code 10PLT SCARF DETAIL KNITTED MINI DRESS,13.0,26.0,50,True,102
2026-10-05,PLT,with code 10PLT SATIN JACQUARD MINI SHIFT DRESS,19.0,38.0,50,True,102
2026-10-05,PLT,with code 10PLT KARENMILLEN TAILORED COTTON SATEEN PENCIL BELTED MIDI DRESS,54.0,179.0,70,True,102
2026-10-05,PLT,with code 10PLT PETITE BOOHOO PETITE CHIFFON RUFFLE FLOOR SWEEPING MAXI DRESS,22.5,30.0,25,True,102
2026-10-05,PLT,with code 10PLT BOOHOO SATIN STRAPPY CROSS OVER SLIP DRESS,16.0,32.0,50,True,102
2026-10-05,PLT,with code 10PLT COAST LISA TAN LACE PLEATED PRINTED MIDI DRESS,80.0,149.0,46,True,102
2026-10-05,PLT,with code 10PLT PLT label KARENMILLEN PAISLEY BLUE PLEATED WOVEN MAXI DRESS,60.0,149.0,60,True,102
2026-10-05,PLT,with code 10PLT WOVEN SHORT SLEEVE MIDAXI DRESS,13.5,34.0,60,True,102
2026-10-05,PLT,with code 10PLT COAST ONE SHOULDER FLORAL PRINTED CHIFFON DRESS,50.0,129.0,61,True,102
2026-10-05,PLT,with code 10PLT PLUS BOOHOO PLUS TIE DETAIL PLUNGE CORSET MIDAXI DRESS,21.75,29.0,25,True,102
2026-10-05,PLT,with code 10PLT BOOHOO SLINKY ASYMMETRIC GOLD TRIM DETAIL MINI DRESS,9.0,25.0,64,True,102
2026-10-05,PLT,with code 10PLT BOOHOO TIE SHOULDER POPLIN MINI DRESS,7.0,20.0,65,True,102
2026-10-05,PLT,with code 10PLT EXTREME FRILL DETAIL MAXI DRESS,19.0,85.0,78,True,102
2026-10-05,PLT,with code 10PLT PLUS PLUS WOVEN HALTER NECK A- LINE MINI DRESS,12.5,25.0,50,True,102
2026-10-05,PLT,ICONIC PRICES SATIN ASYMMETRIC LONG SLEEVE MINI SHIFT DRESS,12.0,24.0,50,True,102
2026-10-05,PLT,with code 10PLT WAREHOUSE SEQUIN BANDEAU MIDI DRESS,16.0,79.0,80,True,102
2026-10-05,PLT,with code 10PLT COAST HALTER NECK GATHERED WAIST MIDAXI BRIDESMAID DRESS,25.0,89.0,72,True,102
2026-10-05,PLT,with code 10PLT KARENMILLEN BAROQUE EMBROIDERED LONG SLEEVE TWILL WOVEN MIDI DRESS,84.0,239.0,65,True,102
2026-10-05,PLT,with code 10PLT WAREHOUSE TWIST BODICE OFF SHOULDER FLORAL MIDI DRESS,29.0,79.0,63,True,102
2026-10-05,PLT,with code 10PLT PETITE KARENMILLEN PETITE GEO JACQUARD VELVET MIX TAILORED BARDOT MIDI DRESS,57.0,229.0,75,True,102
2026-10-05,PLT,with code 10PLT OASIS ORCHID FLORAL PRINTED WATERFALL MAXI DRESS,65.0,85.0,24,True,102
2026-10-05,PLT,with code 10PLT SHAPE SHAPE COLLARED BUTTON DOWN SLEEVELESS MAXI DRESS,23.25,31.0,25,True,102
2026-10-05,PLT,with code 10PLT JERSEY ONE SHOULDER TRIM DETAIL MAXI DRESS,11.0,28.0,61,True,102
2026-10-05,PLT,with code 10PLT PETITE BOOHOO PETITE BURNOUT FRILL MINI DRESS,15.0,28.0,46,True,102
2026-10-05,PLT,with code 10PLT BOUCLE CABLE KNIT MINI SHIRT DRESS,14.0,28.0,50,True,102
2026-10-05,PLT,with code 10PLT DOUBLE LAYER SLINKY HIGH NECK TRIM DETAIL MAXI DRESS,14.0,28.0,50,True,102
2026-10-05,PLT,with code 10PLT RUCHED CUT OUT MAXI DRESS,7.0,35.0,80,True,102
2026-10-05,PLT,with code 10PLT RUCHED SCARF DROPPED WAIST MAXI DRESS,15.75,15.75,0,False,102
2026-10-05,PLT,Up to 55% off,14.18,14.18,0,False,102
2026-10-05,PLT,with code 10PLT BRUSHED RIB TRIM DETAIL BODYCON DRESS,9.5,28.0,66,True,102
2026-10-05,PLT,with code 10PLT SOFT BRUSHED SHORT SLEEVE MAXI DRESS,11.0,22.0,50,True,102
2026-10-05,PLT,with code 10PLT BOOHOO MARL SCARF DETAIL WRAP SKATER DRESS,9.0,24.0,63,True,102
2026-10-05,PLT,with code 10PLT COAST PLEATED V NECK JACQUARD BODICE CREPE SKIRT MIDI DRESS,149.0,149.0,0,False,102
2026-10-05,PLT,with code 10PLT PETITE KARENMILLEN PETITE SOFT TAILORED TRIM DETAIL FULL SKIRT MIDI DRESS,63.0,179.0,65,True,102
2026-10-05,PLT,with code 10PLT BOOHOO TONAL FLORAL TEXTURED CHIFFON MAXI DRESS,22.5,30.0,25,True,102
2026-10-05,PLT,with code 10PLT SHAPE SHAPE SATIN PLISSE RUCHED FRONT CAMI MAXI DRESS,12.5,25.0,50,True,102
2026-10-05,PLT,with code 10PLT SATIN STRIPE TIE DETAIL MINI DRESS,13.5,27.0,50,True,102
2026-10-05,PLT,with code 10PLT SOFT TOUCH BONED CORSET WRAP DETAIL MINI DRESS,17.5,35.0,50,True,102
2026-10-05,PLT,with code 10PLT BOOHOO SHIRRED BODICE MAXI DRESS WITH ASYMMETRIC NECKLINE,21.0,28.0,25,True,102
2026-10-05,PLT,with code 10PLT BOOHOO POLKA DOT LACE TRIM ASYMMETRIC CAMI DRESS,9.0,28.0,68,True,102
2026-10-05,PLT,with code 10PLT CHIFFON RING DETAIL DRESS,11.0,34.0,68,True,102
2026-10-05,PLT,with code 10PLT RUCHED BARDOT PUFF HEM BODYCON DRESS,11.5,32.0,64,True,102
2026-10-05,PLT,with code 10PLT PLUS BOOHOO PLUS CHIFFON RUFFLE MAXI DRESS,21.0,30.0,30,True,102
2026-10-05,PLT,with code 10PLT KARENMILLEN RUFFLE DETAIL CHIFFON WOVEN MAXI DRESS,52.0,149.0,65,True,102
2026-10-05,PLT,with code 10PLT KARENMILLEN STRUCTURED VISCOSE SATIN CHAIN PRINT TAILORED PROM MAXI DRESS,72.0,289.0,75,True,102
2026-10-05,PLT,with code 10PLT COAST LACE CROSS NECK BRIDESMAID MAXI DRESS,35.0,139.0,75,True,102
2026-10-05,PLT,with code 10PLT SEAM DETAIL MINI DRESS,22.5,30.0,25,True,102
2026-10-05,PLT,with code 10PLT BOUCLE FLORAL BUTTON A LINE DRESS,29.0,60.0,52,True,102
2026-10-05,PLT,with code 10PLT ORGANZA RUCHED BODICE MIDI DRESS,17.5,50.0,65,True,102
2026-10-05,PLT,with code 10PLT DOROTHY PERKINS TIE FRONT BUTTON DETAIL PUFF SLEEVE MINI DRESS,12.0,39.0,69,True,102
2026-10-05,PLT,with code 10PLT COAST BARDOT FLORAL JACQUARD MIDI DRESS,149.0,149.0,0,False,102
2026-10-05,PLT,with code 10PLT BOOHOO TEXTURED LACE TRIM MINI DRESS,18.75,25.0,25,True,102
2026-10-05,PLT,with code 10PLT OASIS LACE FIT AND FLARE MIDI DRESS,22.0,69.0,68,True,102
2026-10-05,PLT,with code 10PLT PETITE KARENMILLEN PETITE CRYSTAL EMBELLISHED FRINGED WOVEN MIDI DRESS,126.0,359.0,65,True,102
2026-10-05,PLT,with code 10PLT KARENMILLEN VELVET BODICE DETAIL MINI DRESS,119.0,119.0,0,False,102
2026-10-05,PLT,with code 10PLT BOOHOO COTTON POPLIN SHIRRED FRONT TIE MAXI DRESS,21.0,28.0,25,True,102
2026-10-05,PLT,with code 10PLT PETITE DOROTHY PERKINS PETITE PATCHWORK FLORAL CONTRAST BOW DETAIL FRILL PRINTED MIDAXI DRESS,12.0,39.0,69,True,102
2026-10-05,PLT,with code 10PLT SHAPE SHAPE BANDAGE WRAP HEM DETAIL MINI DRESS,37.5,50.0,25,True,102
2026-10-05,PLT,with code 10PLT PETITE PETITE SHELL TRIM LINEN SLEEVELESS MINI DRESS,15.0,30.0,50,True,102
2026-10-05,PLT,with code 10PLT SATIN HALTER NECK LACE DETAIL MINI DRESS,15.0,20.0,25,True,102
2026-10-05,PLT,with code 10PLT BOAT NECK RUCHED DETAIL PUFFBALL DRESS,14.25,35.0,59,True,102
2026-10-05,PLT,with code 10PLT SATIN WRAP SHORT SLEEVE MINI DRESS,15.0,30.0,50,True,102
2026-10-05,PLT,with code 10PLT SATIN V NECK SHIFT DRESS,13.0,26.0,50,True,102
2026-10-05,PLT,with code 10PLT PLUS PLUS OFF THE SHOULDER ASYMMETRIC SHIRT DRESS,12.5,34.0,63,True,102
2026-10-05,PLT,with code 10PLT COAST FRILL SLEEVE CONTRAST COLLAR PLEAT SKIRT MAXI DRESS,90.0,149.0,40,True,102
2026-10-05,PLT,with code 10PLT PETITE PETITE SLINKY KNOT DETAIL MAXI DRESS,18.0,24.0,25,True,102
2026-10-05,PLT,with code 10PLT SATIN STRAPPY MAXI DRESS,17.5,35.0,50,True,102
2026-10-05,PLT,with code 10PLT RUCHED OVERLAY BODYCON DRESS,12.0,30.0,60,True,102
2026-10-05,PLT,with code 10PLT OASIS BOW DETAIL DROOPED WAIST MIDI DRESS,20.0,65.0,69,True,102
2026-10-05,PLT,with code 10PLT PLT label SATIN LACE CUP DETAIL MINI DRESS,18.0,24.0,25,True,103
2026-10-05,PLT,with code 10PLT PLUS BOOHOO PLUS TAILORED SLEEVELESS ASYMMETRIC BUTTON DOWN MINI DRESS,14.0,40.0,65,True,103
2026-10-05,PLT,with code 10PLT SHAPE SHAPE OFF SHOULDER FOLD OVER KNITTED BODYCON DRESS,7.5,25.0,70,True,103
2026-10-05,PLT,with code 10PLT DOUBLE LAYER SLINKY SLEEVELESS KNOT DRAPE MINI DRESS,15.0,20.0,25,True,103
2026-10-05,PLT,ICONIC PRICES BOOHOO CORSET DETAIL DRAPE SIDE STRUCTURED MINI DRESS,26.25,35.0,25,True,103
2026-10-05,PLT,with code 10PLT BOOHOO HIGH NECK DRAPED MINI DRESS,17.0,26.0,35,True,103
2026-10-05,PLT,with code 10PLT WAREHOUSE FLORAL PRINTED RACER NECK SEAM DETAIL BIAS MAXI DRESS,24.0,69.0,65,True,103
2026-10-05,PLT,with code 10PLT COAST DRAPE HIGH NECK PLEATED SKIRT MIDI DRESS,50.0,129.0,61,True,103
2026-10-05,PLT,with code 10PLT DOROTHY PERKINS PINK TROPICAL SLEEVELESS DRAWSTRING WAIST TIERED MAXI DRESS,20.0,39.0,49,True,103
2026-10-05,PLT,with code 10PLT ONION SKIN BANDEAU FLORAL PRINT MAXI DRESS,10.0,18.0,44,True,103
2026-10-05,PLT,with code 10PLT PLUS PLUS CHIFFON FRILL PLUNGE STRAPPY MAXI DRESS,28.5,38.0,25,True,103
2026-10-05,PLT,with code 10PLT PLUS BOOHOO PLUS DENIM FLIPPY SLEEVELESS DRESS,24.0,32.0,25,True,103
2026-10-05,PLT,with code 10PLT RUCHED CUT OUT DETAIL STRAPPY SHIFT DRESS,10.0,25.0,60,True,103
2026-10-05,PLT,with code 10PLT COAST JACQUARD FULL SKIRTED MINI DRESS WITH JEWEL TRIM,50.0,119.0,58,True,103
2026-10-05,PLT,with code 10PLT BOOHOO TEXTURED VOLUME SLEEVE DROP HEM MINI DRESS,11.0,35.0,69,True,103
2026-10-05,PLT,with code 10PLT COAST BARDOT FIT AND FLARE HI LOW HEM MINI BRIDAL DRESS,30.0,99.0,70,True,103
2026-10-05,PLT,with code 10PLT BOOHOO BANDEAU TAILORED MINI DRESS,8.0,28.0,71,True,103
2026-10-05,PLT,with code 10PLT PETITE PETITE SEAM DETAIL FRILL MAXI DRESS,27.5,55.0,50,True,103
2026-10-05,PLT,ICONIC PRICES TEXTURED LONG SLEEVE CREW NECK MINI DRESS,31.5,45.0,30,True,103
2026-10-05,PLT,with code 10PLT WOVEN OFF SHOULDER BELT DETAIL MINI DRESS,7.5,35.0,79,True,103
2026-10-05,PLT,with code 10PLT WAREHOUSE BURNOUT FLORAL CHIFFON SLASH NECK BIAS MIDI DRESS,25.0,55.0,55,True,103
2026-10-05,PLT,with code 10PLT PETITE OASIS PETITE LIGHT BLUE SQUARE NECK CHIFFON TIE SHOULDER SATIN JACQUARD BRIDESMAID MAXI DRESS,71.2,89.0,20,True,103
2026-10-05,PLT,with code 10PLT BOOHOO COTTON POPLIN SHIRRED FRONT TIE MINI DRESS,14.0,20.0,30,True,103
2026-10-05,PLT,with code 10PLT PLUS PLUS DOUBLE SLINKY RUCHED DRAPED DETAIL MINI DRESS,22.5,30.0,25,True,103
2026-10-05,PLT,with code 10PLT SEQUIN HALTER NECK MAXI DRESS,18.0,60.0,70,True,103
2026-10-05,PLT,with code 10PLT TALL TALL JERSEY RIB WAIST DETAIL SHIFT DRESS,15.0,20.0,25,True,103
2026-10-05,PLT,with code 10PLT EMBROIDERED HIGH NECK BACKLESS MINI DRESS,15.5,28.0,45,True,103
2026-10-05,PLT,with code 10PLT MATERNITY BOOHOO MATERNITY LINEN PUFF SLEEVE BARDOT MAXI DRESS,19.5,26.0,25,True,103
2026-10-05,PLT,with code 10PLT FLORAL ABSTRACT PRINTED ONION SKIN BANDEAU MINI DRESS,10.5,15.0,30,True,103
2026-10-05,PLT,with code 10PLT PETITE BOOHOO PETITE TAILORED HIGH NECK PLEATED MINI DRESS,9.0,25.0,64,True,103
2026-10-05,PLT,with code 10PLT PETITE KARENMILLEN PETITE LONG SLEEVE JERSEY MAXI DRESS,42.0,119.0,65,True,103
2026-10-05,PLT,with code 10PLT PLUS KARENMILLEN AMELIA GRAHAM PLUS SIZE BURNOUT LACE UP DETAIL WOVEN COLUMN DRESS,47.0,189.0,75,True,103
2026-10-05,PLT,with code 10PLT KARENMILLEN COTTON POPLIN PLEAT DETAIL WOVEN MIDI DRESS,52.0,149.0,65,True,103
2026-10-05,PLT,with code 10PLT SLINKY SCOOP NECK HANKY HEM MIDI DRESS,20.25,27.0,25,True,103
2026-10-05,PLT,with code 10PLT SOFT JERSEY SEAM DETAIL BODYCON DRESS,14.0,28.0,50,True,103
2026-10-05,PLT,with code 10PLT CHIFFON LONG SLEEVE RUFFLE DETAIL MAXI DRESS,18.5,36.0,49,True,103
2026-10-05,PLT,with code 10PLT SEQUIN ASYMMETRIC BAGGED OVER MINI DRESS,10.25,34.0,70,True,103
2026-10-05,PLT,with code 10PLT PETITE BOOHOO PETITE HALTERNECK GOLD TRIM TIERED MINI DRESS,19.5,26.0,25,True,103
2026-10-05,PLT,with code 10PLT PLUS BOOHOO PLUS TIE WAIST OBI BLAZER DRESS,36.0,48.0,25,True,103
2026-10-05,PLT,with code 10PLT WAREHOUSE WASHED SEAM DETAIL PLUNGE NECK MIDI DRESS,32.0,79.0,59,True,103
2026-10-05,PLT,with code 10PLT BOOHOO BURNOUT HALTER MIDAXI DRESS,21.0,28.0,25,True,103
2026-10-05,PLT,with code 10PLT BOOHOO TEXTURED SATIN & LACE TRIM MIDI DRESS,22.5,30.0,25,True,103
2026-10-05,PLT,with code 10PLT BANDEAU DRAPE DETAIL MAXI DRESS,16.5,55.0,70,True,103
2026-10-05,PLT,with code 10PLT PLUNGE PUFF HEM BLAZER DRESS,31.5,45.0,30,True,103
2026-10-05,PLT,with code 10PLT EMBROIDERED JACQUARD DRAPE MINI DRESS,17.5,35.0,50,True,103
2026-10-05,PLT,with code 10PLT PLUS PLUS CHAMPGANE SATIN PLEATED BLAZER DRESS,25.0,50.0,50,True,103
2026-10-05,PLT,with code 10PLT SATIN SCARF DETAIL LONG SLEEVE MINI DRESS,16.0,32.0,50,True,103
2026-10-05,PLT,with code 10PLT WOVEN ASYMMETRIC TRIM BLAZER DRESS,22.5,45.0,50,True,103
2026-10-05,PLT,with code 10PLT TAILORED WOVEN BACK BUTTON DETAIL BLAZER DRESS,25.0,50.0,50,True,103
2026-10-05,PLT,with code 10PLT KARENMILLEN DRAMA RUFFLE ASYMMETRIC MIDI DRESS,42.0,119.0,65,True,103
2026-10-05,PLT,with code 10PLT BOOHOO CHIFFON BARDOT RUCHED MINI DRESS,22.5,30.0,25,True,103
2026-10-05,PLT,with code 10PLT COAST FRINGE SATIN SHIRT DRESS,55.0,99.0,44,True,103
2026-10-05,PLT,with code 10PLT PETITE COAST PETITE PLACEMENT EMBROIDERED LONG SLEEVE MIDI DRESS,45.0,169.0,73,True,103
2026-10-05,PLT,with code 10PLT COAST LACE HEM STRUCTURED SATIN MAXI DRESS,104.3,149.0,30,True,103
2026-10-05,PLT,with code 10PLT BOOHOO LACE TRIM RUCHED BUST MINI DRESS,16.0,24.0,33,True,103
2026-10-05,PLT,with code 10PLT BOOHOO ABSTRACT MESH TWIST FRONT BARDOT MINI DRESS,8.0,24.0,67,True,103
2026-10-05,PLT,with code 10PLT PETITE PETITE POLKA DOT ROSETTE HALTERNECK RUCHED MESH MINI DRESS,14.0,28.0,50,True,103
2026-10-05,PLT,with code 10PLT TALL BOOHOO TALL ANIMAL JACQUARD DRAPE DETAIL MAXI DRESS,22.5,30.0,25,True,103
2026-10-05,PLT,with code 10PLT COAST SATIN RUCHED ONE SHOULDER ASYMMETRIC HEM MIDI DRESS,30.0,99.0,70,True,103
2026-10-05,PLT,with code 10PLT TRIM DETAIL CUT OUT KNIT MAXI DRESS,22.78,34.0,33,True,103
2026-10-05,PLT,with code 10PLT BOOHOO RUFFLE DETAIL MAXI DRESS,22.5,30.0,25,True,103
2026-10-05,PLT,with code 10PLT PLUS BOOHOO PLUS CHIFFON RUFFLE SKATER DRESS,18.0,26.0,31,True,103
2026-10-05,PLT,with code 10PLT BOOHOO FLORAL POLKA DOT RUCHED BODY MAXI DRESS,18.0,30.0,40,True,103
2026-10-05,PLT,with code 10PLT SHAPE SHAPE WOVEN PLUNGE LONG SLEEVE MINI DRESS,15.0,35.0,57,True,103
2026-10-05,PLT,ICONIC PRICES SATIN CUT OUT LONG SLEEVE BODYCON MINI DRESS,28.0,40.0,30,True,103
2026-10-05,PLT,with code 10PLT PLT LABEL PLT LABEL STRUCTURED SATIN DRAPED ONE SHOULDER BODYCON DRESS,18.0,32.0,44,True,104
2026-10-05,PLT,ICONIC PRICES PLT LABEL TAILORED ASYMMETRICAL CUT OUT BLAZER DRESS,18.0,65.0,72,True,104
2026-10-05,PLT,ICONIC PRICES SOFT BRUSHED ASYMMETRIC RUCHED BODYCON DRESS,10.0,20.0,50,True,104
2026-10-05,PLT,ICONIC PRICES PINSTRIPE BRUSHED BANDEAU MAXI DRESS,17.5,35.0,50,True,104
2026-10-05,PLT,with code 10PLT WAREHOUSE CROSS FRONT GEORGETTE AND MARL SUITING MIDI DRESS,17.0,55.0,69,True,104
2026-10-05,PLT,with code 10PLT WAREHOUSE CHIFFON CUT OUT WAIST RUFFE MAXI DRESS,21.0,69.0,70,True,104
2026-10-05,PLT,with code 10PLT PLT label COAST COAST MUSE 3D FLORAL MESH WITH TIE SHOULDER MIDI DRESS,80.0,129.0,38,True,104
2026-10-05,PLT,with code 10PLT DOROTHY PERKINS YELLOW FLORAL PRINTED FRILL DETAIL BLOUSON SLEEVE MINI DRESS,12.0,39.0,69,True,104
2026-10-05,PLT,with code 10PLT KARENMILLEN LINEN GEO PRINT WOVEN MAXI PROM DRESS,63.0,179.0,65,True,104
2026-10-05,PLT,with code 10PLT HOT PINK EMBELLISHED STRAPPY COWL NECK MINI DRESS,48.75,65.0,25,True,104
2026-10-05,PLT,with code 10PLT COAST LISA TAN LACE COLLAR POLKA DOT PLEATED TROUSER JUMPSUIT,129.0,129.0,0,False,104
2026-10-05,PLT,with code 10PLT STRAPPY PLEATED DROPPED WAIST MAXI DRESS,13.5,45.0,70,True,104
2026-10-05,PLT,with code 10PLT WOVEN CUT OUT MAXI DRESS,11.75,34.0,65,True,104
2026-10-05,PLT,with code 10PLT KARENMILLEN SCUBA SCOOP NECK LONG SLEEVE MINI DRESS,49.0,139.0,65,True,104
2026-10-05,PLT,with code 10PLT MISSPAP PRINTED KEYHOLE DETAIL SATIN MAXI,41.3,59.0,30,True,104
2026-10-05,PLT,with code 10PLT MISSPAP SATIN KEYHOLE HALTER DETAIL MAXI,22.0,55.0,60,True,104
2026-10-05,PLT,with code 10PLT SNAKE PRINT FRILL BOXY DRESS,21.0,42.0,50,True,104
2026-10-05,PLT,with code 10PLT DOROTHY PERKINS YELLOW DITSY FLORAL FRILL TIERED PRINTED POPLIN MINI SMOCK DRESS,15.0,35.0,57,True,104
2026-10-05,PLT,with code 10PLT SHAPE SHAPE FAUX LEATHER MINI BLAZER DRESS,22.0,50.0,56,True,104
2026-10-05,PLT,ICONIC PRICES SOFT TOUCH JERSEY ASYMMETRIC BODYCON DRESS,6.0,16.0,63,True,104
2026-10-05,PLT,with code 10PLT DOROTHY PERKINS BRODERIE LACE TRIM PUFF SLEEVE TIERED POPLIN MAXI DRESS,30.0,45.0,33,True,104
2026-10-05,PLT,with code 10PLT WAREHOUSE METALLIC JACQUARD VOLUME SLEEVE MINI DRESS,17.0,69.0,75,True,104
2026-10-05,PLT,with code 10PLT DOROTHY PERKINS PAISLEY SHIRRED BODICE PUFF SLEEVE MIDI DRESS,18.0,39.0,54,True,104
2026-10-05,PLT,with code 10PLT PETITE PETITE SLINKY DETAIL OPEN BACK FLOATY MINI DRESS,18.0,24.0,25,True,104
2026-10-05,PLT,with code 10PLT CHIFFON PLUNGE SPAGHETTI STRAP MAXI DRESS,18.0,36.0,50,True,104
2026-10-05,PLT,with code 10PLT CHIFFON SCOOP NECK WRAP DETAIL MINI DRESS,18.0,24.0,25,True,104
2026-10-05,PLT,with code 10PLT BOOHOO LEOPARD PRINTED MESH HEM T-SHIRT DRESS,18.75,25.0,25,True,104
2026-10-05,PLT,with code 10PLT PETITE WAREHOUSE PETITE STRUCTURED PUFF SLEEVE BARDOT MINI DRESS,55.0,55.0,0,False,104
2026-10-05,PLT,with code 10PLT TALL TALL BELT DETAIL KNITTED MAXI DRESS,10.5,30.0,65,True,104
2026-10-05,PLT,with code 10PLT PREMIUM DISC SEQUIN MINI BANDEAU DRESS,40.0,80.0,50,True,104
2026-10-05,PLT,with code 10PLT SHEER KNIT FLOWER EMBELLISHED DRESS,7.5,35.0,79,True,104
2026-10-05,PLT,with code 10PLT SATIN OFF THE SHOULDER MINI DRESS,21.0,28.0,25,True,104
2026-10-05,PLT,with code 10PLT BARDOT RUCHED DETAIL PLEATED SHIFT DRESS,5.5,24.0,77,True,104
2026-10-05,PLT,with code 10PLT OASIS LACE TRIM GATHERED V NECK MINI DRESS,15.0,55.0,73,True,104
2026-10-05,PLT,with code 10PLT MISSPAP SATIN RUCHED DRAPE BRIDESMAID DRESS,22.0,70.0,69,True,104
2026-10-05,PLT,with code 10PLT MISSPAP TAILORED DOUBLE BREASTED SLEEVELESS BLAZER DRESS,48.0,69.0,30,True,104
2026-10-05,PLT,with code 10PLT OASIS PRINTED TRIM DETAIL V NECK TIERED MINI DRESS,15.0,55.0,73,True,104
2026-10-05,PLT,with code 10PLT OASIS PREMIUM SATIN PLACEMENT PRINT BUTTON DETAIL MAXI DRESS,28.0,79.0,65,True,104
2026-10-05,PLT,with code 10PLT BOOHOO SLINKY TWIST DETAIL RUCHED MINI DRESS,16.0,32.0,50,True,104
2026-10-05,PLT,with code 10PLT KARENMILLEN SHEER VISCOSE GEORGETTE SKETCHY FLORAL WOVEN COWL BACK MAXI,44.0,179.0,75,True,104
2026-10-05,PLT,with code 10PLT PETITE DOROTHY PERKINS PETITE FLORAL PRINTED WRAP DETAIL BLOUSON SLEEVE MAXI DRESS,22.0,52.0,58,True,104
2026-10-05,PLT,with code 10PLT OASIS FLORAL V NECK MAXI WRAP DRESS,18.0,59.0,69,True,104
2026-10-05,PLT,with code 10PLT HALTER NECK CONTRAST SEAM DETAIL MINI DRESS,14.5,30.0,52,True,104
2026-10-05,PLT,with code 10PLT PLT LABEL OMBRE PRINTED BANDAGE MESH TIE DETAIL ASYMMETRIC BODYCON DRESS,10.5,45.0,77,True,104
2026-10-05,PLT,with code 10PLT BOOHOO CHIFFON TIERED HALTERNECK MAXI DRESS,24.0,32.0,25,True,104
2026-10-05,PLT,with code 10PLT PLUS PLUS FLORAL PRINTED CAMI DETAIL MINI DRESS,16.5,42.0,61,True,104
2026-10-05,PLT,with code 10PLT TEXTURED RUCHED SLEEVELESS SHIFT MINI DRESS,11.0,24.0,54,True,104
2026-10-05,PLT,with code 10PLT BOOHOO SUPER SOFT DRAPE DETAIL MIDAXI DRESS,13.5,18.0,25,True,104
2026-10-05,PLT,with code 10PLT NASTYGAL SATIN WRAP HIGH NECK COWL FRONT MAXI DRESS,27.3,39.0,30,True,104
2026-10-05,PLT,with code 10PLT TALL BOOHOO TALL SHORT SLEEVE DENIM DRESS,21.0,28.0,25,True,104
2026-10-05,PLT,with code 10PLT SATIN COWL NECK MINI SHIFT,14.0,28.0,50,True,104
2026-10-05,PLT,with code 10PLT PETITE BOOHOO PETITE LINEN BEADED DROP WAIST MINI DRESS,8.0,22.0,64,True,104
2026-10-05,PLT,with code 10PLT HEAVY BRUSHED RIB BOAT NECK WRAP TIE BODYCON DRESS,11.25,24.0,53,True,104
2026-10-05,PLT,with code 10PLT KARENMILLEN SCENIC PRINT CONTRAST TOPSTITCH BELTED MIDI DRESS,56.0,159.0,65,True,104
2026-10-05,PLT,with code 10PLT WAREHOUSE PETITE CHIFFON TIE FRONT VOLUME MIDI SMOCK DRESS,20.0,69.0,71,True,104
2026-10-05,PLT,with code 10PLT BOOHOO TASSEL DETAIL CROCHET DRESS,11.0,35.0,69,True,104
2026-10-05,PLT,with code 10PLT DOROTHY PERKINS SHIRRED NECK TIE WAIST MINI DRESS,12.0,39.0,69,True,104
2026-10-05,PLT,with code 10PLT PETITE KARENMILLEN PETITE LINEN VISCOSE TILE PRINT WOVEN MIDI DRESS,52.0,129.0,60,True,104
2026-10-05,PLT,with code 10PLT KARENMILLEN ARCHIVE COLLECTION - TAFFETA BOW DETAIL WOVEN MINI DRESS,62.0,249.0,75,True,104
2026-10-05,PLT,with code 10PLT COAST CROSS NECK PEPLUM HEM JACQUARD PENCIL SKIRT DRESS,70.0,119.0,41,True,104
2026-10-05,PLT,with code 10PLT POLKA DOT CHIFFON BALLOON SLEEVE MINI DRESS,22.5,30.0,25,True,104
2026-10-05,PLT,with code 10PLT FLORAL PRINT CHIFFON FRILL HEM MAXI DRESS,35.0,70.0,50,True,104
2026-10-05,PLT,with code 10PLT SLINKY CUT OUT RUCHED HIGH NECK MINI DRESS,18.75,25.0,25,True,104
2026-10-05,PLT,with code 10PLT FLORAL EMBROIDERED BARDOT CORSET DRESS,19.0,38.0,50,True,104
2026-10-05,PLT,with code 10PLT TEXTURE SCARF DETAIL TRIM MINI DRESS,7.5,34.0,78,True,104
2026-10-05,PLT,with code 10PLT CONTRAST SATIN DRAPED SWEETHEART BANDEAU DRESS,33.75,45.0,25,True,104
2026-10-05,PLT,with code 10PLT BOOHOO SATIN ANGEL SLEEVE MIDAXI DRESS,11.0,32.0,66,True,104
2026-10-05,PLT,with code 10PLT PRINTED ASYMMETRIC RUCHED DETAIL MAXI DRESS,35.0,50.0,30,True,104
2026-10-05,PLT,with code 10PLT SATIN MESH PANEL DETAIL MINI DRESS,14.0,28.0,50,True,105
2026-10-05,PLT,with code 10PLT PINSTRIPE BANDEAU FRILL HEM SHIFT DRESS,5.0,25.0,80,True,105
2026-10-05,PLT,with code 10PLT WOVEN BALLOON SLEEVE BLAZER DRESS,21.0,45.0,53,True,105
2026-10-05,PLT,with code 10PLT SLINKY WRAP OFF THE SHOULDER MINI DRESS,13.0,26.0,50,True,105
2026-10-05,PLT,with code 10PLT PLT label CHIFFON FRILL HEM SHIFT DRESS,22.5,45.0,50,True,105
2026-10-05,PLT,with code 10PLT SATIN COWL NECK MINI DRESS,23.5,50.0,53,True,105
2026-10-05,PLT,ICONIC PRICES NASTYGAL BRODERIE BUTTON THROUGH MINI DRESS,24.5,35.0,30,True,105
2026-10-05,PLT,with code 10PLT KARENMILLEN COMPACT WOOL LOOK RUFFLE V NECK MIDI DRESS,49.0,139.0,65,True,105
2026-10-05,PLT,with code 10PLT DOROTHY PERKINS V NECK SHIRRED WAIST PUFF SLEEVE JERSEY MIDI DRESS,12.0,35.0,66,True,105
2026-10-05,PLT,with code 10PLT KARENMILLEN VISCOSE SATIN SLEEVELESS COWL NECK DRAPE WOVEN MAXI DRESS,49.0,139.0,65,True,105
2026-10-05,PLT,with code 10PLT TALL KARENMILLEN ARCHIVE COLLECTION - TALL CORSET DETAIL GEORGETTE CAPE WOVEN MAXI DRESS,107.0,429.0,75,True,105
2026-10-05,PLT,with code 10PLT TALL KARENMILLEN DIGITAL OPHELIA TALL POLISHED TAILORED OPEN BACK HEM DETAIL MINI DRESS,55.0,219.0,75,True,105
2026-10-05,PLT,with code 10PLT PETITE DOROTHY PERKINS PETITE BLUE SQUARE NECK BLOUSON SLEEVE TIERED MAXI DRESS,15.0,39.0,62,True,105
2026-10-05,PLT,with code 10PLT COAST PRINTED LACE PUFF SLEEVE PENCIL DRESS,55.0,129.0,57,True,105
2026-10-05,PLT,with code 10PLT PLT LABEL BUTTERCREAM SATIN COWL DRAPED FISHTAIL MAXI DRESS,22.5,45.0,50,True,105
2026-10-05,PLT,with code 10PLT BOOHOO SLINKY LONG SLEEVE O RING TIE WAIST MAXI DRESS,21.0,30.0,30,True,105
2026-10-05,PLT,with code 10PLT PLUS PLUS SATIN ASYMMETRIC BARDOT TWIST MAXI DRESS,30.0,40.0,25,True,105
2026-10-05,PLT,with code 10PLT OASIS EMERALD COWL NECK OPEN BACK MIDI BRIDESMAID DRESS,55.3,79.0,30,True,105
2026-10-05,PLT,with code 10PLT COAST HIGH NECK DRAPE CONTOUR COLLECTIVE BRIDESMAID DRESS,40.0,119.0,66,True,105
2026-10-05,PLT,with code 10PLT PREMIUM MESH FEATHER POM POM OPEN BACK MAXI DRESS,47.5,95.0,50,True,105
2026-10-05,PLT,with code 10PLT SCOOP NECK DROP WAIST MAXI DRESS,8.5,40.0,79,True,105
2026-10-05,PLT,with code 10PLT SHAPE SHAPE SATIN BOAT NECK CINCHED WAIST SKATER MINI DRESS,6.5,35.0,81,True,105
2026-10-05,PLT,with code 10PLT WOVEN BELT DETAIL LONG SLEEVE MINI DRESS,20.0,40.0,50,True,105
2026-10-05,PLT,with code 10PLT TEXTURED ONE SHOULDER MAXI DRESS,22.5,45.0,50,True,105
2026-10-05,PLT,with code 10PLT PETITE KARENMILLEN PETITE FLORAL CRINKLE GEORGETTE RUFFLE DETAIL HALTER NECK WOVEN MAXI DRESS,45.0,129.0,65,True,105
2026-10-05,PLT,with code 10PLT PETITE KARENMILLEN PETITE COLOUR BLOCK FLUID TENCEL WOVEN MAXI SHIRT DRESS,56.0,159.0,65,True,105
2026-10-05,PLT,with code 10PLT PLUS COAST PLUS LACE PANELLED LONG SLEEVE MIDI DRESS,80.0,149.0,46,True,105
2026-10-05,PLT,with code 10PLT BOOHOO LINEN BANDEAU SHIRRED BACK MIDAXI DRESS,15.0,25.0,40,True,105
2026-10-05,PLT,with code 10PLT KARENMILLEN FIGURE FORM BANDAGE FEATHER HEM KNIT MIDI DRESS,63.0,179.0,65,True,105
2026-10-05,PLT,with code 10PLT BOOHOO ZEBRA PRINT STRAPPY MINI DRESS,12.75,17.0,25,True,105
2026-10-05,PLT,with code 10PLT COAST TUX SATIN DRESS,45.0,119.0,62,True,105
2026-10-05,PLT,with code 10PLT BOOHOO FLORAL BURNOUT WRAP MINI DRESS,18.75,25.0,25,True,105
2026-10-05,PLT,with code 10PLT PLUNGE SIDE CUT OUT TIE DETAIL BLAZER DRESS,28.5,38.0,25,True,105
2026-10-05,PLT,with code 10PLT RUFFLE DETAIL KEYHOLE CAP SLEEVE SHIFT DRESS,12.0,30.0,60,True,105
2026-10-05,PLT,with code 10PLT MATERNITY BOOHOO MATERNITY RIB HALTERNECK MAXI DRESS,15.0,20.0,25,True,105
2026-10-05,PLT,with code 10PLT TAILORED HIGH NECK MIDAXI DRESS,27.5,60.0,54,True,105
2026-10-05,PLT,with code 10PLT TRIM DETAIL OFF THE SHOULDER MAXI DRESS,22.5,30.0,25,True,105
2026-10-05,PLT,with code 10PLT WOVEN BELT PLEATED MINI SHIFT DRESS,20.0,40.0,50,True,105
2026-10-05,PLT,with code 10PLT DOROTHY PERKINS PETITE DP LUXE PRINTED ORGANZA BLOUSON SLEEVE MINI DRESS,8.0,49.0,84,True,105
2026-10-05,PLT,with code 10PLT PINSTRIPE RUCHED BODYCON DRESS,14.0,28.0,50,True,105
2026-10-05,PLT,with code 10PLT WOVEN DRAPE SHOULDER MINI DRESS,6.5,30.0,78,True,105
2026-10-05,PLT,with code 10PLT KARENMILLEN AQUA ABSTRACT TWIST SHOULDER SATIN VISCOSE MIDI DRESS,56.0,159.0,65,True,105
2026-10-05,PLT,with code 10PLT COAST RUFFLE SHOULDER FLORAL MIDI DRESS,60.0,129.0,53,True,105
2026-10-05,PLT,with code 10PLT WAREHOUSE PRINTED DROPPED WAIST CHIFFON TIERED MAXI DRESS,18.0,69.0,74,True,105
2026-10-05,PLT,with code 10PLT LACE UP CORSET MINI DRESS,18.0,36.0,50,True,105
2026-10-05,PLT,with code 10PLT MISSPAP PLEATED DETAIL VOLUME HEM MINI DRESS,41.0,59.0,31,True,105
2026-10-05,PLT,with code 10PLT COAST SATIN PLEAT BODICE FULL SKIRT MAXI DRESS,179.0,179.0,0,False,105
2026-10-05,PLT,with code 10PLT PETITE PETITE PAISLEY CUT OUT CHIFFON RUFFLE HEM MINI DRESS,15.0,30.0,50,True,105
2026-10-05,PLT,with code 10PLT PLUS PLUS FLORAL PUFF SLEEVE RUCHED SPLIT SIDE MIDI DRESS,13.5,34.0,60,True,105
2026-10-05,PLT,with code 10PLT SHAPE SHAPE ASYMMETRICAL MESH PANNEL RUCHED MINI DRESS,15.5,31.0,50,True,105
2026-10-05,PLT,with code 10PLT BOOHOO PLUNGE FRONT SHORT SLEEVE MINI DRESS,15.0,20.0,25,True,105
2026-10-05,PLT,with code 10PLT TAILORED WOVEN WRAP DETAIL T-SHIRT DRESS,14.0,28.0,50,True,105
2026-10-05,PLT,with code 10PLT PLUS PLUS STRUCTURED SATIN DRAPE DETAIL BLAZER DRESS,30.0,60.0,50,True,105
2026-10-05,PLT,with code 10PLT STRIPED SOFT TOUCH COLLAR LONG SLEEVE BODYCON DRESS,14.0,28.0,50,True,105
2026-10-05,PLT,with code 10PLT WOVEN HIGH NECK SLEEVELESS BODYCON DRESS,7.0,28.0,75,True,105
2026-10-05,PLT,with code 10PLT PUFF HEM STRAPPY MAXI DRESS,14.0,32.0,56,True,105
2026-10-05,PLT,with code 10PLT PLUS PLUS HIGH NECK PUFF SLEEVE BODYCON DRESS,23.5,50.0,53,True,105
2026-10-05,PLT,ICONIC PRICES SLINKY DRAPED SLEEVE MAXI DRESS,10.5,30.0,65,True,105
2026-10-05,PLT,with code 10PLT COCOON SLEEVE CINCHED WAIST BLAZER DRESS,33.6,48.0,30,True,105
2026-10-05,PLT,with code 10PLT KARENMILLEN CRINKLE GEORGETTE RUFFLE DETAIL HALTER NECK WOVEN MAXI DRESS,45.0,129.0,65,True,105
2026-10-05,PLT,with code 10PLT DOROTHY PERKINS FLORAL DP LUXE PINK FLORAL CAPE RUFFLE MIDI DRESS,22.0,59.0,63,True,105
2026-10-05,PLT,with code 10PLT PETITE DOROTHY PERKINS PETITE FRILL NECKLINE LACE DETAIL PRINTED MIDI DRESS,20.0,39.0,49,True,105
2026-10-05,PLT,with code 10PLT KARENMILLEN METALLIC THREAD PRINTED COLD SHOULDER WOVEN MAXI DRESS,91.0,259.0,65,True,105
2026-10-05,PLT,with code 10PLT COAST STRAPPY BOW BACK FISH TAIL WEDDING DRESS,45.0,179.0,75,True,105
2026-10-05,PLT,with code 10PLT BOOHOO PRINTED GLITTER MESH MINI DRESS,11.0,28.0,61,True,105
2026-10-05,PLT,with code 10PLT ABSTRACT PRINTED CHIFFON SCARF NECK DETAIL ASYMMETRIC MINI DRESS,15.0,30.0,50,True,105
2026-10-05,PLT,with code 10PLT FLORAL PRINTED CHIFFON BANDEAU TIERED FRILL MAXI DRESS,34.0,85.0,60,True,105
2026-10-05,PLT,with code 10PLT PETITE BOOHOO PETITE TEXTURED CRINKLE STRAPPY TIERED MAXI DRESS,22.5,30.0,25,True,105
2026-10-05,PLT,with code 10PLT PANELLED FLOATY MAXI DRESS,18.0,24.0,25,True,105
2026-10-05,PLT,with code 10PLT PETITE PETITE PREMIUM LINEN LOOK CINCHED WAIST COCOON SLEEVE MINI DRESS,22.0,50.0,56,True,106
2026-10-05,PLT,ICONIC PRICES CHIFFON CONTRAST COWL NECK MAXI DRESS,25.5,34.0,25,True,106
2026-10-05,PLT,with code 10PLT SOFT TOUCH STUD DETAIL OFF SHOULDER MINI DRESS,6.5,18.0,64,True,106
2026-10-05,PLT,with code 10PLT PINSTRIPE PLEATED HEM DETAIL BODYCON DRESS,16.8,24.0,30,True,106
2026-10-05,PLT,with code 10PLT ZIP UP POCKET DETAIL BODYCON DRESS,14.0,28.0,50,True,106
2026-10-05,PLT,with code 10PLT BOOHOO RUCHED BUST PUFF SLEEVE MINI DRESS,16.0,25.0,36,True,106
2026-10-05,PLT,with code 10PLT PLT label MISSPAP PREMIUM CHIFFON GODET DRESS,18.0,49.0,63,True,106
2026-10-05,PLT,with code 10PLT TALL KARENMILLEN TALL RUFFLE TAFFETA STRETCH CREPE BANDEAU TAILORED MIDI DRESS,60.0,239.0,75,True,106
2026-10-05,PLT,with code 10PLT BOOHOO TEXTURED GINGHAM MIDAXI DRESS,18.0,26.0,31,True,106
2026-10-05,PLT,with code 10PLT PETITE DOROTHY PERKINS PETITE FLORAL SLEEVELESS DRAWSTRING WAIST TIERED MAXI DRESS,28.0,39.0,28,True,106
2026-10-05,PLT,with code 10PLT PETITE PETITE SCALLOPED EDGING KNITTED MAXI DRESS,23.45,35.0,33,True,106
2026-10-05,PLT,with code 10PLT BOOHOO LACE DETAIL MIDAXI T-SHIRT DRESS,18.75,25.0,25,True,106
2026-10-05,PLT,with code 10PLT TALL BOOHOO TALL HALTER JAQUARD SQUARE NECK SKATER DRESS,26.25,35.0,25,True,106
2026-10-05,PLT,with code 10PLT BOOHOO OBI TIE WAIST TAILORED BLAZER DRESS,15.0,45.0,67,True,106
2026-10-05,PLT,with code 10PLT PLUS BOOHOO PLUS ZEBRA PRINTED MESH ASYM NECK MINI DRESS,24.0,32.0,25,True,106
2026-10-05,PLT,with code 10PLT PLUS BOOHOO PLUS 3D CORSAGE TAILORED STRAPPY MINI DRESS,25.0,40.0,38,True,106
2026-10-05,PLT,with code 10PLT ONE SLEEVE RUCHED WOVEN BODYCON DRESS,16.0,32.0,50,True,106
2026-10-05,PLT,with code 10PLT SATIN KNOT DETAIL MAXI DRESS,22.5,45.0,50,True,106
2026-10-05,PLT,with code 10PLT WOVEN TIE BODYCON MINI DRESS,16.0,32.0,50,True,106
2026-10-05,PLT,with code 10PLT PLUS PLUS POLKA DOT PRINTED PLISSE COWL NECK MAXI DRESS,22.5,30.0,25,True,106
2026-10-05,PLT,with code 10PLT TWILL CONTRAST STITCHING BODYCON DRESS,12.5,38.0,67,True,106
2026-10-05,PLT,with code 10PLT WOVEN PLEATED DETAIL BLAZER DRESS,20.0,40.0,50,True,106
2026-10-05,PLT,with code 10PLT DOUBLE LAYERED CHIFFON HALTERNECK KEYHOLE MAXI DRESS,28.0,40.0,30,True,106
2026-10-05,PLT,with code 10PLT OASIS HALTERNECK SATIN JACQUARD MIDI DRESS,20.0,79.0,75,True,106
2026-10-05,PLT,with code 10PLT WAREHOUSE JERSEY JACQUARD SLASH NECK SCOOP BACK MIDI DRESS,15.0,55.0,73,True,106
2026-10-05,PLT,with code 10PLT OASIS CONTRAST LACE MINI DRESS,20.0,65.0,69,True,106
2026-10-05,PLT,with code 10PLT KARENMILLEN LINEN VISCOSE TILE PRINT WOVEN MIDI DRESS,45.0,129.0,65,True,106
2026-10-05,PLT,with code 10PLT KARENMILLEN MARBLED PRINTED MESH RUCHED JERSEY MAXI DRESS,36.0,89.0,60,True,106
2026-10-05,PLT,with code 10PLT KARENMILLEN SATIN HALTER PLEATED WOVEN MAXI DRESS,37.0,149.0,75,True,106
2026-10-05,PLT,with code 10PLT DOROTHY PERKINS SHIRRED WAIST TIERED MIDI DRESS,18.0,45.0,60,True,106
2026-10-05,PLT,with code 10PLT WAREHOUSE TEXTURED ORGANZA ASYMMETRIC SEAM VOLUME SLEEVE MIDI DRESS,17.0,69.0,75,True,106
2026-10-05,PLT,with code 10PLT COAST LISA TAN V NECK CORSAGE SHOULDER PENCIL MIDI DRESS,45.0,129.0,65,True,106
2026-10-05,PLT,SHAPE SHAPE TROPICAL PRINT STRAPPY COWL NECK MAXI DRESS,19.5,26.0,25,True,106
2026-10-05,PLT,with code 10PLT HALTERNECK CUT OUT DETAIL KNITTED MAXI DRESS,22.5,45.0,50,True,106
2026-10-05,PLT,with code 10PLT MESH LONG SLEEVE DROP BEAD DETAIL MAXI DRESS,18.0,40.0,55,True,106
2026-10-05,PLT,with code 10PLT BOOHOO TONAL ZEBRA HIGH HECK TIE FRONT MAXI DRESS,18.75,25.0,25,True,106
2026-10-05,PLT,with code 10PLT WAREHOUSE SATIN JACQUARD WRAP DETAIL MIDI DRESS,35.0,65.0,46,True,106
2026-10-05,PLT,with code 10PLT CONTRAST LACE WRAP COWL NECK MINI DRESS,11.0,28.0,61,True,106
2026-10-05,PLT,with code 10PLT BOOHOO BOW DETAIL WOVEN SHIFT DRESS,11.0,22.0,50,True,106
2026-10-05,PLT,with code 10PLT PLUS BOOHOO PLUS O-RING DETAIL BEACH DRESS,16.0,26.0,38,True,106
2026-10-05,PLT,with code 10PLT BOOHOO BRODERIE BARDOT RUFFLE HEM MINI DRESS,13.0,28.0,54,True,106
2026-10-05,PLT,with code 10PLT BOOHOO BASIC RIB 3/4 SLEEVE MAXI DRESS,12.0,16.0,25,True,106
2026-10-05,PLT,with code 10PLT TEXTURED ASYMMETRIC SLEEVELESS BODYCON DRESS,7.25,24.0,70,True,106
2026-10-05,PLT,with code 10PLT PLUS PLUS FLORAL CROCHET LACE HALTERNECK MINI DRESS,27.5,55.0,50,True,106
2026-10-05,PLT,with code 10PLT TEXTURED STRIPE BANDEAU MAXI DRESS,6.5,26.0,75,True,106
2026-10-05,PLT,with code 10PLT PLUS PLUS WOVEN BUTTON DOWN DETAIL PLEATED SHIFT DRESS,17.5,35.0,50,True,106
2026-10-05,PLT,with code 10PLT KARENMILLEN PREMIUM SLINKY CREPE EMBELLISHED CUT OUT MAXI DRESS,56.0,139.0,60,True,106
2026-10-05,PLT,with code 10PLT KARENMILLEN VISCOSE BLEND STRIPED KNITTED MAXI DRESS,63.0,179.0,65,True,106
2026-10-05,PLT,with code 10PLT COAST SLEEVELESS BANDEAU WRAP SKIRT MAXI WEDDING DRESS,149.0,149.0,0,False,106
2026-10-05,PLT,with code 10PLT MESH CROSS OVER STRAPPY MAXI DRESS,20.5,45.0,54,True,106
2026-10-05,PLT,with code 10PLT CHIFFON PLUNGE NECK DETAIL MAXI DRESS,15.0,30.0,50,True,106
2026-10-05,PLT,with code 10PLT CUT OUT BACK PUFFBALL DRESS,7.75,22.0,65,True,106
2026-10-05,PLT,with code 10PLT SOFT TOUCH TWIST DEEP PLUNGE MAXI DRESS,9.0,30.0,70,True,106
2026-10-05,PLT,with code 10PLT FRILL SLEEVELESS MAXI DRESS,16.25,36.0,55,True,106
2026-10-05,PLT,with code 10PLT SHAPE SHAPE LEOPARD PRINTED DETAIL MINI BODYCON DRESS,11.0,30.0,63,True,106
2026-10-05,PLT,with code 10PLT TAILORED WOVEN BUTTON SPLIT DETAIL BANDEAU MAXI DRESS,28.0,60.0,53,True,106
2026-10-05,PLT,with code 10PLT SOFT TOUCH RUCHED ASYMMETRIC CUT OUT MAXI DRESS,23.0,55.0,58,True,106
2026-10-05,PLT,with code 10PLT EXTREME RUCHED ASYMMETRIC MAXI DRESS,22.5,45.0,50,True,106
2026-10-05,PLT,with code 10PLT WAREHOUSE TULLE POLKA DOT PLUNGE NECK FLUTTER SLEEVE TIER MAXI DRESS,53.0,129.0,59,True,106
2026-10-05,PLT,with code 10PLT KARENMILLEN PONTE TRIM BELT DETAIL MIDI PENCIL DRESS,42.0,119.0,65,True,106
2026-10-05,PLT,with code 10PLT NASTYGAL VELVET SATIN MIX PUFF SLEEVE CUT OUT MINI DRESS,34.3,49.0,30,True,106
2026-10-05,PLT,with code 10PLT DOROTHY PERKINS FLORAL BUTTON DETAIL PUFF SLEEVE MIDI DRESS,18.0,45.0,60,True,106
2026-10-05,PLT,with code 10PLT COAST LACE SLEEVELESS SATIN CONTRAST MIDI SHIRT DRESS,50.0,129.0,61,True,106
2026-10-05,PLT,with code 10PLT COAST BANDAGE KNIT SHIRT MIDI DRESS,70.0,119.0,41,True,106
2026-10-05,PLT,with code 10PLT PETITE DOROTHY PERKINS PETITE PAISLEY SHIRRED BODICE DROP WAIST MIDI DRESS,18.0,39.0,54,True,106
2026-10-05,PLT,with code 10PLT DOROTHY PERKINS SHELL PRINTED LACE TRIM PEPLUM MIDI DRESS,22.0,45.0,51,True,106
2026-10-05,PLT,with code 10PLT SHAPE SHAPE CHOCOLATE SATIN LACE ASYMMETRIC DRESS,21.0,28.0,25,True,106
2026-10-05,PLT,with code 10PLT BURNT ORANGE LINEN LOOK EMBROIDERED DETAIL MAXI DRESS,17.0,34.0,50,True,106
2026-10-05,PLT,with code 10PLT LINEN LOOK TIE WAIST SHIRT DRESS,15.0,30.0,50,True,106
2026-10-05,PLT,with code 10PLT TEXTURED RUFFLE BOAT NECK SHIFT MINI DRESS,14.0,26.0,46,True,106
2026-10-05,PLT,with code 10PLT CHIFFON EXTREME COWL SLEEVELESS MAXI DRESS,14.5,30.0,52,True,106
2026-10-05,PLT,with code 10PLT NASTYGAL THE SCULPTED DENIM SHIRT DRESS,27.3,39.0,30,True,107
2026-10-05,PLT,with code 10PLT BOOHOO BURNOUT BARDOT TIERED MINI DRESS,26.25,35.0,25,True,107
2026-10-05,PLT,with code 10PLT MATERNITY BOOHOO MATERNITY PUFF SLEEVE POPLIN MAXI DRESS,21.0,28.0,25,True,107
2026-10-05,PLT,with code 10PLT SATIN COWL BACK LACE PANEL DETAIL MAXI DRESS,9.5,40.0,76,True,107
2026-10-05,PLT,with code 10PLT SATIN RUCHED DETAIL PLUNGE MAXI DRESS,19.0,38.0,50,True,107
2026-10-05,PLT,with code 10PLT SATIN PANEL SHEER MESH MAXI DRESS,13.5,40.0,66,True,107
2026-10-05,PLT,with code 10PLT PLT label PLUS PLUS ABSTRACT PRINTED CHIFFON DRAPED MAXI DRESS,33.75,45.0,25,True,107
2026-10-05,PLT,with code 10PLT PETITE BOOHOO PETITE CHIFFON DRAPE NECK SCARF DETAIL MAXI DRESS,21.0,28.0,25,True,107
2026-10-05,PLT,with code 10PLT KARENMILLEN COMPACT STRETCH ESSENTIAL WAIST TAB DETAIL TAILORED MINI DRESS,83.3,119.0,30,True,107
2026-10-05,PLT,with code 10PLT COAST SCALLOP DETAIL PLEATED MIDI DRESS,40.0,119.0,66,True,107
2026-10-05,PLT,with code 10PLT DOROTHY PERKINS DP LUXE CAPE RUFFLE MIDI DRESS,28.0,55.0,49,True,107
2026-10-05,PLT,with code 10PLT PETITE COAST PETITE METALLIC JACQUARD PUFF SLEEVE PENCIL DRESS,70.0,119.0,41,True,107
2026-10-05,PLT,with code 10PLT WAREHOUSE YORYU CHIFFON ELASTICATED BACK BANDEAU MAXI DRESS,15.0,49.0,69,True,107
2026-10-05,PLT,with code 10PLT PETITE DOROTHY PERKINS PETITE TIE FRONT FRILL SLEEVE PRINTED POPLIN MIDI DRESS,20.0,45.0,56,True,107
2026-10-05,PLT,with code 10PLT DOROTHY PERKINS LACE TRIM TIE FRONT PRINTED MIDI DRESSS,25.0,39.0,36,True,107
2026-10-05,PLT,with code 10PLT DOROTHY PERKINS ORANGE FLORAL CONTRAST BINDING TIE SIDE PRINTED POPLIN MIDI DRESS,18.0,45.0,60,True,107
2026-10-05,PLT,with code 10PLT POLKA DOT STRETCH WOVEN SCOOP NECK BODYCON DRESS,11.0,22.0,50,True,107
2026-10-05,PLT,with code 10PLT ABSTRACT ANIMAL PRINT ASYMMETRIC FRILL SPLIT MAXI DRESS,19.0,40.0,53,True,107
2026-10-05,PLT,with code 10PLT STRIPE COLLAR DETAIL SLEEVELESS MAXI DRESS,12.0,24.0,50,True,107
2026-10-05,PLT,with code 10PLT PLISSE KNOT DETAIL BANDEAU BODYCON DRESS,12.0,16.0,25,True,107
2026-10-05,PLT,with code 10PLT TEXTURED BUTTON DOWN SLEEVELESS MAXI DRESS,16.0,32.0,50,True,107
2026-10-05,PLT,with code 10PLT CHIFFON V NECK RUCHED MINI DRESS,14.5,36.0,60,True,107
2026-10-05,PLT,with code 10PLT PLT LABEL PLT LABEL SEQUIN CONTRAST VELVET CORSET MAXI DRESS,27.5,55.0,50,True,107
2026-10-05,PLT,with code 10PLT OASIS BUTTER YELLOW CROSS SHOULDER TIE BACK SATIN MAXI BRIDESMAID DRESS,71.1,79.0,10,True,107
2026-10-05,PLT,with code 10PLT BOOHOO BENGALINE HOOK AND EYE SKATER DRESS,18.0,24.0,25,True,107
2026-10-05,PLT,with code 10PLT PETITE COAST PETITE LONG SLEEVE PLEATED CREPE MIDAXI DRESS,35.0,129.0,73,True,107
2026-10-05,PLT,with code 10PLT BRODERIE STRAPPY PLEATED SHIFT DRESS,11.0,24.0,54,True,107
2026-10-05,PLT,with code 10PLT MATERNITY MATERNITY KNITTED ASYMMETRIC BUTTONS RUCHED BUMP MIDI DRESS,17.0,34.0,50,True,107
2026-10-05,PLT,with code 10PLT MISSPAP SLASH NECK CAP SLEEVE DRAPE MAXI DRESS,19.0,60.0,68,True,107
2026-10-05,PLT,with code 10PLT BOOHOO POLKA DOT SLASH NECK MINI DRESS,14.0,20.0,30,True,107
2026-10-05,PLT,with code 10PLT BOOHOO LINEN LOOK PUFF SLEEVE SHIRRED MINI DRESS,10.0,25.0,60,True,107
2026-10-05,PLT,with code 10PLT POLKA DOT BUTTON DOWN DROP WAIST MAXI DRESS,11.0,32.0,66,True,107
2026-10-05,PLT,with code 10PLT VELVET FLORAL APPLIQUE EMBELLISHED A-LINE SHIFT DRESS,20.0,40.0,50,True,107
2026-10-05,PLT,with code 10PLT KARENMILLEN FIGURE FORM BANDAGE ASYMMETRIC STRAP KNIT MIDI DRESS,45.0,129.0,65,True,107
2026-10-05,PLT,with code 10PLT BOOHOO POLKA DOT SQUARE NECK MINI DRESS,18.0,24.0,25,True,107
2026-10-05,PLT,with code 10PLT PLUS BOOHOO PLUS STRIPE SQUARE NECK FRILL HEM MINI DRESS,15.0,20.0,25,True,107
2026-10-05,PLT,with code 10PLT KARENMILLEN TAILORED STRIPE LINEN STRAPPY ASYMMETRIC HEM MIDI DRESS,42.0,169.0,75,True,107
2026-10-05,PLT,with code 10PLT COAST SLEEVELESS TIE SHOULDER JACQUARD MAXI WEDDING DRESS,35.0,149.0,77,True,107
2026-10-05,PLT,with code 10PLT KARENMILLEN CHAIN PRINT COTTON SATEEN BELT DETAIL WOVEN SHIRT DRESS,63.0,179.0,65,True,107
2026-10-05,PLT,with code 10PLT COAST TULIP STRAP JACQUARD HIGH NECK MIDI DRESS,35.0,129.0,73,True,107
2026-10-05,PLT,with code 10PLT SHEER SEQUIN SHEER MAXI DRESS,31.5,42.0,25,True,107
2026-10-05,PLT,with code 10PLT DOUBLE LAYER SLINKY BANDEAU PLUNGE RUCHED MAXI DRESS,16.5,36.0,54,True,107
2026-10-05,PLT,with code 10PLT CORD ASYMMETRIC BODYCON DRESS,11.0,22.0,50,True,107
2026-10-05,PLT,with code 10PLT PLUS BOOHOO PLUS CHIFFON RUFFLE PLUNGE MAXI DRESS,24.0,32.0,25,True,107
2026-10-05,PLT,with code 10PLT PETITE PETITE FLORAL APPLIQUE KNITTED CROCHET MINI DRESS,15.5,34.0,54,True,107
2026-10-05,PLT,with code 10PLT OASIS LEOPARD ORGANZA SHIRRED WAIST MIDI DRESS,20.0,65.0,69,True,107
2026-10-05,PLT,with code 10PLT PLUS BOOHOO PLUS LINEN LOOK MIDI SHIRT DRESS,17.0,30.0,43,True,107
2026-10-05,PLT,with code 10PLT WOVEN TAILORED WAIST COAT DRESS,17.0,34.0,50,True,107
2026-10-05,PLT,with code 10PLT SATIN MESH DETAIL BARDOT MINI DRESS,15.0,32.0,53,True,107
2026-10-05,PLT,with code 10PLT TAILORED WOVEN BOAT NECK BODYCON DRESS,14.0,28.0,50,True,107
2026-10-05,PLT,with code 10PLT SOFT BRUSHED ASYMMETRIC RUCHED BODYCON DRESS,10.0,20.0,50,True,107
2026-10-05,PLT,ICONIC PRICES WOVEN DRAPE MINI DRESS,15.0,30.0,50,True,107
2026-10-05,PLT,with code 10PLT DOUBLE LAYER SLINKY ONE SHOULDER MINI DRESS,11.25,24.0,53,True,107
2026-10-05,PLT,with code 10PLT BOOHOO COTTON RUCHED BUST SHOULDER TIE MINI DRESS,22.5,30.0,25,True,107
2026-10-05,PLT,with code 10PLT DOROTHY PERKINS BELTED PUFF SLEEVE EMBROIDERED SHIRT DRESS,12.0,42.0,71,True,107
2026-10-05,PLT,with code 10PLT COAST CAPE SLEEVE SWEETHEART NECKLINE PLEATED MAXI DRESS,40.0,149.0,73,True,107
2026-10-05,PLT,with code 10PLT DOROTHY PERKINS TIE FRONT PUFF SLEEVE MIDI DRESS,25.0,39.0,36,True,107
2026-10-05,PLT,with code 10PLT COAST JACQUARD HIGH LOW HALTER NECK MIDI DRESS,60.0,149.0,60,True,107
2026-10-05,PLT,with code 10PLT OASIS RUFFLE TIERED MINI DRESS,15.0,55.0,73,True,107
2026-10-05,PLT,with code 10PLT MESH CORSET MINI DRESS,18.75,25.0,25,True,107
2026-10-05,PLT,with code 10PLT PLUS PLUS POLKA DOT CORSAGE SQUARE NECK MINI DRESS,18.0,45.0,60,True,107
2026-10-05,PLT,with code 10PLT PETITE COAST COAST HONOURED PETITE SLEEVELESS COWL NECK SATIN MAXI BRIDESMAID DRESS,83.4,139.0,40,True,107
2026-10-05,PLT,with code 10PLT PETITE PETITE PINSTRIPE BELT DETAIL HALTERNECK MINI DRESS,13.5,28.0,52,True,107
2026-10-05,PLT,with code 10PLT PLUS PLUS TIE CINCHED DETAIL SHIFT MINI DRESS,12.0,30.0,60,True,107
2026-10-05,PLT,with code 10PLT RUFFLE STRAPPY MINI SLIP DRESS,15.0,30.0,50,True,107
2026-10-05,PLT,with code 10PLT STONE LINEN LOOK TIERED BANDEAU MAXI DRESS,12.0,30.0,60,True,107
2026-10-05,PLT,with code 10PLT PLUS BOOHOO PLUS POLKA DOT CHIFFON COWL RUFFLE MAXI DRESS,18.0,30.0,40,True,107
2026-10-05,PLT,with code 10PLT BOOHOO PINSTRIPE OFF SHOULDER TAILORED MINI DRESS,9.0,22.0,59,True,107
2026-10-05,PLT,with code 10PLT WAREHOUSE TINSEL FLUFFY DROP WAIST MINI DRESS,20.0,59.0,66,True,107
2026-10-05,PLT,with code 10PLT BOOHOO RUFFLE HEM MINI DRESS,9.0,28.0,68,True,107
2026-10-05,PLT,with code 10PLT PLUS COAST PLUS WRAP FRONT PLEATED GEORGETTE MAXI DRESS,45.0,129.0,65,True,107
2026-10-05,PLT,with code 10PLT BOOHOO FLORAL ANGEL SLEEVE MIDAXI DRESS,13.0,36.0,64,True,108
2026-10-05,PLT,with code 10PLT WAREHOUSE PETITE DOBBY CHIFFON PLUNGE NECK RUFFLE MIDI SMOCK DRESS,23.0,79.0,71,True,108
2026-10-05,PLT,with code 10PLT MESH COWL NECK RUCHED FRONT MAXI DRESS,37.5,50.0,25,True,108
2026-10-05,PLT,with code 10PLT KARENMILLEN DRAPEY CREPE BANDEAU SPLIT MAXI DRESS,52.0,149.0,65,True,108
2026-10-05,PLT,with code 10PLT COAST LISA TAN TWILL VOLUME BELTED MIDI WEDDING DRESS,45.0,139.0,68,True,108
2026-10-05,PLT,with code 10PLT SNAKE PRINT SEQUIN PLUNGE MINI SHIFT DRESS,14.5,30.0,52,True,108
2026-10-05,PLT,with code 10PLT TEXTURED DRAPE DETAIL BANDEAU PUFFBALL DRESS,20.0,40.0,50,True,108
2026-10-05,PLT,with code 10PLT PLT label VELVET BANDEAU PLEATED CHIFFON SKIRT PANEL MAXI DRESS,25.0,50.0,50,True,108
2026-10-05,PLT,ICONIC PRICES MISSPAP OFF SHOULDER MESH OVERLAY MAXI DRESS,19.0,45.0,58,True,108
2026-10-05,PLT,with code 10PLT OASIS BUTTON JACQUARD MIDI DRESS,18.0,69.0,74,True,108
2026-10-05,PLT,with code 10PLT STRETCH WOVEN CUTOUT HALTERNECK MINI DRESS,10.25,26.0,61,True,108
2026-10-05,PLT,with code 10PLT BOOHOO COTTON POPLIN BUTTON THROUGH BOAT NECK MINI DRESS,13.5,18.0,25,True,108
2026-10-05,PLT,with code 10PLT SLINKY V NECK STRAPY MAXI DRESS,22.4,32.0,30,True,108
2026-10-05,PLT,with code 10PLT SATIN RUCHED BODICE TRIM DETAIL MAXI DRESS,18.5,50.0,63,True,108
2026-10-05,PLT,with code 10PLT FLORAL ABSTRACT PRINTED ONION SKIN BANDEAU MINI DRESS,7.5,15.0,50,True,108
2026-10-05,PLT,with code 10PLT BUTTON DOWN DETAIL ASYMMETRIC HEM SHIFT DRESS,15.0,30.0,50,True,108
2026-10-05,PLT,with code 10PLT BOOHOO FLORAL MILKMAID GODET HEM MINI DRESS,18.0,26.0,31,True,108
2026-10-05,PLT,with code 10PLT PETITE KARENMILLEN PETITE TAILORED ONE SHOULDER TUCK DETAIL PENCIL MIDI DRESS,50.0,199.0,75,True,108
2026-10-05,PLT,with code 10PLT KARENMILLEN PREMIUM VISCOSE LINEN FLORAL TOP STITCH HALTER NECK WOVEN MIDI DRESS WITH D RING DETAIL,60.0,149.0,60,True,108
2026-10-05,PLT,with code 10PLT COAST PLEATED BODICE JACQUARD PENCIL DRESS,70.0,119.0,41,True,108
2026-10-05,PLT,with code 10PLT PAISLEY PRINT CUT OUT MAXI DRESS,16.0,34.0,53,True,108
2026-10-05,PLT,with code 10PLT BURNOUT MESH BANDEAU DRAPE FRONT MINI DRESS,18.0,24.0,25,True,108
2026-10-05,PLT,with code 10PLT BOOHOO BLURRED ABSTRACT BARDOT MAXI DRESS,21.0,28.0,25,True,108
2026-10-05,PLT,with code 10PLT SLINKY PLUNGE WRAP HIGH NECK MAXI DRESS,21.0,28.0,25,True,108
2026-10-05,PLT,with code 10PLT BOOHOO CHIFFON DROP WAIST PUFF BALL MINI DRESS,9.0,25.0,64,True,108
2026-10-05,PLT,with code 10PLT BARDOT LONG SLEEVE MAXI DRESS,22.5,45.0,50,True,108
2026-10-05,PLT,with code 10PLT SHAPE SHAPE WOOL LOOK BUTTON FRONT TAILORED MINI DRESS,22.0,50.0,56,True,108
2026-10-05,PLT,ICONIC PRICES PRINTED SATIN HALTERNECK STRAP A-LINE SHIFT DRESS,14.0,28.0,50,True,108
2026-10-05,PLT,with code 10PLT SOFT TOUCH JERSEY CAP SLEEVE BODYCON DRESS,7.5,15.0,50,True,108
2026-10-05,PLT,with code 10PLT COAST STRUCTURED BANDEAU MAXI WEDDING DRESS WITH LACE SKIRT,134.1,149.0,10,True,108
2026-10-05,PLT,with code 10PLT PETITE BOOHOO PETITE TEXTURED VOLUME SKIRT MIDAXI DRESS,17.0,28.0,39,True,108
2026-10-05,PLT,with code 10PLT BOOHOO FLORAL PRINT ASYMMETRIC RUCHED MINI DRESS,9.0,28.0,68,True,108
2026-10-05,PLT,with code 10PLT BOOHOO FLORAL PRINT BARDOT SKATER MINI DRESS,14.0,22.0,36,True,108
2026-10-05,PLT,with code 10PLT COAST PUFF SLEEVE JEWEL BUTTON BRIDAL MINI DRESS,95.2,119.0,20,True,108
2026-10-05,PLT,with code 10PLT DOROTHY PERKINS PETITE RED HEART VOLUME SLEEVE RUFFLE DETAIL MAXI DRESS,18.0,42.0,57,True,108
2026-10-05,PLT,with code 10PLT COAST SCUBA FIT AND FLARE FLORAL PLACEMENT PRINT DRESS,40.0,89.0,55,True,108
2026-10-05,PLT,with code 10PLT LIGHT WOVEN SQUARE HIGH NECK MINI DRESS,28.5,38.0,25,True,108
2026-10-05,PLT,with code 10PLT NASTYGAL SEQUIN LACE TRIM MINI SLIP DRESS,41.3,59.0,30,True,108
2026-10-05,PLT,with code 10PLT BANDEAU PLEATED SHIFT DRESS,18.0,24.0,25,True,108
2026-10-05,PLT,with code 10PLT BOOHOO LINEN PLEATED BANDEAU SKATER DRESS,16.0,24.0,33,True,108
2026-10-05,PLT,with code 10PLT CAMI STRAP CROCHET KNIT TASSEL DETAIL MINI DRESS,10.5,26.0,60,True,108
2026-10-05,PLT,with code 10PLT ONE SHOULDER RUCHED MAXI DRESS,12.5,36.0,65,True,108
2026-10-05,PLT,ICONIC PRICES COAST STATEMENT CORSAGE SATIN MAXI DRESS,25.0,129.0,81,True,108
2026-10-05,PLT,with code 10PLT BOOHOO TEXTURED FLORAL BARDOT MINI DRESS,21.0,28.0,25,True,108
2026-10-05,PLT,with code 10PLT WOVEN TAILORED PLUNGE HALTERNECK MINI DRESS,7.0,35.0,80,True,108
2026-10-05,PLT,with code 10PLT SATIN MINI DRESS,17.0,34.0,50,True,108
2026-10-05,PLT,with code 10PLT NASTYGAL VINYL PANELLED FAUX LEATHER MINI DRESS,27.3,39.0,30,True,108
2026-10-05,PLT,with code 10PLT COAST JACQUARD FRILL SLEEVE WRAP HIGH LOW MIDI DRESS,40.0,129.0,69,True,108
2026-10-05,PLT,with code 10PLT COAST COAST MUSE RACER NECK EMBROIDERED MESH MIDI DRESS,100.0,149.0,33,True,108
2026-10-05,PLT,with code 10PLT BOOHOO LINEN TIE SHOULDER SKATER DRESS,15.0,22.0,32,True,108
2026-10-05,PLT,with code 10PLT DOROTHY PERKINS DP LUXE FLORAL RUFFLE COLD SHOULDER PEPLUM MIDI DRESS,18.0,55.0,67,True,108
2026-10-05,PLT,with code 10PLT KARENMILLEN FLORAL SILK COTTON TIE STRAP WOVEN MIDI DRESS,75.0,249.0,70,True,108
2026-10-05,PLT,with code 10PLT BOOHOO SEQUIN CROCHET COWL KNIT MINI DRESS,21.0,28.0,25,True,108
2026-10-05,PLT,with code 10PLT JACQUARD RUCHED CUP DETAIL SHIFT DRESS,17.0,34.0,50,True,108
2026-10-05,PLT,with code 10PLT CHIFFON DEEP PLUNGE CUT OUT MAXI DRESS,20.5,38.0,46,True,108
2026-10-05,PLT,with code 10PLT STRAPPY TEXTURED SCOOP NECK MAXI DRESS,10.25,34.0,70,True,108
2026-10-05,PLT,with code 10PLT PLUS PLUS PREMIUM WOVEN TULIP SKIRT BANDEAU MINI DRESS,25.0,50.0,50,True,108
2026-10-05,PLT,with code 10PLT MESH RUCHED CORSET MINI DRESS,10.75,36.0,70,True,108
2026-10-05,PLT,with code 10PLT LINEN LOOK SHORT SLEEVE MINI DRESS,9.5,22.0,57,True,108
2026-10-05,PLT,with code 10PLT WOVEN ASYMMETRIC MINI BODYCON DRESS,25.0,45.0,44,True,108
2026-10-05,PLT,ICONIC PRICES MONOCHROME CONTRAST MAXI DRESS,14.5,40.0,64,True,108
2026-10-05,PLT,with code 10PLT KARENMILLEN DENIM BELTED FULL SKIRT TAILORED DRESS,52.0,149.0,65,True,108
2026-10-05,PLT,with code 10PLT COAST VOLUME SLEEVE CORSET TWILL BRIDAL MINI DRESS,40.0,99.0,60,True,108
2026-10-05,PLT,with code 10PLT MISSPAP PREMIUM SATIN RACER OPEN BACK BRIDESMAID DRESS,36.0,60.0,40,True,108
2026-10-05,PLT,with code 10PLT PETITE OASIS PETITE JACQUARD RUFFLE MAXI DRESS,20.0,65.0,69,True,108
2026-10-05,PLT,with code 10PLT BOOHOO PREMIUM STRUCTURED LACE MAXI DRESS,14.0,42.0,67,True,108
2026-10-05,PLT,with code 10PLT WAREHOUSE DOBBY CHIFFON TIE NECK DROP HEM MINI SMOCK DRESS,18.0,59.0,69,True,108
2026-10-05,PLT,with code 10PLT PETITE DOROTHY PERKINS PETITE SHIRRED BODICE TIERED STRIPE MIDI DRESS,15.0,20.0,25,True,108
2026-10-05,PLT,with code 10PLT NASTYGAL SEQUIN LACE INSERT STRAPPY MINI DRESS,41.3,59.0,30,True,109
2026-10-05,PLT,with code 10PLT SEQUIN COWL NECK MINI DRESS,16.0,40.0,60,True,109
2026-10-05,PLT,with code 10PLT FLORAL PRINTED SATIN SHIFT DRESS,9.0,18.0,50,True,109
2026-10-05,PLT,with code 10PLT SHIRRED BODYCON DRESS,12.0,24.0,50,True,109
2026-10-05,PLT,with code 10PLT CHIFFON HIGH NECK OPEN BACK TASSEL HEM MINI DRESS,19.0,36.0,47,True,109
2026-10-05,PLT,with code 10PLT BOOHOO STRAPPY FULL SKIRT MINI DRESS,16.5,22.0,25,True,109
2026-10-05,PLT,with code 10PLT BOOHOO DITSY FLORAL MESH ANGEL SLEEVE TIE FRONT MINI DRESS,12.75,17.0,25,True,109
2026-10-05,PLT,with code 10PLT PLT label BOOHOO TONAL POLKA DOT DEEP COWL MAXI DRESS,21.0,28.0,25,True,109
2026-10-05,PLT,with code 10PLT PRINTED HALTERNECK PUFFBALL MINI DRESS,15.5,32.0,52,True,109
2026-10-05,PLT,with code 10PLT DOUBLE LAYER SOFT TOUCH TRIM DETAIL MAXI DRESS,14.5,32.0,55,True,109
2026-10-05,PLT,with code 10PLT SATIN TEXTURED ASYMMETRIC MINI DRESS,10.5,30.0,65,True,109
2026-10-05,PLT,with code 10PLT BRUSHED RIB STRIPED COLLAR DETAIL DRESS,12.0,24.0,50,True,109
2026-10-05,PLT,with code 10PLT PETITE DOROTHY PERKINS PETITE NAVY DITSY SHIRRED CUFF JERSEY MIDI DRESS,18.0,35.0,49,True,109
2026-10-05,PLT,with code 10PLT KARENMILLEN SUEDE UTILITY MINI DRESS,140.0,399.0,65,True,109
2026-10-05,PLT,with code 10PLT COAST HIGH GLOSS DRAPE COWL BRIDESMAID MAXI DRESS,32.0,119.0,73,True,109
2026-10-05,PLT,with code 10PLT BOOHOO COTTON TIE CUFF TSHIRT DRESS,15.0,20.0,25,True,109
2026-10-05,PLT,with code 10PLT KARENMILLEN DENIM MIDI PENCIL DRESS,90.3,129.0,30,True,109
2026-10-05,PLT,with code 10PLT BOOHOO KNITTED FLOWER DETAIL CROCHET MINI DRESS,13.0,40.0,68,True,109
2026-10-05,PLT,with code 10PLT WAREHOUSE FLUFFY PLUNGE NECK BATWING MIDI DRESS,28.0,79.0,65,True,109
2026-10-05,PLT,with code 10PLT DOROTHY PERKINS TIE FRONT RUFFLE SLEEVE PRINTED MINI DRESS,18.0,35.0,49,True,109
2026-10-05,PLT,with code 10PLT HALTER NECK PUFF BALL MINI DRESS,16.5,34.0,51,True,109
2026-10-05,PLT,with code 10PLT TALL BOOHOO TALL STRAPPY DENIM MINI DRESS,15.0,20.0,25,True,109
2026-10-05,PLT,with code 10PLT BOOHOO BURNOUT FLORAL GODET HEM MINI DRESS,13.0,28.0,54,True,109
2026-10-05,PLT,with code 10PLT CHIFFON ASYMMETRIC RUCHED FLOATY MINI DRESS,9.5,22.0,57,True,109
2026-10-05,PLT,with code 10PLT STIPE TEXTURED BANDEAU MAXI DRESS,11.0,22.0,50,True,109
2026-10-05,PLT,with code 10PLT PLUS BOOHOO PLUS LEOPARD WRAP RUFFLE SKATER DRESS,13.5,18.0,25,True,109
2026-10-05,PLT,with code 10PLT BOOHOO PLEATED SATIN HALTERNECK MAXI DRESS,22.5,30.0,25,True,109
2026-10-05,PLT,with code 10PLT BOOHOO KEYHOLE SLEEVELESS MINI DRESS,18.0,24.0,25,True,109
2026-10-05,PLT,with code 10PLT PINSTRIPE TRIM DETAIL BODYCON DRESS,18.0,24.0,25,True,109
2026-10-05,PLT,with code 10PLT BOOHOO SATIN WRAP FRONT RUFFLE DETAIL MINI DRESS,19.5,26.0,25,True,109
2026-10-05,PLT,with code 10PLT BOOHOO COTTON POPLIN SHIRRED FRONT TIE MAXI DRESS,18.75,25.0,25,True,109
2026-10-05,PLT,with code 10PLT COAST SOFT MESH CINCHED WAIST BRIDESMAID DRESS,107.1,119.0,10,True,109
2026-10-05,PLT,with code 10PLT WAREHOUSE HALTER EMBROIDERED MINI DRESS,29.0,75.0,61,True,109
2026-10-05,PLT,with code 10PLT PETITE OASIS PETITE HALTER NECK CUTOUT TIERED MAXI DRESS,55.0,69.0,20,True,109
2026-10-05,PLT,with code 10PLT BOOHOO COTTON POPLIN RUCHED PUFF BALL MIDI DESS,18.75,25.0,25,True,109
2026-10-05,PLT,with code 10PLT WOVEN RUCHED TRIM DETAIL MINI DRESS,14.0,32.0,56,True,109
2026-10-05,PLT,with code 10PLT DOROTHY PERKINS LACE BLAZER DRESS,52.0,65.0,20,True,109
2026-10-05,PLT,with code 10PLT DOROTHY PERKINS PETITE EMBROIDERED PUFF SLEEVE MIDI DRESS,22.0,49.0,55,True,109
2026-10-05,PLT,with code 10PLT COAST COAST MUSE STRIPED BOW DETAIL COLUMN MAXI DRESS,40.0,139.0,71,True,109
2026-10-05,PLT,with code 10PLT BOOHOO PREMIUM BANDAGE MESH DETAIL MINI DRESS,30.0,40.0,25,True,109
2026-10-05,PLT,with code 10PLT PLUS BOOHOO PLUS FLORAL RUFFLE TIE FRONT SHIFT DRESS,10.0,28.0,64,True,109
2026-10-05,PLT,with code 10PLT BOOHOO BRODERIE BANDEAU TIERED HEM MINI DRESS,9.0,28.0,68,True,109
2026-10-05,PLT,with code 10PLT TAILORED WOVEN RUCHED DETAIL LONG SLEEVE BODYCON DRESS,5.0,24.0,79,True,109
2026-10-05,PLT,with code 10PLT PUFF BALL LACE DETAIL MAXI DRESS,31.5,45.0,30,True,109
2026-10-05,PLT,with code 10PLT FLORAL PRINT CUT OUT STRAPPY SHIFT MINI DRESS,10.5,26.0,60,True,109
2026-10-05,PLT,with code 10PLT TALL TALL PINSTRIPE RUCHED BODYCON DRESS,14.0,28.0,50,True,109
2026-10-05,PLT,with code 10PLT DOUBLE LAYER SLINKY ASYMMETRIC RUCHED SLEEVE MAXI DRESS,8.5,25.0,66,True,109
2026-10-05,PLT,with code 10PLT PLUS BOOHOO PLUS SNAKE MESH LOW BACK MAXI DRESS,22.5,30.0,25,True,109
2026-10-05,PLT,with code 10PLT PETITE DOROTHY PERKINS PETITE BLUE ANIMAL CONTRAST BOW DETAIL FRILL PRINTED MIDAXI DRESS,12.0,39.0,69,True,109
2026-10-05,PLT,with code 10PLT KARENMILLEN BEACH VISCOSE GEORGETTE PHOTOGRAPHIC FLORAL BEACH SLIP DRESS,45.0,129.0,65,True,109
2026-10-05,PLT,with code 10PLT OASIS BUTTER YELLOW SATIN TIE SHOULDER MIDI BRIDESMAID DRESS,55.2,69.0,20,True,109
2026-10-05,PLT,with code 10PLT BOOHOO GOLD TRIM KNOT FRONT WOVEN SHIFT DRESS,16.5,22.0,25,True,109
2026-10-05,PLT,with code 10PLT BOOHOO BURNOUT MESH RUCHED MINI DRESS,13.0,22.0,41,True,109
2026-10-05,PLT,with code 10PLT COAST LISA TAN HALTER NECK MONO STRIPE MIDI DRESS,40.0,149.0,73,True,109
2026-10-05,PLT,with code 10PLT PLUS PLUS FRILL DETAIL MAXI DRESS,31.5,42.0,25,True,109
2026-10-05,PLT,with code 10PLT TEXTURED PLISSE WRAP BODYCON DRESS,23.0,50.0,54,True,109
2026-10-05,PLT,with code 10PLT TEXTURED STRAPPY SLEEVELESS BODYCON MINI DRESS,9.5,20.0,53,True,109
2026-10-05,PLT,with code 10PLT BRODERIE TRIM STRAPPY SLEEVELESS MAXI DRESS,11.0,28.0,61,True,109
2026-10-05,PLT,with code 10PLT BOOHOO CROCHET STRIPE KNIT FLARED SLEEVE MINI DRESS,18.75,25.0,25,True,109
2026-10-05,PLT,with code 10PLT BOOHOO CHIFFON LONG SLEEVE SKATER DRESS,24.0,32.0,25,True,109
2026-10-05,PLT,with code 10PLT PETITE WAREHOUSE PETITE SATIN STRAPPY TIE FRONT MAXI SLIP DRESS,31.0,59.0,47,True,109
2026-10-05,PLT,with code 10PLT FLORAL JACQUARD EMBROIDERED SKIRT SATIN BODYCON DRESS,22.5,45.0,50,True,109
2026-10-05,PLT,with code 10PLT JERSEY OVERLAY DETAIL LONG SLEEVE BODYCON DRESS,11.0,22.0,50,True,109
2026-10-05,PLT,with code 10PLT ABSTRACT FLORAL HIGH NECK FLARED SLEEVE SHIFT DRESS,8.25,18.0,54,True,109
2026-10-05,PLT,with code 10PLT PETITE PETITE PINSTRIPE SEERSUCKER CINCHED WAIST SHIRT DRESS,15.0,30.0,50,True,109
2026-10-05,PLT,with code 10PLT SQUARE NECK KNITTED MAXI DRESS,21.0,30.0,30,True,109
2026-10-05,PLT,with code 10PLT SLINKY MULTIWAY SHOULDER PAD MAXI DRESS,21.5,55.0,61,True,109
2026-10-05,PLT,with code 10PLT DOROTHY PERKINS PINK ANIMAL LACE COLLAR DETAIL WRAP PRINTED MINI DRESS,10.0,35.0,71,True,109
2026-10-05,PLT,with code 10PLT WAREHOUSE VELVET TAFFETA BOW ONE SHOULDER MINI DRESS,25.0,69.0,64,True,109
2026-10-05,PLT,with code 10PLT COAST PRINTED MESH SEQUIN MAXI DRESS,50.0,169.0,70,True,109
2026-10-05,PLT,with code 10PLT PETITE KARENMILLEN PETITE FLORAL APPLIQUE EMBELLISHED ORGANDIE WOVEN MINI DRESS,91.0,259.0,65,True,109
2026-10-05,PLT,with code 10PLT BANDEAU CORSET DRAPE DETAIL MAXI DRESS,33.75,45.0,25,True,109
2026-10-05,PLT,with code 10PLT OVERLAY DETAIL SHIRT MINI DRESS,12.5,32.0,61,True,109
2026-10-05,PLT,with code 10PLT PETITE PETITE SCOOP NECK CONTOUR JERSEY RACER BACK MAXI DRESS,16.5,22.0,25,True,109
2026-10-05,PLT,with code 10PLT BOOHOO VELVET FEATHER HEM HIGH NECK MINI DRESS,16.0,45.0,64,True,110
2026-10-05,PLT,with code 10PLT CHIFFON PLUNGE NECK SPAGHETTI STRAP BACKLESS FLOATY MINI DRESS,15.5,32.0,52,True,110
2026-10-05,PLT,with code 10PLT BOOHOO PREMIUM SATIN SCARF DETAIL MINI DRESS,15.0,30.0,50,True,110
2026-10-05,PLT,with code 10PLT SATIN DRAPED HANKY HEM MIDAXI DRESS,19.0,38.0,50,True,110
2026-10-05,PLT,with code 10PLT FLORAL CUP DETAIL EXTREME PUFF BALL HEM MINI DRESS,17.5,45.0,61,True,110
2026-10-05,PLT,with code 10PLT WOVEN ASYMMETRIC MINI BODYCON DRESS,22.5,45.0,50,True,110
2026-10-05,PLT,ICONIC PRICES JERSEY BOAT NECK WRAP DETAIL MAXI DRESS,12.5,25.0,50,True,110
2026-10-05,PLT,with code 10PLT PLT label JERSEY ONE SHOULDER LONG SLEEVE MINI DRESS,10.0,20.0,50,True,110
2026-10-05,PLT,with code 10PLT WAREHOUSE FLIPPY HEM VOLUME SLEEVE VISCOSE ZEBRA JACQUARD DRESS,31.0,75.0,59,True,110
2026-10-05,PLT,with code 10PLT COAST SWEETHEART PU FULL SKIRTED MIDI DRESS,35.0,139.0,75,True,110
2026-10-05,PLT,with code 10PLT WAREHOUSE PREMIUM CHIFFON EMBELLISHED SEQUIN PLUNGE NECK MINI DRESS,43.0,109.0,61,True,110
2026-10-05,PLT,with code 10PLT KARENMILLEN COMPACT STRETCH BOW TIE NECK TRIM DETAIL TAILORED FULL MIDI DRESS,84.0,239.0,65,True,110
2026-10-05,PLT,with code 10PLT COAST LISA TAN BOW FRONT FLORAL MIDI DRESS,35.0,129.0,73,True,110
2026-10-05,PLT,PETITE KARENMILLEN PETITE BONDED SATIN PEPLUM PENCIL WOVEN MIDI DRESS,42.0,119.0,65,True,110
2026-10-05,PLT,with code 10PLT NASTYGAL MOON AND STAR SEQUIN TASSEL MINI DRESS,104.3,149.0,30,True,110
2026-10-05,PLT,with code 10PLT BOOHOO BASIC DENIM SHIFT DRESS,21.0,30.0,30,True,110
2026-10-05,PLT,with code 10PLT CONTRAST PIPING TIE SKIRT OVERLAY DETAIL KNITTED MINI DRESS,16.0,32.0,50,True,110
2026-10-05,PLT,with code 10PLT BOOHOO FLORAL CHIFFON TIERED SMOCK DRESS,9.0,25.0,64,True,110
2026-10-05,PLT,with code 10PLT NASTYGAL TEXTURED COCOON SLEEVE FAUX LEATHER BLAZER MINI DRESS,34.3,49.0,30,True,110
2026-10-05,PLT,with code 10PLT WAREHOUSE SATIN STRUCTURED POLKA DOT PRINT MINI DRESS,41.0,69.0,41,True,110
2026-10-05,PLT,with code 10PLT COAST HALTER NECK LACE MIDI DRESS,40.0,139.0,71,True,110
2026-10-05,PLT,with code 10PLT COAST ORGANZA WRAP WAIST PUFF SLEEVE MIDI DRESS,60.0,149.0,60,True,110
2026-10-05,PLT,with code 10PLT OASIS TIE NECK RUFFLE FIT AND FLARE MINI DRESS,18.0,59.0,69,True,110
2026-10-05,PLT,with code 10PLT PETITE DOROTHY PERKINS PETITE WRAP FRONT LACE DETAIL TIERED PRINTED MAXI DRESS,25.0,45.0,44,True,110
2026-10-05,PLT,with code 10PLT DOROTHY PERKINS LACE TRIM COLLAR DETAIL MIDI DRESS,25.0,39.0,36,True,110
2026-10-05,PLT,with code 10PLT SHAPE SHAPE POLKA DOT BOAT NECK MINI DRESS,16.5,22.0,25,True,110
2026-10-05,PLT,with code 10PLT COAST BOW BACK COLUMN MAXI DRESS,116.1,129.0,10,True,110
2026-10-05,PLT,with code 10PLT BELT DETAIL KNITTED MAXI DRESS,14.0,30.0,53,True,110
2026-10-05,PLT,with code 10PLT TEXTURED SCOOP NECK FRILL HEM MINI SHIFT DRESS,19.5,38.0,49,True,110
2026-10-05,PLT,with code 10PLT DOILY CROCHET KNIT CAP SLEEVE MINI DRESS,15.0,28.0,46,True,110
2026-10-05,PLT,with code 10PLT BOAT NECK RUCHED DETAIL MAXI DRESS,26.25,35.0,25,True,110
2026-10-05,PLT,with code 10PLT DOUBLE LAYER SOFT TOUCH TRIM DETAIL MAXI DRESS,24.0,32.0,25,True,110
2026-10-05,PLT,with code 10PLT BOOHOO TASSEL CROCHET BEACH TUNIC,22.5,30.0,25,True,110
2026-10-05,PLT,with code 10PLT DOROTHY PERKINS BOW WAIST DETAIL PUFF SLEEVE MIDI DRESS,22.0,39.0,44,True,110
2026-10-05,PLT,with code 10PLT FUSCHIA CHIFFON PLUNGE NECK DRAPE FRONT SPLIT BACKLESS MAXI DRESS,17.0,36.0,53,True,110
2026-10-05,PLT,with code 10PLT SEQUIN KNIT SCOOP BACK MINI DRESS,10.5,26.0,60,True,110
2026-10-05,PLT,with code 10PLT SATIN BOAT NECK CHIFFON DETAIL MAXI DRESS,16.0,32.0,50,True,110
2026-10-05,PLT,with code 10PLT KARENMILLEN DOUBLE CLOTH TILE PRINT CONTRAST PIPING MIDI DRESS,85.0,169.0,50,True,110
2026-10-05,PLT,with code 10PLT PETITE WAREHOUSE PETITE LONG SLEEVE COWL NECK FLORAL PRINT RUFFLE DETAIL MAXI DRESS,25.0,75.0,67,True,110
2026-10-05,PLT,with code 10PLT KARENMILLEN SOFT TAILORED ASYMMETRIC NECK WIDE LEG JUMPSUIT,70.0,199.0,65,True,110
2026-10-05,PLT,with code 10PLT COAST LISA TAN PRINTED KIMONO CREPE MIDI DRESS,50.0,119.0,58,True,110
2026-10-05,PLT,NASTYGAL SATIN POLKA DOT HALTER NECK COWL BACK MAXI DRESS,27.3,39.0,30,True,110
2026-10-05,PLT,with code 10PLT PLUS DOROTHY PERKINS PLUS CRINKLE JERSEY ELASTICATED WAIST STRAPPY MAXI DRESS,14.0,35.0,60,True,110
2026-10-05,PLT,with code 10PLT DOROTHY PERKINS PINK FLORAL TWIST FRONT ANGEL SLEEVE MIDI DRESS,30.0,39.0,23,True,110
2026-10-05,PLT,with code 10PLT PETITE PETITE CORSET WAIST CHIFFON DRAPE SLEEVE GODET MINI DRESS,20.0,40.0,50,True,110
2026-10-05,PLT,with code 10PLT COAST PRINTED ORGANZA BURNOUT BOW SHOULDER MIDI DRESS,60.0,149.0,60,True,110
2026-10-05,PLT,with code 10PLT PLUS PLUS ARGYLE BRUSHED KNITTED MINI JUMPER DRESS,15.0,30.0,50,True,110
2026-10-05,PLT,ICONIC PRICES SHAPE SHAPE BANDAGE CONTRAST LACE LONG SLEEVE MINI DRESS,18.0,45.0,60,True,110
2026-10-05,PLT,with code 10PLT CHIFFON MINI POLKA DOT CAPE DETAIL BANDEAU FRILL HEM MINI DRESS,14.0,40.0,65,True,110
2026-10-05,PLT,with code 10PLT DOUBLE LAYER SLINKY ASYMMETRIC RUCHED SHOULDER MINI DRESS,8.0,18.0,56,True,110
2026-10-05,PLT,with code 10PLT BOOHOO SWEETHEART NECK OPEN BACK FULL MINI DRESS,12.0,35.0,66,True,110
2026-10-05,PLT,with code 10PLT PETITE KARENMILLEN PETITE CONTRAST STRIPE VISCOSE MAXI HALTER DRESS,85.0,169.0,50,True,110
2026-10-05,PLT,with code 10PLT KARENMILLEN CRINKLE GEORGETTE FLORAL PRINT RUFFLE SLEEVE WOVEN MIDI DRESS,42.0,139.0,70,True,110
2026-10-05,PLT,with code 10PLT KARENMILLEN LILY MACRAE COLD SHOULDER EMBELLISHED WOVEN MAXI DRESS,91.0,259.0,65,True,110
2026-10-05,PLT,with code 10PLT WAREHOUSE METALLIC JACQUARD PLUNGE NECK BUTTON THROUGH MIDI DRESS,25.0,99.0,75,True,110
2026-10-05,PLT,with code 10PLT BOOHOO MESH LEOPARD COWL MINI DRESS,16.5,22.0,25,True,110
2026-10-05,PLT,with code 10PLT BOOHOO TEXTURED WOVEN RUCHED BUST WAIST PANEL SKATER DRESS,16.5,22.0,25,True,110
2026-10-05,PLT,with code 10PLT BOOHOO POLKA DOT MESH HALTER MINI BEACH DRESS,18.0,26.0,31,True,110
2026-10-05,PLT,with code 10PLT BOOHOO JACQUARD FLORAL ANGEL SLEEVE MINI DRESS,22.5,30.0,25,True,110
2026-10-05,PLT,with code 10PLT PETITE PETITE SCALLOPED EDGING KNITTED MAXI DRESS,11.39,34.0,67,True,110
2026-10-05,PLT,with code 10PLT BANDEAU LACE EXTREME PUFFBALL MAXI DRESS,32.5,65.0,50,True,110
2026-10-05,PLT,with code 10PLT CHIFFON LAYERED PUFFBALL MAXI DRESS,13.5,38.0,64,True,110
2026-10-05,PLT,with code 10PLT KARENMILLEN VISCOSE GEORGETTE RUFFLE SLEEVELESS WOVEN MIDI DRESS,54.0,179.0,70,True,110
2026-10-05,PLT,with code 10PLT PLUS BOOHOO PLUS CHIFFON COWL NECK SLEEVELESS SCARF NECK MINI DRESS,21.0,28.0,25,True,110
2026-10-05,PLT,with code 10PLT POLKA DOT CONTRAST STRAPPY MAXI DRESS,13.0,32.0,59,True,110
2026-10-05,PLT,with code 10PLT BOOHOO TAILORED OVERSIZED WRAP BLAZER DRESS,25.0,45.0,44,True,110
2026-10-05,PLT,with code 10PLT FLOATY WOVEN FLARED SLEEVE MAXI DRESS,9.0,36.0,75,True,110
2026-10-05,PLT,with code 10PLT SEQUIN OVERSIZED BOW SHIFT DRESS,60.0,80.0,25,True,110
2026-10-05,PLT,with code 10PLT RIBBED LONG SLEEVE SHIFT DRESS,15.0,30.0,50,True,110
2026-10-05,PLT,with code 10PLT UNDERWIRED STRAPPY MINI DRESS,14.0,28.0,50,True,110
2026-10-05,PLT,with code 10PLT KARENMILLEN BOTANICAL PRINT WOVEN HIGH NECK MINI DRESS,63.0,179.0,65,True,110
2026-10-05,PLT,with code 10PLT WAREHOUSE TULLE FLORAL PLUNGE NECK FLUTTER SLEEVE TIER MAXI DRESS,77.0,129.0,40,True,110
2026-10-05,PLT,with code 10PLT BOOHOO BURNOUT HALTER MIDAXI DRESS,27.0,36.0,25,True,111
2026-10-05,PLT,with code 10PLT COAST HALTER NECK PLEAT WAIST BRIDESMAID DRESS,99.0,99.0,0,False,111
2026-10-05,PLT,with code 10PLT DOROTHY PERKINS ZEBRA POPLIN TWIST FRONT MIDI DRESS,14.0,45.0,69,True,111
2026-10-05,PLT,with code 10PLT FRINGE DRAPE MINI DRESS,14.0,40.0,65,True,111
2026-10-05,PLT,with code 10PLT SEQUIN KNIT FRINGE HEM MAXI DRESS,12.75,36.0,65,True,111
2026-10-05,PLT,with code 10PLT PLUS BOOHOO PLUS SHEER SKIRT SLASH NECK MAXI DRESS,25.5,34.0,25,True,111
2026-10-05,PLT,with code 10PLT PLT label BOOHOO LINEN LOOK WRAP DRAPE FRONT TAILORED BLAZER DRESS,25.5,34.0,25,True,111
2026-10-05,PLT,with code 10PLT PLUS BOOHOO PLUS HIGH COWL OPEN BACK BEAD DETAIL MAXI DRESS,24.0,32.0,25,True,111
2026-10-05,PLT,with code 10PLT JERSEY BUTTON SHOULDER DETAIL BODYCON MINI DRESS,14.5,30.0,52,True,111
2026-10-05,PLT,with code 10PLT BOOHOO TAILORED STRAPPY FOLDOVER SHIFT DRESS,19.0,32.0,41,True,111
2026-10-05,PLT,with code 10PLT BOOHOO TAILORED STRAPPY FOLDOVER SHIFT DRESS,13.0,32.0,59,True,111
2026-10-05,PLT,with code 10PLT BOOHOO HALTERNECK PATTERNED BEACH CROCHET MINI DRESS,19.5,26.0,25,True,111
2026-10-05,PLT,with code 10PLT BOOHOO CHIFFON LEOPARD PRINT PUFF SLEEVE MILKMAID SKATER DRESS,23.0,38.0,39,True,111
2026-10-05,PLT,with code 10PLT PLUS BOOHOO PLUS LACE TRIM SEQUIN CAMI DRESS,14.0,35.0,60,True,111
2026-10-05,PLT,with code 10PLT SHAPE SHAPE WOOL-LOOK BUTTON FRONT BLAZER DRESS,22.0,50.0,56,True,111
2026-10-05,PLT,ICONIC PRICES WOVEN TAILORED FRILL CONTRAST BLAZER DRESS,33.75,45.0,25,True,111
2026-10-05,PLT,with code 10PLT BRUSHED RIB SLEEVELESS WRAP DETAIL MAXI DRESS,13.0,26.0,50,True,111
2026-10-05,PLT,with code 10PLT PLUS BOOHOO PLUS SHIRRED WAIST V NECK MIDAXI DRESS,21.0,28.0,25,True,111
2026-10-05,PLT,with code 10PLT PETITE KARENMILLEN PETITE CRYSTAL EMBELLISHED WOVEN PLUNGE MAXI DRESS,126.0,359.0,65,True,111
2026-10-05,PLT,with code 10PLT COAST V NECK CAMI SHIMMER PLEATED MAXI DRESS,129.0,129.0,0,False,111
2026-10-05,PLT,with code 10PLT BOOHOO COWL NECK DRAPE SIDE WOVEN MINI DRESS,15.0,20.0,25,True,111
2026-10-05,PLT,with code 10PLT BOOHOO PREMIUM LINEN BANDEAU MIDAXI DRESS,20.0,33.0,39,True,111
2026-10-05,PLT,with code 10PLT WAREHOUSE MIXED FLORAL GEORGETTE LACE INSERT TENDRIL HEM MIDI TEA DRESS,30.0,69.0,57,True,111
2026-10-05,PLT,with code 10PLT PETITE PETITE BANDEAU DRAPE DETAIL MAXI COLUMN DRESS,15.5,38.0,59,True,111
2026-10-05,PLT,with code 10PLT SATIN BANDEAU COWL BACK MAXI DRESS,11.75,34.0,65,True,111
2026-10-05,PLT,with code 10PLT BLUE ABSTRACT COWL NECK TIE FRONT MAXI DRESS,28.5,38.0,25,True,111
2026-10-05,PLT,with code 10PLT KARENMILLEN DRAMA TAFFETA ROSETTE WOVEN MAXI PROM DRESS,80.0,229.0,65,True,111
2026-10-05,PLT,with code 10PLT STRETCH WOVEN BOAT NECK PUFFBALL MINI DRESS,11.0,22.0,50,True,111
2026-10-05,PLT,with code 10PLT SHAPE SHAPE BANDAGE CONTRAST LACE HIGH NECK MINI DRESS,15.0,35.0,57,True,111
2026-10-05,PLT,ICONIC PRICES PLUS PLUS SATIN TWIST FRONT OPEN SLEEVE WRAP MINI DRESS,22.5,30.0,25,True,111
2026-10-05,PLT,with code 10PLT BOOHOO BUTTON DETAIL V NECK SKATER DRESS,28.5,38.0,25,True,111
2026-10-05,PLT,with code 10PLT CHIFFON CAP SLEEVE MINI DRESS,13.0,26.0,50,True,111
2026-10-05,PLT,with code 10PLT PETITE BOOHOO PETITE STRAPPY DROPPED HEM DENIM MINI DRESS,15.0,25.0,40,True,111
2026-10-05,PLT,with code 10PLT PETITE BOOHOO PETITE CHIFFON COWL NECK MAXI DRESS,9.0,28.0,68,True,111
2026-10-05,PLT,with code 10PLT BOOHOO JACQUARD FLORAL RUFFLE MAXI DRESS,10.0,36.0,72,True,111
2026-10-05,PLT,with code 10PLT BOOHOO SATIN & LACE STRAPPY HALTERNECK MAXI SLIP DRESS,26.25,35.0,25,True,111
2026-10-05,PLT,with code 10PLT PETITE KARENMILLEN PETITE COTTON BRODERIE BELTED SHIRT DRESS,60.0,149.0,60,True,111
2026-10-05,PLT,with code 10PLT KARENMILLEN VELVET PLUNGE NECK TAFFETA PEPLUM LONG SLEEVE MINI DRESS,49.0,139.0,65,True,111
2026-10-05,PLT,with code 10PLT DOROTHY PERKINS YELLOW DITSY FLORAL TIE FRONT FRILL SLEEVE PRINTED POPLIN MIDI DRESS,15.0,45.0,67,True,111
2026-10-05,PLT,with code 10PLT COAST LISA TAN STRIPE ASYMMETRIC HEM WRAP MAXI DRESS,30.0,119.0,75,True,111
2026-10-05,PLT,with code 10PLT DOROTHY PERKINS GREEN FLORAL ANGEL SLEEVE JERSEY MIDI DRESS,15.0,32.0,53,True,111
2026-10-05,PLT,with code 10PLT PETITE PETITE POLKA DOT CHIFFON SCARF DETAIL RUFFLE SHIFT MINI DRESS,22.5,30.0,25,True,111
2026-10-05,PLT,with code 10PLT TEXTURED FRILL STRAPPY MAXI DRESS,19.25,55.0,65,True,111
2026-10-05,PLT,with code 10PLT POLKA DOT STRETCH WOVEN BANDEAU RUCHED MAXI DRESS,17.0,32.0,47,True,111
2026-10-05,PLT,with code 10PLT PAISLEY PRINT DEEP PLUNGE DRAPE MAXI DRESS,17.0,34.0,50,True,111
2026-10-05,PLT,with code 10PLT TALL BOOHOO TALL SLEEVELESS FITTED DENIM MINI DRESS,22.5,30.0,25,True,111
2026-10-05,PLT,with code 10PLT SLINKY BEAD DETAIL HALTER MAXI DRESS,12.0,28.0,57,True,111
2026-10-05,PLT,with code 10PLT BOOHOO SATIN MILKMAID MIDAXI DRESS,10.0,38.0,74,True,111
2026-10-05,PLT,with code 10PLT BOOHOO BURNOUT FLORAL RUFFLE SHIFT DRESS,8.0,25.0,68,True,111
2026-10-05,PLT,with code 10PLT WAREHOUSE VELVET WRAP MINI SMOCK DRESS,11.0,59.0,81,True,111
2026-10-05,PLT,with code 10PLT TALL BOOHOO TALL BELT DETAIL TAILORED MINI DRESS,11.0,29.0,62,True,111
2026-10-05,PLT,with code 10PLT DOROTHY PERKINS BLUE WRAP FRONT TIERED BLOUSON SLEEVE MINI DRESS,12.0,45.0,73,True,111
2026-10-05,PLT,with code 10PLT DOUBLE LAYER SLINKY ONE SHOULDER MINI DRESS,12.0,24.0,50,True,111
2026-10-05,PLT,with code 10PLT LINED MESH BARDOT MAXI DRESS,18.0,40.0,55,True,111
2026-10-05,PLT,with code 10PLT MODAL RUCHED DRAPE BARDOT MINI DRESS,7.0,28.0,75,True,111
2026-10-05,PLT,with code 10PLT PETITE KARENMILLEN PETITE FIGURE FORM BANDAGE ASYMMETRIC KNIT MIDI DRESS,74.0,149.0,50,True,111
2026-10-05,PLT,with code 10PLT KARENMILLEN TAILORED ONE SHOULDER TUCK DETAIL PENCIL MIDI DRESS,49.0,199.0,75,True,111
2026-10-05,PLT,with code 10PLT NASTYGAL ANIMAL CROC VINYL HIGH NECK MINI DRESS,27.3,39.0,30,True,111
2026-10-05,PLT,with code 10PLT PETITE PETITE FLORAL APPLIQUE V NECK KNIT MAXI DRESS,20.1,30.0,33,True,111
2026-10-05,PLT,with code 10PLT CROCHET O RING MAXI BEACH DRESS,15.5,32.0,52,True,111
2026-10-05,PLT,with code 10PLT PLUS BOOHOO PLUS STRUCTURED MINI SKATER DRESS,13.5,18.0,25,True,111
2026-10-05,PLT,with code 10PLT HALTERNECK PUFFBALL LIGHTWEIGHT DENIM MINI DRESS,12.5,32.0,61,True,111
2026-10-05,PLT,with code 10PLT MISSPAP LACE INSERTED CORSET BLAZER DRESS,55.0,79.0,30,True,111
2026-10-05,PLT,with code 10PLT MISSPAP SATIN RUCHED HIGH NECK MINI DRESS,35.0,50.0,30,True,111
2026-10-05,PLT,with code 10PLT BOOHOO BASIC RIB NOTCH MAXI DRESS,11.62,15.5,25,True,111
2026-10-05,PLT,with code 10PLT BUTTON DOWN BODYCON DRESS,31.5,45.0,30,True,111
2026-10-05,PLT,with code 10PLT STRIPE COLLAR LONG SLEEVE SHIFT DRESS,8.0,24.0,67,True,111
2026-10-05,PLT,with code 10PLT SOFT TOUCH JERSEY ASYMMETRIC BODYCON DRESS,7.5,16.0,53,True,111
2026-10-05,PLT,with code 10PLT SOFT TOUCH JERSEY BARDOT BODYCON DRESS,9.0,18.0,50,True,111
2026-10-05,PLT,with code 10PLT BOOHOO CHIFFON VOLUME SLEEVE TIE WAIST MINI DRESS,9.0,28.0,68,True,111
2026-10-05,PLT,with code 10PLT PETITE KARENMILLEN PETITE BLUE FLORAL OFF THE SHOULDER SHIRRED WOVEN MAXI DRESS,56.0,159.0,65,True,111
2026-10-05,PLT,with code 10PLT BOOHOO MESH FLORAL PRINT COWL MAXI DRESS,19.5,26.0,25,True,111
2026-10-05,PLT,with code 10PLT DOROTHY PERKINS FLORAL TWIST FRONT PUFF SLEEVE MIDI DRESS,22.0,39.0,44,True,111
2026-10-05,PLT,with code 10PLT FLORAL LINEN LOOK BANDEAU TIERED SHIFT DRESS,12.5,25.0,50,True,112
2026-10-05,PLT,with code 10PLT BOOHOO RUFFLE DETAIL MINI DRESS,19.5,26.0,25,True,112
2026-10-05,PLT,with code 10PLT MISSPAP KNITTED ASYMMETRIC NECKLINE MIDAXI DRESS,12.0,40.0,70,True,112
2026-10-05,PLT,with code 10PLT PLUNGE TEXTURED DETAIL MAXI DRESS,9.5,50.0,81,True,112
2026-10-05,PLT,with code 10PLT BRUSHED RIB SCARF DETAIL LONG SLEEVE MINI DRESS,10.0,20.0,50,True,112
2026-10-05,PLT,ICONIC PRICES WAREHOUSE FLORAL PRINT RUFFLED SLEEVE V NECK MAXI DRESS,25.0,69.0,64,True,112
2026-10-05,PLT,with code 10PLT PLT label NASTYGAL SATIN FLORAL CUTWORK LACE SPLIT LEG MAXI DRESS,34.3,49.0,30,True,112
2026-10-05,PLT,with code 10PLT KARENMILLEN MONO GEO SILK COTTON WOVEN SHIRT DRESS,96.0,239.0,60,True,112
2026-10-05,PLT,with code 10PLT WAREHOUSE PRINTED SHOULDER PAD V NECK TIE DETAIL MIDI DRESS,22.0,69.0,68,True,112
2026-10-05,PLT,with code 10PLT KARENMILLEN SEQUIN BELTED FULL MIDI DRESS,139.3,199.0,30,True,112
2026-10-05,PLT,with code 10PLT KARENMILLEN FLANNEL TAILORED BELTED DRESS,57.0,229.0,75,True,112
2026-10-05,PLT,with code 10PLT WAREHOUSE SIDE SPLIT RUFFLE DETAIL MAXI DRESS,45.0,79.0,43,True,112
2026-10-05,PLT,with code 10PLT TEXTURED BACK BEADED MAXI DRESS,12.0,24.0,50,True,112
2026-10-05,PLT,with code 10PLT LUREX KNIT TRIM DETAIL HALTERNECK MAXI DRESS,16.5,32.0,48,True,112
2026-10-05,PLT,with code 10PLT CHIFFON HIGH NECK OPEN BACK TASSEL HEM MINI DRESS,14.25,36.0,60,True,112
2026-10-05,PLT,with code 10PLT RUCHED BACKLESS STRAPPY MAXI DRESS,12.25,35.0,65,True,112
2026-10-05,PLT,with code 10PLT VELVET LONG SLEEVE DROP HEM SATIN PUFFBALL MINI DRESS,20.0,40.0,50,True,112
2026-10-05,PLT,with code 10PLT PLUS BOOHOO PLUS FLORAL CHIFFON RUFFLE DETAIL MAXI SLIP DRESS,15.0,30.0,50,True,112
2026-10-05,PLT,with code 10PLT TALL TALL BANDEAU CHIFFON DETAIL MAXI DRESS,10.5,30.0,65,True,112
2026-10-05,PLT,with code 10PLT ABSTRACT SATIN SCOOP NECK SPAGHETTI STRAP MAXI DRESS,31.5,45.0,30,True,112
2026-10-05,PLT,with code 10PLT STRETCH SATIN BOAT NECK MINI DRESS,12.6,18.0,30,True,112
2026-10-05,PLT,with code 10PLT WOVEN BONING DETAIL MINI DRESS,15.0,30.0,50,True,112
2026-10-05,PLT,with code 10PLT KARENMILLEN POLISHED BELTED FULL MIDI DRESS,167.3,239.0,30,True,112
2026-10-05,PLT,with code 10PLT BOOHOO BUTTON DETAIL V NECK SKATER DRESS,25.0,38.0,34,True,112
2026-10-05,PLT,with code 10PLT DOROTHY PERKINS PALM PRINTED SIDE TIE V NECK MAXI DRESS,14.0,39.0,64,True,112
2026-10-05,PLT,with code 10PLT WAREHOUSE FLORAL PRINTED VISCOSE FLORAL MIDI DRESS,32.0,79.0,59,True,112
2026-10-05,PLT,with code 10PLT COAST SATIN JACQUARD RUFFLE DETAIL MIDI DRESS,30.0,119.0,75,True,112
2026-10-05,PLT,with code 10PLT KARENMILLEN BLUE FLORAL OFF THE SHOULDER SHIRRED WOVEN MAXI DRESS,56.0,159.0,65,True,112
2026-10-05,PLT,with code 10PLT WAREHOUSE CHIFFON TIER SMOCK MIDI DRESS,23.0,79.0,71,True,112
2026-10-05,PLT,with code 10PLT WOVEN PLUNGE RUCHED BODICE FRILL HEM MINI DRESS,12.5,32.0,61,True,112
2026-10-05,PLT,with code 10PLT DOUBLE LAYER SLINKY DEEP PLUNGE TRIM ASYMMETRIC MAXI DRESS,13.0,26.0,50,True,112
2026-10-05,PLT,with code 10PLT BOOHOO DEEP V FRONT TIE MINI SKATER DRESS,12.75,17.0,25,True,112
2026-10-05,PLT,with code 10PLT BRODERIE BUTTON DOWN CAP SLEEVE SHIFT DRESS,14.5,26.0,44,True,112
2026-10-05,PLT,with code 10PLT CAPE DETAIL LONG SLEEVE MAXI DRESS,20.0,40.0,50,True,112
2026-10-05,PLT,with code 10PLT MESH RUCHED CORSET MINI DRESS,14.5,36.0,60,True,112
2026-10-05,PLT,with code 10PLT TALL TALL LONG SLEEVE SEQUIN MIDAXI DRESS,30.0,60.0,50,True,112
2026-10-05,PLT,with code 10PLT ABSTRACT PRINT LINED MESH BARDOT MINI DRESS,8.5,40.0,79,True,112
2026-10-05,PLT,with code 10PLT PLUS PLUS ONE SHOULDER RUCHED DETAIL NECK MIDAXI DRESS,16.8,24.0,30,True,112
2026-10-05,PLT,with code 10PLT TEXTURED ASYMMETRIC ONE SLEEVE MINI DRESS,11.0,22.0,50,True,112
2026-10-05,PLT,with code 10PLT EXTREME RUFFLE TIERED MAXI DRESS,37.5,75.0,50,True,112
2026-10-05,PLT,with code 10PLT COAST BANDEAU BOW WAIST MIDI WEDDING DRESS,90.3,129.0,30,True,112
2026-10-05,PLT,with code 10PLT WAREHOUSE PREMIUM GEORGETTE RUCHED FRONT FLUTTER CUFF MAXI DRESS,20.0,79.0,75,True,112
2026-10-05,PLT,with code 10PLT OASIS ANIMAL JACQUARD TRIM DETAIL BALLOON SLEEVE MINI DRESS,15.0,55.0,73,True,112
2026-10-05,PLT,with code 10PLT PLUS BOOHOO PLUS POLKA DOT MESH TWIST DETAIL MIDAXI DRESS,21.0,28.0,25,True,112
2026-10-05,PLT,with code 10PLT KARENMILLEN SOFT TAILORED CAPE SLEEVE MAXI DRESS,72.0,289.0,75,True,112
2026-10-05,PLT,with code 10PLT DOROTHY PERKINS DP LUXE CHOCOLATE FLORAL DITSY PRINTED ORGANZA FRILL DETAIL PUFF SLEEVE MAXI DRESS,22.0,55.0,60,True,112
2026-10-05,PLT,with code 10PLT PETITE KARENMILLEN PETITE KNIT POINTELLE CONTRAST COLLARED MIDI DRESS,56.0,159.0,65,True,112
2026-10-05,PLT,with code 10PLT FLORAL SEQUIN COWL NECK MINI DRESS,16.5,34.0,51,True,112
2026-10-05,PLT,with code 10PLT WOVEN BANDEAU FLOWER BEADED MINI DRESS,15.5,34.0,54,True,112
2026-10-05,PLT,with code 10PLT BOOHOO BEACH CROCHET TIE STRAP MAXI DRESS,19.5,26.0,25,True,112
2026-10-05,PLT,with code 10PLT SHAPE SHAPE TEXTURED HALTERNECK KNOT DETAIL MAXI DRESS,12.0,24.0,50,True,112
2026-10-05,PLT,with code 10PLT WAREHOUSE SLASH NECK ASYMMETRIC SEAM DETAIL MAXI DRESS,28.0,65.0,57,True,112
2026-10-05,PLT,with code 10PLT DEVORE COWL NECK MINI DRESS,7.5,22.0,66,True,112
2026-10-05,PLT,with code 10PLT BOOHOO CRINKLE CHIFFON & LACE LAYERED MINI DRESS,26.25,35.0,25,True,112
2026-10-05,PLT,with code 10PLT BOUCLE OVERSIZED LOW BELT SHIFT DRESS,6.5,35.0,81,True,112
2026-10-05,PLT,with code 10PLT OASIS CHECKED BELTED BALLOON SLEEVE FLIPPY MINI DRESS,20.0,65.0,69,True,112
2026-10-05,PLT,with code 10PLT KARENMILLEN PREMIUM VISCOSE LINEN TAILORED RUFFLE PENCIL MIDI DRESS,49.0,199.0,75,True,112
2026-10-05,PLT,with code 10PLT PETITE KARENMILLEN PETITE COMPACT STRETCH ASYMMETRIC NECKLINE DRAPED MIDI DRESS,70.0,199.0,65,True,112
2026-10-05,PLT,with code 10PLT BOOHOO COTTON POPLIN TIE SHOULDER MINI SKATER DRESS,15.0,22.0,32,True,112
2026-10-05,PLT,with code 10PLT WAREHOUSE BANDEAU SHEERING TULLE MAXI DRESS,32.0,135.0,76,True,112
2026-10-05,PLT,with code 10PLT POLKA DOT STRUCTURED WOVEN STRAIGHT NECK CORSET DETAIL MINI SHIFT DRESS,28.5,38.0,25,True,112
2026-10-05,PLT,with code 10PLT SHAPE SHAPE ANIMAL ONION SKIN LONG SLEEVE PLUNGE COWL MIDAXI DRESS,22.5,30.0,25,True,112
2026-10-05,PLT,with code 10PLT SHEER SEQUIN SHEER MAXI DRESS,19.0,40.0,53,True,112
2026-10-05,PLT,with code 10PLT DOROTHY PERKINS SPOT BUTTON DETAIL PUFF SLEEVE MIDI DRESS,14.0,45.0,69,True,112
2026-10-05,PLT,with code 10PLT COTTON POPLIN BODYCON DRESS,12.0,24.0,50,True,112
2026-10-05,PLT,with code 10PLT BOOHOO STRIPE WOVEN POCKET FRONT OVERSIZED BLAZER DRESS,25.0,40.0,38,True,112
2026-10-05,PLT,with code 10PLT MISSPAP HIGH NECK HALTER PANELLED SATIN MINI DRESS,18.0,49.0,63,True,112
2026-10-05,PLT,with code 10PLT WAREHOUSE EMBROIDERED SATIN PLUNGE NECK FLARE SLEEVE MIDI DRESS,22.0,79.0,72,True,112
2026-10-05,PLT,with code 10PLT COAST PRINTED PUFF SLEEVE WRAP BELTED MIDI DRESS,60.0,129.0,53,True,113
2026-10-05,PLT,with code 10PLT COAST PLACEMENT PRINT FLORAL BOW SHOULDER MIDI DRESS,90.0,129.0,30,True,113
2026-10-05,PLT,with code 10PLT PETITE WAREHOUSE PETITE FLUTTER SLEEVE FLORAL PRINT FRILL DETAIL MAXI DRESS,47.0,79.0,41,True,113
2026-10-05,PLT,with code 10PLT KARENMILLEN DRAPE SLEEVE EMBELLISHED MIDAXI DRESS,128.0,319.0,60,True,113
2026-10-05,PLT,with code 10PLT COAST TAILORED SLEEVELESS SHIMMER MIDI DRESS,35.0,129.0,73,True,113
2026-10-05,PLT,with code 10PLT OASIS FLORAL PRINTED DRAWSTRING WAIST MIDI DRESS,26.0,69.0,62,True,113
2026-10-05,PLT,with code 10PLT WAREHOUSE SATIN CUT OUT WAIST PLUNGE NECK MIDI DRESS,18.0,59.0,69,True,113
2026-10-05,PLT,with code 10PLT PLT label DOROTHY PERKINS LACE TRIM COLLAR DETAIL MIDI DRESS,18.0,39.0,54,True,113
2026-10-05,PLT,with code 10PLT BOOHOO BURNOUT FLORAL HIGH NECK SKATER DRESS,21.0,28.0,25,True,113
2026-10-05,PLT,with code 10PLT DOROTHY PERKINS FLORAL PUFF SLEEVE MINI JERSEY WRAP DRESS,12.0,32.0,63,True,113
2026-10-05,PLT,with code 10PLT COAST LISA TAN MONO BANDAGE PEPLUM GEORGETTE PLEATED SKIRT MIDI DRESS,30.0,129.0,77,True,113
2026-10-05,PLT,with code 10PLT TEXTURED DEEP PLUNGE MAXI DRESS,15.0,34.0,56,True,113
2026-10-05,PLT,with code 10PLT TEXTURED BANDEAU BEADED HARDWARE DETAIL MAXI DRESS,13.0,30.0,57,True,113
2026-10-05,PLT,with code 10PLT PLUS PLUS SATIN LONG SLEEVE WRAP DRESS,15.0,30.0,50,True,113
2026-10-05,PLT,ICONIC PRICES HALTERNECK PUFFBALL LIGHTWEIGHT DENIM MINI DRESS,13.0,32.0,59,True,113
2026-10-05,PLT,with code 10PLT CHIFFON ASYMMETRIC RUCHED SHIFT DRESS,17.0,34.0,50,True,113
2026-10-05,PLT,with code 10PLT SATIN OVERLAY CAPE DETAIL BODYCON DRESS,20.0,38.0,47,True,113
2026-10-05,PLT,ICONIC PRICES DOUBLE LAYER SLINKY LONG SLEEVE TRIM DETAIL MAXI DRESS,14.0,28.0,50,True,113
2026-10-05,PLT,with code 10PLT PLUS BOOHOO PLUS SOFT RIB TIE BACK SMOCK DRESS,16.5,22.0,25,True,113
2026-10-05,PLT,with code 10PLT BOOHOO BEADED TIE ONE SHOULDER SMOCK MAXI DRESS,13.0,25.0,48,True,113
2026-10-05,PLT,with code 10PLT BOOHOO DOBBY RUFFLE MAXI DRESS,19.5,26.0,25,True,113
2026-10-05,PLT,with code 10PLT BOOHOO LINEN PLEATED BANDEAU SKATER DRESS,14.0,24.0,42,True,113
2026-10-05,PLT,with code 10PLT PETITE DOROTHY PERKINS PETITE GREEN SPOT FRILL NECKLINE TIE BACK MINI DRESS,10.0,35.0,71,True,113
2026-10-05,PLT,with code 10PLT DOROTHY PERKINS DRAWSTRING SHIRRED BODICE MIDI DRESS,18.0,39.0,54,True,113
2026-10-05,PLT,with code 10PLT SHAPE SHAPE PLUNGE CORSET BACK MIDI DRESS,31.5,42.0,25,True,113
2026-10-05,PLT,with code 10PLT TEXTURED ASYMMETRIC MINI DRESS,22.5,30.0,25,True,113
2026-10-05,PLT,with code 10PLT EXTREME TIERED V NECK MAXI DRESS,15.5,50.0,69,True,113
2026-10-05,PLT,with code 10PLT PETITE PETITE TIE SHOULDER FOLDOVER FLOWY LINEN MINI DRESS,11.5,25.0,54,True,113
2026-10-05,PLT,with code 10PLT DOUBLE LAYER TRIM DETAIL MAXI DRESS,10.5,26.0,60,True,113
2026-10-05,PLT,with code 10PLT BOOHOO FLORAL PRINT COWL NECK SATIN MAXI DRESS,21.0,28.0,25,True,113
2026-10-05,PLT,with code 10PLT WOVEN ONE SHOULDER EYELET DETAIL MINI DRESS,19.5,26.0,25,True,113
2026-10-05,PLT,with code 10PLT BOOHOO LACE TRIM HALTERNECK TRAPEZE MAXI DRESS,24.0,32.0,25,True,113
2026-10-05,PLT,with code 10PLT PLUS BOOHOO PLUS BANDEAU MIDAXI DRESS,15.0,25.0,40,True,113
2026-10-05,PLT,with code 10PLT BOOHOO WRAP SHIRT DRESS,9.0,26.0,65,True,113
2026-10-05,PLT,with code 10PLT ECRU FLORAL EMBROIDERED DENIM MICRO MINI DRESS,13.0,32.0,59,True,113
2026-10-05,PLT,with code 10PLT BOOHOO PREMIUM SATIN SCARF DETAIL MINI DRESS,9.0,30.0,70,True,113
2026-10-05,PLT,with code 10PLT DRAPED SATIN SHIRT DRESS,20.0,40.0,50,True,113
2026-10-05,PLT,with code 10PLT MISSPAP HIGH NECK HALTER PANELLED SATIN MAXI DRESS,14.0,49.0,71,True,113
2026-10-05,PLT,with code 10PLT KARENMILLEN FRUIT PRINT ONE SHOULDER TWILL MIDI DRESS,111.3,159.0,30,True,113
2026-10-05,PLT,with code 10PLT BOOHOO FLORAL HALTERNECK RUCHED DETAIL MAXI DRESS,22.0,32.0,31,True,113
2026-10-05,PLT,with code 10PLT KARENMILLEN SATIN BACK CREPE TWIST DETAIL WOVEN MIDAXI DRESS,45.0,129.0,65,True,113
2026-10-05,PLT,with code 10PLT COAST CREPE BELTED RUFFLE SKIRT PENCIL DRESS,70.0,129.0,46,True,113
2026-10-05,PLT,with code 10PLT BOOHOO TEXTURED VOLUME SLEEVE MINI DRESS,19.5,26.0,25,True,113
2026-10-05,PLT,with code 10PLT BOOHOO CHIFFON RUFFLE SLEEVE MINI DRESS,9.0,25.0,64,True,113
2026-10-05,PLT,with code 10PLT DOROTHY PERKINS BUTTON FRONT PUFF SLEEVE BRODERIE MIDI DRESS,20.0,45.0,56,True,113
2026-10-05,PLT,with code 10PLT DOROTHY PERKINS BERRY FLORAL LACE YOKE MIDI DRESS,20.0,45.0,56,True,113
2026-10-05,PLT,with code 10PLT SHORT SLEEVE WOVEN MINI DRESS,28.5,38.0,25,True,113
2026-10-05,PLT,with code 10PLT COLLAR DETAILING SHIFT DRESS,12.75,32.0,60,True,113
2026-10-05,PLT,with code 10PLT CHIFFON HALTER NECK DRAPE DETAIL LEG SPLIT MAXI DRESS,20.0,40.0,50,True,113
2026-10-05,PLT,with code 10PLT SATIN TIE KNOT DRAPE DETAIL MAXI DRESS,24.0,48.0,50,True,113
2026-10-05,PLT,with code 10PLT COAST LISA TAN PUFF SLEEVE HIGH NECK SPOT SATIN MIDI DRESS,65.0,119.0,45,True,113
2026-10-05,PLT,with code 10PLT BOOHOO SOFT TOUCH KNOT FRONT FIT & FLARE MAXI DRESS,24.0,32.0,25,True,113
2026-10-05,PLT,with code 10PLT BOOHOO EMBELLISHED CUT OUT BANDEAU MINI DRESS,7.0,28.0,75,True,113
2026-10-05,PLT,with code 10PLT LINEN BANDEAU TIE WAIST PUFFBALL DRESS,6.5,28.0,77,True,113
2026-10-05,PLT,with code 10PLT TAILORED WOVEN BUTTON DOWN A LINE DRESS,15.0,32.0,53,True,113
2026-10-05,PLT,with code 10PLT BOOHOO CHIFFON MIX PANELLED SMOCK DRESS,22.5,30.0,25,True,113
2026-10-05,PLT,with code 10PLT PETITE COAST PETITE SATIN TRIM LACE SHIRT MIDI DRESS,65.0,149.0,56,True,113
2026-10-05,PLT,with code 10PLT MISSPAP SATIN EXTREME DRAPED MINI DRESS,27.0,45.0,40,True,113
2026-10-05,PLT,with code 10PLT BOOHOO 2 IN 1 LINEN LOOK TAILORED MINI DRESS,28.5,38.0,25,True,113
2026-10-05,PLT,with code 10PLT PETITE KARENMILLEN PETITE SHEER VISCOSE GEORGETTE SKETCHY FLORAL DEEP V WOVEN HALTER NECK DRESS,44.0,179.0,75,True,113
2026-10-05,PLT,with code 10PLT PINSTRIPE TIE DETAIL BUTTON DOWN SHIRT DRESS,20.25,27.0,25,True,113
2026-10-05,PLT,with code 10PLT NASTYGAL PLUNGING V-NECKLINE SPLIT MIDI DRESS,27.3,39.0,30,True,113
2026-10-05,PLT,with code 10PLT CAPE DETAIL MINI DRESS,28.5,38.0,25,True,113
2026-10-05,PLT,with code 10PLT MISSPAP BEADED TRIM BACKLESS SATIN MINI DRESS,20.0,45.0,56,True,113
2026-10-05,PLT,with code 10PLT PLUS BOOHOO PLUS LARGE FLORAL RACER NECK MAXI DRESS,12.0,16.0,25,True,113
2026-10-05,PLT,with code 10PLT BOOHOO CRINKLE TEXTURED SATIN & LACE MINI DRESS,22.5,30.0,25,True,113
2026-10-05,PLT,with code 10PLT CHIFFON DRAPE CUT OUT MIDI DRESS,15.0,30.0,50,True,113
2026-10-05,PLT,with code 10PLT PLUS PLUS STRETCH WOVEN CONTRAST TIERED SHIFT DRESS,14.0,28.0,50,True,113
2026-10-05,PLT,with code 10PLT PLUS BOOHOO PLUS PRINTED COWL NECK MAXI DRESS,28.5,38.0,25,True,113
2026-10-05,PLT,with code 10PLT PETITE OASIS PETITE TIE BACK TIERED MAXI DRESS,25.0,55.0,55,True,113
2026-10-05,PLT,with code 10PLT BOOHOO ZIG ZAG KNIT O-RING BEACH MAXI DRESS,7.0,28.0,75,True,113
2026-10-05,PLT,with code 10PLT SHEER LACE FRILL LONG SLEEVE MINI DRESS,11.0,28.0,61,True,113
2026-10-05,PLT,with code 10PLT CHIFFON PLUNGE TRIM DETAIL MAXI DRESS,9.5,45.0,79,True,114
2026-10-05,PLT,with code 10PLT DARK TAUPE SATIN CUT OUT V BUST MINI SHIFT DRESS,12.0,24.0,50,True,114
2026-10-05,PLT,with code 10PLT DOUBLE LAYER SLINKY LONG SLEEVE TRIM DETAIL MAXI DRESS,14.0,28.0,50,True,114
2026-10-05,PLT,with code 10PLT SLINKY CUT OUT MAXI DRESS,17.0,34.0,50,True,114
2026-10-05,PLT,with code 10PLT COAST PUFF SLEEVE FULL SKIRTED MINI DRESS WITH TIE BACK,53.4,89.0,40,True,114
2026-10-05,PLT,with code 10PLT COAST LISA TAN STRUCTURED SATIN FLORAL DETAIL MIDI DRESS,40.0,129.0,69,True,114
2026-10-05,PLT,PLT label PETITE COAST PETITE WATERFALL ONE SHOULDER SATIN MAXI DRESS,119.0,119.0,0,False,114
2026-10-05,PLT,with code 10PLT BOOHOO SUPER SOFT PLEAT DETAIL MINI DRESS,18.0,24.0,25,True,114
2026-10-05,PLT,with code 10PLT PETITE DOROTHY PERKINS PETITE PINK ANIMAL SHIRRED WAIST ANGEL SLEEVE TIERED MAXI DRESS,12.0,39.0,69,True,114
2026-10-05,PLT,with code 10PLT PETITE KARENMILLEN PETITE TAILORED DENIM BELTED MINI DRESS,77.0,219.0,65,True,114
2026-10-05,PLT,with code 10PLT WAREHOUSE SATIN SHIRRED BODICE BALLOON SLEEVE MIDI DRESS,25.0,79.0,68,True,114
2026-10-05,PLT,with code 10PLT PLUS PLUS LOOP KNIT ASYMMETRIC MAXI DRESS,22.78,34.0,33,True,114
2026-10-05,PLT,with code 10PLT TALL BOOHOO TALL TIE STRAP SHIRRED POPLIN MAXI DRESS,21.75,29.0,25,True,114
2026-10-05,PLT,with code 10PLT RACER RUCHED MAXI DRESS,15.25,38.0,60,True,114
2026-10-05,PLT,with code 10PLT SHELL TEXTURE BANDEAU MINI SHIFT DRESS,15.0,38.0,61,True,114
2026-10-05,PLT,with code 10PLT MISSPAP PREMIUM BUSTIER CORDED LACE MIDI DRESS,19.0,69.0,72,True,114
2026-10-05,PLT,with code 10PLT MATERNITY BOOHOO MATERNITY LINEN LOOK PUFF SLEEVE SHIRRED BODICE MAXI DRESS,21.0,28.0,25,True,114
2026-10-05,PLT,with code 10PLT BOOHOO BURNOUT FLORAL FLARED SLEEVE MIDAXI DRESS,13.0,35.0,63,True,114
2026-10-05,PLT,with code 10PLT COAST ORGANZA WRAP WAIST PUFF SLEEVE MIDI DRESS,40.0,149.0,73,True,114
2026-10-05,PLT,with code 10PLT KARENMILLEN CRINKLE GEORGETTE HIGH NECK COLD SHOULDER WOVEN MAXI DRESS,49.0,139.0,65,True,114
2026-10-05,PLT,with code 10PLT PETITE KARENMILLEN PETITE SOFT TAILORED HALTER NECK MIDI DRESS,70.0,199.0,65,True,114
2026-10-05,PLT,with code 10PLT PETITE OASIS PETITE PRINTED PLEATED MESH MIDI DRESS WITH FLUTTER SLEEVE,50.0,85.0,41,True,114
2026-10-05,PLT,with code 10PLT SATIN CONTRAST LACE MINI SHIFT DRESS,27.0,36.0,25,True,114
2026-10-05,PLT,with code 10PLT CHIFFON FLARED SLEEVE FLOATY BEACH DRESS,13.0,32.0,59,True,114
2026-10-05,PLT,with code 10PLT CHIFFON V NECK RUCHED MINI DRESS,12.5,36.0,65,True,114
2026-10-05,PLT,with code 10PLT MATERNITY BOOHOO MATERNITY RUCHED TIE FRONT MAXI DRESS,17.0,25.0,32,True,114
2026-10-05,PLT,with code 10PLT BOOHOO LINEN RUCHED DROP HEM MIDI SKATER DRESS,17.0,25.0,32,True,114
2026-10-05,PLT,with code 10PLT SATIN MUSHROOM HALTER NECK MINI SHIFT DRESS,22.4,32.0,30,True,114
2026-10-05,PLT,with code 10PLT SATIN CONTRAST RUCHED DETAIL MAXI DRESS,18.75,40.0,53,True,114
2026-10-05,PLT,with code 10PLT BOOHOO CHIFFON LACE DETAIL RUFFLED MIDAXI DRESS,24.0,32.0,25,True,114
2026-10-05,PLT,with code 10PLT NASTYGAL CHECK CHIFFON RUFFLE BARDOT MINI DRESS,27.3,39.0,30,True,114
2026-10-05,PLT,with code 10PLT OASIS VOLUME SHOULDER WESTERN MINI DRESS,12.0,49.0,76,True,114
2026-10-05,PLT,with code 10PLT PLUS KARENMILLEN PLUS SIZE SPOT PRINT VISCOSE GEORGETTE CAPE SLEEVE RUFFLE WOVEN MAXI DRESS,153.3,219.0,30,True,114
2026-10-05,PLT,with code 10PLT PETITE DOROTHY PERKINS PETITE COLLAR DETAIL SHORT SLEEVE MAXI DRESS,35.1,39.0,10,True,114
2026-10-05,PLT,with code 10PLT PETITE COAST PETITE PLEAT SKIRT MIDI DRESS,35.0,139.0,75,True,114
2026-10-05,PLT,with code 10PLT PETITE BOOHOO PETITE SATIN DRAPE LONG SLEEVE MINI DRESS,16.0,40.0,60,True,114
2026-10-05,PLT,with code 10PLT PETITE BOOHOO PETITE LINEN SHIRRED BANDEAU MINI DRESS,13.5,18.0,25,True,114
2026-10-05,PLT,with code 10PLT MATERNITY BOOHOO MATERNITY LACE DETAIL TEIRED MAXI DRESS,10.0,30.0,67,True,114
2026-10-05,PLT,with code 10PLT PREMIUM WIRED BARDOT SHIFT DRESS,9.5,45.0,79,True,114
2026-10-05,PLT,with code 10PLT MISSPAP RUCHED SLINKY ONE SHOULDER MAXI DRESS,18.0,42.0,57,True,114
2026-10-05,PLT,with code 10PLT COAST FLORAL JACQUARD MIDI DRESS,70.0,119.0,41,True,114
2026-10-05,PLT,with code 10PLT KARENMILLEN PETITE CRYSTAL EMBELLISHED CUTWORK CAPE DETAIL WOVEN MAXI DRESS,129.0,369.0,65,True,114
2026-10-05,PLT,with code 10PLT NASTYGAL LACE FLOWER EMBELLISHED PLUNGE SKATER MINI DRESS,97.3,139.0,30,True,114
2026-10-05,PLT,with code 10PLT DOROTHY PERKINS RUFFLE DETAIL PUFF SLEEVE MIDAXI DRESS,25.0,39.0,36,True,114
2026-10-05,PLT,with code 10PLT LINEN LOOK RUCHED WAIST MAXI DRESS,13.0,26.0,50,True,114
2026-10-05,PLT,with code 10PLT MISSPAP PREMIUM HEAVYWEIGHT EMBELLISHED MINI DRESS,40.0,189.0,79,True,114
2026-10-05,PLT,with code 10PLT PLUS BOOHOO PLUS CHIFFON RUCHED BLOUSON SLEEVE MAXI DRESS,30.0,40.0,25,True,114
2026-10-05,PLT,with code 10PLT PLUS BOOHOO PLUS FLORAL MESH RUCHED ANGEL SLEEVE MAXI DRESS,26.25,35.0,25,True,114
2026-10-05,PLT,with code 10PLT GINGHAM HALTERNECK BUTTON DOWN SHIFT DRESS,10.0,22.0,55,True,114
2026-10-05,PLT,with code 10PLT LINEN LOOK TIERED TIE STRAP MAXI DRESS,13.5,30.0,55,True,114
2026-10-05,PLT,with code 10PLT PLUS PLUS EMBELLISHED DETAIL MAXI DRESS,20.0,40.0,50,True,114
2026-10-05,PLT,with code 10PLT DOROTHY PERKINS FLORAL SPOT FRILL WAIST DETAIL BLOUSON SLEEVE MIDI DRESS,12.0,39.0,69,True,114
2026-10-05,PLT,with code 10PLT SATIN BOAT NECK SLEEVELESS MAXI DRESS,8.0,36.0,78,True,114
2026-10-05,PLT,with code 10PLT LONG SLEEVE DROP HEM MAXI DRESS,16.0,32.0,50,True,114
2026-10-05,PLT,with code 10PLT PETITE WAREHOUSE PETITE FLORAL PRINT LAYERED TULLE FRONT CUT OUT STRAPPY MAXI DRESS,129.0,129.0,0,False,114
2026-10-05,PLT,with code 10PLT BOOHOO CHIFFON FLORAL PLUNGE FRONT FLOOR SWEEPING MAXI DRESS,33.75,45.0,25,True,114
2026-10-05,PLT,with code 10PLT SLINKY ASYMMETRIC PLUNGE WIRED MINI DRESS,11.5,22.0,48,True,114
2026-10-05,PLT,with code 10PLT MONOCHROME STRIPED TEXTURE BOXY SHIFT DRESS,9.5,32.0,70,True,114
2026-10-05,PLT,with code 10PLT BLACK CUT OUT BACK PUFFBALL DRESS,11.0,22.0,50,True,114
2026-10-05,PLT,with code 10PLT SATIN MESH PANEL TIE BACK MAXI DRESS,11.0,30.0,63,True,114
2026-10-05,PLT,with code 10PLT WAREHOUSE METALLIC JACQUARD BABYDOLL DRESS,18.0,69.0,74,True,114
2026-10-05,PLT,with code 10PLT WOVEN ASYMMETRIC TRIM DETAIL MINI DRESS,6.0,30.0,80,True,114
2026-10-05,PLT,with code 10PLT RUCHED BUST SHIFT DRESS,19.6,28.0,30,True,114
2026-10-05,PLT,with code 10PLT COAST KEYHOLE FLORAL LACE FULL SKIRTED WEDDING DRESS,45.0,179.0,75,True,114
2026-10-05,PLT,with code 10PLT COAST POLKA DOT TIERED ORGANZA MIDI DRESS,100.0,129.0,22,True,114
2026-10-05,PLT,with code 10PLT PETITE DOROTHY PERKINS PETITE BLUE FLORAL BUTTON THROUGH MIDI DRESS,25.0,39.0,36,True,114
2026-10-05,PLT,with code 10PLT BOOHOO FLORAL PRINTED CHIFFON COLD SHOULDER LAYERED MINI DRESS,19.5,26.0,25,True,114
2026-10-05,PLT,with code 10PLT WOVEN OPEN BACK TRIM DETAIL FLOATY MAXI DRESS,19.0,38.0,50,True,114
2026-10-05,PLT,with code 10PLT SLINKY KNOT DRAPE MIDAXI DRESS,10.5,22.0,52,True,115
2026-10-05,PLT,with code 10PLT ABSTRACT TEXTURED A LINE SHIFT DRESS,18.5,45.0,59,True,115
2026-10-05,PLT,with code 10PLT TALL BOOHOO TALL JERSEY CREPE DRAPE SHOULDER MIDAXI DRESS,18.75,25.0,25,True,115
2026-10-05,PLT,with code 10PLT SATIN SWEETHEART NECKLINE MINI DRESS,18.0,32.0,44,True,115
2026-10-05,PLT,ICONIC PRICES PLUS PLUS DOUBLE LAYER SLINKY BARDOT RUCHED MAXI DRESS,27.0,36.0,25,True,115
2026-10-05,PLT,with code 10PLT PLUS BOOHOO PLUS BARDOT OFF SHOULDER SKATER DRESS,13.0,35.0,63,True,115
2026-10-05,PLT,with code 10PLT PLT label PLUS KARENMILLEN PLUS SIZE COTTON VOILE MAXI BEACH DRESS,35.0,99.0,65,True,115
2026-10-05,PLT,with code 10PLT COAST PLEATED ONE SHOULDER BARDOT FIT AND FLARE MAXI DRESS,99.0,99.0,0,False,115
2026-10-05,PLT,with code 10PLT DOROTHY PERKINS ANIMAL BUTTON THROUGH COLLARED PRINTED MIDI DRESS,18.0,45.0,60,True,115
2026-10-05,PLT,with code 10PLT COAST LACE SLEEVELESS MIDI DRESS,90.0,139.0,35,True,115
2026-10-05,PLT,with code 10PLT LONG SLEEVE SLOUCHY RUCHED MINI SHIFT DRESS,20.25,27.0,25,True,115
2026-10-05,PLT,with code 10PLT SATIN LACE SWEETHEART BONED CORSET MINI DRESS,18.0,36.0,50,True,115
2026-10-05,PLT,with code 10PLT SHAPE SHAPE SOFT TOUCH HIGH NECK MINI DRESS,11.0,22.0,50,True,115
2026-10-05,PLT,with code 10PLT SEERSUCKER TIE WAIST SHIRT DRESS,13.5,34.0,60,True,115
2026-10-05,PLT,with code 10PLT PETITE KARENMILLEN PETITE SOFT TAILORED COLOUR BLOCK DETAIL HALTER NECK MAXI DRESS,66.0,189.0,65,True,115
2026-10-05,PLT,with code 10PLT BOOHOO STRIPE COTTON SLEEVE OVERSIZED TSHIRT DRESS,14.0,26.0,46,True,115
2026-10-05,PLT,with code 10PLT SHAPE SHAPE HALTERNECK BUCKLE DETAIL MINI DRESS,10.5,26.0,60,True,115
2026-10-05,PLT,with code 10PLT PLUS BOOHOO PLUS RUCHED SQUARE NECK SKATER DRESS,18.75,25.0,25,True,115
2026-10-05,PLT,with code 10PLT SEQUIN KNIT BANDEAU MINI DRESS,9.5,28.0,66,True,115
2026-10-05,PLT,with code 10PLT STRETCH WOVEN HALTERNECK BACKLESS SHIFT DRESS,8.5,24.0,65,True,115
2026-10-05,PLT,with code 10PLT BOOHOO FLORAL ASYMMETRIC MESH MINI DRESS,19.5,26.0,25,True,115
2026-10-05,PLT,with code 10PLT DOROTHY PERKINS TIE FRONT PUFF SLEEVE POPLIN MINI DRESS,18.0,39.0,54,True,115
2026-10-05,PLT,with code 10PLT BOOHOO BARDOT STRUCTURED MINI DRESS,14.0,26.0,46,True,115
2026-10-05,PLT,with code 10PLT PREMIUM LINEN CINCHED WAIST COCOON SLEEVE MINI DRESS,11.0,45.0,76,True,115
2026-10-05,PLT,with code 10PLT STRETCH WOVEN BOAT NECK LONG SLEEVE PLEATED SHIFT DRESS,14.0,30.0,53,True,115
2026-10-05,PLT,with code 10PLT MATERNITY BOOHOO MATERNITY RUCHED BARDOT MESH HEM MIDAXI,9.0,30.0,70,True,115
2026-10-05,PLT,with code 10PLT WAREHOUSE EMBROIDERED FRINGE MINI DRESS,45.0,85.0,47,True,115
2026-10-05,PLT,with code 10PLT MISSPAP PREMIUM SHIRRED BUST MINI DRESS,31.0,79.0,61,True,115
2026-10-05,PLT,with code 10PLT PETITE BOOHOO PETITE LAYERED FRILL BUTTON DETAIL MINI DRESS,21.75,29.0,25,True,115
2026-10-05,PLT,with code 10PLT BOOHOO SATIN HALTERNECK RUFFLE MINI DRESS,18.0,24.0,25,True,115
2026-10-05,PLT,with code 10PLT BOOHOO LINEN LOOK RUCHED CUP STRAPPY MINI DRESS,13.0,32.0,59,True,115
2026-10-05,PLT,with code 10PLT DOROTHY PERKINS GREEN FLORAL TIE DETAIL DROP HEM PRINTED MINI DRESS,12.0,39.0,69,True,115
2026-10-05,PLT,with code 10PLT PETITE KARENMILLEN PETITE BOLD STRIPE COTTON STRAPPY PEPLUM WOVEN MAXI DRESS,59.0,169.0,65,True,115
2026-10-05,PLT,with code 10PLT TEXTURED BANDEAU SLEEVELESS MINI SHIFT DRESS,11.0,22.0,50,True,115
2026-10-05,PLT,with code 10PLT SLINKY DRAPED NECK MAXI DRESS,21.0,28.0,25,True,115
2026-10-05,PLT,with code 10PLT STRETCH WOVEN KEYHOLE NECKLINE PUFFBALL MINI DRESS,13.5,27.0,50,True,115
2026-10-05,PLT,with code 10PLT MESH RUCHED CORSET CUT OUT MAXI DRESS,20.25,27.0,25,True,115
2026-10-05,PLT,with code 10PLT CHIFFON ASYMMETRIC SLEEVELESS MAXI DRESS,15.0,32.0,53,True,115
2026-10-05,PLT,with code 10PLT RIBBED KNIT BARDOT MINI DRESS,10.25,25.0,59,True,115
2026-10-05,PLT,with code 10PLT PETITE DOROTHY PERKINS PETITE ANGEL SLEEVE MONO LEOPARD MIDI DRESS,10.0,32.0,69,True,115
2026-10-05,PLT,with code 10PLT FLORAL BURNOUT CHIFFON SQUARE NECK MINI SHIFT DRESS,10.5,35.0,70,True,115
2026-10-05,PLT,with code 10PLT BOOHOO NECK DETAIL BOUCLE MAXI DRESS,9.0,35.0,74,True,115
2026-10-05,PLT,with code 10PLT BOOHOO BRODERIE SCALLOPED NECK CORSET MINI DRESS,21.0,28.0,25,True,115
2026-10-05,PLT,with code 10PLT DOROTHY PERKINS DP LUXE WRAP FRONT PUFF SLEEVE RUFFLE MAXI DRESS,20.0,55.0,64,True,115
2026-10-05,PLT,with code 10PLT TEXTURED CHIFFON TIE DETAIL ASYMMETRIC MAXI DRESS,15.75,34.0,54,True,115
2026-10-05,PLT,with code 10PLT BOOHOO HOOK & EYE CORSET DETAIL MINI DRESS,15.0,20.0,25,True,115
2026-10-05,PLT,with code 10PLT MISSPAP KNITTED BARDOT WRAP FRONT MIDI DRESS,13.0,40.0,68,True,115
2026-10-05,PLT,with code 10PLT CHIFFON BANDEAU FRILL DETAIL MAXI DRESS,8.0,40.0,80,True,115
2026-10-05,PLT,with code 10PLT SHAPE SHAPE BUILT IN BRA SCULPT BOAT NECK RUCHED SIDE MINI DRESS,14.0,28.0,50,True,115
2026-10-05,PLT,with code 10PLT MISSPAP BRODERIE MIX VOLUME HEM BANDEAU MINI DRESS,38.5,55.0,30,True,115
2026-10-05,PLT,with code 10PLT NASTYGAL PAINTED FLORAL TIE FRONT HIGH NECK FLUTED SLEEVE MINI DRESS,24.5,35.0,30,True,115
2026-10-05,PLT,with code 10PLT PLUS BOOHOO PLUS CREPE ASYMMETRIC NECK SKATER MIDI DRESS,16.0,28.0,43,True,115
2026-10-05,PLT,with code 10PLT WAREHOUSE METALLIC VELVET HALTER COWL NECK MIDI DRESS,20.0,69.0,71,True,115
2026-10-05,PLT,with code 10PLT KARENMILLEN PAISLEY DEVORE PLUNGE WOVEN MIDI DRESS,66.0,189.0,65,True,115
2026-10-05,PLT,with code 10PLT WAREHOUSE PETITE CHIFFON PLUNGE NECK RUFFLE MIDI SMOCK DRESS,21.0,59.0,64,True,115
2026-10-05,PLT,with code 10PLT KARENMILLEN RUFFLE TAFFETA COMPACT STRETCH BANDEAU TAILORED MIDI DRESS,60.0,239.0,75,True,115
2026-10-05,PLT,with code 10PLT COAST PLEAT TWIST DETAIL MIDI DRESS,40.0,129.0,69,True,115
2026-10-05,PLT,with code 10PLT PETITE KARENMILLEN PETITE SCARF PRINT ORGANDIE AND SATIN MIX MAXI DRESS,80.0,199.0,60,True,115
2026-10-05,PLT,with code 10PLT WOVEN BANDEAU FLOWER BEADED MINI DRESS,26.25,35.0,25,True,115
2026-10-05,PLT,with code 10PLT CHIFFON CAPE DETAIL BANDEAU SKATER MIDI DRESS,25.0,50.0,50,True,115
2026-10-05,PLT,with code 10PLT SEQUIN TIE COWL HALTER NECK BODYCON DRESS,16.0,32.0,50,True,115
2026-10-05,PLT,with code 10PLT FLORAL PRINT DRAPE ASYMMETRIC MAXI DRESS,16.0,34.0,53,True,115
2026-10-05,PLT,with code 10PLT FLORAL PRINTED ONE SHOULDER MAXI DRESS,26.0,60.0,57,True,115
2026-10-05,PLT,with code 10PLT PETITE PETITE BUTTERCREAM FRONT SEAM DETAIL MAXI DRESS,25.5,34.0,25,True,115
2026-10-05,PLT,with code 10PLT RACER NECK DROPPED WAIST KNITTED MINI DRESS,15.0,30.0,50,True,115
2026-10-05,PLT,with code 10PLT STRETCH WOVEN DROP WAIST BALLOON HEM MIDI DRESS,16.5,34.0,51,True,115
2026-10-05,PLT,with code 10PLT SHAPE SHAPE CHOCOLATE SHEER KNITTED DRESS,16.0,40.0,60,True,115
2026-10-05,PLT,with code 10PLT BOOHOO STRUCTURED A LINE MINI DRESS,28.5,38.0,25,True,115
2026-10-05,PLT,with code 10PLT HALTERNECK CONTRAST MAXI DRESS,17.5,35.0,50,True,115
2026-10-05,PLT,with code 10PLT MATERNITY BOOHOO MATERNITY RUCHED WAIST TRIM DETAIL CAP SLEEVE MAXI DRESS,19.5,26.0,25,True,115
2026-10-05,PLT,with code 10PLT PETITE OASIS PETITE OCCASION FLORAL TWILL STRAPLESS MINI DRESS,55.0,75.0,27,True,115
2026-10-05,PLT,with code 10PLT PLT LABEL PLT LABEL EMBROIDERED WOVEN NECK TRIM DETAIL BODYCON DRESS,20.0,40.0,50,True,115
2026-10-05,PLT,with code 10PLT NASTYGAL VELVET BONED DRAPE MINI DRESS,34.3,49.0,30,True,116
2026-10-05,PLT,with code 10PLT PUFF DETAIL BODYCON DRESS,14.0,28.0,50,True,116
2026-10-05,PLT,with code 10PLT COAST SEQUIN EMBELLISHED AND EMBROIDERED HIGH LOW MAXI DRESS,90.0,189.0,52,True,116
2026-10-05,PLT,with code 10PLT BOOHOO COTTON POPLIN HALTERNECK DROPPED ASYMMETRIC HEM MINI DRESS,11.0,20.0,45,True,116
2026-10-05,PLT,with code 10PLT KARENMILLEN APPLIQUE LACE CORSET WOVEN MINI DRESS,55.0,219.0,75,True,116
2026-10-05,PLT,with code 10PLT PLT label BOOHOO BURNOUT LACE UP DETAIL RUFFLE HEM MIDAXI DRESS,28.5,38.0,25,True,116
2026-10-05,PLT,with code 10PLT BOOHOO MONO GODET HEM MAXI DRESS,37.5,50.0,25,True,116
2026-10-05,PLT,with code 10PLT BOOHOO SHIRRED WAIST MINI DRESS WITH DROP HEM,22.5,30.0,25,True,116
2026-10-05,PLT,with code 10PLT PLUS BOOHOO PLUS BASIC DENIM SHIFT DRESS,22.5,30.0,25,True,116
2026-10-05,PLT,with code 10PLT CHIFFON FRILL SLEEVE DETAIL MAXI DRESS,19.0,38.0,50,True,116
2026-10-05,PLT,with code 10PLT PLUS PLUS FLORAL CONTRAST LACE MAXI DRESS,24.0,48.0,50,True,116
2026-10-05,PLT,with code 10PLT PLT LABEL PLT LABEL SLINKY RUCHED BANDEAU FISHTAIL MAXI DRESS,27.5,55.0,50,True,116
2026-10-05,PLT,with code 10PLT MATERNITY BOOHOO MATERNITY BEADED TIE ONE SHOULDER SMOCK MAXI DRESS,18.75,25.0,25,True,116
2026-10-05,PLT,with code 10PLT BRUSHED RIB V NECK SLOUCHY LONG SLEEVE SHIFT DRESS,10.0,28.0,64,True,116
2026-10-05,PLT,with code 10PLT CHIFFON BANDEAU FLOWER TRIM DRAPE MINI DRESS,14.0,30.0,53,True,116
2026-10-05,PLT,with code 10PLT LINEN LOOK TIERED TIE STRAP MAXI DRESS,12.0,30.0,60,True,116
2026-10-05,PLT,with code 10PLT KARENMILLEN FRILL DETAIL VISCOSE MAXI DRESS,140.0,279.0,50,True,116
2026-10-05,PLT,with code 10PLT PETITE KARENMILLEN PETITE COTTON CUTWORK STRAPPY WOVEN MIDI DRESS,119.0,239.0,50,True,116
2026-10-05,PLT,with code 10PLT PETITE DOROTHY PERKINS PETITE NAVY FLORAL TIERED JERSEY MIDI DRESS,12.0,35.0,66,True,116
2026-10-05,PLT,with code 10PLT COAST LISA TAN PRINTED COLUMN MIDI DRESS,45.0,129.0,65,True,116
2026-10-05,PLT,with code 10PLT COAST CORSAGE ONE SHOULDER JERSEY MAXI DRESS,40.0,119.0,66,True,116
2026-10-05,PLT,with code 10PLT BOOHOO HIGH COWL ASYMMETRIC MINI DRESS,9.0,30.0,70,True,116
2026-10-05,PLT,with code 10PLT DOROTHY PERKINS PINK RUFFLE BLOUSON SLEEVE EMPIRE SEAM MIDI DRESS,12.0,39.0,69,True,116
2026-10-05,PLT,with code 10PLT KARENMILLEN LEATHER CROSS HALTER NECK MIDI DRESS,175.0,499.0,65,True,116
2026-10-05,PLT,with code 10PLT SEQUIN COWL BEAD DETAIL BODYCON MINI DRESS,22.5,48.0,53,True,116
2026-10-05,PLT,with code 10PLT SATIN WRAP FRINGE DETAIL MINI DRESS,5.5,30.0,82,True,116
2026-10-05,PLT,with code 10PLT TEXTURED HALTERNECK BODYCON MINI DRESS,7.0,18.0,61,True,116
2026-10-05,PLT,with code 10PLT OASIS BUTTER YELLOW SATIN TWIST FRONT ANGEL SLEEVE MIDI BRIDESMAID DRESS,55.2,69.0,20,True,116
2026-10-05,PLT,with code 10PLT BOOHOO TONAL ANIMAL STRAPPY CAMI FLOOR SWEEPING MAXI DRESS,26.25,35.0,25,True,116
2026-10-05,PLT,with code 10PLT FUCHSIA BARDOT DROP WAIST TIERED MAXI DRESS,27.5,55.0,50,True,116
2026-10-05,PLT,with code 10PLT BOOHOO BENGALINE FOLDOVER BANDEAU TAILORED MINI DRESS,7.0,24.0,71,True,116
2026-10-05,PLT,with code 10PLT PETITE DOROTHY PERKINS PETITE FLORAL ANGEL SLEEVE KEYHOLE MESH JERSEY MIDI DRESS,15.0,45.0,67,True,116
2026-10-05,PLT,with code 10PLT BOOHOO BONDED SUCBA BARDOT VOLUME SKATER MINI DRESS,13.0,25.0,48,True,116
2026-10-05,PLT,ICONIC PRICES CHIFFON BANDEAU FRILL DETAIL MAXI DRESS,28.0,40.0,30,True,116
2026-10-05,PLT,with code 10PLT PETITE KARENMILLEN PETITE CONTRAST STRIPE VISCOSE STRAPPY DRESS,85.0,85.0,0,False,116
2026-10-05,PLT,with code 10PLT PETITE KARENMILLEN PETITE COTTON POPLIN 3D PLEAT DETAIL WOVEN MIDI DRESS,169.0,169.0,0,False,116
2026-10-05,PLT,with code 10PLT COAST BARDOT PLEATED MAXI BRIDESMAID DRESS,32.0,119.0,73,True,116
2026-10-05,PLT,with code 10PLT COAST LACE PANELLED BELTED SLEEVELESS MIDI SHIRT DRESS,80.0,129.0,38,True,116
2026-10-05,PLT,with code 10PLT COAST CAPE SLEEVE PLEATED MIDI DRESS,40.0,129.0,69,True,116
2026-10-05,PLT,with code 10PLT KARENMILLEN BLOCK COLOUR RACKED RIB KNITTED SLEEVELESS MIDI DRESS,65.0,129.0,50,True,116
2026-10-05,PLT,with code 10PLT DOROTHY PERKINS TIE FRONT PUFF SLEEVE POPLIN MINI DRESS,22.0,39.0,44,True,116
2026-10-05,PLT,with code 10PLT WAREHOUSE SHADOW STRIPE RUFFLE SQUARE NECK SMOCK MIDI DRESS,23.0,79.0,71,True,116
2026-10-05,PLT,with code 10PLT STRIPED CONTRAST HALTERNECK SLEEVELESS SHIFT DRESS,9.5,20.0,53,True,116
2026-10-05,PLT,with code 10PLT SLINKY RUCHED DETAIL CAP SLEEVE MAXI DRESS,13.5,32.0,58,True,116
2026-10-05,PLT,with code 10PLT WOVEN PLUNGE RUCHED BODICE FRILL HEM MINI DRESS,17.0,32.0,47,True,116
2026-10-05,PLT,with code 10PLT COAST 3D FLORAL RUCHED DETAIL MIDI DRESS,45.0,159.0,72,True,116
2026-10-05,PLT,with code 10PLT BOOHOO RUCHED DETAIL SHIRT DRESS,9.0,28.0,68,True,116
2026-10-05,PLT,with code 10PLT PETITE BOOHOO PETITE SHIRRED SLEEVELESS DROP WAIST SKATER MINI DRESS,18.0,24.0,25,True,116
2026-10-05,PLT,with code 10PLT SATIN KNOT DETAIL MINI SHIFT,11.0,22.0,50,True,116
2026-10-05,PLT,with code 10PLT HEAVY BRUSHED RIB BARDOT TRIM MINI DRESS,12.5,25.0,50,True,116
2026-10-05,PLT,with code 10PLT ASYMMETRIC RUCHED MINI DRESS,15.4,22.0,30,True,116
2026-10-05,PLT,with code 10PLT WAREHOUSE PREMIUM HAND EMBELLISHED FLORAL MOTIF MINI DRESS,129.0,129.0,0,False,116
2026-10-05,PLT,with code 10PLT NASTYGAL METALLIC SATIN SEAM DETAIL MINI DRESS,24.5,35.0,30,True,116
2026-10-05,PLT,with code 10PLT BOOHOO BARDOT FULL SKIRT JERSEY CREPE MINI DRESS,18.75,25.0,25,True,116
2026-10-05,PLT,with code 10PLT NASTYGAL PAINTED FLORAL PLEATED DETAIL TIE BACK MINI DRESS,24.5,35.0,30,True,116
2026-10-05,PLT,with code 10PLT KARENMILLEN DOUBLE CLOTH TILE PRINT HALTERNECK MIDI DRESS,104.3,149.0,30,True,116
2026-10-05,PLT,with code 10PLT MISSPAP PATTERNED SEQUIN BANDEAU MINI DRESS,13.0,40.0,68,True,116
2026-10-05,PLT,with code 10PLT FLOWER ROPE DETAIL CROCHET KNIT MAXI DRESS,15.5,38.0,59,True,116
2026-10-05,PLT,with code 10PLT SOFT TOUCH BARDOT BEAD DETAIL CUT OUT MINI DRESS,11.0,26.0,58,True,116
2026-10-05,PLT,with code 10PLT CAP SLEEVE CUT OUT TRIM DETAIL MINI DRESS,12.0,24.0,50,True,116
2026-10-05,PLT,with code 10PLT BOOHOO TAILORED SLEEVELESS STRUCTURED CINCHED WAIST PLEATED BLAZER DRESS,33.75,45.0,25,True,116
2026-10-05,PLT,with code 10PLT SHAPE SHAPE SHORT SLEEVE BLAZER MINI DRESS,16.75,42.0,60,True,116
2026-10-05,PLT,with code 10PLT COAST PLEATED WRAP FRONT DRESS,50.0,119.0,58,True,116
2026-10-05,PLT,with code 10PLT OASIS TIERED TIE STRAP MAXI DRESS,32.0,75.0,57,True,116
2026-10-05,PLT,with code 10PLT WAREHOUSE JACQUARD MINI DRESS,24.0,59.0,59,True,116
2026-10-05,PLT,with code 10PLT DOUBLE LAYER MESH TWIST DETAIL MINI DRESS,6.0,34.0,82,True,116
2026-10-05,PLT,with code 10PLT FINE KNIT SLEEVELESS MAXI DRESS,15.5,28.0,45,True,116
2026-10-05,PLT,with code 10PLT MESH OVERLAY OFF THE SHOULDER MAXI DRESS,15.0,32.0,53,True,117
2026-10-05,PLT,with code 10PLT NASTYGAL SATIN CUTWORK LACE STRAPPY MAXI DRESS,34.3,49.0,30,True,117
2026-10-05,PLT,with code 10PLT TALL BOOHOO TALL TAILORED A-LINE MINI DRESS,21.0,28.0,25,True,117
2026-10-05,PLT,with code 10PLT BOOHOO STRUCTURED CORSET DETAIL MINI DRESS,24.0,32.0,25,True,117
2026-10-05,PLT,with code 10PLT DOROTHY PERKINS PUFF SLEEVE ZEBRA SHIRRED BODICE PEPLUM MIDI DRESS,12.0,35.0,66,True,117
2026-10-05,PLT,with code 10PLT BOOHOO EMBROIDERED TEXTURED MINI DRESS,19.0,28.0,32,True,117
2026-10-05,PLT,with code 10PLT PLT label PETITE KARENMILLEN PETITE JERSEY PONTE GEORGETTE MIX MIDI DRESS,69.0,139.0,50,True,117
2026-10-05,PLT,with code 10PLT BOOHOO BURNOUT FLORAL GODET HEM MINI DRESS,15.0,25.0,40,True,117
2026-10-05,PLT,with code 10PLT OASIS PRINTED MESH STRAPPY PROM MIDI DRESS,38.0,75.0,49,True,117
2026-10-05,PLT,with code 10PLT KARENMILLEN SUEDE STAB STITCH BUTTON MINI DRESS,95.0,379.0,75,True,117
2026-10-05,PLT,with code 10PLT WOVEN ASYMMETRIC FRINGE LEG SPLIT MAXI DRESS,17.0,34.0,50,True,117
2026-10-05,PLT,with code 10PLT FRILL SLEEVELESS MAXI DRESS,18.5,36.0,49,True,117
2026-10-05,PLT,with code 10PLT PETITE COAST PETITE PRINTED LACE MIDI PENCIL DRESS,35.0,129.0,73,True,117
2026-10-05,PLT,with code 10PLT PLUS PLUS AND BLACK CONTRAST SKIRT BANDEAU SCARF DETAIL MAXI DRESS,22.0,50.0,56,True,117
2026-10-05,PLT,with code 10PLT WAREHOUSE ONE SHOULDER EMBROIDERED FRINGED MIDI DRESS,57.0,95.0,40,True,117
2026-10-05,PLT,with code 10PLT POLKA DOT RUCHED RUFFLE HEM BANDEAU MINI DRESS,10.75,20.0,46,True,117
2026-10-05,PLT,with code 10PLT SATIN HIGH NECK MIDAXI DRESS,26.6,38.0,30,True,117
2026-10-05,PLT,with code 10PLT OASIS HALTERNECK MAXI DRESS,28.0,69.0,59,True,117
2026-10-05,PLT,with code 10PLT CHECK BUTTON DOWN RUCHED LONG SLEEVE SHIRT DRESS,9.5,25.0,62,True,117
2026-10-05,PLT,with code 10PLT BOOHOO ABSTRACT CHIFFON RUFFLE SHIFT DRESS,10.0,30.0,67,True,117
2026-10-05,PLT,with code 10PLT RUCHED DETAIL STRAPPY MAXI DRESS,17.5,40.0,56,True,117
2026-10-05,PLT,with code 10PLT PETITE PETITE CINCHED V-NECK BLAZER DRESS,20.0,45.0,56,True,117
2026-10-05,PLT,ICONIC PRICES VELVET BOW DETAIL PUFFBALL DRESS,15.0,30.0,50,True,117
2026-10-05,PLT,with code 10PLT NASTYGAL CHIFFON STRIPE SCARF TIE ELASTICATED RUFFLE MINI DRESS,24.5,35.0,30,True,117
2026-10-05,PLT,with code 10PLT MISSPAP PREMIUM TIE NECK DETAIL MAXI DRESS,34.3,49.0,30,True,117
2026-10-05,PLT,with code 10PLT MISSPAP CRINKLE SATIN MAXI DRESS,45.0,65.0,31,True,117
2026-10-05,PLT,with code 10PLT KARENMILLEN PETITE TAILORED COTTON SATEEN FULL MIDI DRESS,99.0,199.0,50,True,117
2026-10-05,PLT,with code 10PLT KARENMILLEN DRAPEY CREPE BODICE DETAIL SPLIT MAXI DRESS,60.0,149.0,60,True,117
2026-10-05,PLT,with code 10PLT PETITE OASIS PETITE PLEATED MESH MAXI DRESS,65.0,79.0,18,True,117
2026-10-05,PLT,with code 10PLT DOROTHY PERKINS RED HEART LACE TRIM TIE BACK PRINTED MINI DRESS,18.0,35.0,49,True,117
2026-10-05,PLT,with code 10PLT SLINKY KNOT DETAIL PLUNGE MAXI DRESS,10.5,26.0,60,True,117
2026-10-05,PLT,with code 10PLT WOVEN BANDEAU V BAR GATHERED HIP MIDI DRESS,25.5,34.0,25,True,117
2026-10-05,PLT,with code 10PLT SATIN PLUNGE DRAPE MAXI DRESS,20.0,40.0,50,True,117
2026-10-05,PLT,with code 10PLT CHIFFON SHELL EMBROIDERED COWL MAXI DRESS,17.0,35.0,51,True,117
2026-10-05,PLT,with code 10PLT BOOHOO CHIFFON PLUNGE FRONT TIERED MAXI DRESS,26.25,35.0,25,True,117
2026-10-05,PLT,with code 10PLT DOUBLE LAYER SLINKY OPEN BACK MINI DRESS,6.5,22.0,70,True,117
2026-10-05,PLT,with code 10PLT BOOHOO FLORAL CHIFFON MAXI SLIP DRESS,16.5,22.0,25,True,117
2026-10-05,PLT,with code 10PLT BOOHOO FLORAL GATHERED PUFF SLEEVE SMOCK DRESS,7.0,28.0,75,True,117
2026-10-05,PLT,with code 10PLT TEXTURED SCOOP NECK PUFFBALL DRESS,26.6,38.0,30,True,117
2026-10-05,PLT,with code 10PLT TAILORED SHIRRED FRILL SHIFT DRESS,18.0,24.0,25,True,117
2026-10-05,PLT,with code 10PLT COAST I DO EMBELLISHED MINI BRIDAL DRESS,159.0,159.0,0,False,117
2026-10-05,PLT,with code 10PLT MISSPAP PLEATED DETAIL VOLUME HEM MINI DRESS,24.0,59.0,59,True,117
2026-10-05,PLT,with code 10PLT MISSPAP PREMIUM TIE NECK SATIN OCCASION MAXI DRESS,24.0,59.0,59,True,117
2026-10-05,PLT,with code 10PLT COAST CREPE BARDOT RUCHED MAXI BRIDESMAID DRESS,35.0,99.0,65,True,117
2026-10-05,PLT,with code 10PLT BOOHOO ASYMMETRIC SLEEVE PEARLISED BUTTON MINI DRESS,17.0,25.0,32,True,117
2026-10-05,PLT,with code 10PLT KARENMILLEN CRINKLE COLD SHOULDER GEORGETTE WOVEN MAXI DRESS,56.0,159.0,65,True,117
2026-10-05,PLT,with code 10PLT BOOHOO POLKA DOT ONE SHOULDER MINI DRESS,15.0,20.0,25,True,117
2026-10-05,PLT,with code 10PLT DOROTHY PERKINS BOW DETAIL TRAPEZE PINSTRIPE MINI DRESS,10.0,35.0,71,True,117
2026-10-05,PLT,with code 10PLT CROCHET KNIT METALLIC DETAIL CAMI STRAP MAXI DRESS,17.5,35.0,50,True,117
2026-10-05,PLT,with code 10PLT LACE UP BACK PLEATED SHIFT DRESS,13.5,25.0,46,True,117
2026-10-05,PLT,with code 10PLT SHIRRED BANDEAU FRILL EDGE MAXI DRESS,14.0,28.0,50,True,117
2026-10-05,PLT,with code 10PLT SATIN RUCHED BUST CORSET MINI DRESS,14.5,34.0,57,True,117
2026-10-05,PLT,with code 10PLT HALTERNECK DROPPED WAIST SHEER PANEL KNITTED MAXI DRESS,13.5,34.0,60,True,117
2026-10-05,PLT,with code 10PLT JERSEY BUTTON DETAIL SCOOP BODYCON DRESS,11.25,28.0,60,True,117
2026-10-05,PLT,with code 10PLT WOVEN RUCHED TRIM DETAIL MINI DRESS,9.5,32.0,70,True,117
2026-10-05,PLT,with code 10PLT CORD BUTTON DOWN SHIFT DRESS,15.5,28.0,45,True,117
2026-10-05,PLT,with code 10PLT PETITE DOROTHY PERKINS PETITE BLUE FLORAL JERSEY MINI DRESS,12.0,25.0,52,True,117
2026-10-05,PLT,with code 10PLT PETITE BOOHOO PETITE FLORAL BURNOUT PLUNGE PUFFBALL MINI DRESS,19.5,26.0,25,True,117
2026-10-05,PLT,with code 10PLT COAST SLINKY DRAPED DETAIL FISHTAIL MAXI DRESS,119.0,119.0,0,False,117
2026-10-05,PLT,with code 10PLT KARENMILLEN OOTO SHEER PANELLED LONG SLEEVE WOVEN MAXI DRESS,94.0,379.0,75,True,117
2026-10-05,PLT,with code 10PLT WAREHOUSE BURNOUT CHIFFON WRAP SMOCK MIDI DRESS,22.0,75.0,71,True,117
2026-10-05,PLT,with code 10PLT KARENMILLEN TAILORED MARL CONTRAST TIPPED FULL SKIRTED MAXI DRESS,65.0,259.0,75,True,117
2026-10-05,PLT,with code 10PLT LINEN LOOK BOAT NECK SLEEVELESS SHIFT DRESS,9.0,18.0,50,True,117
2026-10-05,PLT,with code 10PLT PINSTRIPE SEERSUCKER CINCHED WAIST SHIRT DRESS,14.0,30.0,53,True,117
2026-10-05,PLT,with code 10PLT DOUBLE CONTOUR ASYMMETRIC OVERLAY DETAIL BODYCON DRESS,12.0,24.0,50,True,117
2026-10-05,PLT,with code 10PLT CHIFFON DITSY FLORAL PRINT FISHTAIL MINI DRESS,20.0,45.0,56,True,117
2026-10-05,PLT,with code 10PLT BOOHOO TRIM DETAIL COLLARED SLEEVELESS SHIFT DRESS,11.0,30.0,63,True,117
2026-10-05,PLT,with code 10PLT SLINKY OFF THE SHOULDER MINI BODYCON DRESS,11.0,22.0,50,True,117
2026-10-05,PLT,with code 10PLT NASTYGAL STARFISH WAVE BEADED SHEER MINI BEACH DRESS,62.3,89.0,30,True,117
2026-10-05,PLT,with code 10PLT NASTYGAL FRUIT EMBELLISHED STRAPPY FESTIVAL MINI DRESS,90.3,129.0,30,True,117
2026-10-05,PLT,with code 10PLT PLUS KARENMILLEN PLUS SIZE CRINKLE COLD SHOULDER GEORGETTE WOVEN MAXI DRESS,56.0,159.0,65,True,117
2026-10-05,PLT,with code 10PLT COAST SATIN FISHTAIL WEDDING DRESS WITH DRAPE SCARF,103.2,129.0,20,True,117
2026-10-05,PLT,with code 10PLT BOOHOO COTTON POPLIN HALTERNECK FRONT GATHERED SEAM SKATER MINI DRESS,15.0,22.0,32,True,117
2026-10-05,PLT,with code 10PLT WOVEN BOAT NECK MAXI DRESS,13.5,45.0,70,True,118
2026-10-05,PLT,with code 10PLT TEXTURED KNOT DETAIL BODYCON DRESS,10.0,20.0,50,True,118
2026-10-05,PLT,with code 10PLT TAILORED WOVEN SCOOP BACK SHIFT DRESS,16.8,24.0,30,True,118
2026-10-05,PLT,with code 10PLT PLT label NASTYGAL POLKA DOT STRUCTURED SATIN STRAPPY MINI DRESS,27.3,39.0,30,True,118
2026-10-05,PLT,with code 10PLT NASTYGAL SATIN BLURRED ANIMAL SCARF TIE COWL MINI DRESS,24.5,35.0,30,True,118
2026-10-05,PLT,with code 10PLT PETITE KARENMILLEN PETITE TEXTURED COMPACT STRETCH TAILORED BELTED MINI DRESS,70.0,199.0,65,True,118
2026-10-05,PLT,with code 10PLT PETITE KARENMILLEN PETITE DENIM CORSET STITCH DETAIL PENCIL MIDI DRESS,45.0,129.0,65,True,118
2026-10-05,PLT,with code 10PLT FLORAL TEXTURED HALTER NECK FRINGE DETAIL MINI DRESS,19.5,26.0,25,True,118
2026-10-05,PLT,with code 10PLT PETITE PETITE EMBROIDERED LINEN LOOK SHIFT MINI DRESS,14.0,28.0,50,True,118
2026-10-05,PLT,with code 10PLT SHAPE SHAPE BUILT IN BRA SCULPT BOAT NECK RUCHED SIDE MINI DRESS,22.5,30.0,25,True,118
2026-10-05,PLT,with code 10PLT BOOHOO LACE CORSET STRUCTURED MINI DRESS,13.0,35.0,63,True,118
2026-10-05,PLT,with code 10PLT BANDAGE MESH BARDOT LAYERED RUCHED MAXI DRESS,28.0,60.0,53,True,118
2026-10-05,PLT,with code 10PLT FLORAL JACQUARD BOUCLE SKATER DRESS,22.0,50.0,56,True,118
2026-10-05,PLT,with code 10PLT WOVEN BALLOON SLEEVE COLLARLESS BLAZER DRESS,9.5,45.0,79,True,118
2026-10-05,PLT,with code 10PLT NASTYGAL FLOWER EMBELLISHED TIE FRONT MAXI BEACH DRESS,62.3,89.0,30,True,118
2026-10-05,PLT,with code 10PLT BOOHOO COTTON POPLIN HALTERNECK FRONT GATHERED SEAM SKATER MINI DRESS,9.0,22.0,59,True,118
2026-10-05,PLT,with code 10PLT LINEN LOOK HALTERNECK SHIFT DRESS,9.5,22.0,57,True,118
2026-10-05,PLT,with code 10PLT MATERNITY BOOHOO MATERNITY RIB SHORT SLEEVE MAXI DRESS,15.0,20.0,25,True,118
2026-10-05,PLT,with code 10PLT BOOHOO CHIFFON DEEP COWL MINI DRESS,9.0,26.0,65,True,118
2026-10-05,PLT,with code 10PLT WOVEN SCOOP NECK SHIFT DRESS,17.5,25.0,30,True,118
2026-10-05,PLT,with code 10PLT LACE BANDEAU CORSET DETAIL MAXI DRESS,22.5,30.0,25,True,118
2026-10-05,PLT,with code 10PLT TRIM HALTER NECK DRESS,13.0,26.0,50,True,118
2026-10-05,PLT,with code 10PLT PETITE BOOHOO PETITE COLLAR DETAIL DENIM SHIFT DRESS,21.0,28.0,25,True,118
2026-10-05,PLT,with code 10PLT TALL KARENMILLEN TALL DEVOURE ONE SHOULDER WOVEN MAXI DRESS WITH TRIM DETAIL,66.0,189.0,65,True,118
2026-10-05,PLT,with code 10PLT OASIS BOW FRONT VELVET MINI DRESS,59.0,59.0,0,False,118
2026-10-05,PLT,with code 10PLT PLUS BOOHOO PLUS EMBELLISHED BANDEAU SKATER DRESS,28.5,38.0,25,True,118
2026-10-05,PLT,with code 10PLT DEEP CHIFFON STRAPPY CUT OUT MAXI DRESS,12.0,30.0,60,True,118
2026-10-05,PLT,with code 10PLT PLUS PLUS LACE STRAPPY MAXI DRESS,14.5,32.0,55,True,118
2026-10-05,PLT,with code 10PLT BOOHOO BEACH CROCHET STRIPE KNIT MINI DRESS,12.0,26.0,54,True,118
2026-10-05,PLT,with code 10PLT PLT LABEL PLT LABEL SLINKY RUCHED PLUNGE BATWING MAXI DRESS,25.0,50.0,50,True,118
2026-10-05,PLT,ICONIC PRICES JERSEY OVERLAY DETAIL LONG SLEEVE BODYCON DRESS,11.0,22.0,50,True,118
2026-10-05,PLT,with code 10PLT BOOHOO COTTON POPLIN ONE SHOULDER RUCHED MIDAXI DRESS,17.0,28.0,39,True,118
2026-10-05,PLT,with code 10PLT NASTYGAL PINSTRIPE EMBROIDERED FAUX LEATHER BANDEAU MINI DRESS,27.3,39.0,30,True,118
2026-10-05,PLT,with code 10PLT MISSPAP PREMIUM BOUCLE BANDEAU TAILORED MINI DRESS,21.0,65.0,68,True,118
2026-10-05,PLT,with code 10PLT MISSPAP EMBROIDERED PU MINI DRESS,21.0,65.0,68,True,118
2026-10-05,PLT,with code 10PLT MISSPAP SEQUIN RACER BODYCON MINI DRESS,20.0,40.0,50,True,118
2026-10-05,PLT,with code 10PLT BOOHOO ULTRA SOFT TOUCH RUCHED BUTTON DOWN WRAP SHIRT DRESS,8.0,22.0,64,True,118
2026-10-05,PLT,with code 10PLT OASIS VELVET LACE MIX V NECK MAXI DRESS,69.0,69.0,0,False,118
2026-10-05,PLT,with code 10PLT OASIS EMBELLISHED BOW KNITTED DRESS,65.0,65.0,0,False,118
2026-10-05,PLT,with code 10PLT PLUS BOOHOO PLUS SEQUIN VELVET BOW BACK SHIFT DRESS,30.0,40.0,25,True,118
2026-10-05,PLT,with code 10PLT PETITE DOROTHY PERKINS PETITE DP LUXE BOW SHOULDER JACQUARD MIDI DRESS,45.0,59.0,24,True,118
2026-10-05,PLT,with code 10PLT BOOHOO LINEN LOOK BANDEAU GOLD TRIM MINI DRESS,11.0,32.0,66,True,118
2026-10-05,PLT,with code 10PLT TALL TALL TEXTURED BOAT NECK LOW BACK MAXI DRESS,15.0,30.0,50,True,118
2026-10-05,PLT,with code 10PLT BRUSHED RIB SCARF DETAIL LONG SLEEVE ASYMMETRIC RUCHED MAXI DRESS,13.0,26.0,50,True,118
2026-10-05,PLT,with code 10PLT PLUS PLUS HALTERNECK BEAD DETAIL KNIT MINI DRESS,13.0,26.0,50,True,118
2026-10-05,PLT,with code 10PLT DOROTHY PERKINS RED BUTTON CUFF SLIM KNITTED MIDI DRESS,31.2,39.0,20,True,118
2026-10-05,PLT,with code 10PLT SHELL PRINT CRINKLE TEXTURED CONTRAST STRAPPY MAXI DRESS,9.0,18.0,50,True,118
2026-10-05,PLT,with code 10PLT PETITE BOOHOO PETITE HALTER NECK BACKLESS BODYCON MAXI DRESS,21.0,28.0,25,True,118
2026-10-05,PLT,with code 10PLT STRIPED TEXTURED BARDOT LONG SLEEVE BODYCON MINI DRESS,12.0,26.0,54,True,118
2026-10-05,PLT,with code 10PLT NASTYGAL SHELL AND DROPLET BEADED CROCHET BARDOT BEACH DRESS,90.3,129.0,30,True,118
2026-10-05,PLT,with code 10PLT NASTYGAL CUTWORK SIDE TAILORED STRAPPY MINI DRESS,41.3,59.0,30,True,118
2026-10-05,PLT,with code 10PLT NASTYGAL PREMIUM GINGHAM STRUCTURED PUFFBALL BANDEAU MINI DRESS,55.3,79.0,30,True,118
2026-10-05,PLT,with code 10PLT WAREHOUSE ZEBRA BURNOUT CHIFFON BIAS TIE BACK MINI DRESS,21.0,59.0,64,True,118
2026-10-05,PLT,with code 10PLT BOOHOO OFF THE SHOULDER MESH MINI DRESS,12.75,17.0,25,True,118
2026-10-05,PLT,with code 10PLT MISSPAP STRAPPY PANELLED DENIM MINI DRESS,13.0,29.0,55,True,118
2026-10-05,PLT,with code 10PLT CHIFFON SHIRRED MAXI DRESS,22.5,45.0,50,True,118
2026-10-05,PLT,with code 10PLT NASTYGAL PREMIUM CROCHET EMBROIDERED PATCHED SCOOP NECK MINI DRESS,69.3,99.0,30,True,118
2026-10-05,PLT,with code 10PLT NASTYGAL EMBELLISHED PALM TREE SHEER HIGH NECK MINI BEACH DRESS,55.3,79.0,30,True,118
2026-10-05,PLT,with code 10PLT MISSPAP RUCHED BUST CUP HALTER NECK MAXI DRESS,22.0,70.0,69,True,118
2026-10-05,PLT,with code 10PLT NASTYGAL COTTON POPLIN HALTER NECK PUFFBALL MINI DRESS,20.3,29.0,30,True,118
2026-10-05,PLT,with code 10PLT COAST LACE AND CREPE FULL SKIRTED MIDI DRESS,99.0,99.0,0,False,118
2026-10-05,PLT,with code 10PLT BANDAGE TASSEL HEM BODYCON DRESS,20.0,45.0,56,True,118
2026-10-05,PLT,with code 10PLT NASTYGAL MESH CUT OUT COW PRINT MAXI DRESS,31.5,45.0,30,True,118
2026-10-05,PLT,with code 10PLT PETITE PETITE SEQUIN BUST CUT OUT KNITTED MAXI DRESS,16.0,32.0,50,True,118
2026-10-05,PLT,with code 10PLT SLINKY HALTER NECK RUCHED MESH MAXI DRESS,8.5,28.0,70,True,118
2026-10-05,PLT,with code 10PLT COAST BOW EMBELLISHED STRAPPY MIDI DRESS,100.0,169.0,41,True,119
2026-10-05,PLT,with code 10PLT WOVEN LACE DETAIL GODET MAXI DRESS,20.0,45.0,56,True,119
2026-10-05,PLT,with code 10PLT FAUX LEATHER BANDEAU PUFFBALL MINI DRESS,31.5,45.0,30,True,119
2026-10-05,PLT,with code 10PLT STRIPED BUTTON DETAIL FLIPPY HEM BODYCON DRESS,10.25,25.0,59,True,119
2026-10-05,PLT,with code 10PLT OASIS VELVET SEQUIN KEYHOLE MINI DRESS,55.2,69.0,20,True,119
2026-10-05,PLT,with code 10PLT BOOHOO SQUARE NECK DROPPED PUFF BALL HEM MINI DRESS,9.0,18.0,50,True,119
2026-10-05,PLT,with code 10PLT PLT label WAREHOUSE FLORAL PRINTED DRAWSTRING WAIST SHORT SLEEVE MIDI DRESS,36.0,69.0,48,True,119
2026-10-05,PLT,with code 10PLT DOROTHY PERKINS GREEN FLORAL LACE TRIM BODY LONG SLEEVE MIDI DRESS,45.0,45.0,0,False,119
2026-10-05,PLT,with code 10PLT MISSPAP DRAPED NECKLINE SATIN BRIDESMAID MAXI DRESS,45.5,65.0,30,True,119
2026-10-05,PLT,with code 10PLT PETITE DOROTHY PERKINS PETITE BLACK DAISY FRILL WAIST BLOUSON SLEEVE MIDI DRESS,12.0,39.0,69,True,119
2026-10-05,PLT,with code 10PLT JACQUARD BARDOT SHIFT DRESS,28.0,40.0,30,True,119
2026-10-05,PLT,with code 10PLT STRETCH WOVEN HALTERNECK BACKLESS SHIFT DRESS,9.5,24.0,60,True,119
2026-10-05,PLT,with code 10PLT FLORAL TEXTURED STRAIGHT NECK STRAPPY MINI DRESS,7.5,22.0,66,True,119
2026-10-05,PLT,with code 10PLT PLUS PLUS CHIFFON LONG SLEEVE BARDOT FLOATY PLAYSUIT,25.0,50.0,50,True,119
2026-10-05,PLT,with code 10PLT SATIN HALTER NECK LACE DETAIL MINI DRESS,5.5,20.0,73,True,119
2026-10-05,PLT,with code 10PLT PLUS BOOHOO PLUS 3/4 BALLOON SLEEVE CINCH WAIST MINI DRESS,19.0,28.0,32,True,119
2026-10-05,PLT,with code 10PLT KARENMILLEN DIGITAL OPHELIA POLISHED TAILORED OPEN BACK HEM DETAIL MINI DRESS,55.0,219.0,75,True,119
2026-10-05,PLT,with code 10PLT BOOHOO TEXTURED SHEER FLORAL LACE CORSET DRAPE MINI DRESS,26.25,35.0,25,True,119
2026-10-05,PLT,with code 10PLT KARENMILLEN VISCOSE BLEND SLINKY SHEER LACE DETAIL ASYMMETRIC KNIT MAXI DRESS,52.0,149.0,65,True,119
2026-10-05,PLT,with code 10PLT WAREHOUSE LONG SLEEVE COWL NECK RUFFLE DETAIL MAXI DRESS,69.0,69.0,0,False,119
2026-10-05,PLT,with code 10PLT WAREHOUSE STRUCTURED PUFF SLEEVE BARDOT MINI DRESS,55.0,55.0,0,False,119
2026-10-05,PLT,with code 10PLT WAREHOUSE SHADOW STRIPE VOLUME SLEEVE HANKY HEM MIDAXI DRESS,23.0,65.0,65,True,119
2026-10-05,PLT,with code 10PLT EMBROIDERY DETAIL BANDEAU MAXI DRESS,22.0,50.0,56,True,119
2026-10-05,PLT,with code 10PLT CHIFFON HIGH NECK SEQUIN WAISTBAND MAXI DRESS,9.0,30.0,70,True,119
2026-10-05,PLT,with code 10PLT PLUS PLUS BANDEAU CONTRAST DETAIL MINI DRESS,20.0,40.0,50,True,119
2026-10-05,PLT,with code 10PLT KARENMILLEN SOFT TAILORED ONE SHOULDER CAPE SLEEVE MAXI DRESS,91.0,259.0,65,True,119
2026-10-05,PLT,with code 10PLT COAST CROSS FRONT FLORAL JACQUARD MIDI DRESS,60.0,129.0,53,True,119
2026-10-05,PLT,with code 10PLT DOROTHY PERKINS GREEN PALM TIE DETAIL FRILL WAIST MAXI DRESS,20.0,42.0,52,True,119
2026-10-05,PLT,with code 10PLT COAST DRAPE SHOULDER FRILL DETAIL CREPE MIDI DRESS,55.0,139.0,60,True,119
2026-10-05,PLT,with code 10PLT BOOHOO RIB BARDOT NECKLINE MINI JUMPER DRESS,10.0,32.0,69,True,119
2026-10-05,PLT,with code 10PLT COAST CAPE SLEEVE RUCHED DETAIL MAXI DRESS,40.0,119.0,66,True,119
2026-10-05,PLT,with code 10PLT SHAPE SHAPE BANDEAU WRAP TIE WAIST MAXI DRESS,9.75,28.0,65,True,119
2026-10-05,PLT,with code 10PLT CHIFFON CAPE DETAIL MAXI DRESS,38.5,55.0,30,True,119
2026-10-05,PLT,with code 10PLT SHAPE SHAPE TAILORED BANDEAU MINI DRESS,14.0,28.0,50,True,119
2026-10-05,PLT,ICONIC PRICES FINE KNIT CROSSOVER DETAIL MAXI DRESS,7.0,28.0,75,True,119
2026-10-05,PLT,with code 10PLT MESH RUCHED BANDEAU MAXI DRESS,11.5,36.0,68,True,119
2026-10-05,PLT,with code 10PLT SHAPE SHAPE BOAT NECK DROPPED HEM MAXI DRESS,17.0,34.0,50,True,119
2026-10-05,PLT,with code 10PLT SHAPE SHAPE TAILORED PLEATED SLEEVE ADJUSTABLE WAIST BLAZER DRESS,25.0,65.0,62,True,119
2026-10-05,PLT,ICONIC PRICES STRIPED COLLAR DETAIL SHIFT DRESS,12.0,26.0,54,True,119
2026-10-05,PLT,with code 10PLT PLUS KARENMILLEN PLUS SIZE TEXTURED SATIN RUFFLE DETAIL MIDI DRESS,74.0,149.0,50,True,119
2026-10-05,PLT,with code 10PLT BOOHOO LINEN LOOK PLEATED WRAP MINI DRESS,9.0,28.0,68,True,119
2026-10-05,PLT,with code 10PLT DOROTHY PERKINS LACE TRIM ANGEL SLEEVE MAXI DRESS,20.0,39.0,49,True,119
2026-10-05,PLT,with code 10PLT PETITE WAREHOUSE PETITE SHADOW STRIPE BATWING PLUNGE NECK MIDI DRESS,22.0,79.0,72,True,119
2026-10-05,PLT,with code 10PLT WAREHOUSE FLORAL BURNOUT CHIFFON WRAP SMOCK MIDI DRESS,22.0,79.0,72,True,119
2026-10-05,PLT,with code 10PLT KARENMILLEN VISCOSE RIB STITCH DETAIL CONTRAST COLOUR BUTTON KNIT MIDI DRESS,42.0,119.0,65,True,119
2026-10-05,PLT,with code 10PLT CHIFFON CONTRAST LACE SHIFT DRESS,17.0,34.0,50,True,119
2026-10-05,PLT,with code 10PLT KARENMILLEN STRIPE JACQUARD HALTER NECK WOVEN MAXI DRESS,66.0,189.0,65,True,119
2026-10-05,PLT,with code 10PLT KARENMILLEN PREMIUM SLINKY RIBBED KNIT BUTTON THROUGH MAXI DRESS,49.0,139.0,65,True,119
2026-10-05,PLT,with code 10PLT SHAPE SHAPE AND CHOCOLATE PINSTRIPE BELT DETAIL BUTTON DOWN MAXI DRESS,10.25,34.0,70,True,119
2026-10-05,PLT,with code 10PLT TRIM DETAIL BANDEAU BODYCON MAXI DRESS,20.0,40.0,50,True,119
2026-10-05,PLT,with code 10PLT UNDERWIRE DETAIL DRAPED MIDI DRESS,17.5,35.0,50,True,119
2026-10-05,PLT,with code 10PLT PLUS BOOHOO PLUS MESH LARGE FLORAL ONE SHOULDER MINI DRESS,21.0,28.0,25,True,119
2026-10-05,PLT,with code 10PLT BELT DETAIL SHIFT DRESS,6.0,28.0,79,True,119
2026-10-05,PLT,with code 10PLT WOVEN ASYMMETRIC MINI DRESS,7.0,35.0,80,True,119
2026-10-05,PLT,with code 10PLT MISSPAP PREMIUM EMBELLISHED BEADED MINI DRESS,54.0,169.0,68,True,119
2026-10-05,PLT,with code 10PLT WAREHOUSE SATIN STRAPPY TIE FRONT MAXI SLIP DRESS,14.0,59.0,76,True,119
2026-10-05,PLT,with code 10PLT COAST CONTOUR COLLECTIVE WRAP FRONT STRETCH JERSEY MAXI DRESS,70.0,119.0,41,True,119
2026-10-05,PLT,with code 10PLT KARENMILLEN STRIPE FITTED LONG SLEEVE KNITTED MIDI DRESS,45.0,129.0,65,True,119
2026-10-05,PLT,with code 10PLT WAREHOUSE CHECK HOOK & EYE FITTED BANDEAU MIDI DRESS,21.0,69.0,70,True,119
2026-10-05,PLT,with code 10PLT WAREHOUSE PRINTED TEXTURED ORGANZA SHIRRED MIDAXI DRESS,17.0,55.0,69,True,119
2026-10-05,PLT,with code 10PLT COAST CREPE BOW DETAIL FRILL SLEEVE MIDI DRESS,80.0,129.0,38,True,119
2026-10-05,PLT,with code 10PLT COAST LISA TAN SPOT PRINT CONTRAST DETAIL HIGH LOW HEM MIDI DRESS,45.0,149.0,70,True,119
2026-10-05,PLT,with code 10PLT COAST EMBROIDERED COTTON PUFF SLEEVE MIDI DRESS,50.0,129.0,61,True,119
2026-10-05,PLT,with code 10PLT TEXTURED PLUNGE RUCHED MAXI DRESS,28.5,38.0,25,True,119
2026-10-05,PLT,with code 10PLT DOROTHY PERKINS EMBROIDERED FRONT ANGEL SLEEVE MIDI DRESS,22.0,69.0,68,True,119
2026-10-05,PLT,with code 10PLT PLUS PLUS BASIC RIB NOTCH NECK DETAIL MAXI DRESS,13.0,26.0,50,True,119
2026-10-05,PLT,with code 10PLT BOOHOO BENGALINE SHEER HEM BANDEAU BUST DETAIL MAXI DRESS,21.0,28.0,25,True,119
2026-10-05,PLT,with code 10PLT BOOHOO SUPERSOFT BANDEAU MIDI DRESS,10.5,14.0,25,True,119
2026-10-05,PLT,with code 10PLT FLORAL PRINT CHIFFON SCARF MAXI DRESS,9.0,34.0,74,True,119
2026-10-05,PLT,with code 10PLT VELVET CAPE TASSEL HEM MINI DRESS,30.0,60.0,50,True,119
2026-10-05,PLT,with code 10PLT FLORAL DETAIL SLIP DRESS,12.0,24.0,50,True,119
2026-10-05,PLT,with code 10PLT KARENMILLEN SATIN VISCOSE SOFT MIDI DRESS,78.0,259.0,70,True,119
2026-10-05,PLT,with code 10PLT COAST LONG SLEEVE EMBELLISHED GEORGETTE MIDI DRESS,80.0,169.0,53,True,119
2026-10-05,PLT,with code 10PLT KARENMILLEN JACQUARD ZEBRA PRINT SLINKY MAXI DRESS,35.0,139.0,75,True,120
2026-10-05,PLT,with code 10PLT BOOHOO RUCHED BUST STRAPPY MIDAXI DRESS,19.5,26.0,25,True,120
2026-10-05,PLT,with code 10PLT DOROTHY PERKINS LACE TRIM TIE FRONT PRINTED MIDI DRESSS,28.0,39.0,28,True,120
2026-10-05,PLT,with code 10PLT PLT label PETITE DOROTHY PERKINS PETITE LACE TRIM ANGEL SLEEVE MINI DRESS,25.0,35.0,29,True,120
2026-10-05,PLT,with code 10PLT STRUCTURED LACE DROPPED HEM TIERED FRILL HALTERNECK MIDI DRESS,28.0,60.0,53,True,120
2026-10-05,PLT,with code 10PLT COAST EMBELLISHED STRAPPY MAXI WEDDING DRESS WITH TRAIN,199.0,199.0,0,False,120
2026-10-05,PLT,with code 10PLT RUGBY STYLE DENIM MINI DRESS,15.5,34.0,54,True,120
2026-10-05,PLT,with code 10PLT BUTTON DETAIL DENIM MINI DRESS,17.0,34.0,50,True,120
2026-10-05,PLT,with code 10PLT ORANGE STRIPED BANDEAU TEXTURED BODYCON MAXI DRESS,16.0,30.0,47,True,120
2026-10-05,PLT,with code 10PLT PETITE COAST PETITE PLACEMENT PRINT BOW DETAIL MINI DRESS,60.0,99.0,39,True,120
2026-10-05,PLT,with code 10PLT TALL BOOHOO TALL STRIPE SEERSUCKER MAXI DRESS,22.5,30.0,25,True,120
2026-10-05,PLT,with code 10PLT PETITE COAST PETITE SQUARE NECK PEARL BUTTON SATIN LACE MINI DRESS,35.0,129.0,73,True,120
2026-10-05,PLT,with code 10PLT COAST V NECK STRUCTURED SATIN BELTED MIDI DRESS,40.0,119.0,66,True,120
2026-10-05,PLT,with code 10PLT SHAPE SHAPE CHIFFON ORCHID PRINT TIERED FRILL MINI DRESS,27.5,55.0,50,True,120
2026-10-05,PLT,with code 10PLT BOOHOO COTTON MILKMAID CAP SLEEVE DRESS,12.0,20.0,40,True,120
2026-10-05,PLT,with code 10PLT LACE BANDEAU CORSET DETAIL MAXI DRESS,21.0,30.0,30,True,120
2026-10-05,PLT,with code 10PLT SATIN SHORT SLEEVE WRAP DRAPE MINI DRESS,15.0,30.0,50,True,120
2026-10-05,PLT,with code 10PLT BOAT NECK LOW BACK FRILL DETAIL SHIFT DRESS,9.5,45.0,79,True,120
2026-10-05,PLT,with code 10PLT COAST LISA TAN BARDOT FULL SKIRT MIDI DRESS,30.0,119.0,75,True,120
2026-10-05,PLT,DOROTHY PERKINS DP LUXE CAPE SLEEVE METALLIC SATIN MIDAXI DRESS,12.0,55.0,78,True,120
2026-10-05,PLT,with code 10PLT PETITE KARENMILLEN PETITE COTTON LINEN CORNELLI EMBROIDERED STRAPPY WOVEN MIDI DRESS,87.0,249.0,65,True,120
2026-10-05,PLT,with code 10PLT BOOHOO TEXTURED VOLUME SLEEVE MIDAXI DRESS,15.0,25.0,40,True,120
2026-10-05,PLT,with code 10PLT PETITE PETITE DENIM LONG SLEEVE ASYMMETRIC SHIFT MINI DRESS,12.5,32.0,61,True,120
2026-10-05,PLT,with code 10PLT TEXTURED RUCHED PUFF SLEEVE BODYCON DRESS,13.0,28.0,54,True,120
2026-10-05,PLT,with code 10PLT PLUS BOOHOO PLUS CHIFFON TIERED LONG SLEEVE MAXI DRESS,27.0,36.0,25,True,120
2026-10-05,PLT,with code 10PLT CHIFFON BACK DRAPE FRINGE HEM MAXI DRESS,22.0,44.0,50,True,120
2026-10-05,PLT,with code 10PLT FOIL DEVORE CUT OUT MAXI DRESS,18.0,40.0,55,True,120
2026-10-05,PLT,with code 10PLT PLUS BOOHOO PLUS CHIFFON RUFFLE SMOCK DRESS,24.0,32.0,25,True,120
2026-10-05,PLT,with code 10PLT BOOHOO PREMIUM JERSEY KNOT SIDE T SHIRT DRESS,16.5,22.0,25,True,120
2026-10-05,PLT,with code 10PLT COAST SEQUIN EMBELLISHED AND EMBROIDERED HIGH LOW MAXI DRESS,70.0,189.0,63,True,120
2026-10-05,PLT,with code 10PLT PRINTED MESH COWL ASYMMETRIC MIDI DRESS,18.0,24.0,25,True,120
2026-10-05,PLT,with code 10PLT SHORT SLEEVE DRAPE DETAIL BLAZER DRESS,33.75,45.0,25,True,120
2026-10-05,PLT,with code 10PLT DOROTHY PERKINS DP LUXE BOW SHOULDER JACQUARD MIDI DRESS,35.0,59.0,41,True,120
2026-10-05,PLT,with code 10PLT DOUBLE LAYER SLINKY LOW BACK TRIM DETAIL MAXI DRESS,26.25,35.0,25,True,120
2026-10-05,PLT,with code 10PLT BOOHOO BEACHWEAR ESSENTIALS COWL NECK MAXI DRESS,5.0,18.0,72,True,120
2026-10-05,PLT,with code 10PLT PLUS PLUS TIERED STRAPPY MAXI DRESS,31.5,50.0,37,True,120
2026-10-05,PLT,with code 10PLT MESH COWL NECK RUCHED FRONT MAXI DRESS,15.0,50.0,70,True,120
2026-10-05,PLT,with code 10PLT BOOHOO SEERSUCKER RUFFLE DETAIL MIDAXI DRESS,16.5,22.0,25,True,120
2026-10-05,PLT,with code 10PLT PLUS DOROTHY PERKINS PLUS FLORAL POPLIN TWIST FRONT MIDI DRESS,18.0,45.0,60,True,120
2026-10-05,PLT,with code 10PLT STRETCH WOVEN ONE SHOULDER MAXI DRESS,12.0,30.0,60,True,120
2026-10-05,PLT,with code 10PLT STRETCH WOVEN BAGGED OVER MINI DRESS,12.5,25.0,50,True,120
2026-10-05,PLT,with code 10PLT BARDOT PUFFBALL DRESS,12.5,26.0,52,True,120
2026-10-05,PLT,with code 10PLT PLUS PLUS COTTON POPLIN CINCHED WAIST SHIRT DRESS,22.5,30.0,25,True,120
2026-10-05,PLT,with code 10PLT BOOHOO RUFFLE SHOULDER OPEN BACK MINI DRESS,14.0,22.0,36,True,120
2026-10-05,PLT,with code 10PLT COAST BANDAGE BODICE MIDI DRESS WITH PLEATED SKIRT,50.0,119.0,58,True,120
2026-10-05,PLT,with code 10PLT PETITE COAST PETITE DETAIL PLEAT MIDI DRESS,35.0,119.0,71,True,120
2026-10-05,PLT,with code 10PLT PETITE KARENMILLEN PETITE CONTRAST DETAIL FULL SKIRT TAILORED MIDI DRESS,60.0,239.0,75,True,120
2026-10-05,PLT,with code 10PLT WAREHOUSE PETITE ROSE ORGANZA STRAPPY TIER MAXI DRESS,18.0,55.0,67,True,120
2026-10-05,PLT,with code 10PLT COAST TIERED LACE CROSS HALTER NECK BUTTON DETAIL MIDI DRESS,50.0,139.0,64,True,120
2026-10-05,PLT,with code 10PLT BOOHOO COTTON POPLIN RUCHED TIE WAIST DETAIL MAXI DRESS,17.0,25.0,32,True,120
2026-10-05,PLT,with code 10PLT SHAPE SHAPE SCULPT ASYMMETRIC NECK FLARED SLEEVE MAXI DRESS,16.0,32.0,50,True,120
2026-10-05,PLT,with code 10PLT WOVEN CORSET DETAIL TIERED MINI DRESS,25.2,36.0,30,True,120
2026-10-05,PLT,with code 10PLT PETITE COAST PETITE BODICE FULL SKIRT WEDDING DRESS,167.4,279.0,40,True,120
2026-10-05,PLT,with code 10PLT COAST BOW DETAIL FULL SKIRT MIDI WEDDING DRESS,50.0,119.0,58,True,120
2026-10-05,PLT,with code 10PLT PETITE COAST PETITE VELVET CROSS NECK PLEATED SATIN SKIRT MIDI DRESS,129.0,129.0,0,False,120
2026-10-05,PLT,with code 10PLT COAST COLOUR BLOCK PLEATED CONTRAST BELT MAXI DRESS,60.0,129.0,53,True,120
2026-10-05,PLT,with code 10PLT OASIS FLORAL LACE OFF THE SHOULDER MIDI DRESS,25.0,89.0,72,True,120
2026-10-05,PLT,with code 10PLT SATIN POLKA DOT SCARF DETAIL MINI DRESS,19.5,26.0,25,True,120
2026-10-05,PLT,with code 10PLT PLUS BOOHOO PLUS SATIN LACE PANEL ANGEL SLEEVE MAXI DRESS,30.0,40.0,25,True,120
2026-10-05,PLT,with code 10PLT TALL TALL PAISLEY PRINT BANDEAU GATHERED HEM MINI DRESS,20.25,27.0,25,True,120
2026-10-05,PLT,with code 10PLT SEESUCKER TEXTURED FLORAL SHIFT DRESS,12.0,24.0,50,True,120
2026-10-05,PLT,with code 10PLT LACE BANDEAU COLUMN MAXI DRESS,18.0,36.0,50,True,120
2026-10-05,PLT,with code 10PLT LACE V NECK SLEEVELESS SHIFT DRESS,11.5,28.0,59,True,120
2026-10-05,PLT,with code 10PLT PLUS PLUS LINEN BLEND TIE DETAIL BLAZER DRESS,35.0,50.0,30,True,120
2026-10-05,PLT,with code 10PLT DOROTHY PERKINS PINK FLORAL FLUTTER SLEEVE SHIRRED WAIST MIDI DRESS,18.0,35.0,49,True,120
2026-10-05,PLT,with code 10PLT CHIFFON SCARF DETAIL RUCHED MAXI DRESS,11.5,45.0,74,True,120
2026-10-05,PLT,with code 10PLT FLOATY WOVEN LOW BACK MAXI DRESS,6.5,35.0,81,True,120
2026-10-05,PLT,with code 10PLT DOUBLE LAYER SLINKY PLUNGE CUT OUT MAXI DRESS,19.25,35.0,45,True,120
